:020000040800F2
:1000000000010020C1000008C11C0008B9850008DB
:10001000011800080118000801180008011800085C
:10002000011800080118000801180008011800084C
:10003000011800080118000801180008011800083C
:10004000011800080118000801180008011800082C
:1000500001180008711F01088D1F01080118000810
:10006000011800080118000801180008511F0108B4
:100070008D1A01080118000801180008852B0008D6
:1000800001180008011800080118000801180008EC
:1000900001180008011800080118000801180008DC
:1000A000011800080118000801180008FD2B0008BD
:1000B000011800080118000801180008D52F0008D1
:1000C00072B6224880F30988022080F31488BFF3B7
:1000D0006F8F01F05FFB03F0DBF81D481D491E4ADE
:1000E000914202DA08600431FAE71C49174A91424A
:1000F00002DA08600431FAE719491A4A1A4B9A429F
:1001000004DA0868106004310432F8E70020174967
:10011000174A914202DA08600431FAE701F040FB25
:1001200001F03AFB134C144DAC4203DA21688847C6
:100130000434F9E708F08EF8104C114DAC4203DAA4
:10014000216888470434F9E70E4908470003002076
:1001500055555555000000200001002000010020E9
:10016000A879010800030020D8030020D80300204C
:10017000103F0020C0000008C0000008C0000008B8
:10018000C00000089D170008F0B544464D4656468D
:100190005F46F0B46B46CB60C3689D46F0BCA0469A
:1001A000A946B246BB46F0BD62B6281CA047002057
:1001B00001F048FD01F0E6FC014A024B1360FEE746
:1001C00004ED00E00000008002B4714649084900D7
:1001D000095C49008E4402BC7047C04603B47146B6
:1001E000490840004900095A49008E4403BC704741
:1001F000002243088B4274D303098B425FD3030A66
:100200008B4244D3030B8B4228D3030C8B420DD378
:10021000FF22090212BA030C8B4202D31212090206
:1002200065D0030B8B4219D300E0090AC30B8B4244
:1002300001D3CB03C01A5241830B8B4201D38B03F2
:10024000C01A5241430B8B4201D34B03C01A524197
:10025000030B8B4201D30B03C01A5241C30A8B42DA
:1002600001D3CB02C01A5241830A8B4201D38B02C5
:10027000C01A5241430A8B4201D34B02C01A524169
:10028000030A8B4201D30B02C01A5241CDD2C309DB
:100290008B4201D3CB01C01A524183098B4201D357
:1002A0008B01C01A524143098B4201D34B01C01A42
:1002B000524103098B4201D30B01C01A5241C308BA
:1002C0008B4201D3CB00C01A524183088B4201D329
:1002D0008B00C01A524143088B4201D34B00C01A15
:1002E0005241411A00D20146524110467047FFE781
:1002F00001B5002000F0F0F802BDC0460029F7D09B
:1003000076E7704703460B437FD4002243088B42B5
:1003100074D303098B425FD3030A8B4244D3030B8C
:100320008B4228D3030C8B420DD3FF22090212BA51
:10033000030C8B4202D31212090265D0030B8B42CD
:1003400019D300E0090AC30B8B4201D3CB03C01AB7
:100350005241830B8B4201D38B03C01A5241430B92
:100360008B4201D34B03C01A5241030B8B4201D382
:100370000B03C01A5241C30A8B4201D3CB02C01AED
:100380005241830A8B4201D38B02C01A5241430A65
:100390008B4201D34B02C01A5241030A8B4201D354
:1003A0000B02C01A5241CDD2C3098B4201D3CB01FB
:1003B000C01A524183098B4201D38B01C01A5241AA
:1003C00043098B4201D34B01C01A524103098B42AE
:1003D00001D30B01C01A5241C3088B4201D3CB0099
:1003E000C01A524183088B4201D38B00C01A52417C
:1003F00043088B4201D34B00C01A5241411A00D22C
:1004000001465241104670475DE0CA0F00D0494294
:10041000031000D34042534000229C4603098B4204
:100420002DD3030A8B4212D3FC22890112BA030A8C
:100430008B420CD3890192118B4208D3890192110E
:100440008B4204D389013AD0921100E08909C30993
:100450008B4201D3CB01C01A524183098B4201D395
:100460008B01C01A524143098B4201D34B01C01A80
:10047000524103098B4201D30B01C01A5241C308F8
:100480008B4201D3CB00C01A524183088B4201D367
:100490008B00C01A5241D9D243088B4201D34B0082
:1004A000C01A5241411A00D20146634652415B10C4
:1004B000104601D34042002B00D5494270476346A5
:1004C0005B1000D3404201B5002000F005F802BDEA
:1004D0000029F8D016E770477047C046D0400B1C83
:1004E0001141203A03D49C461341184363465242BB
:1004F000934018437047C0468446081C6146FFE796
:100500001FB500F071FC002801D40021C8421FBDB6
:1005100010B500F0F3FB4042013010BD10B500F003
:1005200063FC002801DB002010BD012010BDC04687
:1005300010B500F059FC002801DD002010BD01209D
:1005400010BDC04610B500F001FC002801DC002001
:1005500010BD012010BDC04610B500F0F7FB00280B
:1005600001DA002010BD012010BDC046002B11D1C2
:10057000002A0FD1002900D1002802D00021C94350
:10058000081C07B4024802A14018029003BDC046EF
:1005900049FFFFFF03B4684601B5029800F048F830
:1005A000019B9E4602B00CBC7047C046F0B5CE46DB
:1005B000474615042D0C2E0080B50704140C3F0C83
:1005C0009946030C7E435D43674363437F19340CB4
:1005D000E4199C46A54203D980235B029846C44493
:1005E0004B4643435143250C36046544360C2404E2
:1005F000A4195B19591820000CBC90469946F0BD0F
:100600009E2110B5C905041CFFF7A6FF002803D1E1
:10061000201C00F009FF10BD9E21201CC90500F020
:1006200047FD00F001FF80231B069C466044F2E773
:10063000F0B557464E464546DE46E0B5040083B069
:100640000D00924699468B4230D82DD049465046EF
:1006500001F08CF829000600200001F087F8331A19
:100660009846203B9B4633D45A46534693404246D5
:100670001F00534693401E00AF423AD8AF4200D10C
:100680007BE05B46A41BBD41002B00DA78E0002232
:1006900000230092019301235A46934001930123C2
:1006A00042469340009328E08242CFD900220023A3
:1006B000009201930C9B002B01D01C605D600098A0
:1006C000019903B03CBC90469946A246AB46F0BDAA
:1006D000424620239B1A5246DA40414613004A46BE
:1006E0008A40170042461F43534693401E00AF42C4
:1006F000C4D900220023009201934346002BD9D095
:10070000FB079C46614672080A437B0846460EE09A
:10071000AB4201D1A2420CD8A41A9D410120241958
:100720006D410021013E24184D41002E06D0AB4200
:10073000EED9013E24196D41002EF8D1009801999F
:100740005B4600196941002B25DB2B005A464446C5
:10075000D3402A00E2401C005B461500002B2BDB37
:1007600026005F46BE40330026004746BE403200AA
:10077000801A9941009001919CE7A342B9D880E783
:100780004246202300219B1A00220091019201225F
:10079000DA40019283E7424620239B1A2A0046460C
:1007A0009A402300F340444613432A00E2401C00D1
:1007B0005B461500002BD3DA2023424626009B1A05
:1007C000DE402F00B4464646B74066463B00334302
:1007D000CAE7C046F8B54C02640A4746A0464C003A
:1007E000C90FCE4689464146430246005B0A360E93
:1007F000240E80B5C50F9C463200D800C900371BB7
:100800004D4560D0002F48DD002C00D17CE0FF2E4C
:1008100000D183E08023DB04194301231B2F07DC75
:100820000B002022FB40D71BB9404A1E91410B43CD
:10083000C31A5A0100D4A8E09B019C09200000F0D3
:1008400077FF05388440864200DDADE0861B22003C
:1008500020200136F240861BB44023005C1EA341D9
:10086000002613435A0704D00F221A40042A00D04E
:1008700004335A0100D48BE00136F2B2FF2E00D1CE
:100880008FE09B015B0A5B02D205580AED0710431B
:1008900028430CBC90469946F8BD002F49D1FE2450
:1008A000771C3C4200D086E0002E00D0DEE000281D
:1008B00000D1D1E00029E6D0431A5C0100D4F1E078
:1008C0000B1A4D46CEE7002F4ADD002C3FD0FF2EFD
:1008D00024D08023DB04194301231B2F07DC0B00EA
:1008E0002022FB40D71BB9404A1E91410B431B18E5
:1008F0005A014AD50136FF2E53D0012271491A40C0
:100900005B080B401343ADE7002943D0013F431A76
:10091000002F00D18DE7FF2E00D07EE76346002B2D
:100920003FD080236246DB0313435B025B0AFF2256
:10093000A9E7A21B002E60D1002878D0013A002A36
:1009400000D1B5E0FF2C5DD14D46C446E6E7002955
:1009500020D0013F4318002FCAD0FF2EBCD1DDE7C5
:10096000002F32D1FE24013634427AD1002A62D1DE
:10097000002800D1A0E0002900D184E74318002618
:100980005A0102D5504A013613405A0700D06BE78E
:10099000DB089C46FF2EC1D063465B025B0AF2B2C5
:1009A00071E7FF2200236EE7474B361A23405A07B0
:1009B00000D059E7ECE7441A630161D4002C00D061
:1009C0003CE70025002200235DE7A21B002E28D172
:1009D00000282DD0013A002A70D0FF2CB5D0012379
:1009E0001B2A07DC03002026D340B21A9040421E87
:1009F000904103435B1826007AE7FF2CA4D08023A4
:100A0000DB04184301231B2A07DC03002025D34005
:100A1000AA1A9040421E90410343CB1A4D4626002D
:100A200007E7FF2C91D08023DB041843D7E74D461E
:100A3000C4462600AEE7002887D0002900D16DE724
:100A400080236246DB031A4200D167E742461A421E
:100A500000D063E7C44661E7002926D04D464346EF
:100A600011E7FF2E9DD043185B088EE700280AD1BE
:100A7000002900D068E780230025DB03FF2202E77E
:100A80000C1A4D46DAE6002900D147E7802362467A
:100A9000DB031A4200D141E742461A4200D03DE74B
:100AA0004D4652E7002B00D06FE700250023EAE611
:100AB0000B1A4D462600BCE64346E4E643182600E2
:100AC00016E7C046FFFFFF7DFFFFFFFBF0B54F4677
:100AD0004646D64644024500C0B5640A0F1C2D0E9A
:100AE000C60F002D4FD0FF2D55D08023E400DB042E
:100AF0001C43002399469A467F3D7B0278005B0A9F
:100B00009846000EFF0F002831D0FF2810D0802219
:100B1000DB00D2041A43904600217F382D1A4B4641
:100B200032000B4371489B00C3587A40D2B29F46B3
:100B3000FF3D002B54D102234946194332000B00DC
:100B40007A40033BD2B20C2B04D869499B00CB58A6
:100B50009F463A00002000246402C305600AD207C1
:100B6000184310431CBC90469946A246F0BD002B8A
:100B70002BD101234946320019438B005D497A404D
:100B8000CB58D2B29F46002C13D104239946033B85
:100B900000259A46B1E7002C05D108239946063B6B
:100BA000FF259A46A9E70C239946093BFF259A465B
:100BB000A3E7200000F0BCFD7625431F9C400023E6
:100BC0006D422D1A99469A4697E7180000F0B0FD3D
:100BD0004246431F9A402D189046763500219EE7E5
:100BE00003219CE717003A00FF200024B4E780248B
:100BF0000022E403FF20AFE732005346022BF1D07E
:100C0000032B6CD0012BA5D028007F30002846DDB7
:100C1000630704D00F232340042B00D004342301A6
:100C200003D52800344B80301C40FE28DCDCA401B6
:100C3000640AC0B290E78023DB031C4227D04246FF
:100C40001A4224D144461C436402640A3A00FF203D
:100C500082E73A0044468A46CFE7414663014C01A9
:100C6000A34235D21B200021013D01271E0049006F
:100C70005B00002E01DB9C4201D81B1B394301386D
:100C80000028F3D11C00631E9C410C43BCE7802369
:100C9000DB031C436402640A3200FF205CE701238B
:100CA000181A1B2800DD55E79E352300AC40C340D1
:100CB000611E8C411C43630704D00F232340042B87
:100CC00000D00434630107D4A401640A002043E780
:100CD0001B1B1A200121C8E7012000243CE78023C8
:100CE000DB031C436402640AFF2035E7E4260108A5
:100CF0002427010858270108FFFFFFF770B54200BD
:100D00004E024C0045026D0A120EC30F760A240EE5
:100D1000C90FFF2A0FD0FF2C11D00120A24200D012
:100D200070BDB542FCD18B420DD0002AF8D128000D
:100D3000451EA841F4E70120002DF1D1EBE7012089
:100D4000002EEDD1E9E70020EAE7C04670B54A0081
:100D50004E02450244006D0A240EC30F760A120E9D
:100D6000C90FFF2C15D0FF2A0ED0002C15D1002A58
:100D700001D1002E1CD0002D14D08B4227D0022090
:100D8000013B1840013870BD002EEED002204042D9
:100D9000F9E7002DFAD1FF2A0ED0002A0ED1002E3D
:100DA000EDD00BE001230139994308000130EAE757
:100DB0000020002DE7D0E2E7002EE7D18B42DED104
:100DC000944205DD0221581E08400138DBE700246B
:100DD000A24204DCB542D2D80020B542D3D2581E7C
:100DE000012398430130CEE730B5420044024D0262
:100DF000C30F4800640A120E6D0A000EC90FFF2AC5
:100E000017D0FF2808D0002A17D1002808D1002DBC
:100E100006D1002C23D007E0002DF4D002201EE0E4
:100E2000002C17D08B421FD00220013B1840013804
:100E300015E0002CF2D1FF2812D0002801D1002D9E
:100E4000F2D08B42F0D182420FDD0221581E0840C1
:100E5000013804E00123013999430800013030BD15
:100E6000002DEED00220FAE70022904204DCAC42D2
:100E7000DAD80020AC42F2D2581E01239843013048
:100E8000EDE7C046F0B54F464646D646440245001B
:100E9000C0B58846640A2D0EC70F002D49D0FF2D1E
:100EA0004FD08023E400DB041C43002399469A467C
:100EB0007F3D434642465E02D20F5B00760A1B0E20
:100EC000904646D0FF2B12D080220020F600D2049C
:100ED0007F3B1643ED186A1C434694464A467B40C6
:100EE0000F2A00D974E0704992008A589746FF355E
:100EF000002E54D14A4602231A4391460220EAE7C3
:100F00004346340082465246022A2AD0032A00D1A0
:100F1000C3E0012A00D082E0002200246402D2054E
:100F2000600ADB07104318431CBC90469946A24652
:100F3000F0BD002C27D104239946033B00259A4697
:100F4000B7E7002C19D108239946063BFF259A469E
:100F5000AFE7002E08D14A4601231A4391460120EB
:100F6000B9E7FF220024D9E7300000F0E1FB431F7E
:100F70002D1A9E40763D0020ADE70C239946093B93
:100F8000FF259A4695E7200000F0D2FB7625431F07
:100F90009C4000236D422D1A99469A4689E74A469D
:100FA00003231A439146032095E73B00ABE78024D7
:100FB0000023E403FF22B1E78023DB031C4245D07A
:100FC0001E4243D133435C02640A4346FF22A5E735
:100FD000200C2404210C0F00320C3604360C77430D
:100FE00051434643504389193A0C5218964203D94B
:100FF00080214902884640443F0411043F0CC9192E
:101000008C01661EB441890E2143140C2418A401DE
:101010000C4322013CD50122610814400C43604678
:101020007F3000281ADD620704D00F222240042AF4
:1010300000D00434220103D560461C4A803014409D
:10104000FE288EDCA401640AC2B267E78020C003D8
:1010500004436402640A3B00FF225FE70122101A86
:101060001B2800DD58E762469E3221009440C140B3
:10107000621E94410C43620704D00F222240042ACE
:1010800000D00434620105D4A401640A002245E7BB
:10109000AC46C4E70122002440E78022D203144377
:1010A0006402640AFF2239E790270108FFFFFFF777
:1010B000F8B543025B0ADA00DE4693464A02520A5A
:1010C000454690464E4657464446E0B54A004700DE
:1010D0003F0EE400120EA1469C463E00C50FC90F0C
:1010E000BC1AFF2A00D177E00120824650464140D9
:1010F0008D4200D180E0002C51DD002A00D073E049
:101100004B46002B00D1DDE0013C002C0FD0FF2F1F
:1011100000D1A5E001231B2C09DC20224946121B2B
:1011200091404B460A00E340511E8A4113435A4600
:10113000D31A5A0100D4C0E09B019C09200000F0A2
:10114000F7FA230005388340864200DDC4E0861BA1
:101150001A0020200136F240861BB3405C1EA341DA
:10116000002613435A0704D00F221A40042A00D045
:1011700004335A0100D4A3E00136F7B2FF2E00D1A8
:10118000A7E09B015B0A5802FF05400AED073843C0
:1011900028433CBC90469946A246AB46F8BD002C7D
:1011A0004FD1FE247A1C144200D09CE05A46002FF6
:1011B00000D003E1002A00D1F4E04A46002AE2D040
:1011C0004B465A46D31A5A0100D405E14B465A46BB
:1011D0000D009B1A0026C5E74846002800D183E78A
:1011E0008D4251D0002CDADDFF2F39D080234A46C2
:1011F000DB041A4391468DE7002C45DD002A3AD0E6
:10120000FF2F2DD080234A46DB041A439146012349
:101210001B2C09DC20224946121B91404B460A0038
:10122000E340511E8A4113435B445A0145D50136C0
:10123000FF2E4ED001226F491A405B080B4013432A
:1012400090E7D41B0D00002F72D15B46002B00D11C
:1012500092E0013C002C00D1C5E0FF2A6FD1C446CA
:101260006346002B35D080236246DB0313435B02C9
:101270005B0AFF2787E74B46002B23D0013C002C5D
:1012800077D0FF2FC3D1EBE7002C38D1FE227E1C94
:10129000324200D08CE05A46002F70D1002A00D193
:1012A000A6E04A46002A00D16DE75B464B44002683
:1012B0005A0102D5504A013613405A0700D053E76D
:1012C000DB089C46FF2ECBD063465B025B0AF7B27D
:1012D00059E7FF27002356E7474A361A13405A07B3
:1012E00000D041E7ECE74B465A46D41A63016FD46D
:1012F000002C00D022E700250027002343E7D11B64
:10130000002F2CD0FF2AAAD080235846DB04184394
:10131000834601231B2908DC5B4620245846CB402A
:10132000611A8840411E884103434B4416007CE704
:10133000FF2A94D080235946DB0419438B460123AE
:101340001B2C08DC20215B465846E3400C1BA040C8
:10135000411E8841034349461600CB1AE9E65B4625
:10136000002B09D001390029DFD0FF2AD1D1C44692
:1013700076E75B464B4458E7C4461600A2E7002ACE
:1013800000D16CE74A46002A00D169E78022D203E7
:10139000134200D164E74346134200D060E70D00DA
:1013A000C4465DE74B46002B1AD00D004346EAE6E3
:1013B000FF2E8ED05B464B445B087EE7002AE1D1CE
:1013C0004B46002BEBD180230025DB03FF27DAE619
:1013D0004B460D009C1AB1E60026002B00D06CE7AE
:1013E00000250023CFE64B46594616005B1AA0E6BF
:1013F0004346C8E6FFFFFF7DFFFFFFFB42024B02B3
:1014000040004900520A5B0A090E000EFF2806D070
:101410000020FF2902D11800431E98417047FE3872
:10142000002AFBD1F4E7C04641024200C30F490A3B
:10143000120E00207E2A03D99D2A02D9094A981843
:101440007047802000040143952A07DC9620821A09
:10145000D1404842002BF3D10800F1E7963A914081
:10146000F7E7C046FFFFFF7F70B5002812D0C31713
:10147000C5185D40C40F280000F05AF99E22121AC8
:10148000962A11DCD2B2082833DD0838854068027C
:10149000400A02E00024002200204002D205400A57
:1014A000E4071043204370BD992A0BDD0523290072
:1014B0001B1AD94003001B339D402B005D1EAB411E
:1014C00019430D00052801DD431F9D402B000A49EB
:1014D0000B406E0709D00F263540042D05D004338C
:1014E0005D0102D59F220B40121A9B01580AD2B20D
:1014F000D3E76802400AD0E7FFFFFFFB70B5041E88
:101500000DD000F015F99E22121A962A0EDCD2B2E6
:1015100008282EDD083884406002400A01E00022DD
:1015200000204002D205400A104370BD992A09DD0F
:10153000030021001B3399404B1E994105231B1AC0
:10154000DC400C43052801DD431F9C4023000A4971
:101550000B40650709D00F252C40042C05D004331F
:101560005C0102D59F220B40121A9B01580AD2B28D
:10157000D7E76002400AD4E7FFFFFFFB70B54100E8
:101580004602C40FFE20090E4B1C750A184214D0E7
:10159000E0239B006D07360BCB1800210A0D2800B5
:1015A00012051C4D32435B052A405B0813435B0068
:1015B000E4075B082343190070BD002914D1002DF6
:1015C0001ED0280000F0B4F80A281CDC0B232A00E7
:1015D0001B1ADA40030015339D400F4B12031B1AF0
:1015E0005B05160B5B0DD8E7002D06D0320B80266D
:1015F00036036D071643094BCFE7084B0026CCE7AF
:1016000000230026C9E703002A000B3B9A4000256F
:10161000E3E7C046FFFF0F8089030000FF070000DB
:101620004A00F0B50B03520D3D4D5B0A470F561CA7
:10163000C90F1F43C4002E4228D03A4BD518FE2DA7
:1016400008DDFF2200204002D205400AC9071043EE
:101650000843F0BD002D2DDD80010200501E8241A7
:10166000FB00640F134323435A0757D00F221A403D
:10167000042A00D004338022D2041A404ED001350F
:10168000EAB2FF2DDDD09B01580ADCE73C43002A7B
:1016900006D1002C0BD005239B01580AD2B2D2E709
:1016A000002CCED08020C0033843FF22CBE700229D
:1016B0000020C8E72B00173322DB80231E261B04E3
:1016C0003B43761B1F2E1DDD02204042451B1800A8
:1016D000E8400500202E04D013488446624493401D
:1016E0001C4323005C1EA3412B4300255A07BDD198
:1016F0008020C00418400122A842C4D10200CBE7D8
:101700000022C8E7094810182200844025008340C1
:101710006C1EA541F2402B431343E6E72A00BBE7CA
:10172000FE07000080FCFFFFA2FCFFFF82FCFFFF22
:101730001C2101231B04984201D3000C10391B0A01
:10174000984201D3000A08391B09984201D30009C5
:10175000043902A2105C40187047C046040302021C
:1017600001010101000000000000000010B5002987
:1017700003D1FFF7DDFF203002E0081CFFF7D8FFA0
:1017800010BDC0460023C25C0133002AFBD1581EA5
:10179000704700007047C0467047C046FEE7C0462D
:1017A00080229446F0B50025104E114C1149124B81
:1017B0001248B444994210D91A0080C880C291429C
:1017C000FBD80139C91A8908013189005B1804E086
:1017D0001036664504D108E020C39C42FCD8F7E7E8
:1017E00030687368B168F468E4E7F0BDD027010899
:1017F000103F0020103F0020103F0020807A010899
:10180000FEE7C046FEE7C04610B500F0E9F800F07C
:1018100067F80B4C80220B49200000F0B7F90A4B07
:10182000283C206103610123084A0375136A0849B3
:101830000B40136262B6074800F0C4F910BDC04601
:10184000B0040020502801080001002000ED00E055
:10185000FFFF00FF5828010872B6014B5862FEE7EF
:1018600088040020F8B58026CE4647461A4DF60576
:101870006C69726A286AA36880B5111A99421BD3F1
:1018800000222F0090461437E268C3189146424662
:101890002B6223685F606B61E260BB4201D100F0A4
:1018A0004FFA62B62069C84772B66C69726A286AD4
:1018B000A368111A8B42E7D908498C4207D018183F
:1018C000801A022800D20220801800F03FFA0CBCD7
:1018D00090469946F8BDC046880400209C0400202C
:1018E000054B1A0014325A619A6101225242DA61A0
:1018F00000221A627047C0468804002070B5036158
:101900008023DB050500C260586A022900D202214B
:10191000164E320073691432934209D130627561F8
:10192000B56108182B606B60A96000F001FA1BE03C
:10193000326A0818841A9A68A24207D900F006FA97
:1019400073699A6802E01B68A41A9A68A242FAD3E3
:101950005A682B606A6015605D60AC609A68141B01
:101960009C6001235B42F36170BDC0468804002087
:101970001A4B10B55969026881420ED04168143380
:101980000A60026851600021C1609A4224D09168C7
:1019900083688C46634493601EE018000024143072
:1019A0005A615060CC60824202D100F0C9F913E064
:1019B000886891681B6A8C46604490608022D205DA
:1019C000526AD11A884207D99B1A1818022800D2E5
:1019D0000220801800F0BAF910BDC046880400202B
:1019E0000022024B1B605B609A60704788040020F5
:1019F000002382680375054B1B6899689142FBD2EE
:101A00005A68036042601060586070478804002084
:101A100010B572B6037D032B04D0042B06D0002B27
:101A200008D10CE0002283691A6003E04268036871
:101A300013605A6001235B428361FFF7D9FF62B6EE
:101A400010BDC046002382680375054B1B6899686A
:101A50009142FBD85A68036042601060586070473A
:101A60008804002070B50C4C25692875206803682F
:101A70005C602360012320610375EFF309832A6909
:101A8000243B9A4203D90548FFF7E6FE2069290066
:101A9000FEF77AFB70BDC046880400207828010854
:101AA00030B5050087B04B1C0FD00B4C0B4A236997
:101AB00001A8FFF723FF2800FFF7D4FF049B002BAA
:101AC00006D001A8FFF754FF02E0FFF7CBFF024C5E
:101AD0002369986907B030BD88040020111A0008F6
:101AE00070B504000F4DA3682869A1618268934214
:101AF00003D82000FFF77CFF12E0FFF779FF0123F6
:101B000006002C612375EFF309830269243B9A4296
:101B100002D90548FFF7A0FE31002000FEF734FB94
:101B200070BDC0468804002078280108044B1A695B
:101B3000196890688B689842804140427047C0465F
:101B40008804002070B50D4C236820691A68546021
:101B5000226001221A752361FFF774FF0500EFF37D
:101B600009830269243B9A4202D90548FFF774FEB3
:101B700029002069FEF708FB70BDC04688040020DC
:101B80007828010810B5FFF7DDFF10BD0223826041
:101B900083827047836841681A00203A11610169A5
:101BA000443BD36019614169596105491962C368B1
:101BB0001000936002231375002353757047C046CD
:101BC000A90100084368826810B5934204D25521E8
:101BD000197001339A42FBD172B6FFF7DBFF002187
:101BE0000400FFF77DFF62B6200010BD70B54518F8
:101BF000A84205D20400552626700134A542FBD127
:101C000072B620394418210024392061E1600B614B
:101C1000049B20004B61054B0B620223A260A38250
:101C20000021FFF75DFF62B6200070BDA90100082A
:101C300010B5034B1B6998610F20FFF713FF10BD10
:101C40008804002010B572B6FFF7F2FF10BDC04641
:101C500010B5010072B60820FFF722FF62B610BD72
:101C600010B500290AD0074B42681B6918605A60FA
:101C7000136043600420FFF713FF01E0012040429E
:101C800010BDC04688040020036810B5984206D0F5
:101C90001A680260506099611800FFF7A9FE10BD34
:101CA00070B5040000680D00844208D0036823600A
:101CB0005C608561FFF79CFE20688442F6D170BDB0
:101CC00080B500AFEFF30983203383F3098862B650
:101CD000BD4680BDB0B500AF0F3011D072B6EFF386
:101CE0000984203C84F3098880235B04E361FFF7C7
:101CF0001DFF002802D0034BA36101E0024BA3614A
:101D0000BD46B0BDB5010008B801000810B500F02F
:101D1000D3FE00F0EDFA00F0A9FC00F08FFB01F01B
:101D2000F5FA00F001F810BD10B500F03DFF10BD50
:101D300080230022DB0558631A610232DA607047A3
:101D400080230022DB05DA607047C0468023DB0574
:101D500058637047C3681960826801328260826983
:101D6000944642696344C360934201D3036AC360EB
:101D70007047C04630B51D00002404325543C3618E
:101D8000039B4D19C362049B456100604060846001
:101D90000161C1608261016244628462036330BD9B
:101DA0000023022110B5026A83600261C2604362AF
:101DB00083624942FFF774FF10BDC04610B50400AE
:101DC000FFF7C8FF00212000FFF75EFF10BDC046EF
:101DD000836810B50400002B07D022690020131D72
:101DE000126863629B18A36203E0FFF739FF0028C3
:101DF000F3D010BD826983689446013B8360036918
:101E00004269634410B50361934201D3036A0361DD
:101E100000234362C36A002B00D0984710BDC04620
:101E200070B5040072B6436A002B04D1FFF7D0FFEF
:101E3000051E09D1636AA26A1D7801336362934269
:101E400002D32000FFF7D6FF62B6280070BDC0465F
:101E5000F8B5CE464746040080B589461700984637
:101E600072B60025616A002906D141462000FFF7BD
:101E7000AFFF002816D1616AA36A7E1B5B1A9E42DF
:101E800000D91E003200484610F0F0FB636AA26AD7
:101E90009B196362AD19934202D32000FFF7AAFF9A
:101EA000AF42DFD862B628000CBC90469946F8BD18
:101EB000C3680269934203D182680020002A00D1DE
:101EC000181D70478368002B03D0006908C80B6099
:101ED00000E000207047C046826983689446013B59
:101EE000836003694269634410B50361934201D37F
:101EF000036A03610021FFF7C7FE10BDC3680269D2
:101F000010B50400934202D18268002A07D11A1D3D
:101F10006262A269002094466344A36205E0FFF771
:101F20009FFE002801D1E368F1E710BD10B5040061
:101F3000FFF710FF00236362E36A002B01D020004B
:101F4000984710BD70B504000D0072B6436A002BAF
:101F500008D11100FFF7D2FF002801D1636A01E028
:101F600062B60DE01D70636AA26A01336362934238
:101F700004D3A3692000191FFFF7D8FF62B6002021
:101F800070BDC046F8B5CE464746040080B58946C8
:101F90001700984672B60025606A002806D14146AF
:101FA0002000FFF7ABFF002819D1606AA36A7E1BEF
:101FB0001B1A9E4200D91E004B463200591910F0E0
:101FC00055FB636AA26A9B196362AD19934204D3FD
:101FD000A3692000191FFFF7A9FFAF42DCD862B642
:101FE00028000CBC90469946F8BDC046836870B581
:101FF00004000025002B0AD1416A002907D0C368DC
:102000000439C91A03D0FFF7A5FE6562013528001F
:1020100070BDC04603000269C169013A02614A1CF1
:10202000C261C068405C59698A4201D30022DA610A
:102030007047C04603690133036183695A1C82619A
:10204000C268D15483694269934201D300238361FA
:102050007047C04610B50024006040600461C16054
:10206000C46184614261836010BDC04600230221C7
:1020700010B5C361836103614942FFF711FE10BDD2
:102080000369426910B50400934207D2FFF7D2FFFB
:1020900020000021FFF7F8FD002001E00120404270
:1020A00010BDC04670B5040072B60369002B07D09E
:1020B0002000FFF7AFFFA3680500002B05D106E065
:1020C000FFF7CEFD051E02D1F2E72000984762B669
:1020D000280070BDF0B54E46DE4657464546E0B591
:1020E00083B0040000919146019372B600273BE053
:1020F0004A46D51B9D4200D91D00002D2DD0009BC6
:102100009846B844012D06D12000FFF783FF4346CF
:102110000137187021E06369E6699B469B1B9A466C
:10212000E3689919554506D22A00404610F09EFAF8
:10213000E369EE180CE05246404610F097FA5B4611
:102140004046F61A761950443200E16810F08EFAD3
:102150002369E6615B1B23617F19A368002B01D013
:1021600020009847B9450AD92369002BC0D10199AD
:102170002000FFF775FD002801D12369B8E762B69A
:10218000380003B03CBC90469946A246AB46F0BD31
:1021900070B504000D0072B6036941698B4207D225
:1021A00029002000FFF746FFA368002B06D107E0B7
:1021B0001100FFF755FD002803D1F1E720009847F3
:1021C000002062B670BDC046036970B50400002BE4
:1021D00007D0FFF71FFF002105002000FFF754FD87
:1021E00001E001256D42280070BDC046F0B557469C
:1021F000DE464E464546E0B583B004000091924667
:10220000019372B60027B8463BE052464146FB1A9E
:10221000551A9D4200D91D00002D2BD0009B434430
:102220009946012D07D119782000FFF703FF0123FC
:102230009C46E0441EE0A669BB1B9B46E3689819D8
:102240005D4506D22A00494610F010FAA369EE183F
:102250000BE05A46494610F009FA4946F61B761932
:1022600059443200E06810F001FA2369A6615B1955
:102270002361A844A368002B01D020009847C245E1
:102280000CD923696769BB42BFD301992000FFF7CE
:10229000E7FC002802D167692369B6E762B64046C9
:1022A00003B03CBC90469946A246AB46F0BDC04642
:1022B000012110B508304942FFF7F4FE10BDC046B9
:1022C000012210B528305242FFF762FF10BDC04610
:1022D000012310B508305B42FFF7FCFE10BDC0467D
:1022E000012310B528305B42FFF780FF10BDC046C8
:1022F00010B500F0C7FC10BD70B515000A4A0B0000
:1023000002600100012204000271483108303F32AE
:10231000FFF7A0FE210020002B008831283040224A
:10232000FFF798FE70BDC0468828010810B504006C
:1023300072B600F0D1FC0223237162B610BDC04614
:1023400030B59E25046B6D00625983B0136819780F
:10235000042915D12179022912D1117901228A404B
:102360001B8913420CD1200001A93C30FFF7AAFDC4
:10237000021E05D0635919791868019B00F0CCF949
:1023800003B030BD70B59E256D004259040013683E
:102390001978042901D0012014E001790229FAD129
:1023A000517901228A405B891342F4D10830FFF74A
:1023B0007FFD021EEFD0635918685979402300F061
:1023C00099F9002070BDC04610B5006BFFF7DAFF29
:1023D00010BDC046012110B508304942FFF720FD6D
:1023E00010BDC0469E235B00C35810B51B681B7808
:1023F000042B05D101223C305242FFF7A3FD01E03E
:102400000220404210BDC046012310B508305B4297
:10241000FFF71EFD10BDC04603009E204000185867
:1024200010B5006804780020042C05D13C33180056
:1024300001235B42FFF7A6FD10BDC0467047C046B2
:102440000E4B10B5036001230400010003710C4B17
:1024500082B0009370310830019401234022FFF7CD
:1024600089FC21002000074BB43100933C300194DB
:1024700002234022FFF77EFC02B010BDA82801080D
:10248000C9230008412300080A6872B60B79093392
:102490009B00D31858604B7911339B0098508B796F
:1024A000002B03D009339B00D21850609E235B00A1
:1024B000C1503B3BFF3B037162B6704710B504004F
:1024C0000830FFF76DFC20003C30FFF769FC10BDC1
:1024D00010B504000830FFF763FC20003C30FFF724
:1024E0005FFC2000FFF74EFF10BDC0467423C15CA7
:1024F000143B02000B400020202B11D15533D35C3C
:10250000202B0DD3212B02D9222B06D008E0054B1E
:10251000012093660723D36602E09066D06601200F
:102520007047C0460003002070B59E256D004259DB
:1025300082B013680400197804291AD1017902299C
:1025400017D1117901228A401B89134211D106004B
:102550003C363000FFF74AFD00280AD001A93000C0
:10256000FFF7B0FC6359020019791868019B00F06D
:10257000D3F802B070BDC0460B00F0B509339B0024
:10258000C3185C6883B006000F00002C25D072B61B
:102590008D004519EB683C345B691B68002B02D049
:1025A0002000FFF799FC01A92000FFF78BFC002811
:1025B00006D00200019B3900300000F0ADF80BE0BE
:1025C000EB685A691B8A12689A4205D100230022DF
:1025D0003900300000F0A0F862B603B0F0BDC0468C
:1025E0001131890010B50C58002C15D072B69E23FD
:1025F0005B00E3581A685B7902339B00D3185B6871
:102600009B695968002903D020000830FFF7D6FBEA
:102610002000FFF7B7FE62B610BDC0467047C04647
:1026200010B50400002100F0D9FD0021200000F0C9
:10263000C1FD63681B68002B02D00521200098476C
:1026400064230622E25410BD762310B50400C25A5A
:102650000833C25400F09AFB63681B68002B02D059
:102660000121200098470323237010BD10B500F00E
:1026700065FB10BD012303700023010043600300CC
:1026800000222C3348311A60DA6104338B42FAD1CC
:102690008260704710B5040072B600234160C360C9
:1026A000036143618361C36103624362836200F03B
:1026B0004DFB0223237062B610BDC0468B1C9B00ED
:1026C00070B5C318050050690E0014005A60002848
:1026D00003D00C2200210FF0D3FFA069002803D003
:1026E0000C2200210FF0CCFF3100280000F058FB35
:1026F00070BDC04670B501258D4044892C4344818E
:102700008C1CA40004196468A46923600023A260DF
:10271000636000F007FC70BD70B501258D40048931
:102720002C4304818C1CA400041964686469236030
:102730000023A260636000F009FC70BD022310B5A5
:102740006422037000230400C3678360C3600361D5
:1027500043618361C361036243628362835400F017
:1027600085FB63681B68002B02D00021200098477E
:1027700010BDC04605230370436810B51B68002BCD
:1027800001D00321984710BD04230370436810B59E
:102790001B68002B01D00421984710BD70B564233D
:1027A000002502000400C554743200F0A1FB6368E8
:1027B00025679B68002B05D17423E25C143B134210
:1027C00006D0ADE020009847002800D0ACE0F3E749
:1027D0007523E05C563B1340012B52D0002B02D0F6
:1027E000022B56D09CE0092800D999E06A4A830060
:1027F000D3589F4623007C33A36602230222E3665C
:1028000093E07623E35A012B00D089E07C21022259
:10281000635A9343032800D000E01343635200231C
:10282000A366E36686E00023A366E3665B4B23674B
:1028300080E076236068E15A0233CAB24568E35A01
:10284000090A2000A84700286AD043680268A366E6
:10285000E2666AE023007F33A36601230122E36678
:1028600063E076237F22E35CA3545A1E9341033333
:10287000237063681B68002BD1D002212000984789
:10288000CDE700284CD1464B0222A3660223E36623
:102890004BE078220F21A55A083229402A4001280E
:1028A00023D0002808D003281FD00C2838D13C4A58
:1028B000E366A266022238E0C9B22000002A02D0F4
:1028C00000F006FB01E000F0EFFA012802D0022838
:1028D00006D025E0334B0222A3660223E36624E000
:1028E000314BE066A36602221FE07623E35A002BF9
:1028F00016D1002914D0C9B2012808D12000002A1D
:1029000002D000F099FC8AE700F07CFC87E7200009
:10291000002A02D000F062FC81E700F04BFC7EE769
:102920002000FFF77DFE36E0E26E7A23E35A934201
:1029300000D2E36672B67423E35C7F2B15D9E36E95
:10294000002B08D0A26E00212000FFF7E5FE6423D3
:102950000122E2541EE00023002200212000FFF7A4
:10296000C9FE64230322E25414E0E36E002B08D076
:10297000A26E00212000FFF7BDFE64230422E25472
:1029800008E00023002200212000FFF7C5FE642399
:102990000522E25462B670BDC82801084926000825
:1029A00014290108102901080C290108642310B515
:1029B000C35C0400062B2FD8184A9B00D3589F46AF
:1029C0007A23C06EE35A984210D2E368198AFDF761
:1029D00095FC00290AD172B6002300222000FFF7DF
:1029E0009BFE62B664230222E25415E072B6002315
:1029F000002200212000FFF77DFE62B6642303223F
:102A0000E25409E0036F002B00D0984764230022B2
:102A1000E25401E0FFF704FE10BDC046F0280108B3
:102A200070B56425425D0400062A22D80123934034
:102A300067221A421BD1DA0602D41B070AD418E017
:102A400072B6002300220021FFF766FE62B605235E
:102A500063550EE0C3689B695B68002B09D1036F67
:102A6000002B00D0984764230022E25401E0FFF7D6
:102A7000D7FD70BD0F4A70B594460322FF25C026CE
:102A80000240D20095408901914083089B00634435
:102A9000B6009C591F22AC430C439C5101230240B9
:102AA0009340C0224009800060445200835003607C
:102AB00070BDC04600E100E00A4B01219A6A002285
:102AC000494299629A62186919611A61D86806497F
:102AD0000143D960DA608022D96952050A43DA617C
:102AE0007047C04600100240FFFFBFFF0121234A8C
:102AF00013680B431360013113681942FCD00321A2
:102B000053688B4353605368093153601B4A5368C1
:102B10000B40FCD1F9211068014011605360802303
:102B2000516B5B020B4380215363144A8902536B40
:102B30000B42FCD0E523DB0453600023D362103347
:102B40001363802311685B040B43802113600B4ADD
:102B5000890413680B42FCD01121094B196053689A
:102B60000F390B435360054A0A3153680B40082B59
:102B7000FBD1012193690B43936170470010024020
:102B8000002002408023DB051A6910B574469207C5
:102B900005D500221A6172B6FEF764FE62B6200007
:102BA000FFF798F810BDC04601220E4910B5CB6959
:102BB0000F201343CB610C498B6813438B60802338
:102BC000E021DB05FF319962E139FF39D96200214B
:102BD00099615963D96059605A6102311A60FFF7EF
:102BE00049FF10BD00100240005801408021024AF8
:102BF00013680B431360704700380140F8B5C823D1
:102C0000CE4647461D4E80B5F458F0462768E56924
:102C1000256272B6AB060BD5202399460836A18CE7
:102C20003000C9B2FFF72CFA4B46E5692B42F6D1CA
:102C300080233B4213D02B4211D0114B8026994662
:102C40004846FFF7C1FA002804DA80233A009A4385
:102C5000226004E080B22085E5692E42F0D1402355
:102C60003B4203D02B4201D09F43276062B64046CF
:102C7000FFF730F80CBC90469946F8BDCC04002014
:102C8000F404002010B5084C084A20000021FFF78A
:102C900033FBC823064A0221E250064A04331B20B4
:102CA000E250FFF7E7FE10BDCC040020ED2B00083A
:102CB00000380140006CDC02C82370B50125C458FF
:102CC0002368AB432360CC23C058FDF791FAE06042
:102CD00023682B43236070BDF8B500290BD0402634
:102CE00001258B684A681E43CB6809681D432E2363
:102CF000FF33134305E096212E2301250C4E0902D4
:102D0000FF330279012A08D10A4A904205D1802274
:102D1000094CD201A7693A43A261C822845866606F
:102D2000A5602360FFF7C8FF01235B422362F8BD63
:102D300040400000CC0400200010024010B50248C2
:102D4000FFF798FC10BDC0469C050020037870B5C5
:102D50000400012B13D10A4A90420DD18022094967
:102D6000094DC86912040243CA611F202B64032164
:102D7000FFF780FE00232B642000FFF7DFFC70BD0F
:102D80009C05002000100240005C00407E23802251
:102D9000C35C1343014AD3647047C046005C0040E3
:102DA0008B1C9B00C318F0B55D68CE4647460323D5
:102DB0002A6880B513400ED00022022B0DD9033BA8
:102DC0005A42534180225B42D2001A4080239B002A
:102DD0009C46624401E080229200224C224BA44691
:102DE0001B6DCE006344F4186B69002B11D00023D7
:102DF00063808033C65899462B8A01339846012355
:102E000047469F43BB194F46C3512023B6B2268085
:102E10001A43AB69002B19D06D8A3E2D06D92023A9
:102E20006E1E76111E43B6B2013501E001356E0803
:102E3000B602B6B2E680802601278359BD43ED185D
:102E40009BB28551A38080239B011A43064B8800C7
:102E50009C46604403680A43036002600CBC9046D1
:102E60009946F0BD00600040005C004000230C4A21
:102E700010B51365536443688021DB68D1645C42FC
:102E800063419E242402A4465B425B0263441364B4
:102E900040234350034B0021C360FFF781FF10BD67
:102EA000005C004018290108074B8900C858C0235E
:102EB0009B01184006D0054B9C466044431E984138
:102EC000013000E000207047005C004000F0FFFF90
:102ED0003020064B8900CB58184004D01038431ED0
:102EE0009841013000E000207047C046005C00407F
:102EF0000A480B4B844610B51B6DC9006344C918C2
:102F000088881400614680B20834891A83185B5A95
:102F100013800232A242F9D110BDC04600600040C9
:102F2000005C0040064B89009C4661440A68054BE2
:102F30001A40C0239B015A40034B13430B60704758
:102F4000005C00408FB7FFFF80800000F0B5C646F0
:102F50008B1C9B00C01800B542685569148A6868CC
:102F60002B681B1A9C4200D91C00164F164BBC46FE
:102F70001A6DCB0062449A181388A7B2AE685780C6
:102F8000621C9BB252080CD01B1A98464346371855
:102F900052006344D2199B1B3E88DE53023797428E
:102FA000FAD1094B89009C4661440B68074A001915
:102FB000134030225340064A686013430B6004BC40
:102FC0009046F0BD00600040005C0040BF87FFFFFE
:102FD00080800000F0B5DE464E46574645467346B3
:102FE000E0B58BB008936D4B5E6CF2435A64730589
:102FF00003D56B4F3800FFF7A1FB330508D5082137
:10300000664A674F136C38000B431364FFF7B2FB3B
:10301000F3040BD5614B9A6C120407D408211A6C87
:103020005F4F8A431A643800FFF7AEFBB30506D53D
:103030005B4F7B68DB68002B01D03800984780230A
:103040001B021E4206D00F229146544A544F90460E
:103050009A4609E00898FEF73DFE0BB03CBC90464E
:103060009946A246AB46F0BD49464C4A314094468B
:10307000881C8B0082006344BA181D685468F206ED
:103080001BD41A6847480240504602431A606369DD
:103090005A681B689A4204D2C9B23800FFF756FF3B
:1030A00074E001228A403B8993433B81A368002B53
:1030B0006CD0C9B23800984768E01A68394E32407F
:1030C000802632431A60CAB201922D0504D5636886
:1030D00011003800984759E0A269334E556893466D
:1030E000AC460295926845466244B4462D6D039203
:1030F0006544CA00AA18958865440495D28895B29B
:10310000AA050595950D6A08069509920ED05600F8
:10311000039A049D9446AD1A66449C462B00079280
:103120009D5A158002329642FAD16346059AD2071B
:1031300008D5099A049D5200AD5A039EB5545A46CB
:1031400052680292069E5D46B446029A62446A60E4
:103150002D68AA4202D2628AB2420ED901228A4066
:103160007B898000934338187B814368DB68002BA0
:103170000CD001993800984708E019680B4A1140B3
:10318000C022920151400A4A0A431A6043465E6CCB
:1031900053461E4200D067E75CE7C046005C004033
:1031A0009C0500200F07FFFF006000408FB7FFFF66
:1031B00080800000064B89009C4661440A68054BEC
:1031C0001A4080235B015A40034B13430B60704746
:1031D000005C00408FB7FFFF80800000064B890035
:1031E0009C4661440B68054A134010225340044A30
:1031F00013430B607047C046005C0040BF87FFFF71
:1032000080800000094BC0229C46890061440B6805
:1032100092011340934208D00A68054B1A4080235C
:103220009B015A40034B13430B607047005C004006
:103230008FB7FFFF80800000084B89009C46302339
:1032400061440A681340302B07D00B68044A1340CE
:1032500020225340034A13430B607047005C004038
:10326000BF87FFFF80800000054B064A1A60BFF34E
:103270004F8F054B054ADA60BFF34F8FC046FDE71D
:10328000F03F0020EFBEADDE00ED00E00400FA05E7
:1032900080B5164A164B126800AF9A421BD0FC2329
:1032A000144ADB0351690B43536190230022DB0571
:1032B0005A60114ADA60114A5A61114A1A601A6951
:1032C000520704D5042219690A42FCD103E0FFF732
:1032D0000DFCBD4680BD62B60022044B1A60094B4E
:1032E00083F30888084B1B689847FEE7F03F0020EF
:1032F000EFBEADDE00100240AA0101A8DFF9000018
:1033000000FCAA6A5022002004C8FF1F7047C04674
:10331000F8B557464546DE464E468046E0B51D00A8
:103320000B23434499461C0009239B46023B08009B
:1033300017009A4600E0002539000600FCF7DEFF82
:1033400052468B459B41134030335B18013CDBB246
:103350002370002D02D0013D002DEDD1BE42EAD2F6
:103360004A46101B002241468B540132904201D044
:10337000A35CF8E740443CBC90469946A246AB4665
:10338000F8BDC046F8B5CE464746814680B50E1C0E
:1033900014001700092A00DD09271E4BBA00D35874
:1033A000301C9846FDF72CF90500FEF7A7F8011C24
:1033B000301CFDF77DFE061C4046FEF79FF8011C01
:1033C000301CFDF75FFDFC218905FDF703FAFDF7D1
:1033D00017F90600804502D843460135C61A002376
:1033E0000A2229004846FFF793FF002C0ED0012245
:1033F000094B441C9B8A3100DB05DB1793432E33BA
:10340000037009323B002000FFF782FF0CBC90469E
:103410009946F8BD1C2A0108080300200389012BE6
:1034200006D943685A1C426019700389013B038125
:1034300000207047F0B5DE464E465746454600230D
:10344000E0B58FB00293203389469B4604920390E7
:1034500001E0434602934B4619785F1C002900D1D6
:103460001BE3252908D00398B94603689B68984751
:10347000029B01330293EEE7802000268024102176
:103480000422022340003D782D2D01D11E4312E07D
:103490002B2D01D116430EE0302D01D10E430AE051
:1034A0006A2D01D1264306E0202D01D12E4302E0F2
:1034B000622D02D106430137E5E70024220004997A
:1034C0002B00303BDBB20137092B03D92A2D07D162
:1034D00008C9DBB29400A41864001A193D78EFE71C
:1034E000049114002E2D14D10023944618000C00D2
:1034F0003D78791C2B00303BDBB2092B03D92A2DF8
:103500000DD108CCDBB282001218520098180F00BF
:10351000EEE740231E430023B9469A4603E0049495
:103520008246644689462B00443BDBB2342B00D9EB
:103530003BE2C74A9B00D3589F46102228E2102343
:10354000049D9E4308CD08AA13700495012330E220
:1035500010233200049D9A4308CD9846002B04D1D5
:10356000BC4B9846730605D414E01B78710600D551
:103570008FE20CE0B84943464646013318780028EC
:103580000CD19A46B0469B1B0495160015E2002B01
:1035900000D119E25346591EEDD215E2F01A401837
:1035A0000130EAD19A46B0469B1B0495160004E20E
:1035B000049D02CD002909DA08231E4308AB1A0036
:1035C00005932D2349421370501C13E0730706D551
:1035D00008AB1A0005932B23501C13700AE020231C
:1035E000334204D008AA05921370501C02E008ABC5
:1035F00018000593330602D56A23037001300023B7
:103600000A22FFF785FE059A8246831A04959046A2
:10361000D3E1049B04CB07935346002B00D027E251
:103620000E2503330493002308A98C4698460E33D5
:1036300063449C46012367469A46A446444687480D
:1036400093085108C9180B09C9180B0AC9180B0CA3
:10365000C918C9088B005B185B00D31A092B03D962
:103660000A3B0131092BFBD830337A1EDBB21370D1
:1036700000290AD05346034203D02023BA1E1370F8
:103680000134170040080A00DAE7A04640467449B2
:103690000127095C6446069108A98C460E207F42EA
:1036A0006744B8466044801A8044012084464046FE
:1036B000B04606000193A246019B049C0591674613
:1036C000501C2740202B0BD1002F03D063469C4376
:1036D0002E2307E00227274204D1901C537801E0F3
:1036E000002F03D16A1E002D09DB15004F1C3A0084
:1036F0000B708E4208D0037839000200DFE7049493
:10370000464654460A0002E0049446465446531C7A
:103710009A46049B9B0707D5069B202B04D02023A9
:103720001370931C52469A46069B07991370534692
:10373000059A04919B1A90463FE1F30505D5049B39
:1037400004CB17009046049309E00723049A07323C
:103750009A4303CA0492FDF763FF804607000021E5
:103760004046FCF7DBFE002810D008231E4308ABC0
:103770001A0005932D23137080231B06434498469B
:103780001F00944601236344069319E0730709D58B
:1037900008AB1A0005932B23944613702A3B63440D
:1037A00006930DE02023334207D008AA94461370F5
:1037B0001F3B63440592069302E008AB0593069312
:1037C000330604D56A23069A1370531C0693FF220E
:1037D0007B005B08D20593420BD11923069A137024
:1037E000931C9A46202353705346059A9B1A904681
:1037F000E3E0730604D5462D08D009239A46A1E0DC
:10380000462D00D09EE053461DB202E0032303255F
:103810009A4614494046FCF79FFE002826D04046B1
:103820001149FDF72FFB0E4B80469F1C08E04046D8
:103830000D49FDF727FB01373B788046002B3AD036
:1038400008494046FCF788FE0028F0D133E0C04626
:1038500034290108142A0108FE7F000024490000D1
:10386000082A010800007A446F12833AFE2140467C
:103870008905FCF753FE002825D040468B49FDF70B
:1038800001FB8B4B80465F1C08E040468749FDF7F3
:10389000F9FA01373B788046002B06D0FE214046DE
:1038A0008905FCF73BFE0028EFD182494046FCF732
:1038B00049FE002807D07B1E1F78002F04D05546F4
:1038C000013D2DB200E000274046FCF799FE632839
:1038D00002D9023D2DB203E0092801D9013D2DB2E4
:1038E000002D06DA002241460698FFF74BFD82467E
:1038F00020E02A0041460698FFF744FD8246002D4D
:1039000018D00300013B1A78302A06D1013B591C1C
:10391000013B5A78302AFAD08A460121664B9B8AAD
:10392000DB05DB178B432E33D31A5A4253415246E1
:10393000D31A9A46002F0BD053461F7001239C4682
:10394000E24405E0524641460698FFF71BFD8246D9
:103950001023334200D113E05E405346013B1A78F6
:10396000302A06D1013B591C013B5A78302AFAD043
:103970008A462E2A00D003E001235B429C46E244A3
:103980005346059A9B1A904617E00A2200E0082247
:1039900008AB9846049D002302CD4046FFF7B8FCD3
:1039A00042468246831A049507E008AB1D70012346
:1039B00008AA9046012242449246E41A0AD43023CF
:1039C0009B46F30607D402E0C24616000495202366
:1039D0009B4600E00024B30733D42C23334218D095
:1039E000F30616D5434603985E1C19780368B04663
:1039F0009B689847029B013302930AE05F46039D50
:103A00002B6839009B682800013E9847002EF7D1AB
:103A100035E0261EF2D139E04646029B039F013372
:103A20009D1B2B005546A2461C003B6831789B68C5
:103A300038009847A3190136B542F6D8984654463F
:103A400003E0D045E8D3029B9846002C00D100E566
:103A500026005F46039D2B6839009B682800013EC5
:103A60009847002EF7D123004344BB460293F2E46B
:103A700055460E2B00DD0E2501230493D3E5029B52
:103A8000BB469C46A444634600240293D045C3D35E
:103A9000E1E4002B00D06DE596E702980FB03CBC46
:103AA00090469946A246AB46F0BDC04600007A4417
:103AB000442A01086F12833A080300200CB430B581
:103AC000030085B00C000020002910DD0A4A01AD7A
:103AD0000192298109AA0899280002930092FFF710
:103AE000A9FC00226B681A70844200DC601E05B0DD
:103AF00030BC08BC02B01847502A0108C37882784D
:103B00001B02134342781B02134300781B02184325
:103B1000704700000B0A017043700B0C090E837094
:103B2000C170704742690239023A030000208A429C
:103B300003D958894143986A0818704703685A1C8A
:103B4000026018780300613B192B01D8203805E08A
:103B50007F2803D9024B1818803800787047C04678
:103B6000602A0108F0B54746CE46060080B514002D
:103B70001F00FF2585B001912C4208D001A8FFF756
:103B8000DDFF002801D1002045E0013CF4E7337857
:103B9000002B03D1002C01D001203CE080235B00EE
:103BA0009846019B02960393029B1B783F2B01D002
:103BB0002A2B1AD1002FE6D00022029B581C02901B
:103BC00019783F2901D1013201E041460A435B786F
:103BD0003F2BF2D02A2BF0D07B1E0399FFF7C2FFB8
:103BE0000028D9D1039B1D780DE002A8FFF7A6FF9E
:103BF000814603A8FFF7A2FF0500814503D14B468C
:103C0000002BD1D1C8E701A8FFF798FF002CBAD04C
:103C1000002DC6D1B7E705B00CBC90469946F0BD63
:103C2000026810B5002A10D0130019785C1C2029F6
:103C300009D923003A29F8D1911CA14205D1127863
:103C4000302A02D10360002001E00120404210BD73
:103C500070B504000D00002802D10920002310E0F7
:103C60000368002BF9D01A78002AF6D08188DA8808
:103C70009142F2D158780DF055FC01231840ECD157
:103C800023682B6070BD0000CA7E10B50400887EDA
:103C900012021043032C05D14A7D0B7D12021343FF
:103CA0001B04184310BD000093B21B0A8A76CB7622
:103CB0000378032B03D1120C0A75120A4A75704758
:103CC0000022F8B5C5690C0013002E26E520A95C7A
:103CD00020290AD0052900D10100082A02D1E718BD
:103CE0007E720133E7187972013301320B2AEED16B
:103CF00000222800E3185A72EB7A3F3213402372F5
:103D00001C30FFF7FBFE2060EA7DAB7D12021343FF
:103D1000E3806A7E2B7E12021343A380F8BD00006D
:103D200070B506000400303640780123E26A3100A5
:103D30000DF050FC0125002810D1E26A236AA16928
:103D4000E070D31A05008B4208D2A378022B05D16C
:103D500052186078013B31000DF03CFC280070BD2A
:103D600070B50400E36A0D0000208B4218D0E378A0
:103D700083420ED12100012360782A0030310DF0FA
:103D8000DDFB03000020834209D0012501306D4294
:103D900005E02000FFF7C4FF002801D1EAE7E56253
:103DA00070BD0000002370B5C370013BC362040006
:103DB000FFF7D6FF0423002864D1334B334AE55C78
:103DC000334B2D02E05C230030331B780543EB2B93
:103DD00003D01833DBB2012B4DD8954207D1200018
:103DE00008222C4982300EF033FC031E4AD02300F7
:103DF0003C331A78013B1B781202134380221BB21A
:103E00009200934237D123003D331B78002B32D0F0
:103E10005A1E13422FD123003F331A78013B1B78DF
:103E20001202134327D0230040331B78013B012BA0
:103E300021D8230042331A78013B1B781202134326
:103E400019D0230044331A78013B1B781202134324
:103E50007F2B06D820005030FFF750FE0E4B9842C3
:103E600009D9230047331B78463422781B021A43B2
:103E700000239A4206D1094B9C4665442800451E02
:103E8000A841831C180070BD2F02000055AA000035
:103E90002E020000E02A0108FFFF0000AB55FFFFE3
:103EA000F8B557464E464546DE461400E0B50600D6
:103EB0000D000227012900D87DE043698B427AD9A1
:103EC00003789B46BB4246D0032B58D0012B72D1BE
:103ED0004B08984688444346590A036A9C46614405
:103EE000FFF73EFF071E66D130239A462F3B43441F
:103EF000994643465A46DB05B244DB0D1540534410
:103F0000E2B2002D08D00F21FF201A7800010A40EC
:103F1000210101400A43D2B21A700123F3704B46CB
:103F2000590A336A30009C466144FFF719FF071EA7
:103F300041D14B46DB05DB0D53441A00002D02D066
:103F40002409E4B205E00F211B78240A8B430C40BE
:103F50001C4314702DE0036A090A9C466144FFF774
:103F6000FFFE071E27D1FF2233006D0052003033C1
:103F700015405D192C70A4B2240A6C7019E0036A14
:103F8000C9099C466144FFF7EBFE071E13D1FE22D0
:103F900033005200AD00303315405D192800FFF7A3
:103FA000ADFD2401010F2409090721432800FFF773
:103FB000B1FD0123F37038003CBC90469946A246FF
:103FC000AB46F8BDF0B5C646012600B504000D00AD
:103FD000B1425BD94369994258D20378022B2FD062
:103FE000032B40D0B34251D1036A4F089C467F183F
:103FF000790A6144FFF7B4FE002802D00126764218
:1040000044E07B1C590A9846236AFF059C46FF0D35
:10401000E7193037614420003F78FFF7A1FE002800
:10402000ECD14346D805C00D241830342078000266
:104030000743354201D03E0928E03F053E0D25E00B
:10404000036A090A9C466144FFF78AFE0028D5D11D
:10405000FF30FF306D0005403034641966782078F9
:104060003602064312E0036AC9099C466144FFF721
:1040700077FE0028C2D12000FE24AD00640030305D
:1040800025404019FFF73AFD06013609300004BC0F
:104090009046F0BDF0B5C6460F0000B580460568F5
:1040A000002906D1EE68002E12D06B69B34210D8F9
:1040B0000EE02800FFF786FF0400012801D8012444
:1040C00062E0431C5ED06B693E00834201D95BE035
:1040D00001262B69002B01D1002455E0BE4219D1E5
:1040E0006B69741CA34200D802244346210018685F
:1040F000FFF768FF0128E2D0431C43D0002807D017
:10410000EB68012B06D96A69934203D21E0001E0D5
:10411000002C15D134006B690134A34202D8012E62
:10412000DAD90224434621001868FFF74BFF002824
:1041300006D00128C3D0431C24D0B442EBD1CBE736
:104140000122210052422800FFF7AAFE002817D1C1
:10415000002F08D16A692B69023AEC6093420AD8B1
:10416000013B2B6107E0220039002800FFF798FE91
:104170000028EFD004E001232A7913432B7103E0D8
:1041800001289CD101246442200004BC9046F0BD6B
:10419000F0B5C6460D0000B5070011000468012DFA
:1041A00030D96369AB422DD9002A02D10123984648
:1041B00020E0012220005242FFF772FE0028F5D0D5
:1041C00023E001281ED0431C1ED00022290020001D
:1041D000FFF766FE002818D162692369911E8B42A1
:1041E00005D241460133236123790B432371350006
:1041F000B24205D929003868FFF7E4FE061EE0D177
:10420000002002E0022000E0012004BC9046F0BD46
:10421000F0B5DE4657464E4645460023E0B50B60F6
:1042200087B00E001700FFF7FBFC0B23051E00DA1A
:104230004CE1AA4B8200D4580C23002C00D145E15C
:10424000346001262378B743002B0DD060780DF041
:1042500069F9064008D13B1E00D137E1330042071F
:1042600000D433E10A2331E10023E8B22370607007
:104270000DF0CEF80323C20700D527E1002F01D0AF
:104280004307EFD400212000FFF78CFD02281ED148
:10429000934B250002AE98463700F735FF35A04412
:1042A0002800FFF72BFC103501C6A845F8D10025E2
:1042B0000326AB00F9583000002904D02000FFF796
:1042C00071FD01280BD90135042DF2D1FAE001234B
:1042D000042800D1FAE0984201D90D23F6E023002A
:1042E0003C331A78013B1B781202134380221BB225
:1042F00092009342F1D1230047331A78013B1B7897
:1043000012021343984604D120005430FFF7F6FB05
:104310008046E36A9A464346A361230040331E78F1
:10432000731EA670012BD8D823003D331D78ABB285
:104330006381002BD1D06B1E1D42CED123004233AE
:104340001A78013B1B78120213431BB201936B4690
:104350009B889B4623811B07BFD123002200443347
:104360001B78433210781B02184303D120005030D1
:10437000FFF7C4FB23003F331F78013B1B783F024C
:104380001F43AAD0434673430093009A5B4691466D
:104390001B09DB19994448459FD34B46C61A29008F
:1043A0003000FBF725FFAE4297D34E4B984294D88E
:1043B0004D4B984200D87FE003265346E3614B46BD
:1043C000851C5744534465612762A362032E13D1B1
:1043D00023005B331A78013B1B7812021343019AC6
:1043E0001A4313B2002B00D077E720005C30FFF7B0
:1043F00085FBAD00606211E05B46002B00D16CE7ED
:10440000009B9C4667446762022E01D16D0005E067
:104410000320012368431D4040084519334B9C4647
:1044200065446D0A454500D957E701235B42236186
:10443000E36081332371032E35D1230061331A7871
:10444000013B1B7812021343012B2CD15146200053
:104450000131FFF785FC002825D1254B2071E25C56
:10446000244B1202E35C1343234A1BB293421AD13A
:1044700020003030FFF742FB204B984213D18523B8
:104480009B00E018FFF73AFB1D4B98420BD18623A7
:104490009B00E018FFF732FB87239B002061E018A8
:1044A000FFF72CFBE060174A2670138801339BB29C
:1044B0001380E380002309E0134E8642B641764222
:1044C00001367AE70123042800D006E7180007B078
:1044D0003CBC90469946A246AB46F0BD2C06002057
:1044E00036020000F5FFFF0FF5FF0000FF0100009E
:1044F0002F0200002E02000055AAFFFF5252614118
:104500007272416130060020F50F0000002370B583
:1045100086680500046803619E420ED12378022B51
:1045200002D9636A002B07D12389002B01D1022015
:1045300021E0636AAB6115E01E006389002B0CD19A
:1045400031002868FFF73EFD0600431C12D0012809
:10455000EDD963699842F3D3E9E731002000FFF712
:10456000E1FAA861AB696E61002BE0D03034EC61F8
:10457000002000E0012070BD70B5C3780400002B5E
:1045800003D12378032B41D104E0FFF7C9FB0028B6
:1045900044D1F6E72679012E38D125008022303526
:1045A0009200002128000EF06BF855221C4B41218F
:1045B000E2541C4B9218E2542200DE3BFF3B3132A6
:1045C0002B70137023006122323385201A705970CA
:1045D00072238000235414482354144BE154144B89
:1045E000E2540133E0182169FFF794FA87239B0016
:1045F000E018E168FFF78EFAE36960785A1CE2621E
:10460000330029000CF0E6FF0023237100226078BC
:1046100011000DF02FF8431E9841C0B270BDC04686
:104620002E0200002F0200001502000016020000FA
:1046300017020000F0B5C64600B5C37804000D00AF
:10464000002B11D1290020002600FFF76BFA8022F1
:104650003036E06207009200002130000EF010F8C2
:104660000123002598460EE0FFF75AFB012300289E
:1046700011D1E7E77A196078434631000CF0AAFFC0
:10468000002803D1013563899D42F3D363895B1B05
:10469000581E8341DBB2180004BC9046F0BD0000F8
:1046A000F8B5CE46474680B507692B4B2037040046
:1046B000894605689F4201D900238361A3690420CC
:1046C000002B44D0FA05D20D90463BD161690133ED
:1046D000A361002907D12A897B09934232D30023A1
:1046E0000420A36133E06B897A0A013B1A4229D185
:1046F0002800FFF767FC0600012801D8022026E009
:10470000431C01D1012022E06B69834214D84B463F
:10471000002BE4D061692000FFF7BCFC06000720F5
:10472000002E14D0012EE9D0731CEBD031002800EC
:10473000FFF780FF0028E5D1666131002800FFF710
:10474000F1F9A0610020303545442761E5610CBCDA
:1047500090469946F8BDC046FFFF1F00F0B557468A
:104760004E46DE464546E0B507000E00036885B0BC
:10477000029333782F2B01D10136FAE75C2BFBD063
:104780000023BB6033781F2B04D90B239A46033BCD
:10479000994640E03B0080222B331A703800FFF727
:1047A000B5FE04009EE00133F25C2F2AFBD05C2AA8
:1047B000F9D0F618002D00D18CE07B1CDA7FE52AB9
:1047C00001D1E03ADA770423202C5DD83D002B3567
:1047D0002B703B6838009B46FFF798FE041E07D1FC
:1047E0003F239846B9695846FFF7BAFA041E50D0DD
:1047F0002B78002C68D15B0774D4BB79DB0667D5B6
:104800003B690299DB05DB0D3031C918029B187832
:10481000FFF73AFAB86020239C46BC4463465246F0
:104820002021604601930DF02BFF0123B0460025A7
:10483000CB469B1B0393039B34789B19202C21D9D7
:104840002F2C01D05C2C01D14646ADE72E2C43D055
:10485000AB453FD963B2002B03DA7F231C40254BC5
:104860001C5D210024480DF013FF002832D12300E5
:10487000613B192B01D8203CE4B2019B5C5501350A
:104880000136D8E7464694E73278202A9ED900239D
:104890009CE7F8690378002B14D04246C37A134092
:1048A0004A46BB71C37A134205D1524601990DF0B5
:1048B000CFFE00289CD000213800FFF7F1FE041E37
:1048C00090D095E7042493E7042C0BD1234209D11F
:1048D000052407E0062405E05B460B2BFAD04D4685
:1048E000D346CDE7200005B03CBC90469946A24691
:1048F000AB46F0BD602A0108E92A0108F8B50400BA
:1049000007683F2604202025A16900291DD0380012
:10491000FFF726FA00281CD1E3691A78002A17D07D
:10492000DB7A3340A371E52A08D02E2A06D00F2B5C
:1049300004D0AB43082B01D000200CE00021200064
:10494000FFF7AEFE0028DFD003E00028F4D000E03F
:1049500004200023A361F8BDF8B505000668FFF741
:10496000D5FD041E26D10127A9693000FFF7F8F90B
:10497000041E1FD1EB691B78E52B13D1A969300008
:10498000FFF7EEF9041E18D101002022E8690DF0AE
:1049900077FE2900E86920310B220DF067FE012324
:1049A000F3700AE0002BE9D039002800FFF778FE09
:1049B000041ED9D0042C00D103342000F8BD00001F
:1049C0001FB5019003A8009114000391FFF728F987
:1049D00003000B20002B14DB0B499B005A58002AC4
:1049E00001D000201070019A002A01D00020107020
:1049F0000020CA50844204D0020001A96846FFF793
:104A000007FC04B010BDC0462C060020F0B54F4690
:104A10004646D646C0B590B004000191904609279D
:104A2000002800D1E0E03F261640320003A901A88B
:104A3000FFF7EEFB071E00D0D3E004AD039B019906
:104A400028000493FFF78AFE002805D13B236B441E
:104A50001B787F2B00D906301C2342461A4256D0C1
:104A600000280BD0042800D0BBE02800FFF774FF1B
:104A7000002800D0B5E008231E430CE01123AA79DA
:104A80001A4200D0ACE0434608205B0700D5A8E0FE
:104A90004346034245D00CF0B7FC8046E8694146E6
:104AA0000E30FFF737F8E86941461630FFF732F865
:104AB000039B9946EB699A464B4651461878FFF797
:104AC000E3F82023CB7280460022E9694846FFF7CD
:104AD000EBF800220121EB691A775A779A77DA7797
:104AE000039BD970414691421BD0DB6A280099464E
:104AF000FFF74EFB002874D149460398FFF730F9C1
:104B00004146039B0139D96000280AD069E000289A
:104B100067D1AB79DA0661D44246920701D5DB074B
:104B20005ED4330701D540231E43039BED699A46AB
:104B3000DB6A65622362534629001878FFF7A4F800
:104B4000A060814628001C30FEF7D8FF5346E06085
:104B50002360DB880021A380282398468022A0447C
:104B6000050026746174E1616161920040460DF0B8
:104B700087FDB30638D5002D36D0534665615E8972
:104B80007602AE420CD249462068FFF71BFAAD1BF5
:104B900081460300012805D90133F2D1012002E04A
:104BA000002000E002204B46A361002819D1EB054C
:104BB0001AD0039E49463000FEF7B4FF02000220DF
:104BC000002A0ED06D0AAA18E261707801234146CE
:104BD0000CF0B4FC002807D0012002E0042000E023
:104BE0000720002307002360380010B01CBC90464B
:104BF0009946A246F0BD0000F0B5DE464E46454659
:104C00009B4657460023E0B516005A4685B08946B4
:104C1000136003A90400FFF71BF8051E00D09DE0F8
:104C2000657C002D00D099E0237CDB0700D494E064
:104C3000E36862699F1AB74200D9370028239C466F
:104C4000A4446346AA460193002F00D183E0636920
:104C5000DA0563D1039A55895A0A013D2A40009228
:104C600011D1002B01D1A06803E0A1692068FFF7F2
:104C7000A9F9012801D8022502E0431C02D101252F
:104C800065746BE0A061039BA16918009846FEF76C
:104C900049FF0028EFD0009B1D18344B9F4221D9BB
:104CA0004346009A7E0A5B8992199A4201D9009A7A
:104CB0009E1A43462A005878494633000CF03EFCC1
:104CC0000028DCD1237C7F2B0AD9E369581BB04232
:104CD00006D2802240024844920001990DF0C6FCA1
:104CE00076022CE0E269AA4217D0237C7F2B0BD9F5
:104CF00043460199587801230CF06CFC0028BED182
:104D00007F22237C13402374039B2A005878019947
:104D100001230CF013FC0028B1D1E56163693E006A
:104D2000D9058023C90D9B005B1A9F4200D91E0044
:104D3000019B32009C46484661440DF097FC5B465F
:104D40005A461B68BF1B9B1913606369B1449C469C
:104D50006644666178E7554600E00725280005B0FF
:104D60003CBC90469946A246AB46F0BDFF01000010
:104D7000F0B5DE464E4645469B4657460023E0B515
:104D800016005A4685B08946136003A90400FEF751
:104D90005FFF8046002800D0B9E0637C9846002B76
:104DA00000D0B4E0237C9B0700D4AEE063699A197D
:104DB00093424FD9DE434DE06369DA0500D08DE0C0
:104DC000039A57895A0A013F3A40019245D0237C01
:104DD0007F2B62D8039BA16918009A46FEF7A2FEBA
:104DE00000284DD0019B1F184D4B9E4264D953465D
:104DF000019A750A5B8952199A4201D9019A9D1A42
:104E000053463A00587849462B000CF0E3FB002843
:104E10003AD1E369D91BA9420BD280222000490272
:104E20009200494428300DF021FC7F22237C13405E
:104E300023746D025B465A461B68761B5B19136030
:104E40006369A9449C46E36865446561AB4200D24E
:104E50002B00E360002EAFD10BE0002B03D1A06844
:104E6000011E0BD100E0A1692000FFF713F9002813
:104E700004D14023227C1343237448E0012801D14C
:104E8000022302E0431C02D1012363743EE0A368C5
:104E9000A061002B9BD1A06099E72100039BE269F0
:104EA0005878283101230CF095FB0028ECD17F22A3
:104EB000237C134023748DE7E369BB420DD0E36884
:104EC0006269934209D95346210058783A00012378
:104ED00028310CF033FB0028D6D1E7616369350037
:104EE000D8058023C00D9B001B1A9E4200D91D00CF
:104EF0002300283318182A0049460DF0B7FB8022FA
:104F0000237C52421343237494E707239846404678
:104F100005B03CBC90469946A246AB46F0BDC046A3
:104F2000FF010000F7B501A90400FEF791FE051E80
:104F30003DD1237C5A063AD55BB2002B0EDA210014
:104F4000019BE2695878283101230CF043FB0135BD
:104F500000282CD17F22237C134023740CF054FAB8
:104F6000216A07000198FEF7FBFE051E1FD12023D2
:104F7000666AF27A31001343F372A2682068FEF782
:104F800093FE3000E1681C30FEF7C4FD30003900AC
:104F90001630FEF7BFFD01230198B574F574C37098
:104FA000FFF7EAFA40220500237C9343237428008C
:104FB000FEBD000013B50400FFF7B4FF002806D1C2
:104FC00001A92000FEF744FE002800D1206016BD94
:104FD0001FB5040001910920002C2ED0002203A946
:104FE00001A8FFF715F9002821D1039B019923603F
:104FF0002000FFF7B3FB00281CD123002B331B78C4
:105000007F2B0AD8A379DB0601D405200FE0039B90
:10501000E1691878FEF738FEA060039B2000DB886A
:10502000A380FFF773FA0428EFD0002805D00023EF
:10503000236002E00428E8D0F9E704B010BD0000C6
:1050400013B501A90400FEF703FE002800D120607B
:1050500016BD000037B50D0001A90400FEF7F8FDEC
:10506000002819D12000002D02D1FFF74FFA13E0DC
:10507000FFF744FCFB2303400ED16B72A369002BA6
:1050800003D029002000FEF71BFE00212000FFF7BF
:1050900007FB042800D100203EBD00000923F0B525
:1050A000C646984606000C00042700B58844210037
:1050B0003000FFF7CFFF051E0CD1002C0AD0637A19
:1050C000002B07D002003B004146F06AFEF74AFD84
:1050D0000028ECD0280004BC9046F0BDF0B59DB08F
:1050E0000190022203A901A8FFF792F8002844D1F9
:1050F00004AC039B019920000493FFF72FFB0028C9
:105100003BD13B236B441B7806307F2B35D8A779E6
:10511000FB0701D5072030E0039EE1693078FEF7F8
:10512000B3FD0500FB0607D4049EA1693000FEF71D
:1051300017FE00280FD020E0129010A81096FFF75D
:10514000E5F9002819D110A8FFF7D8FB0028E1D015
:10515000042812D1E8E7E523E2691370E43BF37019
:10516000002D03D10398FFF707FA06E0020029009B
:105170002000FFF70DF80028F4D01DB0F0BD0000AE
:1051800010B572B60248FDF7CFF962B610BDC04641
:105190003406002010B5040072B6022902D003299B
:1051A0000DD00FE0084A0121FDF788FA2000074AD8
:1051B0000221FDF783FA0648FDF78AF902E0044868
:1051C000FDF77CF962B610BDE83501080436010828
:1051D00034060020184970B50E001F25174A184BD9
:1051E0001068184A1B68126818369B1803432C0075
:1051F00030221C40092C00D9073212190A805B09A1
:10520000C206023113434009B142F0D1FE220E4BD7
:105210000E49120199521A210D4A995298180022EA
:1052200042800C49FE228C4612019A185A52120CE6
:1052300063445A8070BDC046EA3E0020B0F7FF1FAD
:10524000ACF7FF1FB4F7FF1F082F00201A03000060
:10525000D80F0000DC0F000010B5022915D003297B
:1052600003D0012913D0002012E0032A06D1094BF4
:105270009B8A5B0505D5FFF7ADFF09E00020032AF7
:1052800006D80548D200801802E0044800E004482F
:1052900010BDC04608030020D83601083836010882
:1052A0008436010870B5051C081C161CFBF792FA21
:1052B000311C041C281CFBF78DFA011C201CFBF779
:1052C00089FAFA218905FBF7DDFD70BDF8B5114EAD
:1052D000071C3400104D11482034043E391CFBF7E4
:1052E000D1FD291CFBF776FAA64202D02568043CC2
:1052F000F4E7011C381CFBF7C5FDFE218905FBF70F
:1053000069FA391CFBF7BEFDFE218905FBF762FA3D
:10531000F8BDC0468C3701084EE53426D4CBA02218
:1053200070B5002A12D04C1E231A584350435043E4
:10533000FCF7E4F8051C20006043FCF7DFF8011CD3
:10534000281CFBF7C3FBFFF7C1FF01E0FE2080052F
:1053500070BDC046044B10B51B680A0019680C6884
:1053600001001800A04710BD90200020F0B5DE46D7
:1053700057464E464546E0B5564B87B003905B8B8B
:105380000593002B00D195E0D0229446FE22514B8C
:10539000920063449446E42298464E4BD200634404
:1053A00094469A464B4B544663441E0000234546A0
:1053B0009B4633682A68181C111C02939046FBF721
:1053C00077FE7268071C92466A685046111C914627
:1053D000FBF76EFE6368039A019000932068012A30
:1053E0002AD1011CFE208005FBF762FE011C0490FF
:1053F000381CFBF747FD5146071C4846FBF758FE93
:10540000009B191C9946FBF73DFD011C381CFBF75E
:105410004FFE0299071C4046FBF74AFE4946FBF740
:1054200031FD049981460198FBF72CFD011C48468B
:10543000FBF7D0F9804630E0FE218905FBF7CAF979
:10544000011C8146381CFBF71DFD019B0290009951
:10545000181C9846FBF716FD494682464046FBF766
:1054600011FD00998046381CFBF70CFD011C4046DD
:10547000FBF7B0F9039B8046013305D051460298F3
:10548000FBF716FE071C08E002995046FBF710FEDA
:1054900080231B0643449846071C43467360012340
:1054A0009C46059BE34437600835083408369B4525
:1054B00000DA7EE70422074B9B8C93434022134380
:1054C000044A938407B03CBC90469946A246AB463A
:1054D000F0BDC046A8070020012110B50C00074A06
:1054E000138B1C40844208D08B4303432820138332
:1054F00006F0CAFA0022024B1A7710BDA807002056
:1055000008030020F0B545465746DE464E46E0B556
:10551000884687B0051E9246644C00DBAEE0E36827
:1055200001938B4200D3A8E0638C013B9BB29B4666
:1055300023695D468B4200D8A0E00027019A9E1A9D
:10554000881A00235A460021FBF730F832003B004E
:10555000FBF70CF8050032003B00C1172800FBF7F1
:1055600025F802900391594600234A0802980399AE
:10557000801859415A4604900591FAF7F7FF814681
:1055800004980599019B801979414B4402935A462E
:105590000023FAF7EBFF4946019A029B1618471AB7
:1055A00098456BD0002F0DD04246D01AFBF7A6FFCE
:1055B00081463800FBF7A2FF011C4846FBF786FA3C
:1055C000814601E000239946029803F007FB07009B
:1055D000300003F003FB6B1CB8421BD0404603F0C5
:1055E000FDFAB8420BD1002D48DDFE214846890561
:1055F000FBF7F0F86E1E2B00814635000AE0AB4544
:105600003CDDFE2148468905FBF752FD6E1CAB1CB4
:10561000814635001A001A32D200A41828225646B4
:105620009246DB005B429846EB009B460433B24453
:1056300001934346E5185B46EF582068391CFBF799
:1056400037FD4946FBF71EFC391CFBF7C3F8019BED
:105650003060ED586068291CFBF72AFD4946FBF7CE
:1056600011FC291CFBF7B6F8CA239B009C4670600E
:10567000083664445645DCD111E0002553465646B1
:105680001A35ED006419283322683260626872604E
:10569000CA229200944608366444B342F4D107B05B
:1056A0003CBC90469946A246AB46F0BDA8070020F8
:1056B000F0B5CE46474680B54B6883B001AA0E6868
:1056C0000C00694698460CF09BFD019F311C381C6C
:1056D000FBF7D8FB009D81464146281CFBF7D2FB17
:1056E000011C4846FBF7E4FC41462060381CFBF7F0
:1056F000C9FB311C071C281CFBF7C4FB011C381C10
:10570000FBF768F8606003B00CBC90469946F0BDAA
:1057100010B5012816D108680B4903F017F80028C6
:1057200005D14021094A13780B43137006E0012884
:1057300004D14021054A13788B4313708D2040001B
:1057400006F0A2F910BDC04658390108A803002090
:1057500070B50C0090B0002838D0022836DC1C4B05
:105760009B8A5B0732D402280DD1486802F044FFBF
:10577000184BFA215843184B89009C466044FAF7AD
:1057800037FD060000E0154E24682000FBF7FAFF05
:10579000134D0200210033002800FCF727FD2800EC
:1057A000330002220F49FCF721FD203D0E4C05E09D
:1057B000236802001B686946200098473300402296
:1057C00069462800FCF786FC0028F1D110B070BDB6
:1057D00008030020A0860100E7030000204E00001F
:1057E000F40400206C4201083406002070B50D005E
:1057F000022808D1086802F0E5FE04B2686802F0E9
:10580000E1FE02B202E00122524214002100022015
:105810000AF0F4FF70BDC04670B50C0002280BD131
:10582000086802F0CFFE0500606802F0CBFE29B2E6
:1058300002B201200AF0E2FF70BDC04610B50AF0C6
:105840008FFB10BDF8B50E1C051C111C301C171C5D
:10585000FBF718FB291CFBF715FB400040080CF078
:1058600075FD391C041C301CFAF7B4FF291CFAF72B
:10587000B1FF0021FAF752FE002803D080231B0657
:105880009C466444201CF8BD10B5094C628B002A6C
:105890000CD0CA239B005843D030001900230024A9
:1058A00001330160446008309342F9DB10BDC0460B
:1058B000A807002010B5031C082800D90823034AB4
:1058C0001020137006F0E0F810BDC0469C200020A8
:1058D000014B18787047C0469C2000200121024AE5
:1058E00013788B4313707047A803002010B5FFF79F
:1058F000F5FF10BD01230420074A11784B40834374
:105900001370C90706D50549898A090502D5022100
:105910000B4313707047C046A80300200803002003
:105920000FB400B5074B83B01868002805D005AA4E
:1059300004990192FDF77EFD00E0002003B008BC51
:1059400004B018479020002070B5104D05222900A2
:1059500002F018FF0E4B80B21880052804D90D48BC
:10596000FFF7DEFF00240FE000280CD00A4C0B48A4
:10597000296802F0EBFE002806D00A3460882388EC
:1059800000041843F4D10024200070BD342000200E
:105990008C2000206C370108AC3F010864370108F7
:1059A000F8B5CE4647460C0080B5022823D02A48D9
:1059B000FFF7B6FF294BF8269946E0235B01002448
:1059C0009846F827264D36041E3541462B88484612
:1059D000DA080A40590939400A43190431405B0783
:1059E0000A431B0C21001A430134FFF799FF0235CB
:1059F000202CEAD12BE0086802F0FEFD83B20500FE
:105A00001F2B24D8606802F0F7FD0600606802F0E2
:105A1000F3FDE0224301F82012024001F600164097
:105A2000034060681E4302F0E7FDF823000C0340CA
:105A300060681E4302F0E0FD2D040304084AED0BEC
:105A40005B0F551933430748EB8306F01DF80CBC78
:105A500090469946F8BDC046E0380108FC38010878
:105A6000080300201A03000010B502490248FFF79E
:105A700057FF10BD58370108A43F010870B5074C07
:105A80002168002909D0064D043428000434FFF7AA
:105A900047FF231F19680029F7D170BD7C03002040
:105AA000A43F010870B50948FFF73AFF084C0949BF
:105AB000094D0A342800FFF733FF61882388090461
:105AC0001943F6D10548FFF72BFF70BD8039010857
:105AD000AC3F0108643701088C3901086C420108A9
:105AE00010B5012806D0064B06495A680648FFF74C
:105AF00017FF04E0086802F07FFD014B586010BDFD
:105B000008030020443D01086C3D0108F0B54F46F4
:105B1000D64646460500C0B50F00002801D12C4EE0
:105B20004CE000284EDD2B4B002498462A4B284E93
:105B300099469A46A300F858310002F007FE07285C
:105B40003CD8434680001B589F460120FFF7C4FC09
:105B500030E00020FFF7C0FC2CE006211E4A138B2A
:105B60008B4302210B43138324E006211A4A138B33
:105B70008B4304210B4313831CE00621164A138B2D
:105B80008B43138316E01821134A138B8B43082190
:105B90000B4313830EE0534618221B8B934352464C
:105BA000138307E04B4618221B8B934310221343A9
:105BB0004A4613830134A542BCD103E031000748B3
:105BC000FFF7AEFE1CBC90469946A246F0BDC0460B
:105BD000D43E0108F8360108A8070020B43E0108A9
:105BE00010B5012805D0064B0648198BFFF798FE23
:105BF00004E0086802F0E6FC014B188310BDC046C3
:105C000008030020083B010870B50D000B4C02286A
:105C100000D00DE02100286802F098FD061E07DB89
:105C2000686802F0E9FCC1B2B0B20AF0FBFA03E026
:105C300021000348FFF774FE70BDC046643A0108B6
:105C40000C39010810B5012806D0074B07491A780E
:105C50000748FFF765FE05E0086802F0CDFCC0B21A
:105C6000FFF728FE10BDC0469C200020C43C010860
:105C70006C3D010810B501280BD108680B4902F0F2
:105C800065FD002805D10A48FFF74AFE0AF0B2FA7E
:105C900010BD0848FFF744FEBFF34F8F064B074A7D
:105CA000DA60BFF34F8FC046FDE7C0462C3B0108CA
:105CB000303B0108503B010800ED00E00400FA050C
:105CC00010B5012806D0064B06495A6E0648FFF764
:105CD00027FE04E0086802F08FFC02F05BFF10BDB5
:105CE00008030020283D01086C3D010810B50BF0A9
:105CF0007DFE01000148FFF713FE10BD9C3F010827
:105D000010B5094C012800D009E00868210002F014
:105D10001DFD002803DBC0B205F0F6FE03E0210004
:105D20000248FFF7FDFD10BD2C3A0108143A0108A6
:105D300010B501280AD1086802F05EFC042805D8D5
:105D40000BF0FCFC102005F09FFE04E00422024949
:105D50000248FFF7E5FD10BD643B01086C3B0108FC
:105D600070B504000D00002803D10948FFF7D8FDE5
:105D70000DE0086802F040FC00210200012C00DD6B
:105D800069680020022C00DDA86809F075FC70BD70
:105D90009C3A010810B50C4882B0FFF7C1FD0AF02B
:105DA000BDF80A481022835E0E21425E0C24015F7A
:105DB0001224005F00900648FFF7B2FD054805F089
:105DC00063FE02B010BDC046E03D0108080300209C
:105DD0000C3E01081A030000F0B54746CE4680B5D8
:105DE000E1B06A46284B294C1A60C02323802788DB
:105DF0003FB2012807D1086802F0E4FB0138431ED6
:105E00009841234B1880002003F096F88023DB058F
:105E10005B6A204A0A3313601F4B204A5B8B0233B4
:105E20009BB2138023881BB2002B04DD30BF238874
:105E30001BB2002BFADC002F11DC1FE00023F15E07
:105E400040460135FFF76CFD0C2D03D14846FFF7A6
:105E500067FD002502360134A742EFDC0EE06B46F9
:105E60000021595E0E4B002418009846FFF758FD9C
:105E70006B469E1C0B4B01259946ECE761B00CBCB0
:105E800090469946F0BDC0464418002048180020AE
:105E90004A180020A01E00200803002040250020F2
:105EA000483901086C42010810B5012803D00A489E
:105EB000FFF736FD0EE00868084902F047FC0028AD
:105EC00003D00748FFF72CFD04E00BF0CBFC05489E
:105ED000FFF726FD10BDC0463838010860380108BC
:105EE000683801087C38010810B50BF0E3FB024864
:105EF000FFF716FD10BDC046803B010810B501221A
:105F000005490648FEF75CFD041E02D00448FFF771
:105F100007FD200010BDC04678380108D83C00209D
:105F2000283C010810B50C00012803D00A48FFF7EF
:105F3000F7FC10E0FFF7E2FF00280CD124682000F6
:105F4000FFF7CCF8002801D0044A00E0044A210001
:105F50000448FFF7E5FC10BD403C01083C3C01084B
:105F6000383C0108603C010870B582B0012803D0BC
:105F70001B48FFF7D5FC30E00C68FFF7BFFF002897
:105F80002BD1184E012221003000FEF73FFD051EE7
:105F900003D01548FFF7C4FC1FE0144BB289F41876
:105FA000F38904211B04134368460093FFF7D2F9D9
:105FB0000195350002E02000FFF7CCF9802201AB0B
:105FC000920021002800FEF717FE002802D1019957
:105FD0000029F0D13000FEF7EDFF02B070BDC046E1
:105FE000983C0108B03A0020B43C010858F4FFFF87
:105FF00030B595B004000D00FFF780FF002832D1C6
:10600000002C02D0012C04D007E0184B08ACE3624E
:1060100007E02B6808ACE36203E01548FFF780FC5B
:1060200021E014492000FEF7D3FF002801D1124DD2
:106030000EE02000FFF704F815E0029B02A98C4651
:1060400001931A000923634419002800FFF768FC34
:1060500002A92000FFF722F80028EAD102AB5B7A00
:10606000002BEAD1E5E715B030BDC046703C010811
:10607000743C010878380108903C0108F0B54646A8
:106080004F46D646C0B5374B374D1E6886B03540B3
:1060900004955B68354C89461C4098460594032856
:1060A00016D14B463249186802F050FB002801D047
:1060B000304F3FE04B46586802F09EFA4B460400D2
:1060C000986802F099FA010020000BF085FD43E08A
:1060D000284F022800D02DE04B463900186802F006
:1060E00035FB8246062806D14B46586802F0ACFACA
:1060F0000BF0E8FD30E04B46586802F07DFA53465D
:106100008146002B16DB632814D852461A4B0A210D
:106110009D5C04AB9C466544FAF76AF80A210401C9
:106120004846FAF7EBF80C432C70049905980BF0ED
:1061300053FD11E07F2042463F2306402804000E15
:1061400013402D0C22040190120E210C039702968D
:1061500000950A48FFF7E4FB06B01CBC9046994640
:10616000A246F0BD002800407F7F7F003F1FFF0058
:10617000883D0108E8450108104201088C3D0108EE
:1061800010B5012806D0064B06499A680648FFF765
:10619000C7FB04E0086802F015FA02F0EDFB10BD41
:1061A00008030020C03A01086C3D010810B5012821
:1061B00003D00848FFF7B4FB0AE0086802F01CFAB5
:1061C0000400FFF78BFB044B2000D97F02F01EFD7B
:1061D00010BDC04660390108A8070020F0B5CE46C2
:1061E000474680B583B0012812D1086802F0EAF969
:1061F000062803D91D48FFF793FB31E001280BDC8B
:10620000CA24A40044431A4BE4181A4B98460BE0E6
:10621000184B174C984607E0CA24831EA4005C4321
:10622000144BD0349846444443465B8B002B17D024
:10623000114B002599462068FBF7A0F9060060681D
:106240000F00FBF79BF93B0000900191320048469C
:10625000FFF766FB43465B8B01350834AB42EADC53
:1062600003B00CBC90469946F0BDC04628390108E1
:106270004C180020A80700204039010810B5040080
:10628000102005F001FC032C00D9FF24064BDA7F17
:10629000A24207D0DC77054B1B78DB0702D4200035
:1062A00002F0FAFD10BDC046A8070020A803002098
:1062B00010B5012805D0064B0648D97FFFF730FB03
:1062C00005E0086802F07EF9C0B2FFF7D7FF10BD05
:1062D000A8070020E03A0108F0B5D64646464F46EA
:1062E0000E244023C0B584B06C4408212E4823807E
:1062F000FFF730F820000221FFF72CF82B4D218802
:1063000028001E30FFF726F800239846284B00246B
:106310009A463E2356465B42534499464136FF36E1
:106320005346A022009300200123520041460AF068
:10633000B7FC5746504623000C335B00EB183988F6
:10634000DB888B420AD02B0000241E3303E001348B
:106350000233202C04D01A888A42F8D1E3B201E03B
:1063600000230024037001300237B042E3D14846D5
:10637000A022494652003E3002F046FA4B46010048
:10638000981E01800904090C0231FEF7E3FF012386
:106390009C46E0444346F02BC2D104B01CBC90465E
:1063A0009946A246F0BDC04660420108080300209D
:1063B000482F002030B583B0002802DDFFF78CFFA6
:1063C00011E00024094DA0222100022352000020E8
:1063D00000950AF065FCA0212800C9000234FEF7F0
:1063E000B9FFF02CEFD103B030BDC046082F00201C
:1063F00030B51148114C438B628B1149DB050D8878
:10640000D2050F21920BDB0D134307222940257F74
:1064100089042A400B43617F920549061343094AC8
:106420000B43136543685365836893654369D3657C
:10643000A38A136630BDC046A807002008030020C9
:106440000A3F002000280040F8B5214D2B889BB260
:10645000002B3CD080221F49D205526A0968521A8B
:1064600035D4820701D41C4C00E01C4C1C4A528BD2
:1064700001329A4202DA02F06DFE03E06021200050
:1064800002F0ACFD174B00260020185E164B4000B2
:10649000201807009C461A681449C0370B8814005E
:1064A000002B02D1002E0ED00BE00B880232013BF4
:1064B0001BB20B800026835F043023800126B84284
:1064C000ECD163461A602B88013B9BB22B80F8BD50
:1064D00040250020A01E0020A41E0020641F0020D4
:1064E000080300204A180020441800204818002003
:1064F000044BC005C00D10B558838120C00005F0C5
:10650000C3FA10BD0803002010B5012804D10868A3
:1065100002F072F880B216E0022816D1086802F084
:106520006BF8FA2283B201001201002093420AD8CC
:10653000072B07D90904090C1000F9F7E3FE01380D
:1065400080B200E00748FFF7D3FFFA20064B0001B6
:106550005C8B611CF9F7D6FE210002000348FFF7AF
:10656000DFF910BDFF01000008030020D837010843
:10657000411CFA2010B50001F9F7C4FE10BDC04659
:1065800010B50400084B1988084B18684B08604385
:10659000C018F9F72DFE064B064A1B6812686343C4
:1065A0009B18C01810BDC046A00700209C07002003
:1065B00098070020A4070020F0B557464E464546F0
:1065C000DE46E0B5984B9DB0984F049098465A8BA4
:1065D0003B8889469A4206D9002800D14EE24B46B4
:1065E000002B05D137E200233B80049B002BF6D122
:1065F00080228F4B92059A61A82342468D49D0583C
:10660000FAF740FC0BF0FAFF089011200AF05CFD4D
:10661000434638885C8B844200D813E203234A4601
:106620001A4001924A46023B1A4093464A460133B9
:106630001A40002303930A330093002392464A46EC
:10664000029340331A400692FFF79AFF019B040021
:10665000002B0DD04346D97F02F0D8FA069B02905A
:10666000002B02D13B88059302E001235B42059396
:106670005B46002B00D199E0002002F05DFC8023F6
:10668000009ADB0594465B6A029A634494466A4A20
:1066900063441360694B6A4E5B8B4A4602339BB27C
:1066A000338020231A40079200D1E2E112AD2A0084
:1066B00021000598FEF726FF3388002B00D1CCE19E
:1066C00030BF3388002BFBD10EAE300002F0F6FC59
:1066D0000A230293079B002B68D012AD29680E98FD
:1066E000FAF7E6FC696802900F98FAF7E1FCAB68EC
:1066F000EA68191C061C029809920A93FAF7C2FB71
:106700002969FAF767F809990790301CFAF7BAFB7C
:10671000011C0798FAF7CCFC099907900298FAF740
:10672000B1FB0A990990301CFAF7ACFB011C0998DF
:10673000FAF750F86969FAF74DF8079B051C191C20
:10674000181CFAF79FFB291C0990281CFAF79AFBE2
:10675000011C0998FAF73EF8011CFE208005FAF7A3
:10676000B5F9099007990298FAF78CFB291C0A9051
:10677000301CFAF787FB011C0A98FAF72BF80999E5
:10678000FAF780FB07990E90301CFAF77BFB291C67
:10679000061C0298FAF776FB011C301CFAF788FCFD
:1067A0000999FAF76FFB0A230F9002935346002BC7
:1067B00000D1BDE0012002F0BFFB8023009ADB0581
:1067C00094465B6A029A634494461B4A634413608E
:1067D0001A4B1B4E5B8B4A4602339BB233802123FC
:1067E0001340202B1BD112AD2A0021000598FEF783
:1067F00089FE14E010A802F061FC80221206944683
:106800000EAEB36863441800B360F368634400934A
:10681000F3604B469B0600D48AE013E030BF338818
:10682000002BFBD1E6E7C046A80700209E1E0020F3
:1068300000080048E3C8EB3DA01E0020080300202C
:10684000402500201A99FAF733FC12AD061C696A3C
:106850000098FAF72DFCAB690090191C301C0993C5
:10686000FAF710FBEA690790111C00980A92FAF7F0
:1068700009FB011C0B900798FAF71AFC09990C9078
:1068800010900098FAF7FEFA0A990090301CFAF777
:10689000F9FA011C0098F9F79DFF42461190938C7C
:1068A000061C5A0544D5EA680F99AD68101C0A9277
:1068B00000950D91FAF7E6FAFE218905F9F78AFFAE
:1068C0000E9D0990291C0098FAF7DCFA011C099822
:1068D000FAF7EEFB291C09900A98FAF7D3FA009907
:1068E000051C0D98FAF7CEFA011C281CF9F772FF67
:1068F000051C011C301CFAF7C5FA099900900C9888
:10690000FAF7C0FA011C0098F9F764FF0799109094
:106910000B98FAF7CDFB291CFAF7B4FA0999051C74
:10692000301CFAF7AFFA011C281CF9F753FF11903D
:106930003B88642B49D85A46002A16D04A460EAEE8
:1069400052070BD52000FAF7D9FD9C234246D158B7
:10695000FAF798FA3100FEF7ABFE3B884C4A3168F3
:10696000DB009950D31872685A605346002B2CD024
:106970004B461B070AD52000FAF7C0FDA02342466C
:10698000D158FAF77FFA10A9FEF792FE4B46109DF8
:10699000119CDB060CD5089E281C311CFAF772FAF4
:1069A000311C1090051C201CFAF76CFA041C119085
:1069B0003A88374B11006531D200C900CD509B1881
:1069C000CB229200944663441C60324B1B78002B10
:1069D00002D0049B002B25D143465D8B2E4B3C8877
:1069E0005B8B262B16D9A3001B191801C01A800037
:1069F000691EF9F787FC039B0600C21A002A09DD0D
:106A00000F331800002101230AF02AFA43463C887C
:106A10005D8B039600230134A0B238800093A84216
:106A200000D211E6039B002B00D108E002200AF0FF
:106A30004BFB0123039A00210F200AF011FA434671
:106A400038885C8B8022201A44426041134B9201AB
:106A50009A61C0B215E0002013E00EAE300002F0E3
:106A60002DFB3BE60EAE300002F028FB0A2302931A
:106A70009CE63388002B00D022E6F3E7049B3B80A2
:106A8000B6E51DB03CBC90469946A246AB46F0BD6B
:106A90004C180020F72E00200803002000080048B2
:106AA000F0B5DE4657464E464546E0B5BE4B89B08A
:106AB0009B8A1B0602D501200AF068F909F0B2FE94
:106AC00006F07AFAB94B9B46B94B9A4604F0C4FFDC
:106AD0005B4680229B8C5200134204D10322104358
:106AE00082B2019203E02322104382B201929B05FD
:106AF00003D54023019A1A4301929C235A46002150
:106B0000D058F9F705FD002803D10423019A1A4350
:106B10000192A0235A460021D058F9F7F9FC002829
:106B200003D10823019A1A430192A8235A4600214F
:106B3000D058F9F7EDFC002803D11023019A1A432D
:106B400001929C4B1A789C4B1B789B0712D0002A11
:106B500004D002F009F80023964A1370019901202D
:106B6000FFF72AFD0222944B06001B789343924ABA
:106B7000137039E080218C4B09019B8A0B401C006B
:106B8000611E8C41E4B2944208D0002B02D001F087
:106B9000CFFF01E001F0E8FF864B1C7030BF0026FC
:106BA00022E05346854A1B6810882900013898471F
:106BB0005346002182481C60FBF766F853461B6869
:106BC000002BEED17C4B1A7880235B4213437A4A28
:106BD000137009F0D3FD784B1A787F231340764A5F
:106BE0001370002E08D17FE15346764A1B68151DAD
:106BF0000024002BD5D1E5E7734B1B78002B04D183
:106C00005B461A8BD30752D555E0674B6F4A9B8A78
:106C100091469B0701D46E4B99466E4B0393019BA3
:106C200005930123059A13420DD1CA22920094467E
:106C3000059B694A5B089BB20593039B63440393DE
:106C40009A42EED1DCE701225F4B1B78013B9A4070
:106C50000492002AE9DD002302935B46039A5B8BD2
:106C6000106857680832140001254E46022B06D8DA
:106C7000029B049A013302939A42EED1D5E723682E
:106C8000A2689846636841469946B047E26820602A
:106C90006168381CB0475B4660605B8B0135013B27
:106CA000083440464F469D42E9DBB146E0E701200B
:106CB00004F0EAFE18E106275B4617405E8B022FC0
:106CC00001D0042F06D173009BB2049301230696D2
:106CD000079303E0002304960793069318231340B9
:106CE00007D0103B59424B410D215B4219400291A4
:106CF00001E0062302931E231A4073011343374A0F
:106D00009BB212889A423ED0344A1380042F10D18D
:106D1000029B18005843FAF7A7FBFA218905FAF7F6
:106D2000B1F8FEF7D3FA8721C905FAF7ABF8051CCD
:106D300022E0002E18D0069B00259C461C00049BD8
:106D400066449846B9463700029E3200414620000C
:106D5000FEF7E6FA011C281CF9F73CFD0134051C7E
:106D6000A742F2D14F4600E00025022F04D1291C92
:106D7000281CF9F72FFD051CFE20291C8005F9F7BA
:106D8000A5FE174B1860134B99460123019A134235
:106D900028D1019B5B080193CA239B009C460E4BA4
:106DA000E1444B45F1D182E708030020A807002009
:106DB000482000209C1E0020A80300208C200020DA
:106DC00094200020342000209C200020A5520008A0
:106DD000455800084C1800209C1E00209E200020D2
:106DE000442500205B465B8B0393002B27D04C4649
:106DF00000264F4B069F1B684E4D0593029A04993F
:106E00003800FEF78DFA0599FAF73CF8011C804628
:106E10002068FAF737F8414628606068FAF732F8D8
:106E2000039B013668600137083408359E42E5DB74
:106E30001A00FF2B04DD079B002B5CD00EE0002224
:106E40003C49D3008C46634400211960596080217D
:106E50000132083349008A42F6D1ECE7039C012C49
:106E600053DDFE21344AC90013008C4601206344DF
:106E700080252D06AC461168013019605168083B29
:106E80006144D9600832A042F2DB3EE02949294B37
:106E9000A21E92000C3104335218002119600833ED
:106EA0009A42FAD13BE05B461A8B06231340042B2F
:106EB00028D1012F26DD01261F4D2B00083B286815
:106EC0001968F9F787FC013628600835BE42F4DB03
:106ED00018E000234D46174A01CA99000133685053
:106EE000A342F9DBA94654E78020400004F0CCFD22
:106EF00004F01CFEEAE501210E480BF0BBF85B46EE
:106F00005C8B6400002CE4D143E7012109480BF0BD
:106F1000B1F85B465F8B7C00012CB7DCC3E75B46B6
:106F20001A8B06231340042BD3D1012FC3DCD0E7E7
:106F300044250020082F0020102F002070B5094D97
:106F40006B8B002B0CD00024074EA0B2FFF718FB70
:106F500001003000FEF7E4FC6B8B0134A342F4DC4B
:106F600070BDC046A8070020803D0108F0B5DE4690
:106F7000574645464E46E0B5B94C87B0638B04ADE5
:106F80002B800300023B83460F00022B03D9B54838
:106F9000FEF7C6FC5DE1086801F02EFB060078688C
:106FA00001F02AFB0290002E03D0002801D0864277
:106FB00003D9AD48FEF7B4FC4BE15B46022B00D190
:106FC00033E1B86801F018FB83B203932B80013BD7
:106FD0009BB29A46642B03D9A448FEF7A1FC38E182
:106FE000039B02AA944663830A23634498460023C2
:106FF000424613805B46042B06D0039A9C49934675
:1070000003220B78914617E0F86801F0F5FA434641
:10701000974980B218800B781A0703D58022104355
:10702000424610804007820F9146628B03922A8865
:107030009346013A92B29246082293430B70A38C76
:10704000DB0507D543461B881A4203D14A46202355
:107050001A439146A023E758043B0021E058F9F772
:1070600057FA00280ED143461B88DB0618D44A463F
:10707000042300211A43381C9146F9F749FA0028E5
:107080000AD00DE00021381CF9F742FA002807D198
:1070900043461B88DB0603D44A4608231A4391461D
:1070A000A8230021E058F9F733FA002807D1434616
:1070B0001B889B0603D44A4610231A439146E36873
:1070C0009E4200D0ACE0029B2269934200D0A7E030
:1070D000638C039A934200D0A2E05B4652466383DE
:1070E000644B51461E60644B1A80029B981BF9F753
:1070F00005F9624B1860624B19604B469B0703D041
:1071000049460020FFF758FAFEF7E8FB43461B8884
:10711000002B00D19DE01A060BD42A88002A00D14A
:1071200097E0584A00249146574A9246574A934658
:1071300034E002214046FEF70DF902212800FEF757
:1071400009F92B88002B00D183E001230024994604
:1071500002274C4E43464A461B881A4209D0A0B229
:10716000FFF70EFA0421059005A8FEF7F3F8434651
:107170001B881F4206D0464B0821F018FEF7EAF89C
:1071800043461B885B0703D508213000FEF7E2F871
:107190002B8801340836A342DCDC5AE0DA0708D534
:1071A000A0B2FFF7EDF901003A48FEF7B9FB4346FC
:1071B0001B889A0714D54A46354BD058FAF7DEF9A2
:1071C0004A46354B0600D0580F00FAF7D7F93B0076
:1071D0000090019132005846FEF7A2FB43461B88FF
:1071E0005B0710D54B461868FAF7C8F94B460600FE
:1071F00058680F00FAF7C2F93200009001913B0085
:107200002248FEF78DFB5046FEF78AFB08239C467A
:107210002B880134E144A3421BDD43461B88BDE7B4
:107220004A4640231A43914657E702AA94460A2346
:1072300063449846002342461380628B0C490392B4
:107240002A880B789346013A92B2924603229146DD
:10725000F2E607B03CBC90469946A246AB46F0BD6C
:10726000A8070020A03B0108D83B0108F83B010813
:10727000A8030020A4070020A007002098070020F2
:107280009C070020741B00206C420108203C010870
:10729000D8FCFFFF1C3C0108DCFCFFFF082210B5F6
:1072A000054C237813432370FFF760FE08222378F0
:1072B0009343237010BDC046A8030020014B1868FB
:1072C0007047C04698070020F8B504000E00431C24
:1072D00014D00B4D6B8B8B4210D98FB23800FFF757
:1072E0004FF90B34E4002C1960606088B04205D07F
:1072F00003F030FE6780202004F0C6FBF8BDC046D6
:10730000A8070020F0B5DE4657464E464546E0B594
:10731000394C83B0A3686568678B5E1B9946374B11
:10732000013F1D60364BB9B219803000F8F7E6FF17
:10733000344BA2461860344B30001960FAF7DEF87F
:10734000011CFE208005F9F7C1FB5A239B46002350
:1073500098460090A3445346DE6D002E02D15B4652
:10736000198816E00021B54213D23900B14510D971
:107370003800FAF779F80099F9F784FD0190701B4D
:10738000FAF7BCF8011C0198F9F77CFDFAF74CF804
:1073900001004046FFF798FF01239C460733E04475
:1073A0009C464346E344E244082BD4D14946280096
:1073B00003F05CFDE3689D4216D12269A38C9145E0
:1073C00013D1618B628C91420FD112E00F48A384DC
:1073D00004F05AFB00220E4B1A8003B03CBC9046CE
:1073E0009946A246AB46F0BDA38C8022920013437F
:1073F000ECE7084A1340E9E7A8070020A4070020AB
:10740000A0070020980700209C0700201B04000014
:107410009E1E0020FFFDFFFF10B50AF001FA0400D8
:10742000FFF770FF2123034AD05C04F06DFB2000BE
:1074300010BDC046A807002010B501280CD108686F
:1074400001F0DAF8042807D8FFF7E6FF002808D093
:107450000448FEF765FA04E0042203490348FEF7F6
:107460005FFA10BD103B0108243B01086C3B01088A
:1074700010B5031C152800D215239AB2652A00D92D
:10748000652304499AB2488B904202D04B83FFF7A0
:1074900039FF10BDA807002010B5FFF733FF012109
:1074A000024A13780B43137010BDC046A803002096
:1074B000F0B5C646040000B50D0000280FD1404DC0
:1074C000404E2B780134002B05D06A886B68210070
:1074D0003000FEF725FA0835082CF2D16CE02220A6
:1074E00004F0D2FA384E2868310001F02FF9002854
:1074F00019DB421E51424A41344B52425A774242B2
:1075000050415822C0B298540832985408329854C6
:1075100008329854083298540832985408329854D3
:107520000832985448E0286801F04CF8431E0700E0
:107530009846072B04D931002548FEF7F1F93BE0C6
:10754000012C0ED10500214E0A35ED007219536849
:10755000010052881B48FEF7E3F94346AC557377A8
:107560002AE03100686801F0F1F8002802D0012813
:1075700008D013E00122154B0A37FF00FA544246A7
:107580005A7719E00022114B0A37FF00FA541D22E6
:107590009A56424510D1FF225A770DE001230B4C39
:1075A0000A37FF003B55686801F00CF801004046BF
:1075B000FFF78AFE4346637704BC9046F0BDC046A1
:1075C00000080020A8390108D0390108A8070020C8
:1075D000B4390108072805D80B30034BC000181830
:1075E000406800E000207047A807002010B502287E
:1075F00003D8464B99421AD914E0052812D1444BBE
:107600005A8B5868013A51431A8B540605D4414CA1
:107610000918A14220D921001EE03E4CA1423FD9C9
:1076200021003DE03B4B994203D9190001E096212E
:10763000890006285ED8384B80001B589F464020A2
:10764000334B1A8B596082431A839A688A4251D20B
:1076500021E02F4B1A8B58684024A2431A8399606B
:10766000884247D9596045E04020294B294C1A8B64
:10767000641A02431A839A68501C5A68801A274A6F
:1076800040088A18A24200D92200824200D9020092
:10769000881A5860891899602CE01D4B1A8B58681D
:1076A000402422431A8301224408104024189620C3
:1076B0009A684908520880000818A418844200D229
:1076C0000400144A521AA24200D92200501A521839
:1076D00058609A600EE040200D4B1A8B59600243AF
:1076E0001A83996006E08020094BC000596104F0BC
:1076F000CBF90AE0FFF706FE0421094A1378194284
:1077000003D08B4301210B43137010BD57020000BF
:10771000A807002000BBEEA018370108A8FDFFFF56
:10772000A8030020F8B504000D00002807D1254962
:1077300025484B8B8A684968FEF7F2F840E0032839
:1077400001DD224C38E00026002803DD086800F047
:1077500053FF06000027012C03DD686800F04CFF92
:107760000700032C04D1A86800F046FF040011E0D4
:10777000022C0ED10024002E0ED1144C28682100BA
:1077800000F0E4FF431C17D080B23900FFF72EFF52
:1077900016E00024002E03D031000020FFF726FF62
:1077A000002F03D039000120FFF720FF002C07D065
:1077B000A0B2FFF75DFE03E021000548FEF7B0F838
:1077C000F8BDC046A8070020D43C0108C445010804
:1077D000E03C0108054B10B5DA685A601A699A60F6
:1077E0005A8C5A83FFF78EFD10BDC046A8070020B3
:1077F000F0B5C64600B5042843D8234C6368E56855
:10780000A268618BAB4237D12569AA4234D1658C1D
:107810008D4231D1A58C2022E17F4300A15418185C
:107820001A4940000A185388095A2B400B43184F35
:10783000A3847B8B15799846DBB25679262B01D829
:1078400027237B8331004B1E994100200131FEF735
:10785000B3FECA2292005543280056430D49D0304A
:10786000201871180AF002FF4246FF23102013402F
:107870007B8304F009F904E0E36022616184002560
:10788000C9E704BC9046F0BDA8070020B83701083E
:10789000080300204C180020F0B55746DE464E463F
:1078A0004546E0B5AA4B85B09F8CFB0705D4002167
:1078B0000020FDF7E9FFA64B9F8CFB0605D40021B5
:1078C0000420FDF7E1FFA24B9F8C06233B40062BD3
:1078D00000D090E09E4B5B8B0293002B07D10223DC
:1078E0009F4320223B001343994A9384A8E0D0226F
:1078F0009446FE22964B920063449446E4229B46B3
:10790000934BD200634494461C00914B039763440D
:107910009A4600235F46D34600933B685A469946F1
:107920007B6826689A465B461B685268191C301CA7
:1079300090460193F8F74EFF4946F9F7B9FB4946DF
:10794000F9F7B6FB656881464146281CF8F742FF07
:107950005146F9F7ADFB5146F9F7AAFB019982466A
:10796000301CF9F7A5FB4146061C281CF9F7A0FBC3
:10797000311C051C301CF9F785FA291C8046281C8F
:10798000F9F780FA011C4046F8F724FF011CFE209D
:107990008005F9F79BF8311C80464846F9F772FAE2
:1079A000291C01905046F9F76DFA011C0198F8F76F
:1079B00011FF4146F9F766FA311C20605046F9F78D
:1079C00061FA291C061C4846F9F75CFA011C301CB8
:1079D000F9F76EFB4146F9F755FA08229446009BE9
:1079E000029A01336060009308370834E3449A42F6
:1079F00093DC039F73E702243C421BD0E422D200B5
:107A00009446FE22524B9200634494461800504B19
:107A1000D03A634419000AF029FE4D4BA7430021D8
:107A200001209F84FDF730FF0120FDF79FFC484BAC
:107A30009F8C0BE07B0709D500210120FDF724FF77
:107A400001204042FDF792FC414B9F8C3B0750D5F3
:107A50003F4B5B8B0193002B07D108233A00802713
:107A60009A433B4B17439F844CE03A4A384B944629
:107A7000D7221201634494461C00354BBB46634435
:107A80001D0000231F0029682068F9F711FB6368B7
:107A9000061C99466B684846191C9846F9F708FB7E
:107AA000311C8246301CF9F7EDF9514600905046E2
:107AB000F9F7E8F9011C0098F8F78CFE011CFE208C
:107AC0008005F9F703F8011C8246301CF9F7DAF952
:107AD000494620604046F9F7EBFA5146F9F7D2F9EA
:107AE000019B0137606008350834BB42CBDC5F4640
:107AF000B3E73B0606D4FE2103208905FDF7C4FE4B
:107B0000134B9F8C7B0606D4FE2102208905FDF7CE
:107B1000BBFE0F4B9F8CBB0605D400210120FDF757
:107B2000B3FE0B4B9F8C8023094A5B003B4393843D
:107B300082200122084B5242C0001A8003F0A4FFA9
:107B400005B03CBC90469946A246AB46F0BDC04647
:107B5000A8070020480A00000A3F0020F0B5C646EA
:107B6000040000B50D00002815D1294B01259846C9
:107B7000284E294FB38C23411D4205D04246A30015
:107B800099583800FDF7CCFE0134092CF2D1234876
:107B9000FDF7C6FE39E0102003F076FF204C286880
:107BA000210000F0D3FD08282BD81E4B80001B5865
:107BB0009F460020FFF71CFE27E00120FFF718FE7C
:107BC00023E00220FFF714FE1FE00320FFF710FE62
:107BD0001BE00420FFF70CFE17E0FFF75DFE14E04A
:107BE00080230C4A5B00918C0B4393840DE0094A7F
:107BF0000D49938C0B40938407E00022054B9A8437
:107C000003E021000948FDF78BFE04BC9046F0BD5F
:107C100018420108A8070020F03701086C4201084B
:107C20000838010834370108FFFEFFFFF437010868
:107C300043001B1805489B00C01801232A30027816
:107C40001340034A9B0098587047C046A80700207D
:107C5000FC450108012243001B1807489B00C0187F
:107C60002A30037810B511408B4203D001702120D7
:107C700003F00AFF10BDC046A80700201C2210B563
:107C8000044B9A56824203D01877A02003F0FCFEE2
:107C900010BDC046A8070020430070B51B18074C54
:107CA0009B00E418E06A0D1CF8F732FC002803D1B1
:107CB000E562A13003F0E8FE70BDC046A8070020D1
:107CC000430070B51B18074C9B00E418206B0D1C7B
:107CD000F8F71EFC002803D12563C13003F0D4FE61
:107CE00070BDC046A807002070B5012543001B18D1
:107CF000040012489B00C31815401A00293210785E
:107D0000884208D12A331B78AB4216D029002000C4
:107D1000FFF7A0FF11E0CB001170094E591A89003E
:107D2000761831692000FFF7CBFF20007169FFF75B
:107D3000B3FF044803F0A8FEE8E770BDA8070020E1
:107D4000D8550108030400004300154A1B189B0086
:107D5000D318283310B5197000291AD0107714E001
:107D60003423D35C002B09D14033D35C002B07D1E3
:107D70004C33D35C0320002B05D106E0012002E048
:107D8000022000E00020FFF779FF022003F07CFED4
:107D900010BDFF231377D73BD35C002BE0D0F1E776
:107DA000A8070020F0B5D6464F464646C0B50400A9
:107DB00084B00D00002828D16A4B00259846012781
:107DC000694C6A4E2378002B1AD00021607803F0AA
:107DD000A1F84246A37881463B409B009B58A0688F
:107DE0009A46F9F7CBFB029003916068F9F7C6FB5E
:107DF0005346009001914A4629003000FDF790FD5E
:107E000001350C34042DDDD1A5E05949286800F076
:107E10009DFC002812D1012C10DD564F68683900F6
:107E200000F094FC002800D08AE00024200000210B
:107E30000134FFF789FF042CF8D18CE0286800F0AA
:107E4000C1FB0600032800D980E0012C01D0494F76
:107E500016E045002D18AB00474D0021ED182B0012
:107E60002933187803F056F82A352B7802001C4085
:107E70003C4BA400E35831004048FDF751FD6AE057
:107E80003900686800F062FC002804D1002130004D
:107E9000FFF75AFF5FE03A4F6868390000F056FC80
:107EA0008046002819DB022C07DC73009B199A001E
:107EB000314B9B182A33187805E0A86800F082FB44
:107EC000012800D943E0020041463000FFF70CFFD3
:107ED00001213000FFF738FF3DE02A4B68681900A8
:107EE000984600F033FC002807DB73009E19224BF4
:107EF000B6009B192B3318702DE0022C2BDD224C81
:107F00006868210000F022FC002802D0012808D077
:107F10000FE0A86800F098FB011C3000FFF7BCFEE2
:107F200019E0A86800F090FB011C3000FFF7C8FEC4
:107F300011E02300424639001448FDF7F1FC0AE045
:107F4000286800F03FFB0600032899D90C4F0D4B21
:107F50000D4C9846EDE704B01CBC90469946A246ED
:107F6000F0BDC046FC450108D0070020343E0108A2
:107F7000483E01084C3E0108A8070020503E010879
:107F8000083F0108D8390108903B01085C3E010810
:107F900070B52630064C8000241860680D1CF8F778
:107FA000B7FA002803D12030656003F06DFD70BD85
:107FB000A807002070B505000E00002818DD15493F
:107FC000306800F0C3FB0400431C04D1306800F0AB
:107FD0003BFB002404E0022D0BD1306800F034FBA1
:107FE0000D49F8F74FFF011C2000FFF7D1FF0FE00C
:107FF00000240A4B2634A4001C1909496068F8F7CC
:1080000041FFF9F7BBFA02000B000648FDF788FCB8
:1080100070BDC04650390108CCBC8C2BA80700208D
:10802000A5D46853403E01081C21084A51564B1CF8
:108030000AD04B005B189B00D3182A331B782633D9
:108040009B00D218506800E000207047A80700206D
:1080500070B5A824064D061C011C2859F8F758FADB
:10806000002803D120302E5103F00EFD70BDC04614
:10807000A807002010B501280AD0A823074AD05825
:10808000F9F77CFA02000B000548FDF749FC04E013
:10809000086800F0D9FAFFF7DBFF10BDA807002041
:1080A000403E0108114AF0B5114B1468114A1B6893
:1080B00012681F279B18104A2343100094460C3067
:1080C0003D001D40E9B23026092D00D90736891937
:1080D00011705B09E10601320B4364098242EFD162
:1080E0000023624660461373F0BDC046B0F7FF1F21
:1080F000ACF7FF1FB4F7FF1F2420002010B5FFF7D7
:10810000D1FF034A01000348FDF70AFC10BDC04639
:1081100058370108903901089E2370B515000D4AA3
:108120005B00D3580C001B681B78042B0BD10E216D
:10813000FDF710F929002000FDF70CF9062106488B
:10814000FDF708F904E04021044A13788B431370CB
:1081500070BDC0463406002068420108A803002014
:1081600010B5034B010018660248FAF7A5FD10BDD3
:1081700008030020CC04002010B5012805D0084BCE
:108180000848196EFDF7CCFB09E0086800F034FAE6
:1081900096235B00984200D21800FFF7E1FF10BD64
:1081A00008030020883F01080F4B70B51B780F4D66
:1081B000042B00D008E0AA8A0D48134202D0FAF737
:1081C0007DF901E0FAF784F90A4C2000F9F74EFF37
:1081D00020002038F9F74AFFAB8A283C5B0700D41F
:1081E000034C054B1C6070BD9C050020080300205B
:1081F00034060020F404002090200020002370B5F5
:108200000E4C2360FDF7A0FB00280DD003891B074F
:108210000AD50B4B85881A88C3880A49013A1B0482
:108220002B43043110009847074B9B8A5B0701D40E
:10823000064B00E0064B236070BDC0469020002036
:108240008C20002034200020080300203406002069
:10825000CC040020F0B5DE46454657464E46E0B514
:1082600087B0F9F753FDF9F7CFFA0121AA4A53690C
:108270000B43536109F0D2FD09F0E8FCA74CA84A72
:108280002300283323CA23C323CA23C323CA23C3F7
:1082900023CA23C320004022A24958300AF0E6F93D
:1082A00000239C22A3500432A3500432A350043272
:1082B000A3509D4B0432A3500432A3508C22982328
:1082C000D201E252994A9A4B6260E260CA2223606C
:1082D000984BD203A36023610023A261964A636195
:1082E000E261964AA384226209F002FA944F0028C0
:1082F00000D02AE0BB8A5B0627D5924E356D002D53
:1083000023D0A802000F04280DD809F089FA00280C
:1083100009D1EB05DB0D6383736D6360B36DA360FF
:10832000F36D636102E0002009F07AFA6B0E7B774F
:10833000EB015B0F3B77834BA8031A6E4023C00D04
:108340001343BB82FEF7D4F802E0002009F068FA7C
:10835000FEF7D8FF2123E05C03F0D6FB09F0B4FB65
:1083600000F0AAFDB86800F007FB774C774B2000BF
:108370001B605B60FAF764F8200000247449FAF788
:1083800083F802AD3B6E734E2900734802936C6014
:10839000AC60EC60F9F7CAFF386EFFF7E1FEB36D31
:1083A0006E4A6F481340B365F9F752FC6D4B6E4946
:1083B00018009846FAF76EF98023B26D1B0213433A
:1083C000B365FFF7F1FE08F007FE00F0A7FD674870
:1083D000F9F73EFCC021664809F0AEFC002009F028
:1083E00017F8644809F062FB9421634B00947F22E4
:1083F000C9006248F9F7FAFB614B624E9B46624B3B
:108400009A46624B9946BB8A5B0707D443461B7862
:10841000042B03D05E48F9F71BFCF4E75D48FDF739
:108420007FFA5846FDF77CFA002426E02B78082BCB
:1084300001D07F2B08D1002C1FD004215046013CD5
:10844000FCF788FFA4B218E00D2B0AD15248FDF7C3
:1084500067FA002330003355FDF776FA002819D16A
:1084600049E01F2B09D93E2C07D801212800FCF731
:1084700071FF2A78631C32559CB24B461868012262
:10848000036829005B6898470028CFD13748F9F77F
:10849000DFFB38E00222C388018984881B040A407C
:1084A000234348070CD53D4800787F2808D9002A87
:1084B0001AD004213A4A12780A4339490A7013E063
:1084C00001200140002A05D00420354A12780243D9
:1084D00033480270002907D00121324A49421B4823
:1084E0001360F9F7BDFB0EE02F4A111D2F4A1088CB
:1084F0000138984707E02C4B19680B78002B02D005
:108500002B48FDF70DFABB8A5B078AD443461B78DC
:10851000042B00D07EE784E700100240A80700206B
:10852000E0410108A04101080000484250C300009A
:10853000544E4F4300E9A4350000FFFFFF006500E3
:10854000080300200028004034060020942000206A
:1085500020360108005C0040CC040020FF7FFFFFB4
:10856000102700009C05002028360108204E00003E
:10857000A41E00201E17AA00A16A0008A020002047
:10858000504201084C20002088370108902000202C
:10859000A08601003C4201086C420108A8030020AB
:1085A000F72E002048200020342000208C200020BE
:1085B00058420108FEE7C04610B5EFF30980FFF707
:1085C000F9FFC04610B5037800212D2B01D10130F1
:1085D000013103780A242B3B5A425341C31800202F
:1085E0001A780133303A092A02D860438018F7E735
:1085F000002900D0404210BD10B503780A212B3B62
:108600005A425341C0180378302B0CD143786F2B5A
:1086100005D0782B05D0622B05D1083902E008215E
:1086200000E0102102300300202400201A78303AA4
:10863000102A01D9A243073A01338A4202D24843A1
:108640008018F3E710BD0000F0B5C64600B503780A
:1086500004002D2B6ED1012701342000FFF7B2FF5B
:1086600026783300303B092B01D80134F8E7F8F7BE
:10867000FBFE0223051C9E432C2E1AD1FE239B05D4
:10868000984601342678303EF3B2092B11D82D4993
:108690004046F8F7F7FB80463000F8F7E5FE414624
:1086A000F8F7F0FB011C281CF8F794F80134051CBE
:1086B000E8E72378002B36D0202219009143452982
:1086C00005D1601CFFF77EFF041E15DC29E0472B57
:1086D0000DD04D2B0DD06B2B0DD06D2B15D0752BD8
:1086E00015D06E2B15D0702B1DD10C2412E009244F
:1086F00002E0062400E00324281C1349F8F7C2FB1B
:10870000013C051C002CF7D10DE0032402E00624F7
:1087100000E009246442281C0A49F8F7B3FB01343D
:10872000051C002CF7D1002F08D080231B069C4687
:10873000654403E000272B2B8FD18DE7281C04BC58
:108740009046F0BDCDCCCC3D00002041002330B59B
:1087500004000A787C2A00D100222578954204D1B1
:10876000002A0CD001340131F3E70A78002A04D042
:1087700001317C2AF9D10133EAE701235B42180079
:1087800030BD000003000020F0B5CE4647468846C5
:10879000010080B59146154A9446154A1C78002C74
:1087A0001FD0202C1BD0092C19D06546222C01D1BA
:1087B00015000133484502DA46468400A3510130D2
:1087C00080B21E78002E0CD02C002778002F04D009
:1087D0000134B742F9D1197001E00133F1E70133F7
:1087E000DCE70CBC90469946F0BDC0460646010841
:1087F0000446010800238B4205DA0288013352BA8D
:1088000002800230F7E77047F0B501244E46574624
:108810004546DE468846814600206442E0B50300B6
:10882000210046461700BB4236DAFA1A9446802ADF
:1088300001DD802294465D1C4B441A7883469046A5
:108840001A0063466046C01A013B8246002B03D0E3
:10885000013210784045F5D052465846631C01D08D
:10886000012A02DD0400013000E00022431C9C4686
:10887000434633543019002A03D0AD1852420270D7
:1088800006E063461B1B023BDBB203707E2B00D964
:108890000C0060462B00C6E73CBC90469946A246B9
:1088A000AB46F0BD70470000F0B54546DE46574682
:1088B0004E460200E0B5156883B00090019108684B
:1088C000002D22D02900F7F719FD2A4B07009B46FF
:1088D00098421AD80C1E33D02800F7F789FC030001
:1088E0007B4301339846012306009A46D84529D890
:1088F000002399462CE029002000F7F7FFFC4346AF
:108900004343FF185F450BD903E000239946013329
:1089100098464A46009B1A604246019B1A6022E034
:108920004B4658430C00824400290BD02800F7F72F
:108930005FFC03007B4398440600D84508D901E05A
:1089400001239A465246009B1A60019B1F600AE071
:1089500028002100F7F7D2FC53465E430D00B144D6
:108960000029C8D1D5E703B03CBC90469946A24641
:10897000AB46F0BDFFFF0F00002310B50400044A12
:108980001370044A136000F0F5FA034B9C6010BDAD
:108990004F250020502500200803002010B50A00B4
:1089A0000100602009F0A0F810BDC04610B50F4CC2
:1089B00084B0A44601AC61442070180A607088033A
:1089C00049BAA1800F21800FA370E0701B0B100C1F
:1089D0008B4301400B43A3710921130A2000E3716B
:1089E0002272FFF7DBFF04B010BDC04600FEFFFFA0
:1089F00070B5114982B04C6E069906004C43500E7A
:108A0000D90101430023D0012200F7F7AFFD01A9EE
:108A10000500684600920194FFF746FF009A019B0B
:108A20009A4202D1002201350092F0B22900FFF7EC
:108A3000BDFF02B070BDC04608030020F0B51400B1
:108A40001E4A85B0944606000AA880C8614405788D
:108A50003F01002901D10C221743194A01A8925D58
:108A6000837002701A0A42708A03920F3A43C270EE
:108A70000F2249BA81801B0B210C93430A401343F8
:108A800083710921230AC3710472FFF787FF002C49
:108A900002D00C231D4301E04C231D43094CA35D70
:108AA000AB4209D033006A46103302216846137086
:108AB0005570FFF773FFA55505B0F0BD00FEFFFF31
:108AC000D84701084C250020F0B585B00CA90F78D7
:108AD000072420210B9D4942641B0600611803D422
:108AE00013008B40190006E020211000A340091B51
:108AF000C84019000143A240002310000A9AF7F76A
:108B000035FD0A9B040003A902A802920393FFF714
:108B1000CBFE029A039B9A4202D1002201340292B8
:108B20000197009521003000FFF788FF05B0F0BDE8
:108B300000B5094B83B001A803800221FFF72EFF87
:108B400004210648FFF72AFF0023054A1370054A4F
:108B5000136003B000BDC04603070000D4470108FE
:108B60004F2500205025002000B5074B83B001A8F9
:108B700003800221FFF712FF0023044A1370044A06
:108B8000136003B000BDC04603F8FFFF4F2500206F
:108B900050250020064BC218064B9A4200D90648C1
:108BA000064B074A586600231370064A1360704745
:108BB00000CA91FE00093D0080BA8C010803002024
:108BC0004F25002050250020024B8000C258024B48
:108BD0001A607047C847010848250020010000209E
:108BE000084B10B51A68084B5C6843001B189B00C3
:108BF0009B58132B00D863438B4202D2013080B2C2
:108C0000F3E710BD4825002008030020F0B54546D5
:108C1000DE4657464E46E0B504008DB00D000028F4
:108C200000D11EE1944B9A469B689C46844463465F
:108C30000693924B9B461B689846DB68834208D894
:108C40008F4B98420AD9FFF7C9FF0023C7B205939B
:108C500007E0072301270593002502E004230227EC
:108C60000593884B1A78AA420AD0874A1D701100D2
:108C7000049200220A70854989460A60002108E0B2
:108C8000824B99461B68A34200D1ECE07E4B1978D9
:108C9000049343467E00F619B6009B198F420ED00E
:108CA0004A0052189200424411891A89914206D012
:108CB000597A187A00F050F95B461B689B199A792B
:108CC00008951107090F120988460992032D04D946
:108CD000DA79150712092D0F08921A79012A04D0A2
:108CE0000020022A00D0A8E052E05E79049B1B78A5
:108CF000BB4219D0F101012300221A20FFF756FED2
:108D000080210123002222204901FFF74FFE534614
:108D10005B6E02205A0120230293002301935C4BD7
:108D200000930023FFF7D0FE53465B6E32009B4654
:108D3000099800230021F7F739FC02000B00584680
:108D40000021F7F733FC0B00089902000291069806
:108D50000599009001910020FFF7B6FE53465B6E27
:108D600032009A46404600230021F7F71FFC02001C
:108D70000B0050460021F7F719FC0B000599020083
:108D80000295012001910094FFF79EFE0A2054E015
:108D90005B7906981A009A4600210023F7F706FC33
:108DA0000B000999020000911A20FFF721FE52469C
:108DB000002320000021F7F7F9FB0B0041460200D9
:108DC0000091222006920793FFF712FE5B461A6875
:108DD000049B961919784B005B189B00D3185A799D
:108DE00073799A4216D05346DE01089B0022019304
:108DF000059B3100009300200123FFF71FFE202375
:108E00001D43059B019500930022012331000120A1
:108E1000FFF714FE20230293059B02200193434693
:108E20005A01D21A93019B1ADB0043445B02009360
:108E3000069A079BFFF748FE0E20049D2B78BB4245
:108E40000CD0C8204000F8F703FF124B0BA803809A
:108E50000221FFF7A3FDFA202F7040004B461C6053
:108E600002E0002000E00A200DB03CBC904699468C
:108E7000A246AB46F0BDC0460803002048250020AE
:108E800040420F00542500204F250020502500208F
:108E900000127A00B1ACFFFF10B5054B01001B7842
:108EA000834203D0034B1868FFF7B0FE10BDC046E5
:108EB000542500205025002070B502250B4C0134AC
:108EC000290020006419FFF769FD2578002DF6D1EF
:108ED0006C23074A0021D35C064A9B009A58064B34
:108EE00006481A60FFF792FE70BDC046DC470108D5
:108EF00008030020C84701084825002080BA8C01DB
:108F000070B504004D0045192100022218200234DA
:108F100008F0EAFDA542F7D170BDC04610B51B218F
:108F20000348FFF7EDFF04210248FFF7E9FF10BDFA
:108F3000EC4701083448010810B5002801D1044964
:108F400000E004490522182008F0CEFD10BDC046FF
:108F50002C480108244801083B2200B583B001AB2E
:108F60001A7058709970383A1900182008F0BCFD32
:108F700003B000BDF0B583B0F8F776FA1449F7F7FF
:108F800081FFFC218905061CF7F77CFF114C051CAD
:108F90002700C03701AA281C694609F031F90E499B
:108FA0000098F7F76FFFF8F73FFA0B492080019818
:108FB000F7F768FFF8F738FA311C6080281CF7F7DC
:108FC00009FC0434051CBC42E4D103B0F0BDC0462A
:108FD0003EC3AE36682500200078FF46F0B5574600
:108FE0004E464546DE46304BE0B59C460500002324
:108FF00000269946B24600272E0098469B460F2031
:10900000654683B001910023E95E0223EA5E0223F4
:10901000F45E0B0063439C46DB17034063441B1163
:109020009B4423005343DC170440E4182411A0445C
:109030000024335F023759430C005343C917DA1732
:1090400001400240D2180919019B091112118944EB
:109050009244043604359F42D5D3144C5846F8F751
:1090600003FA2168F7F7B6FB2060114C4046F8F789
:10907000FBF92168F7F7AEFB20600E4C4846F8F785
:10908000F3F92168F7F7A6FB20600B4C5046F8F780
:10909000EBF92168F7F79EFB206003B03CBC9046DB
:1090A0009946A246AB46F0BD682500206425002005
:1090B000602500205C25002058250020F0B5C6461C
:1090C0000600FE201F4B00B519688005F7F7FEFC6F
:1090D0001D4B051C1968F7F7D5FE1C4B041C1968BD
:1090E000281CF7F7CFFE1A4B80461968281CF7F7A3
:1090F000C9FE211C071C201CF7F7C4FEFE218905B0
:10910000F7F768FB011CFE208005F7F7DFFC391C30
:10911000051C201CF7F7B6FE4146F7F75BFB291C40
:10912000F7F7B0FE41463060201CF7F7ABFE011C9C
:10913000381CF7F7BDFF291CF7F7A4FE706004BCCC
:109140009046F0BD582500205C25002060250020B9
:10915000642500200023044A1360044A1360044A73
:109160001360044A136070475C25002058250020D6
:10917000642500206025002003000A0043434A4381
:109180009B18244A30B5934240DC234A93423FDC8B
:1091900000293DD0E824CA1789185140742244435D
:1091A00051431A1B00281DDB39280DDD1B4D541AB5
:1091B000AC466444742C2BD9AE244443184D1C1B7C
:1091C000641923D43A2C23DD124D4C00AC46141BF9
:1091D0006444E82C1CD9742444431C1B3A3415D431
:1091E000742C15DD8900521A0E498C46E821624420
:1091F00049008A420CD93A2250430B4A1B1A944622
:109200000020AE2263449A42404102E0002000E088
:10921000012030BD043500001C340000CA340000B9
:10922000651A0000783500000FE6FFFFF0B5D6465E
:109230004F464646C0B58246089DD04239D4CB1829
:1092400037D4202B00DD202300291FDAD41DE408A9
:1092500061436D1A002119E00E4201D12B780135CE
:109260005CB2002C09DA504644181F2C05D864461D
:109270002488A14648464C0038535B000131DBB2DC
:109280009142E9D14037474511D112E0994210DAB5
:109290000A4C5B0124684F01A046534408495B0017
:1092A0009844072600238C4657447F00E719002185
:1092B000D2E71CBC90469946A246F0BD2C26002061
:1092C000022F0020F0B545468046DE4657464E4602
:1092D0004446E0B5901C85B0E04270D4994689447C
:1092E0004B4602339A466AD420239A1A213B934074
:1092F000039300239B46002C58DA63429B460023CD
:10930000984653E04346314A5B0012680020D31868
:1093100002930E9B00225B1A00932D4B47469C46FE
:10932000009B00265B1889450CDD5C781E782402C2
:1093300034439E7836043443DE78039B3606264356
:1093400036BA1E40002906DA01E04746019901318C
:109350008A4530D133E002433243530895082B430A
:1093600013435A464408002A01D094409340029A7D
:109370008D01904620224544D21BE8D0002BE6D038
:10938000B8460191002C02DA67463F8804E0002BC2
:1093900003DA52210F4F7F5A2F80013A5B0064009D
:1093A0000235002AD1D0002BECD1CEE7514506DAA8
:1093B0001F29A7DD03E0020030002029B0D105B04D
:1093C0003CBC90469946A246AB46F0BD2C260020F8
:1093D000022F002008030020130030B50724163B9D
:1093E0009A00094DD2185200AB5C83B0234001347F
:1093F000E41A52190092013901380A232200FFF7BA
:1094000061FF200003B030BDCC31010830B5072426
:10941000163A094DD3009A1AAB5C83B0234001344D
:10942000E41A521900920139013807232200FFF78C
:1094300049FF200003B030BDEC2E010810B5040038
:1094400040681F2808DC054B0A001B68A168984784
:1094500063689C4660446060002010BDB00300203B
:10946000400910B5520949095B09040090420BD12B
:10947000994201D0020009E001228240124C4900C9
:109480000B5B13430B531DE0904201D81400020004
:10949000A01A012401308440013C9440994209D82B
:1094A0000BE010880131204389B2108002329942CA
:1094B000F7D907E00A0019001300034A4800A4B2D4
:1094C0001218EEE710BDC04640260020F0B5464613
:1094D000D6464F46C0B506001C4815001F008A003E
:1094E0000388B4185B00904622889BB203809246A2
:1094F000AA4202D16288BA4204D00122944662464E
:10950000134303809B0700D101E0002902D1104BD7
:10951000994610E00E4A6388518810889146524659
:10952000FFF79EFF4346043BF618718830883B00E6
:109530002A00FFF795FF4B462268258067801A6056
:109540001CBC90469946A246F0BDC046322600207B
:109550003C26002010B50124121A01329440013C2F
:10956000844099420CDC074A48001218013307294D
:1095700002DC108820431080013102329942F6D17A
:1095800010BDC046402600200868704748687047F4
:10959000FE2070B580050D000968F7F789FD0E49BA
:1095A000041CF7F76FFC211C061C201CF7F76AFC53
:1095B0006D68041C291C281CF7F764FC011C201C86
:1095C000F7F708F9011C301CF7F780FA0349F7F7A1
:1095D0006FFD4000400870BD0000C84200004842D6
:1095E00070B50A4C638B013B5843F7F73DFFEE2102
:1095F0008905F7F747FC6368051CA068C01AF7F7F0
:109600007DFF011C281CF7F761FA70BDA807002038
:1096100010B5FFF7E5FF9923054A041CD05CF7F766
:1096200023FF0449F7F72EFC211CF7F72BFC10BD94
:10963000A807002092FAB6490123884200DC0023E3
:10964000D8B270470123884200DB0023D8B27047AC
:1096500010B5F6F777FF431E984110BD10B5F6F729
:109660005DFF431E984110BD02000D4B6532D200D4
:1096700070B5D558CB2292009446C0001B186344A5
:10968000291C281C1C68F7F7FDFB211C051C201C4D
:10969000F7F7F8FB011C281CF7F79CF870BDC046D3
:1096A0004C180020CB2189008C46064A10B5C30017
:1096B000D31865306344C00081581868F7F706FA7C
:1096C00010BDC0464C180020C3000248C0184068B6
:1096D0007047C0464C180020F8B5CE4647460200F9
:1096E00080B50700264B0D00588B791E8F4101383D
:1096F000821A541EA241FFB2D4B29E685B68E1197F
:10970000F61AF6F7FFFD01003000F6F771FD7B0752
:10971000DB1BE400DB00EB182D192F681C685B686D
:109720000600211C381C9846F7F7ACFB6D684146D3
:109730008146281CF7F7A6FB011C4846F7F74AF8B4
:1097400041468146381CF7F79DFB291C071C201C4D
:10975000F7F798FB011C381CF7F7AAFC494608F0FC
:10976000C9FE0849F7F78EFB041C3000F7F7C6FE68
:10977000011C201CF7F7AAF90CBC90469946F8BDCD
:10978000A8070020610B363B0B0010B5096858682C
:1097900008F0B0FE10BDC046F0B5C6460C1C00B5C2
:1097A000011C90461D00F7F715F8211C061C201C13
:1097B000F7F768FB311C071C301CF7F70BF8414624
:1097C000F7F760FB011C381C0027F7F771FC391C08
:1097D0008046F6F7A3FE002802D06F602F6014E0E9
:1097E000404608F085FD211C071CF7F761FC311C81
:1097F000F7F76CF980231B062860391CE018F7F78F
:1098000057FC311CF7F762F9686004BC9046F0BD64
:1098100010B580B2FCF7B4FEF7F770FE0149F7F718
:1098200031FB10BDDB0FC94010B5FCF7A9FEF7F7FF
:1098300065FE0349F7F726FB08F05AFD10BDC04648
:109840005F708930F0B5DE464E4645465746E0B576
:1098500085B0048898460EAB934600229B5E8946ED
:10986000824620000193D8474946051CF6F76AFE58
:109870000300581E83412E1C0093394B5B8BA3427F
:1098800014D92000D847011C071C4846F6F746FEAD
:10989000431E9841009B984204D14444351CA4B215
:1098A0003E1CEAE72E4B5B8BA34201D800204FE021
:1098B0004346E41A5346A4B21C8021000198FDF7E8
:1098C00003FD4946301CF7F7F3FB291C8246381C80
:1098D000F7F7EEFBFC218905F7F7D4FA391C81462E
:1098E000281CF6F777FFFC218905F7F7CBFA311C26
:1098F000F7F7DEFB494602AB5246FFF74DFF029DEC
:109900000021281CF6F71EFE002806D0FE21281C88
:109910008905F6F703FE002800D1039D4346013375
:1099200003D180231B069C4665442000FCF728FEDB
:109930000600FDF7C3FCF7F7E1FD291CF7F7A2FAD3
:10994000041C3000F7F7DAFD011C201CF6F742FF7B
:1099500005B03CBC90469946A246AB46F0BDC04619
:10996000A80700200CB40B0000B50A33020085B034
:109970000020292B0BD81F2A09DC074B02920391E8
:1099800007AA069901A801930092F9F753FD05B0C3
:1099900008BC02B01847C0466C480108F0B5C6467E
:1099A00000B53E4A84B00F000600FFF7DBFF3C4CD9
:1099B00000216568281CF6F7ABFD00280AD1281C99
:1099C000F7F7DCFD0C3700900191364A3900300082
:1099D000FFF7C8FF3D0063690021181C98460C354D
:1099E000F6F796FD002810D12F4B1868F7F7C6FD43
:1099F000029003914046F7F7C1FD2C4A0090019177
:109A000029003000FFF7AEFF17E0A3680021181C03
:109A10009846F6F77DFD00280ED1254B4046993338
:109A20001B780293F7F7AAFD224A009001912900C2
:109A30003000FFF797FF00E03D002068F7F79EFD3C
:109A4000029003912069F7F799FD00900191290098
:109A5000194A0C313000FFF785FFA7680021381C38
:109A6000F6F756FD002815D12068F7F787FD02901C
:109A7000039112492069F7F705FA391CF7F726F820
:109A8000F7F77CFD1835009001910D4A2900300050
:109A9000FFF768FF04B004BC9046F0BD444A0108DB
:109AA000502600204E4A0108D0260020574A0108BF
:109AB000A8070020724A0108894A01080000C8422C
:109AC0009F4A0108F0B5C646160000B51A0082B0DC
:109AD0000C000500FFF746FF37680021381CF6F739
:109AE00017FD00280AD1381CF7F748FD00900191B6
:109AF00021001D4A0C312800FFF734FF7768002150
:109B0000381CF6F705FD00280AD1381CF7F736FD9A
:109B1000009001912100144A18312800FFF722FF1C
:109B200037690021381CF6F7F3FC002817D12423ED
:109B3000381C9846F7F722FDA044009001910B4A8B
:109B400041462800FFF70EFF7069F7F717FD303424
:109B500000900191064A21002800FFF703FF02B0A0
:109B600004BC9046F0BDC0463D680108D54A0108D6
:109B7000DE4A0108F0B54E46DE4645465746E0B59A
:109B8000594A85B089460500FFF7ECFE574C584905
:109B90006668301CF6F7C2FC002800D09CE00C235D
:109BA0004B449846A36B301C9B46F7F7E7FC060036
:109BB0000F0058460021F6F7ABFC4E4B0296039778
:109BC0009A46002831D15846F7F7D8FC5246009003
:109BD000019141462800FFF7C5FE4F46E06BF7F7BD
:109BE000CDFC454E18370090019132000323390017
:109BF0002800FFF7B7FE206CF7F7C0FC0C37009089
:109C000001913200390006232800FFF7ABFE302314
:109C1000606C4B449846F7F7B1FC384A00900191CC
:109C200041462800FFF79EFE09E02068F7F7A6FCF2
:109C300052460090019141462800FFF793FE002113
:109C4000A068F6F765FC002805D00021206AF6F729
:109C50005FFC002840D14146294E183132000323D1
:109C60002800FFF77FFE41463200243106232800FA
:109C7000FFF778FE414647462E003031214A280042
:109C8000FFF770FE0021206A0C372436F6F740FCFF
:109C900000280ED10021A06BF6F73AFC1A4B0028E1
:109CA00000D01A4B30001A4A39006C35FFF70AFF12
:109CB0002E000021A068F6F72BFC00280CD1002113
:109CC000A06BF6F725FC134B002800D0124B134A6B
:109CD00039003000FFF7F6FE05B03CBC90469946CF
:109CE000A246AB46F0BDC0469A4901085026002066
:109CF000000048C2A5490108B6490108C949010840
:109D0000CF490108D7490108744901087D49010874
:109D10007026002087490108914901085826002033
:109D2000F0B50F003D00284C87B022680600FFF711
:109D300019FE63680C35002B08D1A368002B2BD1CA
:109D4000224A29003000FFF70DFE3BE0204A29009F
:109D50003000FFF707FEE069F7F710FC049005916B
:109D60006069F7F70BFC029003913D002069F7F75B
:109D700005FC183500900191164A29003000FFF7C4
:109D8000F1FD206AF7F7FAFB0C3500900191124AB9
:109D900029003000FFF7E6FDA368002B12D0290050
:109DA000E2680C31009230000C4AFFF7DBFDA0693D
:109DB000F7F7E4FB183500900191094A29003000BB
:109DC000FFF7D0FD07B0F0BD50260020E74A01089C
:109DD000F14A0108F94A0108104B0108174B010824
:109DE000264B0108F0B5DE4657464E4645468246AC
:109DF0005000E0B58B461E00674983189B00CB18C6
:109E00001C002934247889B01E2C00D9BDE02A33E7
:109E10001D78CA239B006B43604D5B199C460793DA
:109E2000129BF5006544013307D05D4BE70098466F
:109E30003B1B9B0043449B6806E0594BE700984658
:109E40003B1B9B0043445B6806933B1B9B004344C6
:109E50009B6999461E2C00D08EE0524B0021186859
:109E6000F6F756FB002800D080E089E0290030009A
:109E7000C847129B051C013311D0FF2243005B0829
:109E8000D20593420BD0129B3000D900079B9C4611
:109E90006144C847011C281CF7F70AF9051C3C1B44
:109EA000A4004444E368281C0293F7F767FB069A72
:109EB0000090019159465046FFF754FD65E0032C90
:109EC00047D18218920089182B310B7898460C2BB9
:109ED0005BD81A01344B29009B18DA685C683000A3
:109EE0009B68914698472900071C3000C8474346A5
:109EF0002E4A051C1A410123134019D03000FFF7E8
:109F000087FC0021061C281CF6F708FB311C0028E2
:109F100009D0281CF6F7B6FF011C2548F6F7D6FD38
:109F20004623051C04E0281CF6F7D0FD4823051C39
:109F3000281C0493F7F722FB02900391381CF7F7D3
:109F40001DFB22000090019159465046FFF70AFD83
:109F50001BE029003000FFF717FB2900071C300029
:109F6000FFF714FB0023051C124CE1E7124A594687
:109F70005046FFF7F7FC08E0002B00D076E79EE79D
:109F80004B46002B00D071E7E3E709B03CBC90469C
:109F90009946A246AB46F0BDA80700204C18002009
:109FA000D8550108282600204C5201085015000001
:109FB000000080BF3C590108445901081C4B70B592
:109FC00019001C000020283C30311A780C33551E33
:109FD000AA4180189942F8D10021164B98341A787A
:109FE0000833551EAA418918A342F8D104008842BB
:109FF00000DA0C00FEF718F80021F6F789FA0028BD
:10A0000001D002200BE0A8230B4A0021D058F6F71C
:10A010007FFA43425841434202201840023000195F
:10A020000130401083001B185B00181870BDC0463B
:10A03000D007002000080020A8070020F0B5474600
:10A04000CE4680B5194A85B080460F00FFF78AFCDE
:10A05000174C250048352A78002A03D0154B0026D6
:10A06000994606E03900144A0C314046FFF77AFC65
:10A0700016E02B78B34213DDA068F7F77FFA029061
:10A0800003916068F7F77AFA009001910C37236822
:10A090004A4639004046FFF765FC01360C34E8E7D4
:10A0A00005B00CBC90469946F0BDC046B94A0108BF
:10A0B00050260020C74A0108E74A0108F0B50C1CE9
:10A0C00085B007000021201C1E001500F6F726FAB7
:10A0D0004823002805D0211C0D48F6F7F7FC46233D
:10A0E000041C38000293F7F709FA0A49F6F7CAFE8A
:10A0F000011C201CF6F7EAFCF7F740FA064A00902C
:10A10000019131002800FFF72DFC05B0F0BDC046DD
:10A11000000080BFDB0FC94094500108F0B54F46E6
:10A120004646D646C0B51F000E2384B06B447D1C46
:10A1300098461A806B1E9D4181460C000026013511
:10A14000B3009A465246214B4846D158F6F7B0FF25
:10A150002B00011C002E01D001235B4200931C4AFE
:10A160003B004046FFF76EFB53460136E050042E9D
:10A17000E6D10025A06865612561291CF6F7C8F9BC
:10A1800000281DD1E668291C301CF6F7C1F900280B
:10A1900016D1301C08F042F9051CA06808F03EF901
:10A1A000011C281CF6F784FF45006D08291C09488E
:10A1B000F6F78CFC291C20610748F6F787FC6061E4
:10A1C00004B01CBC90469946A246F0BD304B010835
:10A1D0009DA70008F234B8419ECEDD40F8B5DE46BA
:10A1E0004E46454657462D4BE0B583460E009846F1
:10A1F000002A01D12A4B98460020B04701270024AD
:10A20000051C284B5B8B9F420CDABBB218009946A9
:10A21000B047291C8246C047002801D055464C460D
:10A220000137EEE7002C32D0013B9C422FDA5B462F
:10A23000601E1C8080B2B0470134071CA0B2B0473A
:10A24000041C011C381CF6F763F900281FD1391CC7
:10A25000201CF6F72DFF011CF6F714FE291C061C26
:10A26000281CF6F7B7FA011C381CF6F721FF211C51
:10A27000F6F7B0FA8221C905F6F704FE011C301C7E
:10A28000F6F724FC011C281CF6F712FF051C281CFD
:10A290003CBC90469946A246AB46F8BD5196000894
:10A2A0005D960008A8070020F7B56B4600269D1DA7
:10A2B000244901222800DE80FFF790FF224C234929
:10A2C0006060F6F749F9B04235D029883000FCF7D4
:10A2D000FBFF2888FCF754F9F7F710F901232A88C7
:10A2E00020605B421A496068FFF718FF2A88012343
:10A2F00018496068FFF712FFA668276A301C391CEE
:10A30000F6F7C0FD0021A063051CF6F701F900284F
:10A3100011D1391C301CF6F7CBFE616AE063E068AE
:10A32000F6F7C6FE2064281C07F0E2FFE16BA0638D
:10A33000F6F7CCFB60640623052202210020FFF71C
:10A3400009F9F7BD9DA7000850260020000048C26B
:10A350007026002058260020F0B5D6464F464646C7
:10A360000023C0B584B003AD2B804A4C4A4B012278
:10A3700023604A492800FFF731FF2B88071C002B78
:10A3800000D180E0464B996E9846081CF6F722FAF9
:10A39000061C381C07F0ACFF011CFE208005F6F7F8
:10A3A00095FBFE218905F6F783FE311CF6F76AFD61
:10A3B0000021E061F6F7B2F8002864D10E26298862
:10A3C000FCF782FF2B886E443380364BFE21994682
:10A3D0000123890500939A464A46023B3000FFF765
:10A3E00031FA0021071CF6F793F800284BD12B888F
:10A3F0002D49338002234A46009330005346FFF72D
:10A4000021FA0021051CF6F783F800283BD1391CFE
:10A41000281CF6F74DFE291C8146381CF6F732FD44
:10A4200007F066FF4346051C986EE669011CF6F7C7
:10A43000D1F9311CF6F7CEF98246281CF6F7E0F880
:10A440001A4960604846F6F71DFD011C5046F6F7B4
:10A450003DFB1649071C2061281CF6F713FD291C3B
:10A460008046F6F70FFD5146F6F70CFD011C4846F5
:10A47000F6F72CFB41466061381CF6F703FD311CF2
:10A48000F6F724FB206204B01CBC90469946A24615
:10A49000F0BDC046502600203C48010869960008DF
:10A4A00008030020A5960008000080BFDB0FC9400C
:10A4B000C3000248C01840687047C0464C180020CE
:10A4C000F0B5DE464E4645465746E0B5414D83B0B1
:10A4D000060068680C00F7F751F83F4A00900191B8
:10A4E000210030000C34FFF73DFA1F2C6BDC3822C2
:10A4F000AB5E3A4A002B01DB05D1394A210030001E
:10A50000FFF730FA5FE0374A21003000FFF72AFA00
:10A510003C239B46B344344A21005846FFF722FAB5
:10A5200078239A46B244314A21005046FFF71AFA7E
:10A5300000232F0099463822AB5E4B4543DD0C3497
:10A540001F2C40DCBB68191C181C9846F6F756FFF8
:10A5500000280BD100214046F5F7DAFF002805D18D
:10A560002300320041462868FFF7A8FDFB68191C4C
:10A57000181C9846F6F742FF00280BD100214046F0
:10A58000F5F7C6FF002805D123005A464146286842
:10A59000FFF794FD3B69191C181C9846F6F72EFF2F
:10A5A00000280BD100214046F5F7B2FF002805D165
:10A5B0002300524641462868FFF780FD01239C4650
:10A5C0000C37E144B7E703B03CBC90469946A2463D
:10A5D000AB46F0BD50260020DD490108FE490108C8
:10A5E000134A0108284A0108324A0108394A010879
:10A5F00070B50D00FE2128688905F6F7EBF80E49C5
:10A60000041CF6F73FFC211C061C201CF6F73AFC44
:10A610006D68041C291C281CF6F734FC011C201C46
:10A62000F6F7D8F8011C301CF6F750FA0349F6F794
:10A630003FFD4000400870BD0AD7233D0AD7A33C28
:10A6400010B5FFF7D5FF011CFE208005F6F73EFA96
:10A6500010BDC04670B50C684D68201C0C49F6F75B
:10A6600011FC211C061C201CF6F70CFC291C041CE8
:10A67000281CF6F707FC011C201CF6F7ABF8011CA0
:10A68000301CF6F723FA0249F6F712FD70BDC046FA
:10A690000000C84270B50C00FE2120688905F6F75D
:10A6A00099F86468051C0B49201CF6F7EBFB291C84
:10A6B000061C281CF6F7E6FB211C051C201CF6F7DF
:10A6C000E1FB011C281CF6F785F8011C301CF6F78D
:10A6D000FDF970BD0AD723BD10B5FFF7DBFF011CE4
:10A6E0000148F6F7F3F910BD000080BF70B5040013
:10A6F000FFF7F2FF051C2000FFF78AF8011C281C59
:10A70000F6F7E4F970BDC04670B50400FFF7C2FF6C
:10A71000051C2000FFF77CF8011C281CF6F7D6F971
:10A7200070BDC04670B54C680D68201C0A49F6F72C
:10A73000A9FB291C061C281CF6F7A4FB211C051CE0
:10A74000201CF6F79FFB011C281CF6F743F8011CA0
:10A75000301CF6F7BBF970BD0000C8C2086870B5C0
:10A760004C68011CF6F78EFB211C051C201CF6F71B
:10A7700089FB011C281CF6F72DF807F085FE70BD3B
:10A78000054BC10010B5C918FFF7E8FFBF21090646
:10A79000F6F778FB10BDC0464C180020010010B53C
:10A7A000034B6531C900C918FFF7D8FF10BDC0467B
:10A7B0004C180020086870B54C68011CF6F762FB65
:10A7C000211C051C201CF6F75DFB011C281CF6F75C
:10A7D00001F807F08DFD70BD70B5FFF7EBFF124B70
:10A7E000041C12491868F6F74DFB07F007FF011C1F
:10A7F000201CF6F747FB0E49041CF5F7A3FE0028C2
:10A800000FD1FE21201C8905F5F7E4FF051CFE2071
:10A81000211C8005F6F74CFC011C281CF6F756F9A4
:10A8200001E0FF20C00570BD28260020E3C86B3E74
:10A83000A4707D3F70B5FFF7BDFF0C49041CF5F710
:10A8400081FE00280FD1FE21201C8905F5F7C2FFEB
:10A85000051CFE20211C8005F6F72AFC011C281C83
:10A86000F6F734F901E0FF20C00570BDA4707D3F0C
:10A8700070B50D680C00FE21281C8905F5F7AAFFAC
:10A88000061C6068011CF6F7FDFA041CFE20291C5A
:10A890008005F6F70DFC311C051C301CF6F7F2FAAA
:10A8A000211CF5F797FF291C061C281CF6F7EAFA6D
:10A8B000211CF5F78FFF011C301CF6F707F907F094
:10A8C00017FD0249F6F7DEFA70BDC04600004842A7
:10A8D00010B5FFF7CDFF011CFE208005F6F7F6F856
:10A8E00010BDC046486870B50C68011CF6F7CAFA7E
:10A8F000051CFE20211C8005F6F7DAFB011CF6F78B
:10A90000C1FA291CF5F766FF211C061C201CF6F76E
:10A91000B9FA291CF5F75EFF011C301CF6F7D6F8D2
:10A9200007F0E6FC0149F6F7ADFA70BD0000C84239
:10A93000486870B50C68011CF6F7A4FA051CFE20E7
:10A94000211C8005F6F7B4FB211C061C201CF6F721
:10A9500099FA291CF5F73EFF311C041C301CF6F750
:10A9600091FA291CF5F736FF011C201CF6F7AEF80A
:10A9700007F0BEFC0149F6F785FA70BD0000C8413A
:10A98000086870B54C68011CF6F77CFA211C051CA0
:10A99000201CF6F777FA011C281CF5F71BFF011C99
:10A9A000FE208005F6F784FB211C051C201CF5F712
:10A9B00011FF291C07F09EFD70BDC04670B50D68E3
:10A9C0004C68281C291CF6F75DFA211C061C201C6B
:10A9D000F6F758FA011C301CF5F7FCFE011C281C88
:10A9E000F6F766FB011C201CF6F770F840004008E3
:10A9F00070BDC04670B54C680D68201C211CF5F771
:10AA0000E9FE291C061C281CF6F73CFA211C051C33
:10AA1000201CF6F737FA011C281CF5F7DBFE011C99
:10AA2000FE208005F6F744FB011C301CF6F74EF8BB
:10AA30004000400870BDC046FE2070B50C00800587
:10AA40000968F6F735FB6468051C0B49201CF6F70E
:10AA500019FA291C061C281CF6F714FA211C051CDF
:10AA6000201CF6F70FFA011C281CF5F7B3FE011C99
:10AA7000301CF6F72BF870BD0000C841FE2070B501
:10AA80000C0080050968F6F713FB6468051C0B4988
:10AA9000201CF6F7F7F9291C061C281CF6F7F2F91A
:10AAA000211C051C201CF6F7EDF9011C281CF5F7EC
:10AAB00091FE011C301CF6F709F870BD0000C84279
:10AAC000044BC10010B5C918FFF7D8FF400040087B
:10AAD00010BDC0464C180020F0B5DE4657464E4625
:10AAE00045461D20E0B5A44C85B02056FCF772FD0C
:10AAF000002800D138E1A14BA14D99466B601D2380
:10AB00002860E3569F4A0B33DB00E41863889A46BB
:10AB1000DB009846904441465046FEF739FD4146D9
:10AB2000061C5046FFF7AAFFFC21041C8905301CB7
:10AB3000F5F7FEFC071E00D00DE141465046FFF739
:10AB400079FE9149F5F7F4FC3B008046002800D0DF
:10AB500003E1311C201CF5F7B9FF8C49F5F7FCFC2B
:10AB60004346002800D0F8E08749301CF6F78AF900
:10AB70004946F5F7E7FC002700280ED08449301C31
:10AB8000F5F7CCFC002808D080231B069C466444C3
:10AB90002F61AF60EC600123DFE0311C301CF6F761
:10ABA00071F98246211C201CF6F76CF95146F5F725
:10ABB00011FE72498146301CF5F7CEFC002809D100
:10ABC0006E49301CF6F75EF9011C4846F5F7BAFCF1
:10ABD000002860D069494846F6F754F9211C83469D
:10ABE000201CF5F7F7FD6549F6F74CF98046311C56
:10ABF0006248F6F75DFA5A46414602ABFEF7CCFDD5
:10AC0000029B201C191C9846F5F7E4FD834641463B
:10AC10004046F6F737F95946F6F734F959460190A8
:10AC20005846F6F72FF95146F5F7D4FD011C019867
:10AC3000F5F74CFF4146F6F73BFA43462B61039B81
:10AC4000E860191CAF60201C9846F5F7C3FD8346E9
:10AC500041464046F6F716F95946F6F713F95946B4
:10AC600001905846F6F70EF95146F5F7B3FD011C71
:10AC70000198F5F72BFF4146F6F71AFA4346A8610B
:10AC8000EB616F613D49301CF5F766FC0223984685
:10AC9000002801D061E0804642460C2353439A4687
:10ACA0003C4A3649301C9244F6F7ECF8011C484601
:10ACB000F6F7FEF9211C8146201CF5F78BFD011CDF
:10ACC000FE204A4602AB8005FEF766FD029B201C73
:10ACD000191C9B46F5F77EFD28498146301CF6F786
:10ACE000E7F95A465346011C5A60F6F7CBF82A4951
:10ACF000061C4846F6F7C6F8494683464846F6F726
:10AD0000C1F8311CF5F766FD011C5846F5F7DEFE6B
:10AD1000534618609F60039B201C9946191CF5F749
:10AD200059FD53464A461C491A61041CF6F7AAF815
:10AD3000211C8146201CF6F7A5F8311CF5F74AFDC9
:10AD4000011C4846F5F7C2FE5346D8605F61434692
:10AD500002331BB201E001235B422B87052204234F
:10AD600002210020FEF7F6FB05B03CBC9046994658
:10AD7000A246AB46F0BDC046A807002000004842EE
:10AD8000502600204C180020CDCC8C3F0000C8423B
:10AD900000005C425826002000401CC570B504002D
:10ADA000FFF76CFE051C2000FEF732FD011C281C7D
:10ADB000F5F78CFE70BDC04670B50400FFF75EFE6F
:10ADC000051C2000FEF724FD011C281CF6F75AF88C
:10ADD000011C0248F5F77AFE70BDC046000080BF36
:10ADE000FE2070B580050D000968F6F761F90D4980
:10ADF000041CF6F747F8211C061C201CF6F742F845
:10AE00006D68041C291C281CF6F73CF8011C201C4A
:10AE1000F5F7E0FC011C301CF5F758FE0149F6F788
:10AE200047F970BD0000C8410138C3B2082B05D8EE
:10AE300043001818024B8000C05800E001487047DA
:10AE400028500108FC7001080138C3B2082B08D84B
:10AE500043001818044B80001818038940680B80C1
:10AE600000E000207047C04628500108F0B5C646F3
:10AE70000E1A00B58046002E3BD1234B1E80234B7B
:10AE80001E803DE029003000F5F7B2F9132802D901
:10AE9000AF007F190EE0072801D96F000AE02F00EC
:10AEA000032807D80A213800F5F7A2F9013C05006C
:10AEB000002CE7D139004046F5F720FA962200230E
:10AEC000120208000021F5F771FB32000023F5F7AC
:10AED0004DFB96220D4B12021880002100233800F2
:10AEE000F5F764FB00233200F5F740FB064B1880B2
:10AEF00006E007493000F5F77BF90A24044FCFE755
:10AF000004BC9046F0BDC0463826002036260020FE
:10AF100000CA9A3B032804D1F0235B000B41DB07F6
:10AF200005D4C3001B1A034A9B00985800E002484E
:10AF30007047C046D8550108404B0108014B00013D
:10AF4000C05870474C520108014B18787047C046F2
:10AF500034260020F8B5164D1F262F008400154812
:10AF6000303724182B78002B1BD022886188531F80
:10AF70009C460123172900D90D3BC91808000B3046
:10AF8000C31733401B18C817304041186046C0171C
:10AF90003040053260445B11521149114011FEF7F7
:10AFA000D9FA95340C35FF34BD42DBD1F8BDC0462B
:10AFB000D0070020DC26002070B50C4C2500403561
:10AFC0002378002B02D06088FFF7C4FF0834AC421E
:10AFD000F6D1FEF7F3FF1F23C21713401B185B11B6
:10AFE000092200210020FEF7B5FA70BD00080020FC
:10AFF000F0B557464546DE464E46E0B500256B4C5B
:10B0000085B007006560A560032800D18FE00428A3
:10B0100000D18FE0022800D0C1E0654B03AE2A00CA
:10B020002360644930003580FFF7D8F807F060F9F5
:10B03000614D8046A96EF5F725FF8146FE20414609
:10B040008005F6F735F8011CF5F7C4FB011C4846EE
:10B05000F5F73CFD0021E061F5F760FA002800D02B
:10B0600095E03188FCF730F98121AD6EE069C905C2
:10B07000F5F708FF291CF5F7ADFB011C281C0E2570
:10B08000F5F724FD33886D442B804C4B81469A465E
:10B0900080231B064B4419000123524600939B4614
:10B0A0002800023BFEF7CEFB00218046F5F730FA80
:10B0B00000286CD1338849462B80280000975B46D6
:10B0C0005246FEF7BFFB0021051CF5F721FA0028C8
:10B0D0005DD14146281CF5F7EBFF291C061C4046B4
:10B0E000F5F7D0FE07F004F9051CF5F789FA311CD5
:10B0F0006060281CF5F7EAFC31492062301CF5F746
:10B10000C1FEE769011C381CF5F7E0FC2C49206101
:10B11000281CF5F7B7FE291CF5F7B4FE391CF5F726
:10B12000B1FE011C301CF5F7D1FC60612FE0FFF788
:10B1300013F92CE00E26FFF70FF9224B6E441D4940
:10B1400023602A0030003580FFF748F83188002955
:10B150001DD00320FCF7B8F83088FBF711FA6368BC
:10B16000984214D3C51AA060E5601800F6F7C6F936
:10B170006169F5F787FE061C2800F6F7BFF9011C88
:10B18000F5F728FB011C301CF5F7A0FCA061042397
:10B19000052202210020FEF7DDF9FFF70DFF05B0C3
:10B1A0003CBC90469946A246AB46F0BD50260020D6
:10B1B0009C5301086996000808030020A596000822
:10B1C000DB0FC940A5530108F8B54E46DE46574689
:10B1D00045461C23E0B53B4EF3565A1C6BD01D2050
:10B1E0003056421C67D06E2237498A5C022A3BD116
:10B1F0005C00E418A4003419230029331A78D30022
:10B200009B1A324A9B00D3189F69002F53D0CA253E
:10B210002A342378AD005D432D4BED18738B002B42
:10B220001ED02C4B0024984600239A46FF23DB05B2
:10B23000994629002000B84740004008484507D0FB
:10B2400041468346F5F76AF9002801D0D846A24660
:10B25000738B01340835A342EBDC1D20305601E02E
:10B2600000239A46514624E0CA2464005C431A4BEA
:10B27000E418012A01D0194B00E0194B9846738B52
:10B280006788012B12D900230125994606342188AD
:10B290003800C047002801D0A9462788738B0135A4
:10B2A0000434AB42F3DC1D20305601E00023994604
:10B2B0004946FCF709F83CBC90469946A246AB4685
:10B2C000F8BDC046A807002008030020D855010893
:10B2D0004C180020CAF24971DC260020399600087B
:10B2E00045960008F0B557464E464546DE46E0B561
:10B2F0001C275F4E83B0F75704000D007B1C00D164
:10B30000AFE01D23F356013300D1AAE06E23594A62
:10B31000D35C022B59D17B00DF19BF00F7193B002A
:10B3200029331A78D3009B1A534A9B00D3189B6980
:10B330000093002B00D194E0CA232A373A789B006F
:10B3400053434E4AC1009A189446009B01926144AF
:10B350009847738B641982469C4200D381E0FF2397
:10B36000DB059B46019BE1009C4620006144009B5D
:10B370009847470080467F085F4520D053465B00D2
:10B380005B0899465B451AD000215046F5F7C6F890
:10B39000431E9841002182464046F5F7BFF8431E00
:10B3A000984150450BD0767F391C484676B2F5F768
:10B3B000B5F8002800D0641B210030004FE0738BEB
:10B3C0006419C2469C42CDD34BE0CA225200574377
:10B3D000BB462B4A9344012B01D02A4B00E02A4B59
:10B3E0009946A3005B445B889846641939D4738BF3
:10B3F0009C4236DAAB009A46A30002335B441F003E
:10B4000039884046C847002804D13B8898466419CB
:10B4100004D526E0738B9C4205DB22E0738B5744F6
:10B42000A342EDDC1DE0A30002335B441F000123B7
:10B430005B429B4600E01C0038884146C847002814
:10B4400007D13B88728B98462B195744A3469342E9
:10B45000F1D35B46013304D01D2059463056FBF72B
:10B4600033FF03B03CBC90469946A246AB46F0BDC4
:10B47000A807002008030020D85501084C18002018
:10B48000DC260020399600084596000810B5CA242D
:10B490006400444389000648091909180888121AEB
:10B4A00048881B1A1BB210B25B434043C01810BD42
:10B4B000DC260020F0B54F46D6464646C0B5134BB5
:10B4C0005B8B9946002B17D053B298460123C825B1
:10B4D0005B4200249A4607B20EB26D00A1B233005F
:10B4E0003A004046FFF7D2FFA84201DA0500A24623
:10B4F00001344C45F2DB02E001235B429A465046A0
:10B500001CBC90469946A246F0BDC046A807002044
:10B51000F0B5C6460D1C00B5111C1C1C161C071CE2
:10B52000F5F758F9FC218905F5F7ACFC291CF5F76E
:10B53000BFFD211CF5F7A6FC211CF5F7A3FC391C67
:10B540008046301CF5F7B4FDFC218905F5F79AFC1F
:10B55000211CF5F797FC011C4046F5F73BF9291C27
:10B56000F5F738F904BC9046F0BD0000F0B5574639
:10B57000DE464E464546E0B58A463A4983B04A68BB
:10B580000023824265D88D68A84262D84C8B002780
:10B59000631E9846831A0093AE1A3B0042460098F9
:10B5A0003900F5F703F832003B00F4F7DFFF030042
:10B5B000013B0193019A033C81463B00A24248D8DB
:10B5C00032003900F4F7F2FF43463D005C082418CE
:10B5D0004D4142463B0020002900F4F7C7FF2900F7
:10B5E000834620003B00801979414246F4F7BEFFB4
:10B5F0005B46C41ABC420ED05A46009B981AF5F717
:10B600007DFF051C2000F5F779FF011C281CF5F7CC
:10B610005DFA071C00E000274B46DE005D1C019B25
:10B62000114CDB0098464046ED002A59315900592B
:10B630003B1CFFF76DFF534665191860A61944447B
:10B640003B1C6A6871686068FFF762FF5346586088
:10B650000123180003B03CBC90469946A246AB4675
:10B66000F0BDC046A80700204C180020F0B5CE461B
:10B67000474680B583B081460F001000694690466A
:10B68000FFF774FF061E10D04B460C255D43434662
:10B69000094C69462B513800FDF77AFF6419606048
:10B6A00069463800FFF7EAF9A060300003B00CBC2F
:10B6B00090469946F0BDC04650260020F0B585B0B2
:10B6C000CB0735D50E25002401266D441C4F2C8058
:10B6D00076423A000123002100962800FEF7B2F8D6
:10B6E000F4F78EFF021E0CD020002988FFF7BEFF62
:10B6F000431E98412B88241801332B80062CE8D157
:10B7000013E0002C11D1280022000E492C80FEF7F6
:10B7100065FD2D88002D08D02800FAF731FF29009B
:10B7200002002000FFF7A2FF0400074B48331C7003
:10B73000052302211A000020FDF70CFF05B0F0BD23
:10B74000B1A40008C1AA000850260020F0B50024CA
:10B750005746DE464E464546A346E0B5A24600277C
:10B760009846A14689B005900691079203940294E9
:10B7700001940094059B9F4243DABCB22000069BD3
:10B780009847079B051C20009847291C0490281CFB
:10B79000F5F778FB0499061C281CF5F773FB291CA8
:10B7A000041C5046F5F716F8049982460098F5F700
:10B7B00011F8311C00905846F5F70CF8211C83460F
:10B7C0000198F5F707F8311C0190281CF5F75AFB92
:10B7D000011C0398F4F7FEFF211C0390281CF5F7C9
:10B7E00051FB011C0298F4F7F5FF311C0290301C4C
:10B7F000F5F748FB011C4846F4F7ECFF013781469A
:10B80000B8E71800F5F730FE4C46011CC1468046EB
:10B810005046F5F75BF94146061C0098F5F756F9D6
:10B820004146051C5846F5F751F9071C011C5846BE
:10B83000F5F728FB011C201CF5F73AFC311C0090A1
:10B840005846F5F71FFB011C0398F5F731FC291C3E
:10B85000041C5846F5F716FB011C0298F5F728FC66
:10B86000311C80465046F5F70DFB011C5846F5F794
:10B870001FFC291C83465046F5F704FB011C019868
:10B88000F5F716FC594682460098F5F7FBFA211C9D
:10B890000190201CF5F7F6FA011C0198F5F708FC59
:10B8A000594601904046F5F7EDFA51468346201C73
:10B8B000F5F7E8FA011C5846F5F7FAFB0199F5F798
:10B8C00005F9514683460098F5F7DCFA4146824671
:10B8D000201CF5F7D7FA011C5046F5F7E9FB019952
:10B8E000F5F7F4F8041C011C301CF5F7CBFA011C29
:10B8F000281CF5F7DDFB5946051C381CF5F7C2FA84
:10B90000011C281CF5F7D4FB4B465A4618605C60B6
:10B910009A6009B03CBC90469946A246AB46F0BD41
:10B92000F0B54646D6464F460123C0B50E0086B058
:10B93000194248D000223F4C0E206260A260626132
:10B940009046002268440280013A009241463A4AF9
:10B95000FDF778FFF4F754FE384F051E2DD0F5F7AC
:10B96000CDFD011C3648F5F7B1F8364B82461B6811
:10B970004146181C9946F4F7CBFD002807D14B46E9
:10B980005146A3604846F5F7A1F8606108E03B0026
:10B9900099331878F5F768FD5146F5F773FAA0600A
:10B9A000680804A9FFF7E2FD002806D004A90020DA
:10B9B000FFF764F8400040086060788B224B234A10
:10B9C0002349FFF7C3FEB30727D01D231B4AD356D5
:10B9D000591C22D00B33DB00D3185888FAF7D0FD5E
:10B9E000F5F78CFD134C1B492060F5F74BFAE6691F
:10B9F000051C276A06F07CFC011C381CF5F742FA8E
:10BA0000311CF4F7E7FE616A061C281CF5F73AFAC8
:10BA1000011C301CF4F7DEFE206104230522022104
:10BA20000020FDF797FD06B01CBC90469946A24643
:10BA3000F0BDC04650260020C9960008A807002087
:10BA400092FA3649D02600206C26002081A70008F3
:10BA5000299800085F7089302123044AD25C530082
:10BA60009B18034A9B00D05C7047C046A807002083
:10BA70003C530108024B1880024B19807047C046A6
:10BA8000AC030020AA030020024B1A881043188040
:10BA90007047C046D4260020F8B501248440104EDB
:10BAA00035782C4205D0A54302203570FFF7ECFF16
:10BAB00014E01C230B4AD356591C0FD0578B0A4A4B
:10BAC00041008F52CA220430520050435343074969
:10BAD0002C434018591806F0C9FD3470F8BDC04613
:10BAE00034260020A8070020D8260020DC260020CD
:10BAF00010B50723092200210720FDF72BFD0C209C
:10BB0000FFF7C2FF10BDC04610B5072808D8212393
:10BB1000044AD054FF22044B02201A70FFF7B4FFEE
:10BB200010BDC046A807002030260020F0B5DE4634
:10BB300057464E464546E0B5C24BA7B01B885A054E
:10BB400003D5FAF755FCBF4B1B88DB0700D4E1E0B7
:10BB5000FFF732FABC4BBD4F9B4628235B429C4605
:10BB6000BC4463465E4607933B78002B06D1B84B36
:10BB700095360C37FF369F42F6D1BDE0079B012476
:10BB80005D8BBA78013DABB29B46CA239B00534301
:10BB9000B04A9B1804937B789C4098467B689A46F1
:10BBA000AD4B1C425DD0AD49B868F5F76BF9011C8F
:10BBB000AB48F5F77DFA51468146A848F4F786FF71
:10BBC000A84B05901C4204D0011C4846F4F702FE25
:10BBD0008146434642469620DB009B1AA24A9B00C0
:10BBE000D3189B69290040049846F4F78BFB3A0070
:10BBF0003300B0255F464646824600249846934669
:10BC0000ED02002E15D0049BE1009C46200061440B
:10BC1000B047FF21420052080023C9058A4213D0D1
:10BC2000011C0598F5F72EF9011C4846F5F740FA76
:10BC300000E04846F5F7F8FBE82801DDE82002E0DF
:10BC4000C343DB17184083B2210001342A0C40465D
:10BC5000A4B2FDF73BFC5544A742D2D25F4646460C
:10BC600085E71823234282D051468048F4F72EFFFF
:10BC700000258246B1460597049BEE009C4666442B
:10BC800031685046F5F7FEF8FC218905F4F7A2FD6E
:10BC9000F5F7CAFB84B227009B37BFB23BB271688D
:10BCA00050469846F5F7EEF8FC218905F4F792FD29
:10BCB000F5F7BAFB742396211B1A96349BB2A4B2F3
:10BCC0001AB249008C4205D941460527042901DDF5
:10BCD0003227FF37E82B03D9D317E7229343E83302
:10BCE000290001353A004846ADB2FDF7EFFBAB4500
:10BCF000C2D2059F4E463AE7079B1B8B1B0601D518
:10BD0000FFF762FA01225A4C242023781343237050
:10BD1000FFF7BAFE574B1B88002B09D10023494A75
:10BD2000138027B03CBC90469946A246AB46F0BD76
:10BD3000444B1C88A30506D5002005F0C5F905F085
:10BD400041F9404B1C88A30708D54B4B1A0001232F
:10BD50005B42136053609360D36019E0A30603D580
:10BD6000FFF72AF9374B1C88630605D50723002205
:10BD700000210020FDF7EEFB230609D53F4B9B8AEF
:10BD8000DB0605D50723092200210820FDF7E2FB89
:10BD9000E623234201D100F00DFF394AC53B07924B
:10BDA000D05C072813D8138BDB0710D44300354A27
:10BDB0001B189B00D3189A682D4C002A00D104E070
:10BDC00021785B780B4200D09047002323702E4AE5
:10BDD000284B12881B881F321F3352115B1191B2FE
:10BDE0001B931A919BB2002A0DD1234B1F93002362
:10BDF0001F9A136053609360D36004F0D3FF114B1C
:10BE00001C8800F0D7FE0026013B9BB201335B018A
:10BE1000179300233500184A16931F921092109B17
:10BE20001B880993002B31D100E0059D109A169BC9
:10BE30000232013310921A9A9BB2169320359A421D
:10BE4000EDD1D4E7D4260020DC260020D007002046
:10BE5000000800204C180020E7FFFF7F0000E841A9
:10BE60000080684340000040D85501080000E842C7
:10BE700030260020AC0300204026002008030020CC
:10BE8000A80700203C530108AA0300201B9B002B9D
:10BE9000CCD0E7235A1B01335B1B1D9302230024E4
:10BEA0005B1B1BB21E935023A2465B1B19935301CD
:10BEB00018921C930595099BDB0701D400F06AFEDC
:10BEC0005246B24B05991B889A1AB14B04921B88B3
:10BED000591A06911F2A01DD00F0EFFF1F2907DD27
:10BEE000002A01DC00F056FE8024202300F0EDFF44
:10BEF000049B002B01DC00F04DFE01E020230493A5
:10BF0000069B002B01DC00F045FE9C0004F04CFE7B
:10BF1000A04B0B901860A04B84460A93DB8B240146
:10BF20001A041A43030064441A605A609A60DA6083
:10BF30001033A342F8D1994BF0261D00802700242E
:10BF400001210E93303576003F061A78002A0BD077
:10BF500008005A7890400443032A05D13000DA786B
:10BF60001041014200D13C430C33AB42EDD10A9B5E
:10BF70005B8C9B468A4B2340089302D123076BD4EA
:10BF8000B7E00A9B0B9A9B8A17009B06DB0F0133D5
:10BF90009946844B1B880D93069B5B0111934B467E
:10BFA0005B010F935346053B12931D007E4B1E8889
:10BFB0007E4B9C46534666449446DB01F618049B30
:10BFC0005B0063440C9396235B00984608E0069B55
:10BFD000059D9846AC4696270B9EE0447F001EE0E8
:10BFE000454506D90C9B023701358036BB42F7D157
:10BFF000EDE7002D07D0454505D00D993000F4F749
:10C000007DF97F29EED8002359465A00B9520F9A7C
:10C010009446119A63449342F7DB8B46E2E7E82D9E
:10C0200004DD01354036A845F9D1A7E71D212800D8
:10C03000F4F764F90029F4D1002359464846129ACE
:10C04000D218BA4201D85A00B152049A1B1893422E
:10C05000F5DB8B468146E4E7002C26DA0B9B059E38
:10C060009846069B743E9C46B444634654460C93E3
:10C07000049B9B3C99462300A1444446984611E00A
:10C0800031002800FDF778F8002801D05B463B809E
:10C0900001350237A945F3D10C9B01364034B34238
:10C0A00000D195E045462700EAE7069B059D9C46A2
:10C0B000743DAC4463460C939B230B9F994610E060
:10C0C00029002000FDF758F8002801D05B46338096
:10C0D000013C0236A045F3D10C9B01354037AB4201
:10C0E00076D04B4652469C1A049B3E00E31A984673
:10C0F000E6E7E3066CD5069B059A9C46743A9444A1
:10C10000634654460B9D0D939B3C32E00B004B4322
:10C11000274E6344B34223D8264EB3421ED800298B
:10C120001CD0002A1AD0244EB34219D92E36B3425D
:10C1300014D9224EB34213D90C9EB3420ED9914268
:10C140000CD049450AD01E4EB34209D91D4EB34208
:10C1500004D91D4EB0464344B72B01D85B4603803B
:10C16000013102308F42D1D10D9B013240359342D3
:10C170002ED0130053439C46049B21001F19134BE0
:10C1800028000C9353429946C0E7C046AC030020F8
:10C19000AA0300202C26002008030020D00700203E
:10C1A000E7FFFF7F382600203626002080FDFFFFB6
:10C1B000043500001C3400000202000039080000B1
:10C1C000A612000030130000B9DEFFFF9508000042
:10C1D000089B002B00D193E020AB9B466D230A9A6D
:10C1E0005946D05CFEF730FE0890002800D187E069
:10C1F000079B1B8BDB0700D582E0189B069A190072
:10C20000130091427CDA1D990D918A4201DC013BB9
:10C210000D93079B5E689B6898469E4270D29B1B5D
:10C220000C9350230A9AD35A99465B461B88002BDD
:10C2300066D000240D9B5B0111930B9B403312933E
:10C24000049B013B0F93089AE300944663445F68A4
:10C25000BE4206D95B4601341B88A4B2A342F2D881
:10C260004EE01B6898454BD330009E4200D2180028
:10C27000962200235200801B0021F4F797F9002337
:10C280000C9AF4F773F953460530C51A4046B84581
:10C2900000D93800962200235200801B0021F4F7B9
:10C2A00085F900230C9AF4F761F953460530C01A5A
:10C2B000EB43DB171D40049B984200DB0F98A8421C
:10C2C000C8DB0D9B189A9342C4DB0B9A1C9B9446C7
:10C2D000119AEB18A918129A5B00634494464F46D2
:10C2E000401B49000130614440001A00C518178006
:10C2F00002329542FBD140339942F6D1B946A9E7C3
:10C300000122BF4BBF4E1B7855461A40BE4B1492BC
:10C310001B681593BD4B99464A46BD4B0892139333
:10C320009B46042308E0089B953E023B08935B462E
:10C330000C3B9B460C9BFF3E5A1E0C92042B0DD0CF
:10C340005B461B78002B03D10C9B0133EBD1C2E081
:10C35000079B5C8B013C002C0BD1F5E7149B002B59
:10C36000E1D0AC4B1C88013C002C01D000F0C4FD96
:10C37000D9E75B465A781E2A01D000F0B4FD0021AF
:10C380001598F4F7C5F80028DED10022049BE818C0
:10C3900013195B109900895B884201DD1A0000E0E7
:10C3A0001C00531CA342F3DB210000235A18521037
:10C3B0009000805B854201DC110000E013005A1CF4
:10C3C0008A42F3DB089A12880F92A342BCDA9B00E0
:10C3D000F318A400A219B146A8461E0012924346C3
:10C3E00042463088B788059CC01ABF1A7388F28805
:10C3F000191B141B00280ADA002F01DB00F06EFD68
:10C40000129B0436B342EAD145464E469CE70029CA
:10C4100004DA002C01DB00F05BFDF1E71F2801DDF1
:10C420001F2FEDDC1F2901DD1F2CE9DC934205D90C
:10C430000B0021001C00030038001F000122C31B59
:10C440009446002B02DD023A94463B1A651ADD42FF
:10C4500002D5DA0FD21801E0EA0F521952105242F7
:10C46000002904DB4901924614E01A0002E0A246CA
:10C47000040018001300904201DA531B64449542F3
:10C48000F3DD01311B1A0029EFD1220054469A46F0
:10C49000030010006401E71952460D93BA4600E00C
:10C4A0002200431811931F2803D85F000F9C0B9B99
:10C4B000FC52119B9A45A3D00D9B1400934201DAC4
:10C4C000541B60449542EBDD0D9B2031E41A524B26
:10C4D0009942E5DD94E70A9BAA469B8ADB0653D581
:10C4E000F32D51D91C24079A1457631C4CD0944641
:10C4F00063001B199B0063441A0001212932127842
:10C500009140182288460A423ED1444A82209146F0
:10C510004946434A14260A60C005196BDF6AF4F7DE
:10C52000C7FD4246FF363F4B761B36B2051C1A420A
:10C5300009D0FE20391C8005F4F7C8FA011C281C1C
:10C54000F4F748F9051C0634A0B204F0B1FD364BEF
:10C550001E9C9846291C381CF4F794FCF5F70EF83D
:10C5600042460090019121003000FDF7FBF9FE21C9
:10C57000281C8905F4F79CFD1D3424B2051C1F2CD2
:10C58000E8DD4A46294B1360294B9946139B4F46D9
:10C590009B465B461B78002B07D108239C46254B06
:10C5A0003037E344BB42F4D178E018235B429C4629
:10C5B000BC4463460C935B461F4A5B8891469B00D4
:10C5C00099440E9B062698464B46B9461F004346A3
:10C5D0001B78002B57D043465B781E2B01D000F010
:10C5E00060FC094B00211868F3F792FF00284AD13C
:10C5F00000F057FC4B4601340B93104B24E0C0462F
:10C60000342600202C2D0020282600203A0300206C
:10C6100000080020D8260020FF030000B0030020FF
:10C620000D9400084000004094480108D993000888
:10C63000E450010864520108DC260020B4500108CF
:10C640000C9B0C3C0B93B54B0893AB1D2A2B1AD8B3
:10C6500023000C332B2B16D8300004F029FD089B47
:10C66000053D0B222100009328000C23FCF7DEFD82
:10C670001A2004F01DFD0B9B0B22009321000C23BC
:10C680002800FCF7D3FD0C239C4601369537B6B243
:10C69000E044FF370A2E9AD14F467EE7FDF78EFC25
:10C6A000059B834200DD08E21D23079AD356591CDF
:10C6B00000D102E21C2010560D90411C00D1FCE17B
:10C6C00094460B33DB0063445B8811931E23D356DF
:10C6D000013300D1D5E000270024B846831D9BB26A
:10C6E000139E0F93012343449B46631C9946337862
:10C6F000002B5AD043468A4A9B009D5A5246AD1A97
:10C70000874A0F98944663445F88059BFF1A04F09C
:10C71000CFFC079B5B7F5BB2A34208D10A9B1B7FC8
:10C72000002B04D17F4A39002800FDF71BF97E4A0F
:10C730004B463900A81DFDF715F916239C46AC445D
:10C7400063460893738820000B93FAF743FF079A18
:10C750000C90138BDB0511D51D201056A0420DD077
:10C76000FAF738FF0C9A831A824200D9131A6F4ADB
:10C7700039000898FDF7F6F8119C07E00C9B6C4A0D
:10C78000390008980124FDF7EDF86442012004F017
:10C790008FFC28000B9B593000940D9A3900FDF74F
:10C7A00021FB43460233D8469B464C460836082CAC
:10C7B00098D15B465B109F00FF187F00FB18059A1D
:10C7C000079C01339F1A238BDB0500D533E11D2322
:10C7D0001E22E356A256934200D12CE11100A4463A
:10C7E0000B31C90061444D88B020514601320133FC
:10C7F000401A009239004F4AFDF7B4F8D023524650
:10C800009B1A9946238BDB0717D41D202056FAF775
:10C81000E1FE250004001E202856FAF7DBFE8442C4
:10C8200002D3201A2B2301E02D23001B0090424A43
:10C8300039004846FDF796F8FDE0119C2000FCF712
:10C84000CFFE061C2800FCF7CBFE80462000FCF73C
:10C85000DFFE041C2800FCF7DBFE011C201CF4F7A3
:10C8600027FCF4F78BFE029003914146301CF4F74D
:10C870001FFCF4F783FE314A0090019139004846CD
:10C88000D7E00E9B00279B4600239946244B5C462D
:10C8900098464E46D346731C08932378002B00D14C
:10C8A0007DE04246B3009D5A5A4643445B88AD1A28
:10C8B000059AB81D9B1A80B2994604F0F9FB079BB4
:10C8C0001B7F5BB2BB4204D1164A49462800FDF7E4
:10C8D00049F83800FBF7ACF949460200A81DFDF7FE
:10C8E00041F81C239A46164AE3789446AA44657890
:10C8F0000C93EB005B1B9B006344DB6860680D934B
:10C90000EB1E0B90012B07D8FE218905F3F700FEE3
:10C9100000281BD00B4B1AE00B4B18E09C50010871
:10C920001C5301089C480108A0480108A4480108BC
:10C93000AC480108B4480108BC480108C4480108D3
:10C94000D8550108F03701087C480108CA4B0C99FA
:10C9500028000F93FEF7DEFA0D9B05000B9802935B
:10C96000F4F70CFE2B00009001910F9A49465046B7
:10C97000FCF7F8FF013045002D18012004F098FB6A
:10C9800001236D00053D5B42554400933A00119B25
:10C9900049462800FDF726FAB31C089E0893013784
:10C9A0000C34042F00D076E7089B059A5B109F009B
:10C9B000FF187F00FB1801339F1A0A9BDA461B7F82
:10C9C000002B06D1B0205B46AC4AC01A3900FCF7F8
:10C9D000C9FF1D235246B620079D801AEB56A84A70
:10C9E00001333900FCF7BEFFCC245346E41A2B8BED
:10C9F000DB070AD41D202856FAF7ECFDA14A0300F4
:10CA000039002000FCF7AEFF15E0119E3000FCF766
:10CA1000E7FD051C3000FCF7FBFDF4F7AFFD0290CD
:10CA20000391281CF4F7AAFD009001913900200021
:10CA3000954AFCF797FF53461825ED1AFBF7F4FAD1
:10CA40000021061CF3F764FD002823D10A9B079AF6
:10CA50001C7F043C63425C41072364429C43923345
:10CA6000D05CF4F701FD8949F4F70CFA311CF4F7B6
:10CA700009FAF4F783FD02900391301CF4F77EFD70
:10CA800020340090019123003900814A2800FCF7EE
:10CA900069FF0B37A823079A0021D458201CF3F70D
:10CAA00037FD002809D1201CF4F768FD794A009071
:10CAB000019139002800FCF755FF2123079AD35C28
:10CAC000072B13D8128BD20710D45A00D318724AEE
:10CAD0009B00D3185C68002C08D00021152004F0BE
:10CAE000FFFA0A2053461999C01AA0470623524656
:10CAF00000259B1A252B02D8684E0E9F03E0049B4D
:10CB0000202B2AD13FE03B78002B21D018237A78C4
:10CB10001341DB071CD46249B868F4F7B3F9FC2170
:10CB20008905F3F757FEF4F77FFCE824059B241AE8
:10CB3000E41AE31C242B0BD8A81D80B204F0B8FA29
:10CB40005346A11E5842009605230622FCF76EFBB1
:10CB500001350C37042DD6D1D1E7524B1A68049B0E
:10CB600010005C00069B40301219591E07E0C55AA0
:10CB7000D55202339C42FAD11219403001390029B2
:10CB800001D00023F3E75046069B049A05990A302A
:10CB900004F042F9099B5B08099301D1FFF745F9BD
:10CBA00020239C46179BE2449A4501D0FFF783F966
:10CBB000FFF73BF9230700D4B9E03B4C237F022B5E
:10CBC00004D020251826032B03D000E018252026AA
:10CBD000FFE70021012004F083FAA022072352007E
:10CBE000E921002004F03CF9002004F03BFB012384
:10CBF0002E4907910A8B0800134265D14968806865
:10CC0000814207D12A4B019100932A4A2B00E92146
:10CC10000A2015E0274F520615D4274B01910093A7
:10CC20003A002B00E9210A2004F02AFB079B9B68AD
:10CC300004930193214B00933A003300E921CD2066
:10CC400004F01EFB5FE04A08400810180B40C318B0
:10CC500001931B4B3A000093E9212B000A2004F0BA
:10CC60000FFB079B9A685B68049205931300059A73
:10CC70009B1A0193134BDEE7884801089C48010882
:10CC8000D0480108D8480108C448010892FA364A39
:10CC9000E0480108F44801083C530108B453010876
:10CCA0000000E8412C26002008030020A8070020EF
:10CCB00014490108084901081849010820490108D8
:10CCC00028490108304901089923079D924AEB5CE5
:10CCD000E9210A2004F0D4FA6D8B013D2800FCF70D
:10CCE0007FFC061C2800FCF793FCF4F747FC02903D
:10CCF0000391301CF4F742FC884A00900191E9212D
:10CD0000CD2004F0BDFA122004F0D2F9608BF9F7BF
:10CD10002FFC079A0300528BE92100928220804A5F
:10CD200004F0AEFA012004F09DFA7E4B1C88E30665
:10CD300077D50021182004F0D3F950230A2264216A
:10CD4000002004F08DF8002004F08CFA764B079355
:10CD50009A8CD30523D5432320AC2370734B1B88B7
:10CD60001900303161700021618071498B4201D11D
:10CD70002A236370930505D5172004F099F96323DE
:10CD8000237002E0012004F093F9220064210020C6
:10CD900004F076FA012004F08BF9079B9A8C654C1D
:10CDA0000223270064262437350008351A420AD0AA
:10CDB00022002900002004F063FA079B9A8C3300BC
:10CDC00010332E001D000434BC4201D06388EBE711
:10CDD000079CE17FD30507D52023E35C8B4203D07A
:10CDE000182004F065F9E17F6123032901D8193186
:10CDF0004B00514A2900002004F042FAF8F768FD80
:10CE0000041E09D0012004F053F9310023001B3126
:10CE10004A4A002004F034FA012004F023FA414B7E
:10CE20001C88E30501D4FEF779FF04F0DFFD041E42
:10CE300001DCFEF773FF0022414BC00FA3425041BB
:10CE400000210C3004F04CF91CA98C460F268121DE
:10CE5000C8253C4B664420933B4A042303278C4659
:10CE60002D0100E00B00591C1F4202D16046705496
:10CE700005E08120944200DB3C307054643AAA42C1
:10CE8000F0DC812020AA5054D1187E300333887002
:10CE90009BB2009201210822FE3804F035F9FEF71A
:10CEA0003DFF53463D88059AED1A7B889C1A172B47
:10CEB00001D8FFF79FFBFFF7C3FB069B1F2B01DC8D
:10CEC000FFF71CF82023802404930693FFF71EF835
:10CED0001F2801DDFFF7A4FAFFF7A8FA002901DBFC
:10CEE000FFF7A0FA12E0194B13410122134001D1C0
:10CEF000FFF768FAFFF749FA089B1B880F93002396
:10CF0000002C01DDFFF763FAFFF70DFA002C01DBBF
:10CF1000FFF78CFAFFF774FA384901085049010805
:10CF200060490108D4260020A80700200A3F0020FD
:10CF3000FFFF0000484801086C49010870490108DA
:10CF4000E30C0000003C3CFF04100000E7FFFF7F03
:10CF500010B5431C29D00200144B0B32D100595C90
:10CF6000002922D01D215956814204D102241048A3
:10CF7000017821430170D2009B185888FDF7EAFF21
:10CF8000FDF71CF81F23C21713401B185B11092261
:10CF900000210020FCF7DEFA2021064A13888B438B
:10CFA00004210B431380FEF7C1FD10BDA80700202C
:10CFB00030260020D426002010B50348FEF764FD7B
:10CFC000FEF7B4FD10BDC0461B0300009023DB0537
:10CFD00018690E231840064B9B8A1B0606D543088A
:10CFE000C2085340DB0701D50A2358407047C046AA
:10CFF00008030020182210B50D4C238B1A40082A74
:10D0000005D0102A06D0002A07D00A4A07E00A4AAB
:10D01000002004E0094A082001E01020084A002905
:10D0200001D04A6003E0182293430343238310BDD9
:10D03000A807002086600108266C01081E6C010804
:10D040002E6C0108F8B5CE4647460D0080B50200AB
:10D05000042800DD0422124BD200D75A9B189A886C
:10D060005E8891469A7990461A682A605B686B6080
:10D07000042810DD041F0A212000F3F743F94B4672
:10D0800058433F182F800A212000F3F721FA434626
:10D09000594376186E800CBC90469946F8BDC04640
:10D0A000D05901080A4B10B51C880A4B14211A8864
:10D0B000094B1B889A4208D12000F3F71FF989B267
:10D0C000002C02D0002900D11431C81C10BDC0466C
:10D0D000C42E0020C22E0020F82E00200020044A7A
:10D0E000835C002B03D02E2B01D00130F8E7704772
:10D0F000CC2E002001230A210A005A43824201D289
:10D100001300F9E75A00824204D805214B438342B9
:10D1100000D9130018007047802110B5064AC900D5
:10D12000938C10200B4093840122044B52421A80AE
:10D13000FEF7AAFC10BDC046A80700200A3F002049
:10D1400010B5064A0023117F814205D01077852053
:10D15000C000FEF799FC0123180010BD0803002051
:10D16000104B00221900583110B50A7019006031B7
:10D170000A70190068310A70190070310A701900BC
:10D1800078310A70190080310A70190088310A70EC
:10D19000190090310A700220FF329A775A77FEF711
:10D1A00073FC10BDA80700201D22F8B52E4C050009
:10D1B000A25600290DD00423824206D003000B336F
:10D1C000DB001B5D002B01D00123CB7001304860D8
:10D1D00049E003000B33DB00185D00280AD0AA42A7
:10D1E0000AD119551E25FF23022065576377FEF7E4
:10D1F0004BFC01E001221A551D22A2566DB2A27706
:10D2000065776B1C0FD1002101200B00174EDF004A
:10D21000F75D002F01D001005DB20133082BF6D17C
:10D22000002900D065771D202056824202D1FF23BD
:10D23000A37701E0531C13D100221E211300012506
:10D2400061560A4EDF00F75D002F03D0984201D0EF
:10D250002A0059B20133082BF4D1002A00D0A1775B
:10D260002020FEF711FCF8BDA807002000080020D0
:10D27000F8B58027FA26104CFF05F6007D6A236872
:10D28000EB1AB34203D8C820F4F7E2FCF6E7FFF745
:10D290009DFE0100094A25601388108099438BB2D6
:10D2A0005807C00F1A0701D5102210439B0701D55C
:10D2B00020231843F8BDC046E42E0020E02E0020B5
:10D2C000F8B58023DB05CE469946FA2347469B00F6
:10D2D00080B5984604274B461A4E5C6A3368404630
:10D2E000E51AF4F7B5FCFFF771FE174902000B8849
:10D2F00018009C46154B504080B29D4201D93A42DD
:10D3000019D1384019D1944502D00A80346015E013
:10D310000F4B9D42DFD90F4B1968A142DBD2910719
:10D3200000D56020120701D5502210430A4A9446C6
:10D3300064441C6002E0042000E001200CBC904624
:10D340009946F8BDE42E0020E02E00204FC30000D7
:10D3500050C30000E82E0020B80B0000F8B54F467F
:10D36000D646072480B59946089B05009B780E0099
:10D3700017009A461C4038D01020184043425841AC
:10D380000F3003F0A1FE3A0031002300280003F023
:10D3900067FD534640201840434258410F3003F088
:10D3A00093FE220031004B46280003F059FD5346FE
:10D3B00058B2C043C00F0F3003F086FEE8192200B8
:10D3C0003100001B4B4603F04BFD53462020184014
:10D3D000434258410F3003F077FE4B46F118091BCA
:10D3E00023003A00280003F03BFD089B1978587889
:10D3F00003F076FE53461B0707D44B4662009B1A88
:10D400003119BA1A281903F02BFD0CBC91469A4623
:10D41000F8BD0000012310B5044A1178194203D069
:10D420004B40137004F0D4FA10BDC046FB2E002010
:10D4300070B590240D4EE40530000022012104F067
:10D4400035FD20004022072104F030FD0125402356
:10D45000B5612A003000A361002104F027FD2A00F5
:10D460000621200004F022FD70BDC04600040048E3
:10D4700010B50C1E0AD0074B5B8B1B1A5A42534146
:10D480000233CB70F9F774F8606001E0F9F730F817
:10D4900010BDC046080300200B4A10B56D320C00C9
:10D4A000C1B2002C0AD013781B1A584243410233F0
:10D4B000E3700800FDF7B8FC606003E003481170FA
:10D4C000FEF7E2FA10BDC046080300200204000087
:10D4D000084B400010B5C05A002908D0064B5B8BA2
:10D4E00048601B1A5A4253410233CB7001E0F9F7EE
:10D4F000BFFF10BD386C0108A8070020F0B5C64674
:10D5000000B58CB000283FDB042302AF7B70204BBA
:10D510001B785BB2834203D105233B705C3302E08E
:10D5200003233B708E33BB701A4B46001A68984633
:10D530005378194D9219DB009478E81882882109F4
:10D5400051435D5BC3884D190F210C405C434188FA
:10D5500000976418A8B2A1B2FFF700FF43461B680A
:10D560009E19F078FF280FD05B78002B06D122009F
:10D5700029000F32203103F01FFF05E02900A21D12
:10D580000B31022303F09CFE0CB004BC9046F0BDAE
:10D59000CC030020C82E0020C45B010810B5002970
:10D5A0000AD0074BDB7F1B1A5A425341013002332A
:10D5B0004000CB70486002E0C0B2F8F75FFE10BDDB
:10D5C000A8070020431CFA20000110B55843002989
:10D5D00008D0064B9B6848601B1A5A4253410233DD
:10D5E000CB7001E0FBF7C8F910BDC046080300206E
:10D5F000F0B54746CE46002480B58046270083B06C
:10D600008022154E01AB520031004046F7F7F4FA84
:10D6100000281BD1019B002B18D0104B0500994608
:10D62000019BAB42ECD9735D0D2B06D10B4824183E
:10D630002770FAF7E3FD002406E01F2B04D97F2CA6
:10D6400002D84A46135501340135E9E7002003B0FA
:10D650000CBC90469946F0BD082F002008300020F1
:10D6600007B58022110001AB92020905F7F780FB94
:10D670000EBD000007B5034A01AB0349F7F778FB7D
:10D680000EBDC0469C100000A80700200F4B0A6882
:10D6900013B504009A4201D00D4816E06B460422EF
:10D6A00001A9F7F7A9FA0028F6D10A4B019A9A4284
:10D6B000F2D120006B46084A0849F7F79DFA041E8C
:10D6C000EAD10748F9F7A8FE200016BD9C1000001B
:10D6D000965E0108544E4F4398100000AC0700209E
:10D6E000FFFF0000F0B54546DE4657464E46E0B522
:10D6F0003D4D83B001AB8A46682229008046F7F78A
:10D700007BFA3A4B002866D1394A2988914262D186
:10D71000A022698A520091425DD1EA8BF02A5AD147
:10D72000E98E344A914256D10600334B00249B4681
:10D73000B14601AB022269464046F7F75DFA002682
:10D740006B466A469E575278671C2C19331E22700E
:10D7500007DDE91901AB32004046F7F74DFAF4193D
:10D7600006E001330134012B01D02270F9E7BC1B24
:10D770005C45DEDDA0235B000700002228009B46FD
:10D78000CC46437881789946F82349015B011940DA
:10D790004B4607249B085B03194303785600A343B9
:10D7A0004C46640923430B430132AB5303305A45C3
:10D7B000E7D16646012361460020013603F044FBB1
:10D7C000F02E01D0002FB0D05246CF2109320020D8
:10D7D00003F056FD0023180003B03CBC9046994668
:10D7E000A246AB46F0BDC046082F0020965E010859
:10D7F0004949000005800000BF030000F0B5C6469F
:10D8000000B584B003AB68222C490700F7F7B0FAE3
:10D810008046112003F058FC002407264346002BC5
:10D8200047D1A022264D01232100404600955200F9
:10D8300003F036FA4023FF3398463D3BFF3B9C46BE
:10D84000204943465B00EA5A1302120A13439BB273
:10D850001A0AB243802A00D9324360460A70DA08B5
:10D860008243D2B2802A00D90243DB00DBB24A7085
:10D87000802B00D933438B7043460339013B9846D4
:10D88000DFD2F022290092000F48FAF7BDFF03AB68
:10D890000200039029003800F7F76AFA0123804656
:10D8A000402021001A00FF30013403F0D9FAF02C97
:10D8B000B4D1404604B004BC9046F0BD40750108A8
:10D8C000082F002045330020882F0020F0B5DE46C9
:10D8D000574645464E46E0B5204C83B001AB0F009D
:10D8E0007A2221008046F7F787F91D4B00282DD1B9
:10D8F000A022658A5200954228D1E28AF02A25D1D9
:10D90000A28B102A22D1A0239B009A460123EF2646
:10D91000994601AB524621004046F7F76DF92900C0
:10D9200083462000FAF766FF31004B462A000020AC
:10D9300003F08AFA013E02D35B46002BE9D03A009D
:10D94000CF210932002003F09BFC0023180003B014
:10D950003CBC90469946A246AB46F0BD082F00203D
:10D96000965E0108F0B5CE46474680B585B003AB5C
:10D970007A2219498046F7F7FBF90500112003F0D8
:10D98000A3FBA023A0279B00EF2499467F00002D36
:10D990001BD1124E01233A0021002800009603F00B
:10D9A0007FF939003000FAF725FF03AB4A46310012
:10D9B0004046F7F7DDF901230500402021001A0059
:10D9C000FF3003F04DFA013CE1D2280005B00CBC59
:10D9D00090469946F0BDC04654590108082F0020D2
:10D9E000F0B5002357464E46DE4645469A46E0B51A
:10D9F0001C001E0097B0029003920193802205AB99
:10DA000052004C490298F7F7F7F800286CD1059BB3
:10DA1000002B69D0484B050098465746059B9D4210
:10DA200060D2444B5B5D0D2B51D100234348102243
:10DA30003618337006A9FAF7A5FE8346012844DD9F
:10DA40000222069803789343212B3ED0FAF7D4FDA7
:10DA50000700642C02D83A4B984201D9394D61E055
:10DA6000002C00D10190E6000798FAF7EDFDB246D0
:10DA70004346C244F0500898FAF7E6FD5346586012
:10DA800065239946039BA144012B11D15B46032BCF
:10DA90000EDD0998FAF7D8FD4B464246DB00985058
:10DAA0000A98FAF7D1FDCB239B00534418600AE093
:10DAB0004B4600224146DB00CA50CB239B009C46CC
:10DAC0004644664432600134A4B2002607E01F2BAE
:10DAD00005D97F2E03D81949721C8B5596B2013592
:10DAE000ADB29BE7BA4689E70025AC421AD0F7F7FA
:10DAF000F5FE154B002219009C310A601900A03177
:10DB00000A60280001995C83F9F770FD51460120F5
:10DB1000F9F76CFD04230D4A012011780B431370B3
:10DB2000FDF7B2FF280017B03CBC90469946A246CC
:10DB3000AB46F0BD082F00204C1800200830002014
:10DB400000BBEEA0965E0108A8070020A8030020F5
:10DB5000F0B54E46DE4657464546E0B58BB006006A
:10DB600009AB2A22002904D12449F7F701F9244FEF
:10DB700003E02449F7F7FCF8234F244B00259A468D
:10DB8000CB239B009946224C53465B8BAB422EDD48
:10DB900000282CD1A8B2F8F7F3FC1E4B8346984618
:10DBA0004B46E058F3F7EAFCCA23069007919B0026
:10DBB000E058F3F7E3FC049005916068F3F7DEFCAE
:10DBC000029003912068F3F7D9FC5B460090019125
:10DBD0003A0080214046F5F771FF09AB0200099039
:10DBE00041463000F7F7C4F801350834CCE70BB0F4
:10DBF0003CBC90469946A246AB46F0BD3C6C010841
:10DC0000686C0108786C0108A46C0108A807002062
:10DC10004C180020082F002010B500290AD0074B0F
:10DC200007481A7801231A4200D1064893434860F6
:10DC3000CB7001E0F7F75EFE10BDC046A8030020E0
:10DC4000966701089C6701081C2370B5104CE356C9
:10DC50005A1C1BD018000C2500290AD09A1D0A70E6
:10DC6000083108000B4A2021F5F728FF0EE0984202
:10DC70000CD00130042800D100202A004243A21811
:10DC800028321278002AF2D0F9F7F8FF70BDC046AA
:10DC9000A8070020A15E01081C2010B5104B1856E3
:10DCA000421C03D10F4B00290CD118E00C22424337
:10DCB0009B181A002A321278002905D00A4B002A34
:10DCC00000D00A4B4B600AE029331978C023FF3398
:10DCD0000B4101210B4202D05140F9F7BBFF10BDAF
:10DCE000A807002086600108C45F0108CF5F010813
:10DCF0001D23020010B5094C1100E3560B33DB0065
:10DD0000E3180220185E012A01D001214942FDF7E3
:10DD1000E9FA8022238B9343238310BDA8070020B8
:10DD2000084B800010B5C058002908D0064B1B6E68
:10DD300048601B1A5A4253410233CB7001E0FAF794
:10DD40000FFA10BDA876010808030020F0B5574669
:10DD5000DE464E464546E0B56E4B6F4A1B780127BE
:10DD60009B009C580023BB469A46B9468FB003904F
:10DD7000002C00D1B7E052465B469340039A674FB0
:10DD80001A4214D1012322009C46A37A0A32E244AB
:10DD90001400002B00D0A0E0D37994791B02234318
:10DDA000147A24042343547A24061C4395E0042364
:10DDB00004AE7370FF23F370594B1B78012B08D10D
:10DDC000584B1B785BB2534503D1052333705C334A
:10DDD00002E0032333708E33B3702378032B24D1F6
:10DDE00000233372E279A37912021A43237A1B04C7
:10DDF0001A43637A1B0613430FD1E378A2781B0200
:10DE000013432279202112041343627906A81206D3
:10DE10001A437368F5F752FE05E0607831009847C1
:10DE2000337A002BE9D006AD09E0E378A5781B0230
:10DE30002B4325792D042B4365792D061D434B4635
:10DE40009BB298464F223B8841460096F120FFF74F
:10DE500085FA0322B256F826002A11DB3B88F62009
:10DE60000B3BD90FC918162353432F4A49109B184F
:10DE700000930B23414489B21A0003F045F90C3694
:10DE80002B0001221878002805D00A384142484169
:10DE900001331218F6E70A23534390463A880133B8
:10DEA000934207DB03F0DEF943463988DB00CB1AE7
:10DEB000013B09E0584603F0D5F90B2342465B428B
:10DEC00053433988CB180133D90FC9184910494435
:10DED0002A00300003F0D4F954E73B8899445346B4
:10DEE000102B00D044E74F46E82F09DC002003F058
:10DEF000EBF8E9234F22DB1B4946F12002F0B0FF8B
:10DF0000012003F0AFF90FB03CBC90469946A24601
:10DF1000AB46F0BDF62E0020B8030020B40300206D
:10DF2000FC2E0020CC0300201C5A010810B5064A24
:10DF3000012311780C001C4005D14B40137003F0F5
:10DF400031FD024B1C7010BDFB2E0020FA2E00206C
:10DF5000F8B54746CE46254B80460020185E244B38
:10DF600080B500229B5E0F009946224B1B78002B48
:10DF700004D0434618604B460B6032E01E4D4026ED
:10DF80000C23EA5E2023801AFF3358431023E95EF6
:10DF9000FF36891AF2F7B6F910300400B04201DDFD
:10DFA000340002E0C043C01704400E23EA5E4B4633
:10DFB000981ACF2358431223E95E891AF2F7A2F97F
:10DFC0001030EF2801DDEF2002E0C343DB171840DB
:10DFD000AB8A1B0602D5EF23341B181A43461C607C
:10DFE00038600CBC90469946F8BDC046F22E002021
:10DFF000F42E0020FA2E00200803002010B5084A55
:10E000000624138B002906D02340C31A58424341EB
:10E010000233CB7002E0A3430343138310BDC04619
:10E02000A80700200548038B002903D01B06DB0F3F
:10E03000CB7002E08022534003837047A807002082
:10E040008023094A1B04002909D092681A4203D090
:10E050000123CB70054B00E0054B4B6002E091685B
:10E060004B4093607047C046002800408D5B01081C
:10E070007668010810B50848838C002903D05B0539
:10E08000DB0FCB7006E08022D20053408384102047
:10E09000FDF7FAFC10BDC046A807002010B50848DF
:10E0A000838C002903D0DB05DB0FCB7006E08022D8
:10E0B0005200534083841020FDF7E6FC10BDC0469B
:10E0C000A807002010B50A4A0123108B002906D0AA
:10E0D000084A184201D0084ACB704A6007E0434022
:10E0E00008001383FFF72CF80A20FDF7CDFC10BDC4
:10E0F000A8070020766801088D5B010810B5084864
:10E10000038B002903D0DB05DB0FCB7006E08022F8
:10E110005200534003832020FDF7B6FC10BDC046DB
:10E12000A8070020F0B58FB002AC0E002100070058
:10E13000FEF788FF03239F4205D1184B1A883B0046
:10E14000D20700D50D2304AD2B7004236B70144B44
:10E1500061221B785BB29F4200D03032002E01D08A
:10E16000AA7002E008231343AB70A379A2886188E8
:10E1700020880095FFF7F2F8002E0CD0A3792088B4
:10E180000B3BD90FC91863884910C918E3793200CD
:10E19000C01803F075F80FB0F0BDC046C02E0020C7
:10E1A000CC03002010B5002801DBFFF7BBFF10BD3A
:10E1B00010B508490320FFF7B5FF07490020FFF716
:10E1C000B1FF06490120FFF7ADFF05490220FFF727
:10E1D000A9FF10BDF8590108FC590108FE590108B2
:10E1E000005A010810B50C4C2378002B12D09B204C
:10E1F000E9214000FDF73EFC2378012B01D1FDF71A
:10E2000077FC2378023B012B02D80448FDF73CFC45
:10E210000023237010BDC046FC2E00201A0300000E
:10E22000F8B54546DE4657464E461C22E0B5684BDB
:10E230009A569846531C00D1C4E00C2353434344E0
:10E240001A001C212932127851439246614A521811
:10E2500092699346002A00D1B4E02A331A78CA237F
:10E260009B005343994600265B4A9144F100494480
:10E270003000D847FF224300071C5B08D2059342B9
:10E2800000D19FE0002E0ED0011C281CF2F746F9A9
:10E29000002800D03D1C391C201CF2F753F900283F
:10E2A00003D03C1C01E0051C041C43465B8B01367B
:10E2B000B342DBDC291C201CF2F78CFAFC21890517
:10E2C000F2F7E0FD291C061C201CF2F721F90028BA
:10E2D00005D1211C281CF2F7EBFE404908E0002183
:10E2E000201CF2F715F900282BD160003C494008AA
:10E2F000F2F7C8FDFE24071C051CA405FE21281CFE
:10E300008905F2F70BF900280AD03649281CF2F7E4
:10E31000B9FD3549051C201CF2F7B4FD041CEDE7DE
:10E320003049281CF2F718F900280ED02E49281C75
:10E33000F2F7A8FD2B49051C201CF2F7A3FD041CD5
:10E34000EEE78027FE24FF05A405FA21381C890585
:10E35000F2F798FD051C291C201CF2F7F3F80028A1
:10E3600006D0FC21201C8905F2F78CFD041CF2E785
:10E3700052461E4B1341DB0705D5FE21301C890593
:10E38000F2F796FE061C43461C20211C1856F9F78E
:10E3900083FC211C301CF2F799FBFC218905F2F764
:10E3A00019FAF3F741F8F3F75FF8011C8120C00573
:10E3B000F2F77EFE4346011C1C201856F9F780FC3C
:10E3C000FFF710FF3CBC90469946A246AB46F8BD0D
:10E3D000A8070020D85501084C180020CDCC8C3F50
:10E3E0009A99993F00002041CDCCCC3D400000409F
:10E3F0007FB504000D1E20D003F0D4F9061E14D002
:10E400008068F3F77BF8F3F7B9F80290039170682E
:10E41000F3F774F8F3F7B2F8009001912800084A76
:10E4200020210830F5F74AFB00E06C60054B1B88A3
:10E43000A34204D10123EB7001E0F8F7EDFF7FBDAB
:10E44000366801080A3F00207FB5184CA38CDAB269
:10E45000002A2AD080229200134000291DD0EA3AD7
:10E46000FF3A002B00D1143A0A70206908310D00E0
:10E47000F3F744F8F3F782F8668C02900391E068B2
:10E48000F3F73CF8F3F77AF8330000900191084A6B
:10E4900020212800F5F712FB07E0002B05D00134FE
:10E4A000F9F798F9E07FF7F7E9FE7FBDA8070020AC
:10E4B000585F010870B50A4C4500002907D0094B88
:10E4C000625D9B8C1A420AD00123CB7007E0064B99
:10E4D00064191980F9F78CF96278044B1A7070BDD1
:10E4E000A05A0108A8070020E02E0020CC0300203D
:10E4F00070B504000D1E08D0FCF726FD2041044B2A
:10E50000C20700D4034B6B6001E0FDF7C5FA70BD94
:10E51000E46A0108EA6A01080C234343144A10B56F
:10E52000D31828331B78002912D0002B0ED0831D5E
:10E530000B70104B1B785BB2834201D105230B702B
:10E540001C23D356834201D10123CB7048600DE0D8
:10E55000002B06D0127F52B2824202D0F9F78EFB16
:10E5600004E059425941C9B2F9F7EEFB10BDC0466B
:10E57000A8070020CC03002070B504000D1E09D0B0
:10E58000F7F7A6F983B2E31A584243410233EB701E
:10E590006C6002E0C0B2F7F78DF970BD70B50D0088
:10E5A00012490A006E321378002D11D0022B01D9C6
:10E5B000002313706E310E780D4C002E06D0200013
:10E5C000F3F7E0F801302418013EF6E76C600CE048
:10E5D0000133DBB2022B01D8137000E01570FCF799
:10E5E000F3FD8020C000FDF74FFA70BD0803002046
:10E5F000C46C01080D4A10B510006C300378002976
:10E6000007D0022B00D90023094A9B009B584B607E
:10E610000AE00133DBB2022B01D8037000E0017085
:10E620006C321078FAF7D0FA10BDC046080300200B
:10E630001C5B0108F0B5CE46474680B583B0002983
:10E6400072D13C4A3C4C13682340009353683B4AC8
:10E6500013403B4A019314001378002B1AD0303B2F
:10E660000131137001320629F6D12678637836011C
:10E670001E43A378E2781B012579134362792D01AB
:10E680001543F6B2DBB2EDB226706370A57019289F
:10E6900033D104E0635401310629FBD1E5E7002BB7
:10E6A00001D1013302E0122B01D912236370637888
:10E6B0009846002D02D10123A37016E05A0021488C
:10E6C0003B21F1F70BFF032707401C370A213800D5
:10E6D000F1F7FEFE894638000A21F1F713FE4B469A
:10E6E00001011943A94200DAA1706B4642465A71F2
:10E6F0006A469E71A378137112E0232E01D923225A
:10E700002270592B01D959236370592D01D95923EE
:10E71000A3706A462378937063785370A37813705C
:10E720000099019803F058FA03B00CBC9046994642
:10E73000F0BDC046002800407F7F7F003F1FFF00E4
:10E74000CC2E0020CCEE0B00F0B58B4B4546DE46C0
:10E7500057464E461B68E0B598464000874E4044F9
:10E7600083B0C5783000F3F70DF843465B780400BA
:10E770000700002B00D0C5E02A000D3A092A34D842
:10E78000002800D1EEE0022A1FD80C3DADB26B008C
:10E790005D19FEF7A3FCADB22B180C2B02DD0C2586
:10E7A0002D1AADB236183021002073783278002B44
:10E7B00001D0002A01D10B00B070013DADB27270E2
:10E7C00033700136002DF0D1BEE02A00103A032A42
:10E7D00000D9B9E06A4A3418019202AA9446654405
:10E7E000143D2A7832546370AEE0664B1A78C02329
:10E7F000DB04134101221340984606239946434601
:10E80000002B01D10C3399460C2D02D1002C0DD1D7
:10E81000A8E00B2D19D133782D2B09D1330000221C
:10E8200059780132197001330C2AF9D1671E1FE0A3
:10E8300033000C22D97A013A1973013B002AF9D12D
:10E840002D2333704C4513DA11E04C4510DA092DB5
:10E8500002DC303535550AE00A2D09D1FEF73EFCC1
:10E86000844205D14B460C2B02D122333355671C11
:10E870000023F35543465427002B0AD1FEF72EFC04
:10E880000321F1F725FE02233F4F5B1A1F410123AD
:10E890009F431421132002F023FC01239A460933DD
:10E8A0009846073B562499463578002D25D00136E9
:10E8B0002E2D02D13F01454608E02D2D03D14B46B8
:10E8C000223D9F4302E0303D092DEDD8534642469C
:10E8D0003B40534302339B4620005C4416235A4678
:10E8E000D521A4B202F0BCFA2100E8B2D52210343E
:10E8F0007F0802F061FDA4B2D6E716231C22D521C1
:10E9000020001EE0162D02D100282BD01CE01A2D6D
:10E9100003D1431E002805D124E01223984201D0E0
:10E92000431C3554002214211320F25402F0D8FB6A
:10E930000223D6222C21300002F052FD14230C2297
:10E94000D62102F08DFA0FE00A220E4B1B785343BA
:10E950000E4AD2181389D1881B040B4302D0507879
:10E9600000219847FFF73EFC03B03CBC9046994617
:10E97000A246AB46F0BDC046C82E0020CC2E0020DB
:10E980006D756E70C72E002024490000845C01085C
:10E99000F8B54E46DE4657464546E0B5254E0128B9
:10E9A00006D10020305600283DDBFFF7CDFE3AE0CF
:10E9B000214F01243B681D7820239846013D3A6889
:10E9C0000023934642460240F35692466AB291466D
:10E9D00010229C46002102405046002805D0013BF1
:10E9E0005BB22100002B00DA4B46002A05D0013330
:10E9F0005BB22100AB4200DD002358005844C078D0
:10EA0000FF28E9D0002900D033706046FEF776FD7C
:10EA100000203056FEF772FD0848F3F719F9FEF7AB
:10EA20004FFC0028CBD13CBC90469946A246AB4651
:10EA3000F8BDC046CC030020C82E002010270000DF
:10EA4000F0B5C64600B5FEF7E5FC802002F08AFF6F
:10EA5000FA272F4EFF00B8423BD9802390242D4D3A
:10EA6000E4055B02AB612C4A0721200003F01EFA8B
:10EA7000802002F077FF0223AB61802301221B0478
:10EA8000A36111008046280003F010FA2000012243
:10EA9000072103F00BFA00222800110003F006FA08
:10EAA0001D4A0621200003F001FA402002F05AFF1F
:10EAB0000400FEF7BDFC802002F054FFB84204D9E8
:10EAC0004246164B1C80164B1A80002301203370DF
:10EAD00003E03078013843425841124A13788342A8
:10EAE00012D08023DB055B6A0F49002805D0096836
:10EAF0005B1A0E498B4206D900E00B60107043424E
:10EB00005841023000E0002004BC9046F0BDC046F1
:10EB1000FA2E00200004004803080000F22E002016
:10EB2000F42E0020F02E0020EC2E00200F270000F5
:10EB300010B5FFF785FF0328FBD110BDF7B5060020
:10EB40000F000120002115001C0002F0C9FA02F09C
:10EB500039FA0B4B39000093092330001A0002F0F8
:10EB6000D3FA2B00074A73216A2002F089FBFFF7D2
:10EB7000DFFF054B1B882380044B1B886380F7BD98
:10EB8000A8750108285B0108F22E0020F42E002051
:10EB9000F8B51F4B1D681F4B6E78F600F75A874279
:10EBA00034DC9E1973888B4230DCC71BC81AF1888D
:10EBB000F1F7A8FB0F24B18804403800F1F7A2FB5D
:10EBC0000001204300242978C0B2AA1CA1421DDD07
:10EBD0006300D65C864201D00134F7E7ED18EB788C
:10EBE000FF2B13D000260C4D60B2AE572870FEF7F5
:10EBF00085FC3000FEF782FCFFF79AFFFF23200020
:10EC00002B70FEF77BFC2000FFF79EFDF8BDC04691
:10EC1000C82E0020C45B0108CC03002000200D4B4F
:10EC20000D4A1B789B009B58002B12D019009B7A31
:10EC30000A31002B01D00B0009E0CA798B7912024E
:10EC40001A430B7A1B041A434B7A1B0613430130F9
:10EC5000EAE77047F62E0020B803002010B5FFF752
:10EC6000DDFF00220B4B9A56002A01DAFF2202E058
:10EC7000824201DB421E1A700100102800DD1021C3
:10EC8000082900DA0821E920F1F73CFB024B188043
:10EC900010BDC046CC030020B403002010B50D4CBD
:10ECA000002907D00234E37F1B1A58424341023344
:10ECB000CB700EE0C0B20234FCF726FFE27F064BB9
:10ECC000064992001B785158054A9B009950FFF75E
:10ECD000C5FF10BDA8070020F62E0020C066010861
:10ECE000B803002010B5074A04001378002B07D0A2
:10ECF000013B1370FFF7B2FF002C01D0FFF772FA4F
:10ED000010BDC046F62E002010B50020FFF7EAFF28
:10ED100010BD00007FB505000C1E1AD002F042FDA8
:10ED2000061E14D08068F2F7E9FBF2F727FC029088
:10ED300003917068F2F7E2FBF2F720FC08340090D0
:10ED400001910A4A20212000F4F7B8FE0CE065602A
:10ED50000AE002F0F3FC002806D10130FFF7C2FF01
:10ED60008220C000FCF790FE7FBDC04636680108D7
:10ED70000122074B10B5E921E7201A70FCF77AFE53
:10ED8000FFF76CFF01204042FEF7E0FF10BDC046D8
:10ED9000FC2E0020F0B5C646050000B5C30707D518
:10EDA000734B1B78012B00D1DFE0FFF7E1FFDCE0C4
:10EDB000704B197F042900D9D7E00800F1F704FA55
:10EDC00003D5373782001D236B4EF3565A1C00D1F2
:10EDD000CBE00B33DB009B5D002B00D1C5E0202393
:10EDE0000824984610271D20305603000B33DB0003
:10EDF000F318598843461D4204D0E308C91ACB438F
:10EE0000DB1719403D4205D0E208738B89188B420D
:10EE100000DC591EF8F758FA1D203056FEF798F816
:10EE2000FEF74EFA0134A4B2051EDCD19DE040206D
:10EE30001027514B2F401A8B0240586902290CD1E0
:10EE400000265C68B2421FD09A6866085208921980
:10EE50000126344014190E0016E09C68002A12D0D6
:10EE60005B68E41A002818D1002F04D0A0000130FC
:10EE7000FEF740F904000326AB0615D5601EFEF729
:10EE800039F9040010E00126002807D198685B6872
:10EE9000C01A8008FEF72EF900E00326002F00D0EC
:10EEA0002418AB0600D5241AFEF70AFA0028FBD175
:10EEB000324B334AE318934257D821003000F8F719
:10EEC00095FB52E01C212C4A002651564B1C04D0C5
:10EED0000C234B43D3182A331E78330010272633D4
:10EEE0009B00D318A4325C6813680021181C984654
:10EEF0002F40F1F70DFB002821D00021201CF1F755
:10EF000021FB002801D11F4B00E01F4B9846002F2A
:10EF100009D0FE21181C8905F1F75CFC011C201C9E
:10EF2000F1F7B0FF041CAB0617D5FE204146800563
:10EF3000F2F7BEF8011C201CF1F7A4FF0CE0002F33
:10EF400004D0201C4146F1F745FC041CAB0604D557
:10EF50004146201CF2F7ACF8041C211C3000F9F7E4
:10EF600017F8FEF7ADF90028FBD104BC9046F0BDC0
:10EF7000FC2E002008030020A8070020A8FDFFFFAA
:10EF8000A8B8EEA0CDCC4CBECDCC4C3EF8B5DE46FC
:10EF9000574645464E46E0B508256D426B1A8346F6
:10EFA0000C009A4621005846F6F754F8002848D13C
:10EFB000637A002B43D0237ADB06F3D409239846E7
:10EFC000A044434605001A78002A06D05146C918C5
:10EFD0002E2A00D10D000133F5E7002DE2D05B466B
:10EFE0002F00D96A0B787C2B00D1002341264246A2
:10EFF0007642B146D25D91444E46192E01D8203258
:10F00000D2B241267642B14699444E46192E04D8D2
:10F010002033DBB293420FD006E093420AD003E0E4
:10F020004A1C7C2B04D011000B78002BF8D1B9E7D7
:10F030002F0002E0002B05D001370131D2E7043068
:10F0400000E004203CBC90469946A246AB46F8BD81
:10F0500010B5064A1378032B01D8013313701378C7
:10F06000034A9B009850FFF7F9FD10BDF62E0020D3
:10F07000B803002010B5002907D0064B1B7F5BB2F8
:10F080005A1C05D006330B7002E00348FFF7E0FF7F
:10F0900010BDC046A80700209C6B010810B50029D0
:10F0A00003D0044B5B8B4B6002E00348FFF7D0FFBB
:10F0B00010BDC046A8070020F06A010810B500295D
:10F0C00003D0044B1B6E4B6002E00348FFF7C0FF08
:10F0D00010BDC04608030020C069010810B5002912
:10F0E00003D0044B9B684B6002E00348FFF7B0FF7E
:10F0F00010BDC046080300203C67010810B5044B52
:10F10000044A0233DB7F9B009858FFF7A1FF10BD34
:10F11000A8070020C066010810B50C1E05D0054BDD
:10F12000588BF7F725FA606002E00348FFF790FF7D
:10F1300010BDC04608030020C05E010810B50C1EBB
:10F1400006D0054B6D331878FBF76EFE606002E069
:10F150000248FFF77DFF10BD08030020D8630108B7
:10F1600010B500290CD0084BDB7FFF2B0BD00831EA
:10F1700001335B000800054A2021F4F79FFC02E000
:10F180000348FFF765FF10BDA8070020E0670108EE
:10F19000A467010810B50400F8F77EFB0020FFF714
:10F1A000A1FD002C02D10248FFF752FF10BDC0465E
:10F1B0007C680108F0B5C6461C2700B52D4B82B00F
:10F1C000DF570E007A1C51D0012105008022C011AA
:10F1D000084095430400002E2ED0743A7A439A18C2
:10F1E000100029300078A84204D12A321278A242B5
:10F1F00000D1F1700C2078431B182B331F782800A6
:10F200003900FBF787FE80467060032D2ED1012266
:10F21000002C01D1184B00E0184B3B41134225D084
:10F220003800FBF78BFE083600904346144A202135
:10F230003000F4F743FC19E0032D12D10C20784381
:10F240001B181A0029321278032A0AD12A331B7894
:10F25000A34206D10B48002B00D00B48FFF7F8FE65
:10F2600004E0220029003800F8F73EFD02B004BC9B
:10F270009046F0BDA8070020FF010000071E000017
:10F28000D0630108CC6401083065010810B52B4B30
:10F290002B4A1B789B009B58013813D3002BFBD0C3
:10F2A00019009B7A0A31002B01D00B00F4E7CA79D0
:10F2B0008B7912021A430B7A1B041A434B7A1B06F2
:10F2C0001343E9E7002B37D01A78022A10D0032A1B
:10F2D0001CD0012A28D1DA79987912020243187ACF
:10F2E00000040243587A00061043FFF7B1FE1BE00A
:10F2F000D9799A79090211431A7A120411435A7A78
:10F3000012060A4310D0587890470DE0D9799A79BF
:10F31000090211431A7A120411435A7A12060A4357
:10F3200002D0587800219047064B1B78012B03D15F
:10F3300001204042FEF70AFD10BDC046F62E002017
:10F34000B8030020FC2E002070B5F1281CDD114B05
:10F35000481E1988F0F7D6FF0400FFF75FFCA042B3
:10F3600012D90123002218000B4DA340AA562C707D
:10F3700090401843FEF7EAFCFFF7DAFBFF2320007A
:10F380002B70FFF783FF03E0FFF7D2FBFEF72AFFA6
:10F3900070BDC046B4030020CC030020F0B5C646C3
:10F3A00000B506000125FFF739FC1A4C87B22E4242
:10F3B00002D11023984620E00020205683B2BB42A1
:10F3C00002D3FEF70FFF22E0FFF760FF1FE0B30656
:10F3D00002D52378013B23700023E35699B2B9424A
:10F3E000EFD2280098401043FEF7B0FC0A48F2F72D
:10F3F0002FFCFDF765FF061E09D000232A004146B9
:10F40000E3569A400E42E2D001332370DFE704BC9A
:10F410009046F0BDCC0300201027000070B50C0012
:10F420001C21104B5956002C10D000224D1C04D02A
:10F430000C3251435B182B331A78121A53425A413B
:10F440000232E270FBF77AFD606009E04A1C07D0E7
:10F450000C2251435B182B3318702220FCF714FB4D
:10F4600070BDC046A8070020F8B5274B04001A78E5
:10F47000022A48D00021022208001A70FCF7FAFA8A
:10F480000A206043214D224A435D224E9B009B5837
:10F49000FF2234700024204F3B60204B1A70204B19
:10F4A0001C703B681B789C4204DA2000FEF726F8AB
:10F4B0000134F6E71421132001F012FEA0222023CC
:10F4C0005200D021002001F0CBFC0A2332785343B4
:10F4D000EB189A88598812040A431100012308780E
:10F4E000002805D00A384442604101311B18F6E774
:10F4F0000B214B432033D90FC91849104942F03131
:10F500000A3001F0BDFEF8BDFC2E0020845C01082D
:10F51000D45B0108C72E0020C82E0020CC03002099
:10F52000CC2E002010B5062804D10B4B1B7F042BDA
:10F5300000D10A3000290BD00A2343430748C018E2
:10F540000389C2881B04134304D04078984701E024
:10F55000FFF78AFF10BDC04608030020845C010845
:10F5600010B51C240E4B1C57621C18D00C22624391
:10F570009B1829331A78012393401822134201D093
:10F580000C280CD1074A134207D00123A82283403C
:10F590005201134201D0013080B2FFF7C3FF10BD0A
:10F5A000A807002004003C0070B506001D20304C68
:10F5B0002056F8F70FF8051E58D0062E54D8300004
:10F5C000F0F702FE0404040652522F00290025E041
:10F5D0001E202056431C03D01D23E35683420ED128
:10F5E0006268A36851085B085B1801210A409B18F8
:10F5F000E91A9D4200D2591B490003200EE0F7F79B
:10F60000E9FF041E32D0854202D92B0005001C0000
:10F6100029000020F7F7EAFF21000120F7F7E6FFB5
:10F6200022E01C22A256531C1ED00C235343E31885
:10F630002A331D781D23E3560B33DB00E31858886B
:10F64000CA239B006B43C100C9180A4BC918FAF7BB
:10F6500043F82B0026339B00E4186168F1F7BAF8F1
:10F66000011C2800F8F794FCFEF7BCFD70BDC046F5
:10F67000A80700204C18002070B514008CB0244A54
:10F6800002AB1A80002206000D009A7090420ED044
:10F690000093F0323C2350212820FDF75FFE32001A
:10F6A0005521322001F0ECFD0220FCF7EDF9002D90
:10F6B00011D00121042001F013FD2623EA22632149
:10F6C0002B2001F0CDFB2A0071213C2001F0D8FD58
:10F6D0000220FCF7D9F9002C0AD00E4BFA219C46E7
:10F6E0000D48890060436044F0F782FD050000E0AA
:10F6F0000A4D2800F2F7ACFA002C07D1FDF7B8FD4F
:10F70000012803D0FFF79CF90228F2D10CB070BD9C
:10F7100003040000E7030000A08601008813000036
:10F72000F0B5C64600B53F4C98B006000122210056
:10F730003D48F5F745F9002808D0FA223B49D200A8
:10F740003B48FFF799FFFEF74DFD67E0394B3A4A1A
:10F750001B7821001B019B580CA803931793F5F706
:10F7600037FC041EE9D11425731E03205D4301F00C
:10F77000ABFC0423ADB25B1B984606A90CA8FFF7AF
:10F7800005FC2E4F002815D1AC420BDB2B001333A8
:10F79000A34207DB4346181902AB19219C4661447A
:10F7A000FEF700FD3B880134002BE6D02B0014331C
:10F7B000A342E2D10CA8F5F743FC3B88002B0BD108
:10F7C0003C800120002C05D0A0B213301421F0F7AA
:10F7D00099FD80B21A4B1880641B04AD132C0BDC0E
:10F7E000201D2900FDF72EFCAB79AA88698828889E
:10F7F00001F036FB0134F1E7A02214235200DC2192
:10F80000002001F02DFBFEF7D3FC0D4B0D4A1B88A9
:10F81000E12100938E20330001F032FD18B004BCCA
:10F820009046F0BD86600108D83C0020025A0108CD
:10F830000A5A0108C72E0020AC5A0108C42E002025
:10F84000F82E0020105A0108F0B5C646284B00B526
:10F850000D0198465B195E688AB004000F00002E07
:10F8600042D0244B1B78002B03D0FEF7BBFCFCF7E7
:10F870005DF943465D59002C05D102F08BF90095E6
:10F8800003001D4A02E023001C4A0095202102A823
:10F89000F4F714F901221A491A48F5F791F8041EF1
:10F8A0000ED1194D0B2202A92800F5F7AFF8041E5E
:10F8B00006D139002800B04704002800F5F77AFB8C
:10F8C000124B1B78012B01D1F6F714F802A9002C7A
:10F8D00000D00F49FA220F48D200FFF7CDFE0A20D0
:10F8E000FCF7D2F8FEF77EFC0AB004BC9046F0BDEF
:10F8F000AC5A0108FC2E00203B7601084376010833
:10F9000086600108D83C0020B03A0020C62E0020B6
:10F910002C76010849760108012210B50D4B040030
:10F920001B7813400C4A137001D0F5F7E3FF0B4B23
:10F930009B8A022C02D19A0500D50134DB0704D53D
:10F94000E1B20020FFF780FF03E020001C30FFF74A
:10F950008BFD10BDA8030020C62E00200803002048
:10F96000F0B55746DE464E4645460300E0B50A3B35
:10F9700085B002930127C8237F425B009A4600248A
:10F98000B84681468B4603910C2363437B4AD35C84
:10F99000002B16D000257A4E67B23378002B0CD09E
:10F9A000039B029A1BB212B271883800FBF76EFDFE
:10F9B000504502DA8246A846019401350836082DE2
:10F9C000EBD10134042CDFD147464E465D467B1C0B
:10F9D00035D01D236B4CE356434501D0A3776777A1
:10F9E0008022238B002093432383FDF7A9FB0198FA
:10F9F000F8F744F903A902A8FEF7AAFA1C22029814
:10FA00000399A2560A38FBF755FD011E0FDB1D2096
:10FA1000205603000B33DB00E3185B88994206D0C5
:10FA2000F7F752FC1D202056FDF792FA02E05648E7
:10FA3000F2F70EF9FFF704F80328DBD196E0E72D83
:10FA400014DD4B46823B4B2B05D8FFF771F80220A3
:10FA5000FFF762FF8AE0E82D2AD04A4B1B8BDB07B9
:10FA600026D40224CC2E06DD013404E01D2D1FDC3B
:10FA70009F2E73DD0024FFF75BF82000FDF760FB8D
:10FA8000002873D1032C08D0042C0FD0022C6DD188
:10FA90003C4B188B4011204005E03A4B1B8B5B061A
:10FAA00000D401242000FFF7DFFC5FE00F20FAE71D
:10FAB0001C27344BDF577A1C47D00C227A439B1803
:10FAC0001A0029321278032A3FD0053E142E3CD862
:10FAD000E92D3ADC1E6BDC6A392D03DCFC21301C7D
:10FAE00089051FE0732D0BDC211C201CF0F772FE32
:10FAF000FC21041C8905301CF1F7C4F980210CE0BD
:10FB0000FC218905AD2D10DC201CF1F7BBF9311C5F
:10FB1000041C301CF0F75EFE8221C905F1F7C8FA1B
:10FB20008121C905F0F756FE02E0301CF1F7C0FA5A
:10FB3000051C211C3800F8F7AFF83800291CF8F72D
:10FB4000BFF81248F2F784F810E0FEF7F1FF104B0F
:10FB50001B78012B0AD0FFF70BF907E0F8F764FADE
:10FB60000021F0F7D5FC002884D184E705B03CBC27
:10FB700090469946A246AB46F0BDC046D00700204D
:10FB800000080020A807002088130000204E000075
:10FB9000FC2E002010B5002903D1C1B20148FFF7A7
:10FBA00053FE10BDCC2E0020F0B5DE4657464E4623
:10FBB0004546E0B5020097B0032827D8F0F70EFBC2
:10FBC0000400040006011E00854B1988002807D197
:10FBD0004A1E92B21A80002A0BD1824A128807E08C
:10FBE00080484A1C008892B21A80904201D20122B9
:10FBF0001A801888814200D1EAE0E4E001237A4AC1
:10FC000011884B401380FEF7D3FAE1E01424744BC3
:10FC1000043A1B88013B5C43744BA4181A8899462C
:10FC2000A3B29A4200D8B3E0012271497148F4F7B7
:10FC3000C7FE002800D0ABE0022301259A466E4B98
:10FC40006E4E98461B786A491B019B590AA801937E
:10FC50001593F5F7BDF9002800D099E0270004A915
:10FC60000AA8FFF793F9002803D1002F01D0013F24
:10FC7000F5E70AA8BB46F5F7E3F9002F00D087E0C7
:10FC8000594B1B882B4206D002AB9C461120604486
:10FC9000F5F724FA7CE043461B781B01F3189F68B4
:10FCA000002F75D05946280001F01AFA544B02A9CA
:10FCB0009B468C46112363442A0019005846F4F7EA
:10FCC000A5FE002864D1434604A91A785846B847CF
:10FCD00007005846F5F76EF943461B781B01F618E6
:10FCE0005346F6681E40002F13D001F06BF9320026
:10FCF000531E9A41434B52421A40FA23DB009C4662
:10FD000002A9624411238C46634419003800FFF7AE
:10FD1000B3FC002E3CD0102327009846FDF7A8FA2C
:10FD200043462E00184202D143099E4376422842A0
:10FD300000D05646FEF784FE013880B201280DD867
:10FD400003A902A8FEF704F9029B0026692B03DD34
:10FD50005646D42B00DD2E00FEF7EAFE2A48F8F7BF
:10FD6000A1FD4B461B88013B002E03D1013C0CD565
:10FD70001C000AE0012E04D10134A34205DA00245C
:10FD800003E0022E04D02700C8E7A742FBD056E7C5
:10FD90000121154A13880B4208D000204C462080D0
:10FDA000FF241A488B43047013800AE0124B1A7820
:10FDB000124B12019B18DB685B0707D5FF22134B20
:10FDC0001A70074B1888FFF7ABFC01E0FEF70AFA40
:10FDD00017B03CBC90469946A246AB46F0BDC04623
:10FDE000C22E0020F82E0020C02E0020C42E00209D
:10FDF00086600108D83C0020C72E0020AC5A0108BC
:10FE0000B03A002094F8FFFFC0270900CC0300207F
:10FE1000F0B5CE464746002380B51D4D83B0EB5666
:10FE200007000E009846FDF73DF9002481464C4539
:10FE300029DC69462000FDF705F96B461A88BA42AD
:10FE40000BDC9B889B18BB4207DD6B465A88B2428D
:10FE500003DC9B799B18B34201DC0134E7E760B215
:10FE600000212870FEF79EF900214046FEF79AF91E
:10FE7000FEF75EFEFF23200000212B70FEF792F9B3
:10FE80002000FFF791FE03B00CBC90469946F0BDF0
:10FE9000CC030020F0B5C646050000B51D4C012876
:10FEA00006D100202056002830DBFFF77DFE2DE034
:10FEB000FDF7F8F820230600984610270020434657
:10FEC00020561D4206D0431E5BB2002B01DB23707F
:10FED00000E026703D4206D0237801335BB2B34286
:10FEE00000DD002323700023E356834207D0002166
:10FEF000FEF758F9002000212056FEF753F9064876
:10FF0000F1F7A6FEFDF7DCF9051ED7D104BC90463B
:10FF1000F0BDC046CC03002010270000802370B540
:10FF20000C4D0224AA8A1A4001D0002402220C217E
:10FF3000931D5B00EB180800074AFEF7FFFD2C201D
:10FF4000A31D5B00EB18054ADB21FF30FEF7F6FD31
:10FF500070BDC0460803002056760108617601088E
:10FF600070B5002186B0012001F0BAF801F02AF83E
:10FF7000194AE6210A2001F083F901251E24FDF724
:10FF800077F9284226D1FEF75BFD0228F7D103A9B5
:10FF900002A8FDF7DDFF114E039B32002100009304
:10FFA0000A20029B01F06CF90D48F1F751FE05A9FA
:10FFB00004A8FDF7CDFF059B049A0399029800F071
:10FFC0009BFF049B0293059B0393FEF739FD0328D7
:10FFD000E2D1D4E706B070BD6D7601089C760108C9
:10FFE00088130000F0B5DE4657464E464546E0B55C
:10FFF00089B0042800D9D0E0F0F7E6F8030609BE7E
:020000040801F1
:10000000C400FFF78BFFC8E0FFF7AAFFC5E000219F
:10001000012001F065F800F0D5FF0522032311004F
:10002000644801F0DDF90123994604339026212428
:100030009846614F7A68002A0DD049467608631DBC
:100040000E4201D01C00F8E70D342100404601F0BB
:1000500017F90437EEE7594B15001E68584B1F6817
:10006000584B1B689846F8F71DF84346210002904C
:100070000193554A33000D310097052001F000F936
:100080002100524A1A31536E6C321278022A00D97A
:100090002A004F4892001258052000924D4A01F064
:1000A000EFF84D4AE321C82001F0EAF800232700C9
:1000B00098463437FEF7C4FC02286ED0FDF7D8F816
:1000C0000123184269D1FA200001F1F7C1FD43462E
:1000D00007225D1CADB2134201D0A846EAE701F049
:1000E0002DFD8046464601F03FFDFF22360C1640AE
:1000F000B4464646360A1640B1464646030C010A47
:100100001340114010403240344E0793366AB046D7
:10011000C026B600B246464653461E4080235B00CA
:100120009B46BB3B9A465E4501D004339A465346F4
:1001300005934B460393634604920293284A079B18
:10014000019000910520390001F09AF801F04EFC71
:10015000FA2189008046F0F74BF8FA2181468900A0
:100160004046F0F7CBF8009121004B461D4A413143
:10017000052001F085F8B0E701F09CFA0120FEF7B8
:10018000B1FD0FE001F06EFBBFF34F8F164B174A26
:10019000DA60BFF34F8FC046FDE7FEF723F814483F
:1001A000FBF772FC09B03CBC90469946A246AB46B0
:1001B000F0BDC046406001087C030020ACF7FF1F83
:1001C000B0F7FF1FB4F7FF1F4860010808030020C5
:1001D0001C5B0108606001087160010800100240AA
:1001E00087600108B460010800ED00E00400FA0532
:1001F0001A03000010B5FDF70DF90021012000F0F1
:100200006FFF00F0DFFE044A1421052001F038F8EA
:10021000F3F72AF810BDC046BA75010810B5FFF70C
:10022000E9FF10BD0123834070B5144C0500A28A7C
:100230009BB2002903D1110099430B0004E001296E
:1002400001D1134300E05340A382A38A934214D008
:1002500006226A430A4B9B189888FBF715FC022D6F
:1002600009D0072D09D1A08A0006C00F00F08EFD2D
:10027000FBF75CFC01E0F7F797FF70BD0803002077
:10028000D076010870B50D1E19D0062242430E4BE0
:10029000D15A9B185C880D4B24049B8A0C43034164
:1002A0000122002C02D11340EB700BE0134204D06A
:1002B0002000F1F767FA013024186C6002E0022197
:1002C000FFF7B0FF70BDC046D076010808030020DC
:1002D00070B50D4C05002378032B14D000210800C5
:1002E000FBF7C8FB032301202370084BFF211D707F
:1002F000074B084A188000231380074A1170074AE9
:100300001380FFF70DFA70BDFC2E0020C72E0020D1
:10031000C22E0020C42E0020CC030020C02E0020BE
:1003200010B5022804D1044B9B8A9B0500D50130EF
:10033000FFF7CEFF10BDC0460803002010B50248ED
:10034000F8F782F910BDC046CC2E002037B50D1E3F
:100350000D4C13D0A43424680021201CF0F7D8F8E9
:1003600000280FD1201CF1F709F908350090019100
:10037000064A20212800F3F7A1FB03E0FFF7DEFF88
:10038000A434206037BDC046A8070020B25B010836
:10039000F0B5D6464F4646461C220C23C0B5404F0A
:1003A00084B0BA5680465343FB181A001E6B29329C
:1003B000DD6A12780C000020311C9246F0F778FEBE
:1003C000291CF0F75FFD81468220311CC005F0F743
:1003D0006FFE291CF0F756FD5346324E051C1E4198
:1003E00001231E40002C24D04346002B00D04D4654
:1003F000002E05D0FE21281C8905F0F7EBF9051C1D
:1004000043460834284E002B00D0284E53461C2269
:100410005A43274B281C9B18DB680293F1F7AEF870
:10042000330000900191234A20212000F3F746FB7E
:100430002FE0FFF783FF041C002E04D0FE21890566
:10044000F0F736FE041C4346002B01D0A14600E025
:10045000251C4946281CF0F72BFEF8218905F0F7EA
:1004600011FD291C061C4846F0F752F8002804D15B
:10047000311C4846F0F72AFB041C1C20311C38565E
:10048000F7F70AFC80231C201B06E1183856F7F703
:1004900017FC04B01CBC90469946A246F0BDC0466D
:1004A000A807002040000040335B0108375B0108CB
:1004B000D85501083E5B010830B51C25134B85B0AB
:1004C0005D57002919D00C2068431B181A00083109
:1004D00029320C0011781C2251430D4A5218D2685F
:1004E0000292D86AF1F74AF80A4B009001910A4A41
:1004F00020212000F3F7E2FA05E0FFF71FFF011CBF
:100500002800F7F7C9FB05B030BDC046A80700209A
:10051000D85501089B5B0108A15B010837B51C2574
:100520000D4B5D57002910D00C2068431B18186B29
:1005300008310C00F1F722F8084B00900191084AAD
:1005400020212000F3F7BAFA05E0FFF7F7FE011CBF
:100550002800F7F7B5FB37BDA8070020835B01082B
:10056000905B010873B51C20124A00241056431CEE
:1005700004D00C234343D3182A331C78002911D00C
:10058000661C2634A4001419606808310D00F0F7C9
:10059000F5FF330000900191074A20212800F3F76E
:1005A0008DFA05E0FFF7CAFE011C2000F7F7F0FC0A
:1005B00073BDC046A80700205A5B010810B500298A
:1005C00004D0054BA8331B684B6003E0FFF7B6FE71
:1005D000F7F73EFD10BDC046A807002010B5064C39
:1005E000002902D023684B6005E0FFF7A7FE2060DA
:1005F0002320FBF749FA10BD2826002030B50C0057
:1006000085B00F4D002915D02D680021281CEFF76B
:100610007FFF002811D10B4B281C0293F0F7AEFF8F
:10062000083400900191084B084A20212000F3F77C
:1006300045FA02E0FFF782FE286005B030BDC046F3
:10064000D0260020585B01084B5B01083E5B010887
:1006500010B5054C002902D0A36E4B6002E0FFF7F5
:100660006DFEA06610BDC0460803002010B50C1E2C
:1006700003D001F049FB606003E0FFF75FFE01F08B
:1006800021FB10BD10B50248F7F7B6FF10BDC046FC
:10069000CC2E002070B505000C1E1AD006280AD1F9
:1006A0000F4B5B69002B1AD008000E4A202108303E
:1006B000F3F704FA13E0052811D1094B59689A6839
:1006C000501A598B0139EFF793FDF0F717FF60606F
:1006D00005E0FFF7D7FF01002800F6F787FF70BDA0
:1006E000A8070020705B010810B5054C002902D056
:1006F000238B4B6002E0FFF7C5FF208310BDC0468F
:100700000803002010B5054C002902D063684B6037
:1007100002E0FFF7B7FF606010BDC046080300208D
:1007200010B5002903D0044B5B6E4B6003E0FFF76C
:10073000A9FFF8F72FFA10BD0803002010B5064CEA
:10074000002903D0993423784B6003E0FFF79AFF28
:100750009934207010BDC046A807002010B50029AC
:1007600003D0054B5B8B4B6004E0FFF78BFF80B23F
:10077000F6F77EFE10BDC046A807002013B5144C46
:100780002378DB0709D5FCF773FD002805D0114B52
:10079000114A1B78DB009B58984723789B0711D59B
:1007A000FEF74EF9013801280CD801A96846FDF77B
:1007B000CFFB084B01991A78074BD2009B185B6856
:1007C00000989847FDF7B2FB0023237013BDC04685
:1007D000F72E0020FC2E00200C7601080123024A8F
:1007E00011780B4313707047F72E00200223024A42
:1007F00011780B4313707047F72E0020064B10B58D
:1008000018704B1C01D0054B1980531C01D0044BB0
:100810001A80FFF7EBFF10BDFA2E0020F22E002009
:10082000F42E002010B501F065F801F0C3FB0121A2
:10083000080001F0C9FB0121022001F0C5FB0121E4
:10084000032001F0C1FBFCF7F3FD01F0F7FB0A21E7
:10085000024801F005FCFDF769FB10BD00040040F3
:10086000054A5368002BFCD11360044A5368002BDF
:10087000FCD113607047C046300002401C000240AB
:10088000802110B5074A93681942FCD140233824CF
:1008900005498B611368A3430343136080231B0541
:1008A0008B6110BD003001400004004810B5838A00
:1008B000002B15D0012B07D10E4B0C3149005918D4
:1008C000CA880D4B1A8008E0022B06D1094B0C3167
:1008D00049005918CA88094B1A800023838206E010
:1008E000082901D8818202E0054B1B689847002047
:1008F00010BDC04608030020002F0020022F00205A
:10090000D0030020022203498B681A42FCD0024B1C
:1009100018707047003001400C30014030B500299C
:100920000DD002224118064C064D89B2A3681A4226
:10093000FCD0037801302B7083B29942F6D130BDE0
:10094000003001400C30014070B580240B4DAB6885
:100950001C42FCD180240A4BE4039C6180242404C3
:100960009C618024074B054D1870AB681C42FCD17C
:10097000034B10009C61FFF7D1FF70BD00300140B8
:10098000000400480C300140FF22054B05491A7055
:10099000FE3A8B681A42FCD0014B1878C0B27047FF
:1009A0000C30014000300140802210B5074CA36894
:1009B0001A42FCD18022064B12019A61FFF7E4FF34
:1009C000382223689343236010BDC04600300140A5
:1009D00000040048FF23012270B54118074D084C60
:1009E0001E1C89B22E70A3681A42FCD02B780370AB
:1009F000013083B29942F5D170BDC0460C30014040
:100A00000030014010B5074A01218024064800E06B
:100A1000037893681942FBD193681C42F8D1024BCA
:100A20001B7810BD003001400C30014070B58024AF
:100A3000E4050600656AFFF7E5FFFFF7A5FFFF285D
:100A400004D0636A5B1BB342F7D3002070BDC0467D
:100A500010B504000800FFF755FF8023114A9B00E2
:100A6000D4605360104B13605368002BFCD11360AB
:100A7000FF20FFF747FFFF20FFF744FF6424FFF745
:100A8000C1FFFFF781FFFF2804D1013C002CF8D102
:100A9000002005E01F231840053843425841C0B2EA
:100AA00010BDC0463000024091100000F0B5802417
:100AB00083B0E4050700666AFFF7A4FF104DFFF757
:100AC00063FFFE2805D0636A9B1BAB42F7D9002069
:100AD00014E080220B4B0C499200DF605A601960D1
:100AE0000A4B0B49D9605A600A4A1A60FFF7B8FEF0
:100AF0006B460221981DFFF76DFF012003B0F0BD8A
:100B00000F2700001C00024081100000300002404E
:100B10002E7701081110000030B543B283B00400F5
:100B20000D00002B05DB1F48FFF780FFFF2807D0D3
:100B30002AE000217720FFF7EFFF0128F3D92FE00B
:100B40007F236A46234013702B0E53702B0C937037
:100B50002B0AD3701571402C18D0482C18D00123C3
:100B6000062168465371FFF7D9FE4C2C01D1FFF7DF
:100B70000BFFFFF747FF6424FFF706FF03060FD5BF
:100B8000013C002CF8D10BE0FF2009E0952300E0A8
:100B900087236A46062168465371FFF7BFFEE8E7E0
:100BA00003B030BD50C30000044B1878802380028E
:100BB000DB001840024B4000C0187047FE2E00209A
:100BC000082F0020054B10B51A7801219200121849
:100BD000034882183620FFF7B7FE10BD042F00200F
:100BE00084770108F0B5C646804600B5150082B08E
:100BF0001C0008AB1E880F00FFF732FE4346454439
:100C0000013D2D041D436DBA3C19013C240400959F
:100C10003C4364BA04216A462A200194FFF794FEFB
:100C200001AA04212B20FFF78FFEF0B20022002141
:100C3000FFF78AFE02B004BC9046F0BDF0B51C0080
:100C40002C2387B00093230015000E000700FFF748
:100C5000C9FF0E4B0C9A0E49DA6022006A435A60B3
:100C600019600C4B1B785B060DD50B4B02A8029349
:100C70000A4B5200838092B20C99C780068145814D
:100C80008481F7F749FA07B0F0BDC0463000024052
:100C900091150000A803002062756C6B0D0A00001E
:100CA000F0B5D6464F464646C0B52E2782B00097CF
:100CB0009DB20A9C96B2FFF795FF2C4B1B78012B37
:100CC00006D138212A4A13688B4328390B43136015
:100CD000FFF798FEFFF758FE290071434B00C91833
:100CE000244A254B89B2DC60984659601A60F82383
:100CF0005B019C460723214A21489A46D06021483F
:100D000051601060200043465D680335ADB2A942D2
:100D100019D32600437882789946634652011A40D7
:100D20004B4657469B085B031A4303780339BB4382
:100D30004F467F093B430234134389B2338003306B
:100D400026008D42E6D30029DDD1FFF789FD382149
:100D5000074A13688B43136040220B4B9A6102B021
:100D60001CBC90469946A246F0BDC046042F002008
:100D700000300140811000001C00024030000240A1
:100D80002E770108111000000004004810B504007F
:100D9000FFF766FD2000441EA0414000FFF712FF50
:100DA00010BDC046024A5368002BFCD11360704747
:100DB00030000240F0B5C646382600B59046070020
:100DC0000C00FFF7EFFF1822114DA1B22B6838007D
:100DD000B34313432B604246FFF7B6FDFFF712FE05
:100DE000FFF7D2FD0702FFF7CFFD38430402FFF7FC
:100DF000CBFD0443FFF7C8FD4022064B24029A6155
:100E00002B682043B3432B6004BC9046F0BDC04622
:100E10000030014000040048F0B583B004000D002C
:100E200016001F00FFF7C0FE3B00009032002900B3
:100E30002000FFF703FF0121024A13784B40137093
:100E400003B0F0BDFE2E002010B5044C82B000941B
:100E5000FFF7F4FEFFF7A6FF02B010BD082F002039
:100E6000F0B5D6464F4646461C002C23C0B586B08A
:100E700000932300150082468846FFF7B3FE20004A
:100E80006843164B164A9946D36000280DD0154F7B
:100E9000154E0100B84200D91249516016605368DE
:100EA000002BFCD11360401AF3D1104B1B785B066A
:100EB0000ED50F4B02A802930E4B0222838053469D
:100EC000C38043464946038145818481F7F724F96D
:100ED00006B01CBC90469946A246F0BD002F0020EB
:100EE00030000240FFFF000011150000A8030020A1
:100EF00066696C6C0D0A0000F0B54E46DE4657463A
:100F000045469146E0B585B006008B461A0002932F
:100F1000814503DA4E469346814602914B465A4636
:100F2000F31A9846029B9F1A01220392002F04DABB
:100F30005A46D71A01235B4203934346DF4207D543
:100F4000DD0F45446D106D421B4B1C4C9A4604E06E
:100F5000FD0FED196D106D42F6E7A0235B009A1BA3
:100F6000153BFF3B0093594630002B3BFFF73AFE01
:100F700002221349404600E01D00A3681A42FCD03B
:100F800053461B880B80B14502D1029B9B450CD078
:100F90002B00854201DDEB1B0136AF42ECDD1D1A53
:100FA000039B80469C46E344D7E705B03CBC904693
:100FB0009946A246AB46F0BD022F0020003001400A
:100FC0000C300140A02210B5F02352000021002077
:100FD000FFF746FF10BDC0468023294A5B01916997
:100FE00010B50B4393610022264B27491A60274A0C
:100FF00090241A60264AFA205A60264AE4058A603C
:10100000254940008A6040211A680A431A608023FB
:101010001B06A361F0F71CFE8023FA201B02A361CC
:101020004000F0F715FE002200210420FFF7C2FE69
:101030001A4BC009984202D0194B984204D10122A0
:10104000184B194C1A7017E0164B174C1B78002BD5
:1010500012D110E06178A21C89B2FFF775FC6378A9
:10106000C8200233E418F0F7F3FD20780028F1D10E
:10107000FFF7A8FF10BD0D4C00210120EBE7C04693
:101080000010024000300140300002400703000021
:10109000031700000C3001401C00024052858500FF
:1010A000B3818100042F00201877010830770108F0
:1010B000034B0C3040001818C288024B1A8070474E
:1010C00008030020022F0020034B0C3040001818AA
:1010D000C288024B1A80704708030020002F0020AE
:1010E000064B0C30400018180C31054AC0884900E6
:1010F00059181080034BCA881A80704708030020D3
:10110000022F0020002F0020F0B5DE464E46574645
:101110004546E0B585B0029003919B460E9E002B9C
:1011200030D01E4B00201B881D4F99461D4B1B883D
:1011300098465300019300239A4607339C46454640
:1011400079331BE014002A00A04664460C4201D10A
:10115000307801361400034200D14C464D00013175
:101160007C5340008845F0D80199150042468846D6
:10117000474401218846C244DA4503D20021002AAF
:10118000E0D1F6E75B4603990298FFF75DFE05B0F4
:101190003CBC90469946A246AB46F0BD002F0020CD
:1011A000082F0020022F002070B507241638830076
:1011B0000A4E1B185B000D00F15C82B02140082430
:1011C000641AA4B29B1991B2A8B2009322000A2318
:1011D000FFF79AFF200002B070BDC046CC31010875
:1011E00010B50400080022690A2904D163680B3293
:1011F000E360226106E0E168FFF7D6FFE3689C4602
:101200006044E06010BDC04670B5072416380A4E31
:10121000C3001B1A0D00F15C82B021400824641A3F
:10122000A4B29B1991B2A8B2009322000723FFF742
:101230006BFF200002B070BDEC2E010810B5040059
:10124000080022690A2904D163680832E360226138
:1012500006E0E168FFF7D8FFE3689C466044E06081
:1012600010BDC046002801D0024A00E0024A034BEC
:101270001A607047E11101083D120108D0030020F7
:101280000CB470B500248CB010AA0C4B40CA049367
:1012900006AB0790089109900A9102AD3100180041
:1012A00002940394059406959C820192F2F7C2F889
:1012B0000CB070BC08BC02B01847C046AD080108AD
:1012C000F0B557464E46DE464546E0B507268BB09C
:1012D00016380992820012180891334952005018AA
:1012E0008A5C039032400826B61AB6B25A000792BA
:1012F000724301921A005A437243520005922B4ADC
:101300000A3004922A4A069012889446294A128882
:10131000924635E0039AB346127861460292049AE7
:10132000079F914600229046484600258C46029C25
:1013300062B26646002A00DA56460022B6B2510072
:10134000013246529A42FAD364000135C019E4B220
:10135000AB45EDD8019A614694460122E14494469A
:10136000E0449845E0D38C4605995E468846049A49
:1013700042440492039A0699013203928A4202D0AF
:10138000002BC7D1F6E75E439A00D31808985B009C
:1013900032000999FFF758FD30000BB03CBC904675
:1013A0009946A246AB46F0BDCC310108082F00207B
:1013B000002F0020022F00202C2310B50C004343E7
:1013C000064882B01B18A4B291B2009310221623D3
:1013D0002000FFF799FE02B010BDC046F82A0108B0
:1013E000F8B5050000780C0017001E00002809D091
:1013F000210033003A00FFF763FF013524182878F5
:101400000028F5D12000F8BD10B500F0C3FB10BDD9
:1014100070B582B0002866D140220A243E4E3F4B70
:1014200030709A61013CFFF7AFFA002CFAD13820F6
:10143000FFF726FA00214020FFF76EFB012800D0BD
:101440000FE0D52148204900FFF766FB012826D18F
:1014500004216846FFF7BEFA314B009A64249A4291
:1014600007D0FFF7A1FA012054E0FA208000F0F73E
:10147000EFFB8021E920C905FFF74EFB002834D09F
:10148000013C002CF1D136E00824042101A8FFF72B
:10149000A1FA019B5B06DB171C4082341EE0002191
:1014A000E920FFF739FBE925012800D9A83D64248C
:1014B00003E0FA208000F0F7CBFB00212800FFF7C3
:1014C0002BFB00281ED0013C002CF2D113E0E93D9B
:1014D0006C426C41012364429C438334FFF764FAFD
:1014E0003470002016E0012014E000217A20FFF77C
:1014F00013FB0028C8D0FFF757FA30784342584111
:10150000C0B207E0802150208900FFF705FB0028CA
:10151000DDD0F0E702B070BDFD2E002000040048D1
:10152000000001AA002805D1034B18784342584116
:10153000C0B200E001207047FD2E0020F0B5C64685
:101540000D0000B590461C0000283CD1204B03261E
:101550001F787BB2002B37DAFFF792F93B0702D4F2
:1015600043465B0298464146012C0BD15120FFF7C0
:10157000D3FA0126002823D12800FFF797FA464026
:10158000F6B21DE05220FFF7C7FA002807D0631E0D
:101590009C41E6B214E080239B009C4665442800F1
:1015A000FFF784FA002803D1631E9C41E6B203E0F2
:1015B000013C002CEFD1002600214C20FFF7ACFAB3
:1015C000FFF7F2F900E00326300004BC9046F0BDBE
:1015D000FD2E0020F8B50D0017001C00002840D19A
:1015E000224B1E7873B2002B3BDA73063BD4FFF715
:1015F00047F9330700D47F023900012C0BD1582062
:10160000FFF78AFA002829D1FE212800FFF720FAE7
:101610004440E4B222E05920FFF77EFA002807D0C8
:10162000631E9C41E4B219E080239B009C46654404
:10163000FC212800FFF70CFA002800D104E00C4838
:10164000FFF7F4F9FF2803D0631E9C41E4B202E0E7
:10165000013C002CE8D1FD20FFF754F9FFF7A4F975
:1016600002E0032400E002242000F8BDFD2E00204B
:10167000A861000070B50D00002813D10B4B0324A6
:101680001B787F2B0FD9FFF7FBF8002D01D0042426
:1016900005E00748FFF7CAF9FF28F8D10024FFF753
:1016A00083F900E00324200070BDC046FD2E002019
:1016B000204E00000B4910B50C0000231F200A4AE1
:1016C00070340A60C34104319B18A14201D00A68FA
:1016D000F8E77039742205480B6700F07DFB0020A5
:1016E00010BDC04608030020564E4F4300F80108C5
:1016F0000E4B0F4A196870B5914214D100221F2574
:101700000C4CEA41181D5218A04202D0596803003F
:10171000F7E706490B6F934205D17422064800F0A3
:10172000A5FF002001E00120404270BD00F8010843
:10173000564E4F4370F801080803002070B50400AE
:1017400004281DD8104B114800221D181F201049D5
:101750001960C24104335218AB4201D01968F8E74E
:101760000C491A6059180C4B60009C460019C002C5
:1017700060440A4A00F030FB094B00201C8001E065
:101780000120404270BDC046A8070020981000000C
:10179000544E4F4368EFFFFF008001089C1000008B
:1017A0000A3F0020F0B5C646010000B5042828D83D
:1017B00043001B18154A164FDB0298183A789446D6
:1017C0000A41D2071ED40568124A954219D1124A1D
:1017D0001F269046040043440022B0464646F2418C
:1017E000261DAA189E4202D065683400F6E70B4B0E
:1017F000C358934205D1012362468B4013433B708B
:1018000000E0002004BC9046F0BDC0460080010806
:10181000083F0020544E4F43989001089810000054
:10182000012370B50B4D5B422B800B4B040098429B
:101830000BD0FFF7B7FF002809D00100074A08487E
:101840002C8000F013FF002002E0002000E00120C7
:1018500070BDC0460A3F0020FFFF00009C10000042
:10186000A80700200122064B5242802110B51A80A1
:101870000022044B090204481A7000F085FA10BDDA
:101880000A3F0020083F00200080010880224020FD
:101890000749CB681343CB60064BCA68104204D19A
:1018A000013B002BF9D1002000E001207047C04629
:1018B00000280040FFFF030010B50C4C236ADB43F7
:1018C0009B0711D01922236A094813432362F0F7BA
:1018D000BFF9236A9B0707D40122636A134363623B
:1018E0000132636A1A42FCD010BDC04600100240AB
:1018F000204E00008023184A9B00916910B50B43CD
:10190000936103210C20F1F7B5F80022134BDA6044
:10191000196819605A609A68D20706D502219A6838
:101920000A439A609A681142FCD180230B4A1B0635
:1019300091680B4393609368002BFCDB0121936853
:101940000B439360012205490B681A42FCD0A02288
:10195000034B52041A6010BD0010024000240140E5
:10196000082701400E4A10B51368072113600023B1
:101970000824536013625161D360906200200339E0
:1019800093680B43936093681942FCD1136C013C3C
:10199000C018A4B280B2002CF2D1C00810BDC0465D
:1019A00000240140084BFA211A68C9041A608022F9
:1019B0005A601962002159619A62044A0431DA605E
:1019C0009A680A439A60704700240140C00480006E
:1019D000054A93685B0706D5102193680B43936013
:1019E00093681942FCD17047002401408023204AAB
:1019F000DB05596A1F48136870B5CB1A834203D8B8
:101A00001D4B00229B5E29E01C4B11601C881C4B67
:101A10009B685B070AD480208002FFF7A3FF0500C4
:101A20008020C002FFF79EFF06000DE0FFF7D0FF09
:101A300080208002FFF796FF05008020C002FFF79C
:101A400091FF0600FFF7AEFF0E4829007043000B20
:101A50006043EEF7CDFB084A03B21380632B04DD2D
:101A6000094A108BC01800B201E00120404270BD4D
:101A7000D40300201FA107000C3F0020BAF7FF1F6E
:101A800000240140C819000008030020064A10B5D0
:101A90001368744613601B0601D5FEF7A7FE2000ED
:101AA000F0F718F910BDC0460024014010B501241C
:101AB000044B1968A143196018611A6822431A601F
:101AC00010BDC046005400408023054A10B5D169BE
:101AD0009B030B43D3610348FFF7E8FF10BDC046EB
:101AE000001002400903335030B58025114C2D02FF
:101AF000A3692B42FCD10125236840002B432360BE
:101B0000130418430C4B0F35184360601124094827
:101B10008A1883691C42FCD083691D4203D00023CC
:101B20000360002005E00B78013183629142F0D11F
:101B3000012030BD0054004000200002064B074A3F
:101B40001B68074958081040DA080A408018054AFF
:101B50001340C0187047C04600280040383838008D
:101B60000E0E0E000F0F0F00064B074A5B68074969
:101B700058081040DA080A408018054A1340C01877
:101B80007047C046002800401808780006021E0072
:101B90000F0F0F0010B5FFF7D1FF0400FFF7E4FFB0
:101BA000FF22FF210304120413402206520E1343A6
:101BB0004901E2080A401343FF226409D20214409B
:101BC000FF221C43430300025205000E1340143051
:101BD0001C434006204310BD70B504000D00FFF704
:101BE00055FE002802D0044B1D605C608021024A33
:101BF000D3688B43D36070BD002800408023114A16
:101C00005B00116870B50B431360FFF755FEFF23AF
:101C10000D4D83222C6A1202A407E4179C438223F1
:101C20001B029C462B6A64441340A34209D08023C4
:101C30005B022B6200232B62FFF73EFE2B6A1C43E4
:101C40002C6270BD007000400010024010B5FFF71C
:101C5000D5FF184B1C6AC0239B001C4029D0CA2208
:101C6000154B013C5A62FF3C773A5A62624254413A
:101C7000124A64421440124A9446DA686444D20616
:101C800002D51A69A24210D0FFF700FE002806D044
:101C90000022094B9A608032DA601C611C6180214D
:101CA000054AD3688B43D36003E02021DA688A4376
:101CB000DA6010BD001002400028004018FD5700F7
:101CC000E703270010B50B4CE368DB0310D40A4987
:101CD000EFF7D8F80949EEF77DFDEFF7A5FB802374
:101CE000DB00984204D8064B1B1A06480340E36306
:101CF00010BDC04600280040BD37863F00C0FF43EE
:101D0000FF010000FF810000094B10B5D86BDB6BB1
:101D1000C005C00D1B0401D4404202E080239B009B
:101D2000181AEFF7A1FB0349EFF7ACF810BDC04656
:101D3000002800400024743F70B50D00040003210A
:101D40000B20F0F797FE0B4B0B4A5D609A600B4A35
:101D5000DC601A6080230A4ADB01D1690B43D3613E
:101D600001210022074B1A6059601A62DB2212011E
:101D7000DA6170BD440002400C380040A735000015
:101D80000010024000380040104B114A30B55A6034
:101D9000104A09185A60884217D202244025DA688E
:101DA000012AFCD01A6922431A6158611A692A4330
:101DB0001A61DA68012AFCD01A69A2431A618022EA
:101DC0001201944660448142E9D830BD00200240AF
:101DD00023016745AB89EFCDF8B514000F00110062
:101DE0000600FFF7D1FF620815D0002501210A4B3C
:101DF000DC68012CFCD01869084318616800385A67
:101E00003080DC68012CFCD01C6901358C431C61DE
:101E100002369542ECD3F8BD00200240FC23184A5C
:101E2000DB03516911200B435361902300221549B4
:101E3000DB055A6099601449D960144959618821B9
:101E400049001A625962124919601021114B494226
:101E50005A6099601049D960104959611A625862F4
:101E60000F48186001200F4B40425A6098600E489E
:101E7000D86059611A625A628022D2041A6070478F
:101E8000001002400000FFFFAA0101A8DFF90000D6
:101E900000FCAA6A0004004850555555FFFF000099
:101EA0009F5A5AAA00080048555555014B009C46B8
:101EB0000323F0B51E00644616404746CE46A640B2
:101EC000012480B527008F404568A146BD4397088F
:101ED00027408F403D43456084681D00A04664460E
:101EE000A540D7081F40ED43A74044462C40274358
:101EF000540923406446A3408760C768D2092F4035
:101F00003B43C36007230F270B409B003A404C46DE
:101F10009F40C9109A400C40FF43022E0AD1A400F2
:101F20000419236A1F403A43226203681D402E436E
:101F3000066009E00368A4001D402E4306600019F6
:101F4000036A1F403A4302620CBC90469946F0BDBA
:101F5000064B10B518685860F0231B02184203D0D6
:101F60000004000FF4F770FA10BDC04600000240F4
:101F70000323054910B54A6913404B61930702D505
:101F80000120FEF72BFC10BD000401400C23084A81
:101F900010B5546923405361630702D50220FEF750
:101FA0001DFC230702D50320FEF718FC10BDC04618
:101FB0000004014010B503210520F0F75BFD03216B
:101FC0000620F0F757FD10BD1F220123024070B517
:101FD00093400F2810D80325164A840894462840B9
:101FE00080000C350A112A4085408240A4006444D8
:101FF000A668AE433243A260D8430F4CCA0703D54C
:10200000A2681A43A26002E0A2680240A2608A07A6
:1020100004D50949CA681A43CA6003E00649CA6878
:102020000240CA60044A11680B43136053681840A9
:10203000506070BD00000140000401400221054ACB
:10204000D3690B43D361044B044A9A6220225A603D
:102050007047C04600100240000400407FBB0000F3
:1020600001230139C16243610023436205330360E8
:102070007047C046F0B557464E464546DE46E0B589
:10208000070089B0069100210290020080200025FF
:1020900000230F24BC460E00574940001B022D01AF
:1020A0002B431B11B34209D9DB00634415681F6839
:1020B00017601D6055685F6857605D600136B6B295
:1020C000083286427AD0230035093340CB5C4D5D1F
:1020D000E4E77F23049949480B409A00125893463D
:1020E0008022D31A9B001B5800930A4275D1059A8F
:1020F000049B944663440493069B002B03D18023E6
:102100001B065B449B46039C029A019B9446E51880
:10211000ADB2EE0066443168E400894671688A46D3
:1021200059465046EEF7AEFE0099071C4846EEF7BA
:10213000A9FE009980465046EEF7A4FE5946824615
:102140004846EEF79FFE011C5046EEF743FB029A0D
:102150008146944664442168381CEEF73BFB4146B7
:10216000EEF7A6FF306021684046EEF733FB391CDE
:10217000EEF79EFF494620606068EEF799FF7060B9
:1021800060684946EEF726FB019B60609C4665440B
:10219000ACB2FF2CB8D9039B01339BB203936345C8
:1021A00097D1059B5B080593039B5B009BB2019352
:1021B000079B013B0793002B05D115E008230793EC
:1021C000073B05960193059B04930023039300238B
:1021D0009B46FE239B0500938EE78023009A1B06F7
:1021E0005B440093934682E709B03CBC9046994615
:1021F000A246AB46F0BDC0468C7701089C7701082B
:10220000F0B5DE464E4657464546E0B583B0041C61
:102210008B469146EFF708F9EFF726F9011C201CD1
:10222000EEF746FF0021041CEEF778F9002805D0F0
:10223000FE21201C8905EEF7CDFA041C8821201C04
:10224000C905EEF71FFE051CEEF7DAF90400EFF7FB
:1022500055F90126011C281CEEF72AFFE3099E40D0
:10226000224B7F259846424682462C40A3009F5829
:10227000631C9B009858391CEEF71AFF5146EEF785
:1022800001FE391CEEF7A6FA802342461B1B9B0079
:102290009B582C1BA400191C0190071CA0581D1C46
:1022A000EEF706FF5146EEF7EDFD291CEEF792FA28
:1022B0000A23334201D0071C01980623334203D07E
:1022C00080231B069C4660440C23334203D08023AA
:1022D0001B069C4667445B461F604B46186003B074
:1022E0003CBC90469946A246AB46F0BD9C7701089F
:1022F00070B5002828D080230122C6157F3E4002F9
:10230000400A32401B040343013293408022701084
:102310001921002600255204AC189C4202DCA518A5
:102320001B1BB61801395B0052080029F4D1002BA1
:1023300002D0012301369E43FC239B059C46761068
:102340006644C005801900E0002070BDFF23F0B591
:10235000C646041C0500DB05400000B540082342CA
:1023600010D1002851D09721201CC905EEF78AFD15
:102370000500400040080321EDF73AFF254B9C463D
:10238000604405E00321EDF733FF234B9C46604496
:10239000ED0FED070543291C281CEEF773FD291CE2
:1023A000EEF770FD211C061C201CEEF713FA311C01
:1023B000071CEEF70FFA311C8046301CEEF70AFAC4
:1023C000211CEEF707FA011C4046EEF77FFB291CA3
:1023D000EEF758FD051C011CEEF754FD291CEEF725
:1023E00051FD391C061CEEF7F5F9311C071C301C99
:1023F000EEF7F0F9211CEEF7EDF9011C381CEEF7B1
:1024000065FB291CEEF73EFD00E0201C04BC904655
:10241000F0BDC046F2195126F219512A70B50028B4
:1024200023DDFC2443025B0AA4051C43EFF71CF8E0
:102430000F49EEF727FD0F49EEF73AFE0E49051C4E
:10244000201CEEF71FFD011C281CEEF731FE0B4986
:10245000051C201CEEF7BEF9011C0948EEF736FBFF
:10246000011C281CEEF724FE00E0064870BDC046A3
:102470001872B133A836AC42C4E4843F5643B43E2C
:10248000721A993F000080FF70B5002823DDFC24FC
:1024900043025B0AA4051C43EEF7E6FF0F49EEF783
:1024A000F1FC0F49EEF704FE0E49051C201CEEF767
:1024B000E9FC011C281CEEF7FBFD0B49051C201C48
:1024C000EEF788F9011C0948EEF700FB011C281CF7
:1024D000EEF7EEFD00E0064870BDC046C6A8C03469
:1024E00041FABA439A4E9040F45AB43E0F4FA64078
:1024F000000080FFF8B50E0049004C0807004000BE
:1025000045080021201CEEF703F8002805D0002123
:10251000281CEDF7FDFF00285FD1211C281CEEF7D9
:1025200011F8002828D0291C201CEEF7CFFA011C36
:10253000051CEEF7A7FC2A49041CEEF7A3FC294969
:10254000EEF7B6FD211CEEF79DFC2749EEF742F9A8
:10255000211CEEF797FC2549EEF7AAFD211CEEF7AA
:1025600091FC2349EEF736F9291CEEF78BFC011C90
:102570002048EEF79DFD23E0211C281CEEF7A6FA6B
:10258000011C051CEEF77EFC1549041CEEF77AFCD5
:102590001449EEF78DFD211CEEF774FC1249EEF79D
:1025A00019F9211CEEF76EFC1049EEF781FD211C94
:1025B000EEF768FC0E49EEF70DF9291CEEF762FC08
:1025C000002E03DA011C0C48EEF772FD002F05DA2D
:1025D00080231B069C46604400E00020F8BDC046F6
:1025E00009E0983F95219C406B2825418B669741D7
:1025F000092765420000B4420000344310B5104979
:10260000EEF740FCEEF710FFFE239B059C4660446E
:102610004102090CCB005B1ADA019B18094A9B1393
:102620009446094A634494464B43084A9B146344C6
:1026300094464B439B1363445943C912081810BD79
:102640003BAA384BD1340000DE3D00009EC5FEFFA2
:1026500030B500240139A24201D1002005E0035D1C
:1026600001340D5DAB42F6D0581B30BD002310B5D0
:102670009A4200D110BDCC5CC4540133F8E700008D
:1026800003001218934200D1704719700133F9E723
:10269000C9B20378002B04D08B4200D170470130BF
:0C26A000F7E74B42594149420840F7E778
:1026AC0047656F6D004172697468000055534200B4
:1026BC0053455249414C0000444F5420272E2700CB
:1026CC00434F4D4D4120272C27000000424D500018
:1026DC0054494646000000005A0C0008E80B00085C
:1026EC00540B0008520C0008540B0008EE0B0008A9
:1026FC00540B0008520C0008E80B0008E80B00080B
:10270C00EE0B0008520C0008F80B0008F80B000840
:10271C00F80B0008360C0008E60B0008540B0008F8
:10272C00EE0B0008540B0008E60B0008560B0008D3
:10273C00560B0008EE0B0008E60B0008F80B00081F
:10274C00F80B0008F80B0008360C0008E80B000822
:10275C00E80B0008540B0008520B0008540B00083F
:10276C00EE0B0008540B0008520B0008E80B000895
:10277C00E80B0008EE0B0008520B0008F80B0008E1
:10278C00F80B0008D00F0008020F0008020F000819
:10279C00000F0008060F0008060F0008AE0F000817
:1027AC00000F0008060F0008AE0F0008060F000807
:1027BC00000F0008AA0F0008AA0F0008AA0F0008B3
:1027CC00B80F0008807A0108103F0020103F00204D
:1027DC00103F0020807A010800000000000000007B
:1027EC0000000000807A01080000000000000000DA
:1027FC0000000000807A01080000000000000000CA
:10280C0000000000807A01080000000000000000B9
:10281C0000000000807A01080000000000000000A9
:10282C0000000000807A0108000000000000000099
:10283C0000000000807A0108000000000000000089
:10284C00000000006D61696E000000007028010836
:10285C00D80300208804002001000000051800089F
:10286C000000000069646C65000000007374616313
:10287C006B206F766572666C6F770000E122000842
:10288C00D1220008C1220008B1220008000000007B
:10289C0000000000000000000000000019240008E7
:1028AC0009240008E5230008D523000800000000D7
:1028BC00000000000000000000000000F4270008E9
:1028CC0002280008202900080228000820290008F6
:1028DC00262800083228000820290008542800085F
:1028EC0062280008142A0008C0290008EC290008F6
:1028FC00142A0008142A0008042A0008142A0008C4
:10290C0000000000010000000000000000000000BA
:10291C009D270008AD290008212A0008400040002E
:10292C002006002020060020B0350008AA39000837
:10293C003A370008AA390008AA390008B03500084F
:10294C00AA390008AA390008AA390008AA390008CF
:10295C00AA3900088E390008AA390008AA390008DB
:10296C00AA390008AA390008AA3900088A390008CF
:10297C00AA390008AA3900083A350008AA39000813
:10298C00AA390008AA390008AA390008AA3900088F
:10299C00AA390008AA390008AA390008AA3900087F
:1029AC00AA3900083E350008B0350008AA390008DD
:1029BC003A370008AA390008AA390008B0350008CF
:1029CC00AA390008AA390008AA390008AA3900084F
:1029DC00AA3900088E390008AA39000812360008F6
:1029EC00AA39000850350008AA3900088A390008AD
:1029FC00AA390008AA3900083A350008206B4D475F
:102A0C005450455A59000000286E756C6C29000012
:102A1C00010000000A00000064000000E803000050
:102A2C0010270000A086010040420F0080969800FD
:102A3C0000E1F50500CA9A3B6D1D6E7066617A79EE
:102A4C000000000000000000000000001D34000821
:102A5C0000000000808182838485868788898A8B28
:102A6C008C8D8E8F909192939495969798999A9B22
:102A7C009C9D9E9F808182838485868788898A8B92
:102A8C008C8D8E8FB0B1B2B3B4B5B6B7B8B9BABB82
:102A9C00BCBDBEBFC0C1C2C3C4C5C6C7C8C9CACBF2
:102AAC00CCCDCECFD0D1D2D3D4D5D6D7D8D9DADBE2
:102ABC00DCDDDEDF909192939495969798999A9B92
:102ACC009C9D9E9FF0F0F2F2F4F4F6F6F8F9FAFB06
:102ADC00FCFDFEFF4641543332202020002A2B2CD3
:102AEC003A3B3C3D3E5B5D7C223F7F000FF03FFC60
:102AFC007FFE7C3EF81FF00FF00FF00FF00FF00F81
:102B0C00F00FF00FF00FF00FF00FF00FF00FF81FA9
:102B1C007C3E7FFE3FFC0FF000F001F003F007F06D
:102B2C000FF00FF00EF00CF000F000F000F000F0E1
:102B3C0000F000F000F000F000F000F000F003FCFA
:102B4C0003FC03FC0FF03FFC7FFE7C3EF81FF00FF4
:102B5C00F00F001F003F007E00FC01F803F007E0BF
:102B6C000FC01F803F007E00FC00FFFFFFFFFFFF38
:102B7C000FF03FFC7FFE7C3EF81FF00FF00F001EA5
:102B8C00003E01FC01F801FC007E001F000FF00F5D
:102B9C00F00FF81F7C3E7FFE3FFC0FF001F801F8B0
:102BAC0003F803F807F807F80FF80F781F781E786A
:102BBC003E783C787C787878F878FFFFFFFFFFFF51
:102BCC000078007800780078FFFFFFFFFFFFF0002F
:102BDC00F000F000F000F7F0FFFCFFFEFC3EF81FE9
:102BEC00000F000F000F000FF00FF81F7C3E7FFE50
:102BFC003FFC0FF00FF03FFC7FFE7C3EF81FF00F08
:102C0C00F000F000F7F0FFFCFFFEFC3EF81FF00FA9
:102C1C00F00FF00FF00FF81F7C3E7FFE3FFC0FF023
:102C2C00FFFFFFFFFFFF001F003E007C00F801F0DC
:102C3C0001E003E003C007C0078007800F800F008E
:102C4C000F000F000F000F000F000F0007E01FF820
:102C5C003FFC7C3E781E781E781E3C3C1FF80FF023
:102C6C003FFC7C3E781EF00FF00FF00FF00FF81FBA
:102C7C007C3E7FFE3FFC0FF00FF03FFC7FFE7C3E66
:102C8C00F81FF00FF00FF00FF00FF81F7C3F7FFFD5
:102C9C003FFF0FFF000F000FF00FF81F7C3E7FFE71
:102CAC003FFC0FF0000000000000000000000000DE
:102CBC000000000000000000000000000000000008
:102CCC00000000000000038007C007C00380000064
:102CDC0000000000000000000000000000000000E8
:102CEC00000000003FFC3FFC3FFC3FFC00000000EC
:102CFC0000000000000000000000000000000000C8
:102D0C00004000C001C003C007C00FFF1FFF3FFF02
:102D1C007FFFFFFF7FFF3FFF1FFF0FFF07C003C0B9
:102D2C0001C000C000400000F000F000F000F00016
:102D3C00F000F000F03EF07CF0F8F1F0F3E0F7C0BA
:102D4C00FF80FF00FF00FF80F7C0F3E0F1F0F0F828
:102D5C00F07CF03EF00FF00FF81FF81FFC3FFC3F2B
:102D6C00FE7FFE7FFFFFFFFFFFFFFFFFF7EFF7EF99
:102D7C00F3CFF3CFF18FF18FF00FF00FF00FF00FC7
:102D8C000FF03FFC7FFE7C3EF81FF00FF00FF00FB2
:102D9C00F000F000F000F000F03FF03FF03FF007E3
:102DAC00F00FF81F7C3F7FFF3FF70FE7000000009C
:102DBC00000000000000000000000000EE1CFF3EC0
:102DCC00FFFFFFFFF3CFF3CFF3CFF3CFF3CFF3CF6F
:102DDC00F3CFF3CFF3CFF3CF0000000000000000DF
:102DEC0000000000F01EF01EF01EF01EF01EF01E83
:102DFC00F01EF01EF83EFC7EFFFEFFFFF7CFF387C0
:102E0C00F000F000000000000000000000000000D6
:102E1C0000000000F1F0F7FCFFFEFE3EFC1FF80F77
:102E2C00F00FF00FF00FF00FF00FF00FF00FF00F9E
:102E3C00000000000000000000000000F3F0F7FCB0
:102E4C00FFFEFE1FFC0FF807F807F807FC0FFE1F2C
:102E5C00FFFEF7FCF3F0F000F000F00000030007B9
:102E6C00000F001F003F007F000F000F000F60CF0E
:102E7C00F1EF7BCF3F8F1F0F1F0F3F8F7BCFF1EFFA
:102E8C0060CF000F000F000FF45F8644F54484C43C
:102E9C00F44400000000000F000F000F000F000FA3
:102EAC00000F000F180F380F7FFFFFFFFFFF7FFF92
:102EBC003800180000003C007E00E703C307C30F76
:102ECC00E71E7E3C3C7800F001E003C007800F0059
:102EDC001E3C3C7E78E7F0C3E0C3C0E7007E003CBC
:102EEC0000060646FEFE40022020505088F884C0A2
:102EFC00E0F0E0C080006CB2929A6C00022040F8C6
:102F0C00402000022010F810200002F850505050C1
:102F1C009802008888D8A880728888885050D86316
:102F2C00909060000000040000000000004540404C
:102F3C0040400040505050000000005250F850F8F3
:102F4C0050502278A07028F020C2C8102040981849
:102F5C0002205060A890686440800000000024406B
:102F6C008080804020844020202040800220A87057
:102F7C00A82000022020F820200005000000C040FE
:102F8C0080030000F00000000500000000C0C02419
:102F9C00204040408080639090909090602360200F
:102FAC0020202070639010204080F06390106010FF
:102FBC00906093909090F01010F380E0101090605F
:102FCC00639080E0909060F310202040404063902C
:102FDC0090609090606390907010906004C0C000FE
:102FEC00C0C000046060006040800320408040202E
:102FFC00000300F000F000000380402040800063DC
:10300C009010204000406390B0B08080706390902E
:10301C0090F09090E39090E09090E06390808080AE
:10302C009060E39090909090E0F38080E08080F04E
:10303C00F38080E0808080639080B090907093905B
:10304C0090F0909090E44040404040E0731010109D
:10305C00109060939090E09090908380808080801E
:10306C00F08AD8A8A8A888889390D0B09090906344
:10307C00909090909060E39090E08080806390902E
:10308C009090A050E39090E09090906390806010AE
:10309C009060FA20202020202093909090909070A7
:1030AC00939090909060608A8888A8A8A8508A888D
:1030BC0050205088888A888850202020F310204087
:1030CC008080F0E48080808080E0848040404020DC
:1030DC0020E42020202020E044A000000000000379
:1030EC000000000000F8C440200000000003007045
:1030FC009090B0508380A0D09090E00300708080BE
:10310C008070131050B090907003006090F080703D
:10311C00235040E04040400300709070106083806A
:10312C00A0D09090904400C0404040E0240020206B
:10313C0020A040838090A0C0A090C440404040405C
:10314C00E00200F0A8A8A8A80300A0D090909003DB
:10315C000060909090600300E09090E0800300701D
:10316C00909070100300A0D080808003007080606D
:10317C0010E04340E0404040300300909090B0504D
:10318C000300909090606002008888A8A85003000B
:10319C009090609090030090907010E00300F020ED
:1031AC004080F024404080404020242020202020DB
:1031BC002084404020404080030050A000000000CC
:1031CC00000606062666FEFE6020020020205050F7
:1031DC008888F80083C0E0F0F8F0E0C08000006E52
:1031EC00DB919989DB76000000103060FEFE6030C8
:1031FC0010000110180C7E7E0C1810000100007CD1
:10320C00282828A8C8000100008484848CD4A480B9
:10321C007288888888885050D8006390906000002D
:10322C00000000000400000000000000000044400A
:10323C00404040404000400093909000000000004F
:10324C000000025050F85050F85050002178A0A0C7
:10325C00702828F0200061909468102058A424183D
:10326C00003048502254889462006460C000000012
:10327C0000000000244040808080404020008440BA
:10328C004020202040408000010020A870A8200091
:10329C00000001002020F8202000000003000000A6
:1032AC0000000060204002000000F8000000000058
:1032BC00030000000000006060000A0810102040AD
:1032CC004080800072888898A8C888887000123066
:1032DC005010101010103800728888081020408090
:1032EC00F800728888083008888870001230509076
:1032FC009090F8101000FA8080F088080888700010
:10330C00728880F0888888887000FA08081010206D
:10331C0020202000728888887088888870007288C5
:10332C0088888878088870000400C0C00000C0C07D
:10333C0000000400C0C00000C0408000031020400A
:10334C00804020100000020000F80000F80000008F
:10335C0003804020102040800000728888081020D4
:10336C002000200072888898A890808870007A8845
:10337C008888F88888888800F2888888F088888807
:10338C00F00072888880808088887000F288888835
:10339C0088888888F000FA808080F0808080F8002F
:1033AC00FA808080F080808080007288888080988D
:1033BC00889868008A888888F88888888800E4401B
:1033CC00404040404040E0000A08080808080888CF
:1033DC0070008A888890E09088888800828080803D
:1033EC0080808080F8008A88D8D8A8A8A88888000F
:1033FC008AC8C8A8A89898888800728888888888FD
:10340C0088887000F2888888F080808080007288BC
:10341C0088888888A8906800F2888888F0888888CE
:10342C00880072888840201088887000FAA82020B4
:10343C002020202020008A8888888888888870002E
:10344C008A8888505050202020008A8888A8A8A8F4
:10345C00A8A850008A8888502050888888008A88BC
:10346C008888702020202000FA08081020408080D6
:10347C00F800E480808080808080E0008280404082
:10348C00201010080800E420202020202020E0003C
:10349C002250880000000000000001000000000025
:1034AC000000FCFCC36030000000000000000200C3
:1034BC000070087888887800828080B0C88888C8B6
:1034CC00B000020000708880808870000A080868CC
:1034DC009888889868000200007088F880887000CE
:1034EC0032484040E040404040000200006898886C
:1034FC0088780870828080B0C888888888000440EA
:10350C0000C040404040E0000208000808080808DD
:10351C0088708280808890A0E090880062202020B3
:10352C0020202020F800020000D0A8A8A8A8A800FD
:10353C00020000B0C8888888880002000070888863
:10354C0088887000020000B0C88888F08080020073
:10355C000068988888780808020000B0C8808080CD
:10356C00800002000070886030887000034040E0EA
:10357C0040404040300002000088888888986800ED
:10358C00020000888850502020000200008888A883
:10359C00A8A850000200008850202050880002008B
:1035AC000088888878088870020000F808306080ED
:1035BC00F8003340404080404040300044404040A0
:1035CC00404040404000C320202010202020C0005C
:1035DC004AA890000000000000000000020000005B
:1035EC000000000079250008E1250008400040009B
:1035FC00740700208007002003000000000000007A
:10360C001D26000800000000100000008C070020A0
:10361C00000000009C0500200101020095510008EB
:10362C0059520008ED2400088151000843000000A5
:10363C004036010809024300020100C0FA090400E7
:10364C000001020200000524001001052401000104
:10365C00042402020524060001070582030800FF6A
:10366C0009040100020A00000007050102400000E5
:10367C000705810240000000120000008C36010892
:10368C0012011001020000408304405700020102A5
:10369C00030100000403090418036E0061006E00AE
:1036AC006F0076006E0061002E0063006F006D00ED
:1036BC0014034E0061006E006F0056004E00410076
:1036CC002D004800080334003000300004000000D6
:1036DC00A036010818000000A436010814000000F0
:1036EC00BC36010808000000D03601084A5B00080F
:1036FC00525B00085A5B00086A5B00087A5B0008A2
:10370C00865B0008965B0008A45B00083E76000808
:10371C0052760008687600089A760008D67600087B
:10372C00F4760008E6760008B27B0008BA7B000845
:10373C00C27B0008CA7B0008D27B0008DA7B000839
:10374C00E07B0008EE7B0008FA7B0008312E322E5D
:10375C0035382D73670000007363616E0000000044
:10376C00746F6F206D616E7920617267756D656E17
:10377C0074732C206D617820340D0A000820080029
:10378C000000803E398EE33C398EE33AB4A2913886
:10379C002E74013622152933221529309998052DBE
:1037AC00C400AB294EE53426D4CBA0220100FFFE89
:1037BC00000002009FFE010004009FFE02000800B2
:1037CC007FFE03011000FFFE0401000062616E64C5
:1037DC00776964746820256420282575487A290D3A
:1037EC000A0000002573200075736167653A206339
:1037FC00616C205B25735D0D0A0000006C6F6164C9
:10380C007C6F70656E7C73686F72747C7468727593
:10381C007C69736F6C6E7C646F6E657C6F6E7C6F95
:10382C0066667C7265736574000000007573616771
:10383C00653A20636C656172636F6E666967207BA5
:10384C0070726F74656374696F6E206B65797D0D32
:10385C000A00000031323334000000004B6579203F
:10386C00756E6D6174636865642E0D0A000000004E
:10387C00436F6E66696720616E6420616C6C2063B7
:10388C00616C206461746120636C65617265642E87
:10389C000D0A446F207265736574206D616E7561DD
:1038AC006C6C7920746F2074616B6520656666653D
:1038BC0063742E205468656E20646F20746F75637A
:1038CC00682063616C20616E6420736176652E0DD7
:1038DC000A00000075736167653A20636F6C6F7244
:1038EC00207B69647D207B72676232347D0D0A0017
:1038FC00202532643A203078253036780D0A0000C5
:10390C0075736167653A20636F6E666967207B2506
:10391C00737D205B307C315D0D0A0000757361672F
:10392C00653A2064617461205B61727261795D0D2E
:10393C000A00000025662025660D0A002536642045
:10394C00000000007331317C733231006F6E7C6F7C
:10395C006666000075736167653A20667265712052
:10396C007B6672657175656E637928487A297D0D61
:10397C000A000000436F6D6D616E64733A000000C5
:10398C00202573004E616E6F564E412C4E616E6F4A
:10399C00564E412C25732C25730D0A0025642025C9
:1039AC00642025750D0A00006D61726B6572205BD9
:1039BC006E5D205B25737C7B696E6465787D5D0D27
:1039CC000A0000006F6E7C6F666600006C696E7C8E
:1039DC006C6F677C72697C72787C726C637C6762DA
:1039EC007C676C637C727078707C72706C637C72B8
:1039FC007873687C726C6373687C72787365727CA4
:103A0C00726C63736572000075736167653A206D43
:103A1C00656173757265207B25737D0D0A0000004E
:103A2C006E6F6E657C6C637C6C637368756E747C96
:103A3C006C637365726965737C7874616C7C6669A0
:103A4C006C7465727C6361626C657C7265736F6E9D
:103A5C00616E6365000000006175746F7C61766750
:103A6C007C636F6E6E656374696F6E7C6D6F64657D
:103A7C007C677269647C646F747C626B7C666C6955
:103A8C00707C736570617261746F727C74696600AE
:103A9C0075736167653A206D73672064656C617935
:103AAC00205B746578745D205B6865616465725D2C
:103ABC000D0A00006F6666736574207B6672657113
:103ACC0075656E6379206F666673657428487A290C
:103ADC007D00000075736167653A20706F776572C1
:103AEC00207B302D337D7C7B323535202D2061754C
:103AFC00746F7D0D0A706F7765723A2025640D0A1C
:103B0C00000000004572722C2064656661756C744F
:103B1C00206C6F61640D0A00726563616C6C00004F
:103B2C0064667500506572666F726D696E6720729F
:103B3C006573657420746F20444655206D6F646501
:103B4C000D0A0000506572666F726D696E672072A7
:103B5C00657365740D0A00007361766500000000E2
:103B6C0075736167653A20257320302E2E25640D00
:103B7C000A000000436F6E666967207361766564A6
:103B8C000D0A00007363616C657C726566706F73FF
:103B9C000000000075736167653A207363616E20E5
:103BAC007B737461727428487A297D207B73746FDF
:103BBC007028487A297D205B706F696E74735D2064
:103BCC005B6F75746D61736B5D0D0A006672657168
:103BDC0075656E63792072616E6765206973206903
:103BEC006E76616C69640D0A000000007377656580
:103BFC007020706F696E747320657863656564738B
:103C0C002072616E6765203130310D0A00000000B2
:103C1C002575200025662025662000006572723A05
:103C2C00206E6F20636172640D0A00004F4B000020
:103C3C006572720075736167653A2073645F6465C1
:103C4C006C657465207B66696C656E616D657D0D58
:103C5C000A00000064656C6574653A2025732025A4
:103C6C00730D0A002A2E2A0075736167653A20735A
:103C7C00645F6C697374207B7061747465726E7DA3
:103C8C000D0A000025732025750D0A0075736167F8
:103C9C00653A2073645F72656164207B66696C654C
:103CAC006E616D657D0D0A006572723A206E6F2033
:103CBC0066696C650D0A0000736D6F6F7468207B0C
:103CCC00302D387D000000002575202575202564D9
:103CDC000D0A000075736167653A2073776565702E
:103CEC00207B737461727428487A297D205B73740D
:103CFC006F7028487A295D205B706F696E74735DF4
:103D0C000D0A097377656570207B25737D207B66B2
:103D1C0072657128487A297D0D0A00007463786FEA
:103D2C00207B5443584F206672657175656E6379BC
:103D3C0028487A297D0000007468726573686F6C7E
:103D4C0064207B6672657175656E637920696E207F
:103D5C006861726D6F6E6963206D6F64657D0000C4
:103D6C0075736167653A2025730D0A637572726508
:103D7C006E743A2025750D0A0000000062000000E8
:103D8C003230253032782F253032782F253032786A
:103D9C0020253032783A253032783A253032780D79
:103DAC000A75736167653A2074696D65207B5B25C4
:103DBC00735D20302D39397D206F72207B6220306D
:103DCC007859594D4D444420307848484D4D535303
:103DDC007D0D0A00666972737420746F75636820B8
:103DEC007570706572206C6566742C207468656ED5
:103DFC00206C6F7765722072696768742E2E2E00A6
:103E0C00646F6E650D0A746F7563682063616C2056
:103E1C00706172616D733A202564202564202564DD
:103E2C002025640D0A0000002564202573202573CD
:103E3C002025662025660D0A00000000616C6C00D0
:103E4C006F66660025642025732025730D0A00001B
:103E5C007472616365207B307C317C327C337C6195
:103E6C006C6C7D205B25735D205B7372635D0D0A4A
:103E7C007472616365207B307C317C327C337D20B5
:103E8C005B25735D0D0A7472616365207B307C3138
:103E9C007C327C337D207B25737D207B76616C7539
:103EAC00657D0D0A0000000075736167653A20742A
:103EBC0072616E73666F726D207B25737D205B2E35
:103ECC002E2E5D0D0A0000006F6E7C6F66667C699D
:103EDC006D70756C73657C737465707C62616E64F7
:103EEC00706173737C6D696E696D756D7C6E6F72CC
:103EFC006D616C7C6D6178696D756D006C6F676D53
:103F0C0061677C70686173657C64656C61797C73D6
:103F1C006D6974687C706F6C61727C6C696E6561C4
:103F2C00727C7377727C7265616C7C696D61677C85
:103F3C00727C787C7A7C7A707C677C627C797C720F
:103F4C00707C78707C63737C6C737C63707C6C703D
:103F5C007C717C727365727C787365727C7A736524
:103F6C00727C7273687C7873687C7A73687C71324B
:103F7C00317C737772616E74000000005365726956
:103F8C00616C3A20257520626175640D0A00000091
:103F9C002564206D560D0A0025730D0A00000000E3
:103FAC00643701086D6F00080300AC4201089D7274
:103FBC0000080300B8420108DD6100080000C0429F
:103FCC0001083D6F00080000CC420108AD610008FB
:103FDC000F00D4420108257700080F00DC420108CD
:103FEC00B16200080800E4420108816100080D007C
:103FFC00EC420108096500080800F84201087D60E0
:10400C000008040000430108F15F000807000843A2
:10401C000108695F0008070010430108255F0008CC
:10402C0007001C430108E95E00080800284301084A
:10403C00A95E0008080034430108D95D000803009C
:10404C003C430108955D00080300484301083D58B6
:10405C000008030054430108ED5800080E005C43AF
:10406C000108997400080F0064430108615D0008A1
:10407C000B00684301085D7B00080100643B0108EC
:10408C00315D00080800243B0108397400080F005A
:10409C006C430108A57D0008080074430108B17445
:1040AC00000808007C430108B57F00080800844321
:1040BC00010875800008080090430108B5630008EA
:1040CC00070098430108015D00080F00A043010898
:1040DC00115700080700A8430108195800080700E9
:1040EC00B0430108ED5700080700B8430108ED5C28
:1040FC0000080800C0430108C15C00080800C84360
:10410C000108755C00080B00D0430108455C0008F1
:10411C000F0020430108095C00080F00D843010878
:10412C00798100080F00E4430108515700080F0083
:10413C00EC430108E15B00080800F84301080D5B43
:10414C000008080004440108E15A00080800104463
:10415C000108A55A00080000184401087D5A0008FF
:10416C00000020440108695A000800002844010896
:10417C00FD800008000030440108FD8000080000AC
:10418C0038440108A1590008080000000000000094
:10419C0000000000010009000000000000001300F6
:1041AC000000000000001D000000000000002700BF
:1041BC0000000000000031000000000000003B0087
:1041CC0000000000000045000000000000004F004F
:1041DC000000000001000003000020410000E0404E
:1041EC0001000102000020410000E0400103000337
:1041FC000000803F00000000010101020000B442F9
:10420C000000804006050402010000007042010815
:10421C007842010880420108884201089042010856
:10422C00984201089C420108A0420108A4420108DE
:10423C000D0A4E616E6F564E41205368656C6C0DC5
:10424C000A00000063683E200000000025733F0D4B
:10425C000A000000424D4001F000080163683E2056
:10426C000D0A00006C6F6164000000006F70656ED9
:10427C000000000073686F7274000000746872753F
:10428C000000000069736F6C6E0000004573000045
:10429C00457200004574000063616C276564000082
:1042AC007363616E5F62696E00000000646174612B
:1042BC00000000006672657175656E636965730058
:1042CC006672657100000000737765657000000010
:1042DC00706F7765720000006F666673657400001E
:1042EC0062616E64776964746800000074696D655E
:1042FC000000000073645F6C6973740073645F7218
:10430C006561640073645F64656C657465000000CE
:10431C0073617665636F6E6669670000636C6561D7
:10432C0072636F6E6669670064756D7000000000E3
:10433C00746F75636863616C00000000746F756363
:10434C00687465737400000070617573650000001B
:10435C00726573756D6500006D73670063616C0049
:10436C0074726163650000006D61726B65720000B0
:10437C006564656C617900007332316F66667365D4
:10438C007400000063617074757265006D65617313
:10439C00757265007265667265736800746F75631B
:1043AC006800000072656C6561736500766261740B
:1043BC00000000007463786F000000007265736584
:1043CC0074000000736D6F6F746800007573617218
:1043DC00745F63666700000075736172740000009F
:1043EC00766261745F6F6666736574007472616E79
:1043FC0073666F726D0000007468726573686F6C21
:10440C006400000068656C7000000000696E666FE7
:10441C000000000076657273696F6E002A49444E85
:10442C003F0000002A69646E3F000000636F6C6FF0
:10443C00720000005331310053323100426F61720F
:10444C00643A204E616E6F564E4100003230313965
:10445C002D3230323420436F707972696768742062
:10446C00404469536C6F72642028626173656420E8
:10447C006F6E204065647935353520736F757263C6
:10448C00652900004C6963656E73656420756E6404
:10449C0065722047504C2E00202068747470733A5B
:1044AC002F2F6769746875622E636F6D2F44695383
:1044BC006C6F72642F4E616E6F564E412D4400002E
:1044CC00446F6E61746520737570706F72743A000E
:1044DC0020205765624D6F6E65793A205A3331331F
:1044EC003832323836393131390000005665727342
:1044FC00696F6E3A20312E322E35382D7367205B62
:10450C00703A3130312C2049463A31326B2C2041F3
:10451C0044433A3139326B2C204C63643A33323099
:10452C00783234305D0000004275696C6420546947
:10453C006D653A2041756720333020323032362099
:10454C002D2031323A35323A3137000041726368EE
:10455C0069746563747572653A2041524D76362DD7
:10456C004D20436F72652056617269616E743A20FA
:10457C00436F727465782D4D30000000506C61747F
:10458C00666F726D3A2053544D3332463037327861
:10459C004220456E747279204C6576656C204D65B1
:1045AC006469756D2044656E7369747920646576F1
:1045BC00696365730000000073746172747C7374BA
:1045CC006F707C63656E7465727C7370616E7C63F6
:1045DC00777C737465707C7661720000797C6D7C7D
:1045EC00647C687C6D696E7C7365637C70706D0037
:1045FC004044010844440108220020090000000046
:10460C0000000000000000FFFFFF010090650000AB
:10461C00010811000000010000E1F5050120110066
:10462C000000010080A4BF07020811230000010054
:10463C000095BA0A020611230000010001000000D7
:10464C000204112300000100000B6B1B0206532314
:10465C0028283C000046C3230204532328283C008E
:10466C00030000000204532332323C00008C8647C6
:10467C000204752346468C000500000002047523D5
:10468C0046468C0000D2496B020497334646FC0028
:10469C0007000000020497334646FC0000180D8FFB
:1046AC000204B93355558C01090000000204B933DA
:1046BC005F5F8C010B0000000204CB335F5F1002C4
:1046CC0000000000000000FFFFFF010090650000EB
:1046DC000110110000000100000E2707012011003D
:1046EC000000010001000000020411110000010093
:1046FC000084D7170208532314140100002B0C2339
:10470C000206532314140100030000000204532377
:10471C001E1E010005000000020475233C3C010034
:10472C0007000000020497334B4BFC00090000000B
:10473C000204B933505A8C010B0000000204DB3325
:10474C005F5F100200000000000000FFFFFF01008F
:10475C00007D0000010611130000010080A4BF07BA
:10476C0001281113000001000100000002041113C4
:10477C0000000100002B0C230206531300003C0028
:10478C00030000000204531300003C00050000006D
:10479C000204753300008C000700000002049733FC
:1047AC002828FC00090000000204B93328288C01D9
:1047BC000B0000000204DB33282810020C46010811
:1047CC00CC46010850470108108080802A323A00FC
:1047DC000203FF041080808002B7400203F800003F
:1047EC000000010104430591060C070B08400B82E5
:1047FC000C840D000E403C111282138414403D07B2
:10480C001B4C1E880001010802010A333D0047328F
:10481C007B01341036100000374000100C000000F3
:10482C0037040004C0000000000051C25200000117
:10483C004C432D5345524945530000004F00020094
:10484C0053000400440001005200400053002000BB
:10485C00540080007400080058001000450000044B
:10486C0000000000000000003D9400080000000063
:10487C00257320254625732F000000002573202565
:10488C00302E3166465300002520362E334600006C
:10489C00180000004D25640017252E3371487A004E
:1048AC00252E3371487A00001725642D25643A00B3
:1048BC0025632571487A0000254673202825466D0E
:1048CC00290000004D25643A000000002571487A4B
:1048DC000000000025634564656C61793A2025462B
:1048EC0073202825466D2900533231206F6666737C
:1048FC0065743A20252E33466442000025632573E7
:10490C002025313571487A004357000053544152E9
:10491C005400000053544F500000000043454E54C7
:10492C00455200005350414E000000005354415278
:10493C0054203073202020205646203D202564250D
:10494C002500000053544F5020254673202825463F
:10495C006D29000042573A2575487A20257570005C
:10496C0050256300732564004C6F772D7369646563
:10497C0000486967682D7061737300486967682D1A
:10498C0073696465004C6F772D70617373005332DB
:10499C00312046494C54455200663A20252E364665
:1049AC00487A2028254664422900427720282D2564
:1049BC00646442293A20252E3646487A00513A2022
:1049CC0025460066282D2564293A00526F6C6C3AF6
:1049DC00004C2F43206D6174636820666F722073E6
:1049EC006F75726365205A30203D2025302E31665C
:1049FC001E004E6F204C43206D6174636820666FFF
:104A0C00722074686973004E6F206E656564206651
:104A1C006F72204C43206D61746368005372632085
:104A2C007368756E7400536572696573004C6F61C1
:104A3C0064207368756E7400533131204341424CCD
:104A4C0045005A30203D2025461E005646203D206C
:104A5C00252E3266252520284C656E677468203D0E
:104A6C002025466D29004C656E677468203D202515
:104A7C00466D202856463D2564252529004C6F732C
:104A8C0073203D202546644220617420252E344637
:104A9C00487A00417474203D20254664422F313001
:104AAC00306D20617420252E3446487A0053313104
:104ABC00205245534F4E414E4345002571487A2CA8
:104ACC00202546252B6A461E00254664422F646528
:104ADC006300254664422F6F6374004E6F7420662A
:104AEC006F756E640046733D2571487A004C6D3DC0
:104AFC002546482020436D3D2546462020526D3DDD
:104B0C0025461E00513D252E33660046703D25710D
:104B1C00487A202017463D25640043703D254646C3
:104B2C0000000000000040400000C0400000204198
:104B3C000000A04141444D495400000014120200F1
:104B4C00481A0200C0330700184F070040771B00BB
:104B5C00389C1C00E067350020753800009E390039
:104B6C00C0FB3900C0CF6A00A0636F00201D9A0003
:104B7C0070E09A00809FD500B0F6DA0020B21301E5
:104B8C00C0381501406F4001104D470190CA7B01A0
:104B9C0030517D01003FAB01A02FC50180F0FA021E
:104BAC0080F9370300449508004DD2088047A119BD
:104BBC008074D21A00E6E849006D7C4D1412020094
:104BCC00481A0200C0330700184F070040771B003B
:104BDC0080841E00E067350000093D0044565100FA
:104BEC00C07E5200C0CF6A00A0636F00201D9A00E7
:104BFC0070E09A00809FD500B0F6DA0020B2130165
:104C0C00C0381501406F4001104D470190CA7B011F
:104C1C0030517D01003FAB01A02FC50180F0FA029D
:104C2C0080F9370300449508004DD20880733B0D82
:104C3C00403A690D8047A1198074D21A806DC33532
:104C4C000028503700E6E849006D7C4D1412020034
:104C5C00481A0200C0330700184F0700509E1B0073
:104C6C0080841E00E0673500C0FB39004CA8510061
:104C7C00E4E25100C0CF6A0000DD6D00201D9A00F7
:104C8C0070E09A00809FD500B0F6DA0020B21301D4
:104C9C00C0381501406F4001104D470190CA7B018F
:104CAC0030517D01003FAB01A02FC50180F0FA020D
:104CBC00007519030044950880C8B3088047A119F2
:104CCC0000DE391A00E6E849006D7C4D1412020032
:104CDC00481A0200C0330700184F0700509E1B00F3
:104CEC0080841E00E0673500C0FB39004CA85100E1
:104CFC00E4E25100C0CF6A0000DD6D00201D9A0077
:104D0C0070E09A00809FD500B0F6DA0020B2130153
:104D1C00C0381501406F4001104D470190CA7B010E
:104D2C0030517D01003FAB01A02FC50180F0FA028C
:104D3C0000751903801D2C04A0BE33040044950893
:104D4C0080C8B3088047A11900DE391A00E6E8498B
:104D5C00006D7C4D14120200481A0200C03307008B
:104D6C00184F070040771B0080841E00E067350059
:104D7C0000093D0044565100C07E5200C0CF6A006D
:104D8C00A0636F00201D9A0070E09A00809FD500F0
:104D9C00B0F6DA0020B21301C0381501406F4001A3
:104DAC00104D470190CA7B0130517D01003FAB0192
:104DBC00A02FC50180F0FA0280F937030044950852
:104DCC00004DD20880733B0D403A690D00B10819B3
:104DDC008074D21A806DC3350028503700E6E8493C
:104DEC00006D7C4D14120200481A0200C0330700FB
:104DFC00184F070040771B0080841E00E0673500C9
:104E0C0060823B004CA85100E4E25100C0CF6A0024
:104E1C0000DD6D00201D9A0070E09A00809FD50087
:104E2C00B0F6DA0020B21301C0381501406F400112
:104E3C00104D470190CA7B0130517D01003FAB0101
:104E4C00A02FC50180F0FA0280F9370300449508C1
:104E5C00004DD2088047A11900DE391A00E6E84956
:104E6C00006D7C4D14120200481A0200C03307007A
:104E7C00184F070040771B00509E1B00E8D81B0002
:104E8C00389C1C00E067350060A03600B0E03700AD
:104E9C0058423800F07C3800A0B33800E8243900C0
:104EAC009086390098D83900480F3A00C0CF6A0074
:104EBC0000DD6D00201D9A0070E09A00809FD500E7
:104ECC00B0F6DA0020B21301C0381501406F400172
:104EDC00104D470190CA7B0130517D01003FAB0161
:104EEC00A02FC50180F0FA0280F937030044950821
:104EFC0080C8B3088047A11900DE391A00131A4B79
:104F0C00006D7C4D14120200481A0200C0330700D9
:104F1C00184F0700509E1B0080841E00E067350070
:104F2C00C0FB3900043D5000247F5200C0CF6A0002
:104F3C0000DD6D00201D9A0070E09A00809FD50066
:104F4C00B0F6DA0020B21301C0381501406F4001F1
:104F5C00104D470190CA7B0130517D01003FAB01E0
:104F6C00A02FC50180F0FA0200751903801D2C04D6
:104F7C00A0BE33040044950880C8B3088047A1192B
:104F8C0000DE391A00E6E84940E5F94E1412020039
:104F9C00481A0200C0330700184F070040771B0067
:104FAC0080841E00E067350000093D004456510026
:104FBC00C07E5200C0CF6A00A0636F00201D9A0013
:104FCC0070E09A00809FD500B0F6DA0020B2130191
:104FDC00C0381501406F4001104D470190CA7B014C
:104FEC0030517D01003FAB01A02FC50180F0FA02CA
:104FFC0080F9370300449508004DD20880733B0DAF
:10500C00403A690D00B108198074D21A806DC3350D
:10501C000028503700E6E849006D7C4D9455010896
:10502C00D84C0108110000009C550108604D010886
:10503C0012000000A4550108F04D010810000000FA
:10504C00AC550108984F010812000000B05501083A
:10505C00C84B010812000000B8550108104F010898
:10506C0011000000BC550108584C0108100000004C
:10507C00C4550108704E010814000000CC550108FD
:10508C00484B01081000000025342E3246256300E1
:10509C0000007FC07FC07FC07FC07FC07FC07FC04B
:1050AC003F801F000E00040004000E001F003F8014
:1050BC007FC07FC07FC07FC07FC07FC07FC000002B
:1050CC00FFE0802086208E20962086208620862059
:1050DC004F40208011000A000A0011002080464039
:1050EC008E2096208620862086208F208020FFE030
:1050FC00FFE080209F20B1A081A083208C20B020D5
:10510C005F40208011000A000A00110020805F40DF
:10511C00B1A081A083208C20B020BFA08020FFE014
:10512C00FFE080209F20B1A081A0872081A0B1A0AA
:10513C005F40208011000A000A00110020805F40AF
:10514C00B1A081A0872081A0B1A09F208020FFE08A
:10515C00FFE08020832087208F209B20B320BFA0DE
:10516C004340208011000A000A00110020804340B7
:10517C0087208F209B20B320BFA083208020FFE0BE
:10518C00FFE08020BFA0B020BF20B1A081A0B1A0C3
:10519C005F40208011000A000A00110020807FC0AF
:1051AC00B020BF20B1A081A0B1A09F208020FFE043
:1051BC00FFE080209F20B1A0B020BF20B1A0B1A003
:1051CC005F40208011000A000A00110020805F401F
:1051DC00B1A0B020BF20B1A0B1A05F408020FFE003
:1051EC00FFE08020BFA0B1A081A0832086208C206E
:1051FC004C40208011000A000A00110020807FC062
:10520C00B1A081A0832086208C204C408020FFE020
:10521C00FFE080209F20B1A0B1A09F20B1A0B1A041
:10522C005F40208011000A000A00110020805F40BE
:10523C00B1A0B1A09F20B1A0B1A05F408020FFE041
:10524C00BC530108C0530108B5A700088997000892
:10525C00CC530108D05301085DA7000889970008BA
:10526C00E05301083C590108899500088D95000808
:10527C00E8530108F0530108919500087DAA000835
:10528C00F853010800540108919500087DAA000804
:10529C000C54010814540108F1A5000895A6000847
:1052AC001C54010824540108F1A50008D9A60008D3
:1052BC0030540108F053010841A60008D9A6000893
:1052CC003C5401080054010841A60008D9A6000866
:1052DC0048540108F0530108E1AD000839AA000850
:1052EC005454010800540108E1AD000839AA000823
:1052FC0060540108F053010855A6000825A70008C2
:10530C006C5401080054010855A6000825A7000894
:10531C00060001009C00010006000C009C000C0023
:10532C00060017009C001700060022009C002200BB
:10533C00000000000000000000000000000300005E
:10534C00C1A40008D9AA000802010000219D000890
:10535C00F1AF000802010000219D0008F1AF000828
:10536C0002010000219D0008F1AF000802010000BD
:10537C00759B0008A9A20008010300009D99000874
:10538C0021B90008010300003DA00008BDB60008CB
:10539C004C432D5348554E54005854414C2D5345B5
:1053AC005249455300000000C0F0FCF0C000000062
:1053BC004C494E00252E326620252B2E31661F00BF
:1053CC004C4F4700252E3166644220252B2E31662A
:1053DC001F0000005265202B20496D0052202B200D
:1053EC006A5800002546252B6A461E0052202B20A9
:1053FC004C2F430025461E20254625630000000047
:10540C0047202B206A4200002546252B6A46530074
:10541C0047202B204C2F430025465320254625633F
:10542C00000000005270202B206A58700000000011
:10543C005270202B204C2F4300000000522B6A5836
:10544C00205348554E540000522B4C2F43205348A8
:10545C002E2E0000522B6A582053455249455300BA
:10546C00522B4C2F43205345522E2E004C4F474D60
:10547C0041470000252E32662573000017252E3378
:10548C0066257300504841534500000017252E3205
:10549C0066257300252E344625730000534D495460
:1054AC0048000000504F4C41520000004C494E4502
:1054BC004152000017252E344625730053575200D5
:1054CC00252E3366257300005245414C0000000028
:1054DC00252E36662573000017252E35662573009C
:1054EC00494D414700000000252E36666A257300A1
:1054FC0017252E35666A257300000000252E3346CD
:10550C002573000017252E33462573001E0000005E
:10551C00580000007C5A7C005A207068617365004A
:10552C00252E316625730000470000007C597C0055
:10553C0052700000587000004373000046000000D9
:10554C004C730000437000004C70000051000000D0
:10555C00252E34662573000052736572000000001E
:10556C0058736572000000007C5A7365727C0000F1
:10557C0052736800587368007C5A73687C00000092
:10558C0053575220414E540049415255205231003C
:10559C004941525520523200494152552052330054
:1055AC005553410043414E4144410000554B0000CE
:1055BC004745524D414E59004A4150414E00000062
:1055CC004155535452414C49410000007854010854
:1055DC008054010888540108044901080000E04087
:1055EC00000020415DA70008905401088054010878
:1055FC0098540108DC530108000080400000B442BC
:10560C0089970008E4700108A0540108A05401080F
:10561C0098710108000080405F708930D9960008AD
:10562C00A8540108000000000000000078380108B0
:10563C00000000000000803F00000000B054010892
:10564C000000000000000000783801080000000095
:10565C000000803F00000000B8540108A05401086D
:10566C00C054010878380108000000000000003E1A
:10567C00B5A70008C8540108CC5401088854010887
:10568C0078380108000000000000803E35A80008B2
:10569C00D4540108DC540108E4540108783801089A
:1056AC00000080400000803E89950008EC54010801
:1056BC00F4540108FC5401087838010800008040BB
:1056CC000000803E8D950008B4540108085501086F
:1056DC001055010818550108000000000000C842D0
:1056EC00919500081C550108085501081055010832
:1056FC0018550108000080400000C8427DAA00082F
:10570C0020550108085501081055010818550108C5
:10571C00000000000000484271A800082455010850
:10572C002C55010898540108DC53010800008040F6
:10573C000000B44281A9000834550108085501083D
:10574C0010550108886D0108000000000AD7233CA1
:10575C00F1A50008306D0108085501081055010825
:10576C00886D0108000080400AD7233C95A60008EC
:10577C00385501080855010810550108886D0108B5
:10578C00000000000AD7A33CD1A800083C55010832
:10579C0008550108105501081855010800000000B3
:1057AC000000C84241A600084055010808550108F0
:1057BC001055010818550108000080400000C8422F
:1057CC00D9A6000844550108A0540108C05401088A
:1057DC00485501080000804077CC2B32B9AD000849
:1057EC004C550108A0540108C0540108247001084C
:1057FC000000804077CC2B329DAD0008505501083D
:10580C00A0540108C054010848550108000080400C
:10581C0077CC2B3209A7000854550108A054010875
:10582C00C0540108247001080000804077CC2B3252
:10583C00EDA60008585501085C550108885401086C
:10584C00783801080000000000002041F5A900088C
:10585C006455010808550108105501081855010830
:10586C00000080400000C84255A600086C55010895
:10587C000855010810550108185501080000804012
:10588C000000C84225A700087455010808550108F6
:10589C001055010818550108000080400000C8424E
:1058AC00E5A800087C5501080855010810550108A9
:1058BC0018550108000080400000C842E1AD000806
:1058CC0080550108085501081055010818550108A4
:1058DC00000080400000C84239AA00088455010825
:1058EC0008550108105501081855010800008040A2
:1058FC000000C84231A90008585501085C55010840
:10590C00885401087838010800000000000020418C
:10591C00BDA900088C550108CC5401088854010815
:10592C0078380108000000000000803ED9A700086C
:10593C002546252B6A460000736574204341424C72
:10594C0045204C4F53530000424D7A580200000042
:10595C0000007A0000006C00000040010000F00024
:10596C000000010010000300000000580200C40EEB
:10597C000000C40E0000000000000000000000F851
:10598C000000E00700001F0000000000000042477C
:10599C005273000000000000000000000000000036
:1059AC0000000000000000000000000000000000EB
:1059BC0000000000000000000000000000000000DB
:1059CC00000000002400DC0058001429C400DC0096
:1059DC00580014291C01DC002400140F0000DC000A
:1059EC002400140900000000A000160644454C00D9
:1059FC003C003E0058004E4F20434152440045525B
:105A0C00524F52002D202575207C202575202D000D
:105A1C00FFC080408040804080408040804080407B
:105A2C0080408040FFC0FFC08020806080C08180AB
:105A3C00A340B6409C4088408040FFC000001E0040
:105A4C002100408080408040804080404080210088
:105A5C001E0000001E0021004C809E40BF40BF4035
:105A6C009E404C8021001E00FFE080208FA099A05A
:105A7C00B1A0B1A0BFA0B1A0B1A08020FFE0FFE019
:105A8C008020B1A0B1A0BBA0BFA0B5A0B5A0B1A013
:105A9C008020FFE00103020104020806100400004C
:105AAC00D474010851DB0008E1D9000800000000A3
:105ABC00D874010851DB0008E1D90008000000008F
:105ACC00DC74010865D90008CDD80008030000007B
:105ADC00E0740108FDD70008E5D6000803000000BB
:105AEC006843010875D600088DD600080000000038
:105AFC00E474010861D600080000000000000000FA
:105B0C00E874010800000000F1D500080000000056
:105B1C00287501083075010838750108544F554334
:105B2C0048202573202A00544F5000424F54544FA4
:105B3C004D0025730A200219252E34462573004387
:105B4C0041424C45204C454E475448006D00452D74
:105B5C0044454C415920532564310A200219252E05
:105B6C00374673004A4F4720535445500A200219B8
:105B7C00252E3371487A0052454620504F534954D4
:105B8C00494F4E0025730A200219252E3446005326
:105B9C0043414C450025730A200219252E34462515
:105BAC00732F446976004A4F4720535445500A20BE
:105BBC00021925467300000000000000500034005C
:105BCC000000500020002000185C0108745E0108E1
:105BDC00FC5D0108F45B01083C5C0108605C010899
:105BEC00D85D0108205E01081000130A03000201B1
:105BFC0012022203010411052106000710082009D6
:105C0C00320B3315230C30FF31FF00001000130A48
:105C1C0003000201120222030104110521060007F0
:105C2C0010082009300F310E320D3314230C0000F4
:105C3C001000130A030002011202220301041105D1
:105C4C00210600071008200930113110320B3315D2
:105C5C00230C00001000130A03000201120222039D
:105C6C000104110521060007100820093110320D1E
:105C7C003314230C30FF000000001849010895066E
:105C8C000108000120490108950601080002284975
:105C9C000108950601080003304901089506010822
:105CAC000004DC6C0108950601080005E46C010891
:105CBC00950601080006F06C010895060108010024
:105CCC00FC6C01085D0701080400335B01089103BB
:105CDC0001080600335B0108910301080401375BDE
:105CEC000108910301080601375B010891030108C3
:105CFC00010C9B5B0108B9040108060D9B5B0108B4
:105D0C00B90401080300835B01081D0501080600A6
:105D1C00046D0108650501080600F06C01084D03CF
:105D2C00010803000C6D0108BD0501080200186D87
:105D3C0001083D0701080100246D0108DD0501087B
:105D4C0005004B5B0108FD0501080000346D0108DE
:105D5C00210701080000406D01080507010801003A
:105D6C004C6D0108E90601080100586D0108510647
:105D7C0001080119646D010835E60008011A786DF7
:105D8C00010835E6000803008C6D01086D0601085A
:105D9C000700946D010895FB00080701986D010838
:105DAC0095FB000807029C6D010895FB0008070392
:105DBC00A06D010895FB00080704906D010895FB88
:105DCC0000080705A46D010895FB00081000130AD4
:105DDC00030002011202220301041105210600072F
:105DEC0010082009301131123213330B230C000030
:105DFC001000130A03000201120222030104110510
:105E0C0021060007100820093316230C30FF31FF40
:105E1C0032FF00002801003110322033303440357D
:105E2C005036603770388039903001511157214508
:105E3C0031524154515961557149814F9150024130
:105E4C0012532244324642475248624A724B824CA9
:105E5C00925F032D135A2358334343565342634ED8
:105E6C00734D831A931600001000130A03000201ED
:105E7C001202220301041105210600071008200953
:105E8C003315230C30FF31FF32FF466F726D617496
:105E9C002065727200545241434520256400000075
:105EAC000200CC74010809ED00080000000000009D
:105EBC000000000003002075010871D400080301E4
:105ECC002075010871D4000803032075010871D4F2
:105EDC000008030B2075010871D4000803272075F6
:105EEC00010871D4000803832075010871D40008DF
:105EFC00000000000000AC5E010800000100C46D51
:105F0C000108745F010803009073010861F1000837
:105F1C0001009C7301087C6801080300A47301084C
:105F2C0049E400080200AC73010819D10008030011
:105F3C00B47301089DE000080300BC73010875E010
:105F4C000008000000000000AC5E010843414C3A20
:105F5C00202564700A20252E3646487A0A20252EE4
:105F6C003646487A00000000030104740108B5E4C9
:105F7C00000803020C740108B5E400080300147453
:105F8C000108B5E4000803041C740108B5E400081A
:105F9C00030324740108B5E4000802002C74010802
:105FAC0095F1000802013474010895F10008000015
:105FBC0000000000AC5E01085331312028524546E8
:105FCC004C290053323120285448525529000000E6
:105FDC000204746F0108E5FF0008000000000000D7
:105FEC00AC5E01080200FC6D0108E5FF000802012F
:105FFC00086E0108E5FF00080100146E0108E4605A
:10600C0001080203246E0108E5FF00080100306E50
:10601C000108C460010802023C6E0108E5FF00089B
:10602C000100446E010844680108000000000000F3
:10603C00AC5E01084E616E6F564E4100534E3A20D5
:10604C00253038782D253038782D25303878202893
:10605C00257329005443584F203D202571487A2040
:10606C0028257329000216496E206D656D6F7279B3
:10607C00206F66204D61796102010054696D653AAB
:10608C00203230253032642F253032642F253032C7
:10609C006420253032643A253032643A253032643B
:1060AC0020284C5325632900426174743A202564DE
:1060BC002E253033645600000302886F01088502D8
:1060CC00010803009C6F0108BDF0000800000000EF
:1060DC000000AC5E010800000316506E010825F5A7
:1060EC0000080315646E010825F500080317746E8B
:1060FC00010825F500080300886E0108DDF0000892
:10610C0003069C6E0108850201080307AC6E0108AA
:10611C00850201080100BC6E0108886101080100BC
:10612C00C46E010840610108000000000000AC5E74
:10613C00010800000300106F0108F5E500080308D2
:10614C001C6F010885020108030A2C6F01088502E7
:10615C00010802053C6F010819F9000802064C6F92
:10616C000108210301080100646F0108DC5F0108CC
:10617C00000000000000AC5E010800000200B06FDF
:10618C0001081D020108000000000000AC5E0108BF
:10619C0003005C71010875F00008010064710108CE
:1061AC00FC6201080100787101086C6301080300AE
:1061BC008C71010899DC000801009B5B0108C46824
:1061CC00010801009C710108D86B01080300A8713B
:1061DC00010819F100080100C0710108306A0108BA
:1061EC00000000000000AC5E010800000304B05485
:1061FC000108B5F100080305B8540108B5F1000811
:10620C000307D4540108B5F100080308EC54010845
:10621C00B5F100080316D0720108B5F10008030DA2
:10622C00DC720108B5F10008030EE8720108B5F143
:10623C000008030F38550108B5F100080100C46EC1
:10624C0001085C620108000000000000AC5E01085F
:10625C00030CF4720108B5F100080312FC7201087A
:10626C00B5F10008031308730108B5F10008031019
:10627C0014730108B5F10008031120730108B5F17E
:10628C00000803142C730108B5F1000803153873CA
:10629C000108B5F10008000000000000AC5E010828
:1062AC00039744730108B5F1000803985073010873
:1062BC00B5F1000803995C730108B5F10008039A65
:1062CC0068730108B5F10008039B70730108B5F100
:1062DC000008039C78730108B5F10008039DD07287
:1062EC000108B5F10008000000000000AC5E0108D8
:1062FC00030078540108B5F100080301905401081B
:10630C00B5F100080302E4700108B5F100080303BD
:10631C00A8540108B5F100080306C8540108B5F1EA
:10632C000008010094720108186B01080309A0729F
:10633C000108B5F10008030AAC720108B5F10008B8
:10634C00030B20550108B5F100080100C46E0108CB
:10635C00F8610108000000000000AC5E01080000BC
:10636C00038078540108B5F10008038190540108AA
:10637C00B5F100080382E4700108B5F1000803834D
:10638C00A8540108B5F100080384B0540108B5F114
:10639C0000080385B8540108B5F100080387D454EC
:1063AC000108B5F100080388EC540108B5F10008A8
:1063BC000100C46E0108AC6201080000000000007E
:1063CC00AC5E010825730A02192573000300186FCF
:1063DC00010899D400080301186F010899D400082A
:1063EC000302186F010899D400080303186F010801
:1063FC0099D400080304186F010899D40008030508
:10640C00186F010899D400080306186F010899D475
:10641C0000080307186F010899D400080308186FC7
:10642C00010899D400080309186F010899D40008D1
:10643C00000000000000AC5E010800000100C46F09
:10644C000108806501080300D46F01089DE5000870
:10645C0002FFE46F0108F1DC00080201F46F01088F
:10646C00F1DC0008010004700108906401080300CD
:10647C001070010825E00008000000000000AC5E70
:10648C00010800000200BC700108A9F50008020117
:10649C00C4700108A9F500080202CC700108A9F526
:1064AC0000080203D8700108A9F500080206E07084
:1064BC000108A9F50008000000000000AC5E01080E
:1064CC000300186F01081DF400080301186F010880
:1064DC001DF400080302186F01081DF400080303E3
:1064EC00186F01081DF400080304186F01081DF44F
:1064FC0000080305186F01081DF400080306186F47
:10650C0001081DF400080307186F01081DF40008AA
:10651C000308186F01081DF40008000000000000BB
:10652C00AC5E01080300186F01081DF4000803019C
:10653C00186F01081DF400080302186F01081DF400
:10654C0000080309186F01081DF40008030A186FEE
:10655C0001081DF40008030B186F01081DF4000856
:10656C00030C186F01081DF4000800000000000067
:10657C00AC5E01080300EC700108A9D1000803010E
:10658C00EC700108A9D100080302EC700108A9D134
:10659C0000080303EC700108A9D100080304EC7097
:1065AC000108A9D100080305EC700108A9D1000865
:1065BC000306EC700108A9D100080307EC70010870
:1065CC00A9D100080200F870010861D1000803008D
:1065DC0000710108FDE00008000000000000AC5E46
:1065EC00010800000300766801089DEC0008030117
:1065FC001C7001089DEC00080306287001089DEC36
:10660C0000080307387001089DEC000803024C7069
:10661C0001089DEC000803035C7001089DEC000868
:10662C000304707001089DEC0008030584700108D8
:10663C009DEC0008000000000000AC5E01080000AA
:10664C000300766801089DEC000803062870010819
:10665C009DEC00080312A470010825F50008031432
:10666C004B5B010825F50008000000000000AC5E43
:10667C00010800000300766801089DEC0008030582
:10668C00847001089DEC0008000000000000AC5E66
:10669C00010800000300766801089DEC0008030166
:1066AC001C7001089DEC0008000000000000AC5EAE
:1066BC0001080000F0650108A066010800670108E8
:1066CC000067010800670108806601084C66010834
:1066DC00E06601080300766801089DEC00080307DA
:1066EC00387001089DEC0008000000000000AC5E52
:1066FC00010800000300766801089DEC0008030205
:10670C004C7001089DEC000803035C7001089DECC3
:10671C0000080304707001089DEC000803189470C5
:10672C00010825F50008000000000000AC5E01081F
:10673C000300F0740108C5D500080301F0740108CA
:10674C00C5D500080302F0740108C5D50008030381
:10675C00F0740108C5D500080304F0740108C5D510
:10676C0000080305F0740108C5D500080306F07491
:10677C000108C5D500080307F0740108C5D5000849
:10678C00000000000000AC5E01085041555345006C
:10679C00524553554D45000003FF287101089DD506
:1067AC0000080300F87401089DD500080301F87473
:1067BC0001089DD500080302F87401089DD5000856
:1067CC000303F87401089DD50008000000000000C8
:1067DC00AC5E0108504F5745520219202025756DAB
:1067EC00410000000204D0730108210301080300DA
:1067FC00E4730108F1E300080301E4730108F1E319
:10680C0000080302E4730108F1E300080303E473D6
:10681C000108F1E300080304E4730108F1E3000844
:10682C00000000000000AC5E0108252E3646487AB8
:10683C000A252E3646487A000319CC6E010825F538
:10684C000008031AD86E010825F50008031BE46E36
:10685C00010825F500080300FC6E010841E0000862
:10686C00000000000000AC5E01084F46460000002E
:10687C000204F073010819F900080300E47301081D
:10688C0015ED00080301E473010815ED000803027F
:10689C00E473010815ED00080303E473010815ED1A
:1068AC0000080304E473010815ED00080000000063
:1068BC000000AC5E0108000003005C71010849DCBB
:1068CC00000802004072010821E200080308335B53
:1068DC00010861F50008030A375B010861F500083F
:1068EC00030C9B5B010861F50008030E835B010838
:1068FC0061F50008030F046D010825F5000803116C
:10690C004C72010825F50008030464720108850225
:10691C0001080305787201088502010803008472DE
:10692C0001083DF10008000000000000AC5E010809
:10693C000100147401088C690108020040740108FC
:10694C0019F9000802014C74010819F90008020237
:10695C005874010819F9000802046474010819F943
:10696C000008030078740108850201080309847487
:10697C00010885020108000000000000AC5E01085F
:10698C00020298740108210301080200A87401088E
:10699C00210301080201B474010821030108020457
:1069AC00C074010821030108000000000000AC5E67
:1069BC00010800000300AC6F010821DD0008030191
:1069CC00AC6F010821DD00080302AC6F010821DD6A
:1069DC0000080303AC6F010821DD00080304AC6F51
:1069EC00010821DD00080305AC6F010821DD00085A
:1069FC000306AC6F010821DD00080307AC6F01082A
:106A0C0021DD00080308AC6F010821DD0008030933
:106A1C00AC6F010821DD0008000000000000AC5E36
:106A2C00010800000301CC71010885020108030074
:106A3C00E071010879E500080301EC71010879E5C2
:106A4C0000080302EC71010879E500080304EC71FD
:106A5C00010879E500080305EC71010879E50008E7
:106A6C000306EC71010879E5000800000000000045
:106A7C00AC5E010803001849010825F50008030164
:106A8C002049010825F5000803022849010825F5CD
:106A9C00000803033049010825F500080304DC6CE9
:106AAC00010825F5000803050871010825F5000803
:106ABC0003061C71010825F500080300307101085C
:106ACC009DF00008030B44710108850201080000C9
:106ADC0000000000AC5E0108434C45415200535489
:106AEC004F52450003070075010825F50008030007
:106AFC0014750108D1D40008030114750108D1D410
:106B0C000008000000000000AC5E0108031E8C555C
:106B1C000108B5F100080313B872010825F5000847
:106B2C00000000000000AC5E010800000100A86D30
:106B3C0001089C6101080100B06D0108486401085E
:106B4C000100B86D0108806A01080100C46D0108DC
:106B5C00085F01080100D06D0108F0670108020010
:106B6C00D86D0108FDF000080100E06D01083C69DA
:106B7C0001080100E86D0108F05F01080300F06DE9
:106B8C00010819DC000800000000000000000000F3
:106B9C000300A15E010819E500080301A15E0108CC
:106BAC0019E500080302A15E010819E500080303BA
:106BBC00A15E010819E50008030084730108F1E4E3
:106BCC000008000000000000AC5E01080300F0713A
:106BDC000108C5E00008030200720108FDDF00088F
:106BEC00030414720108FDDF00080300247201087D
:106BFC00FDDF0008030030720108F5CF0008031216
:106C0C00A470010825F50008000000000000AC5E2F
:106C1C0001084D4158494D554D004D494E494D5572
:106C2C004D004E4F524D414C0000000033006500AA
:106C3C002146696C652063726561746564206279B4
:106C4C00204E616E6F564E410D0A2320487A205318
:106C5C0020524920522035300D0A00002575202580
:106C6C002066202520660D0A000000002146696C74
:106C7C00652063726561746564206279204E616E73
:106C8C006F564E410D0A2320487A2053205249203A
:106C9C00522035300D0A0000257520252066202550
:106CAC0020662025206620252066203020302030CC
:106CBC0020300D0A000000004D4158494D554D0043
:106CCC004D494E494D554D005A45524F000000005C
:106CDC004357204652455100465245512053544586
:106CEC00500000004A4F472053544550000000000C
:106CFC00504F494E54530000452D44454C415900CA
:106D0C00533231204F4646534554000056454C4FA4
:106D1C0043495459252500004341424C45204C4FD2
:106D2C0053532064420000005443584F2032364DD8
:106D3C00487A00005448524553484F4C44000000D8
:106D4C00424154204F464653455400004D45415353
:106D5C0055524520526C0000534554204441544533
:106D6C000A5959204D4D20444400000053455420ED
:106D7C0054494D450A4848204D4D205353000000BE
:106D8C005254432043414C00533150005332500075
:106D9C00424D50005449460042494E00444953501C
:106DAC004C4159004D41524B455200005354494DF2
:106DBC00554C55530000000043414C49425241543C
:106DCC0045000000524543414C4C00004D45415399
:106DDC00555245005344204341524400434F4E46C4
:106DEC004947000025730A535745455000000000E1
:106DFC00544F5543482043414C000000544F5543D9
:106E0C0048205445535400004558504552540A5399
:106E1C00455454494E4753005341564520434F4E19
:106E2C0046494700434F4E4E454354494F4E000090
:106E3C0056455253494F4E00444154452F54494DE9
:106E4C00450000005448524553484F4C440A200218
:106E5C0019252E36710000005443584F0A20021990
:106E6C00252E36710000000056424154204F4646F4
:106E7C005345540A20021925756D56004946204F7A
:106E8C0046465345540A2002192564487A000000EE
:106E9C0052454D454D4245520A535441544500000C
:106EAC00464C49500A444953504C4159000000008B
:106EBC001B444655000000001B204D4F524500005E
:106ECC005345542044415445000000005345542080
:106EDC0054494D45000000005254432043414C0A94
:106EEC00200219252B622E336670706D0000000095
:106EFC0052544320353132487A0A204C6564322092
:106F0C00257300004D4F44450A20021925730000DB
:106F1C00534550415241544F520A200219257300D7
:106F2C00555342204445564943450A5549440000AF
:106F3C0044554D500A4649524D57415245000000A8
:106F4C004C4F414420434F4D4D414E440A20534336
:106F5C005249505400000000434C45415220434FCD
:106F6C004E46494700000000434C45415220414CDD
:106F7C004C0A414E4420524553455400434F4E4E0B
:106F8C00454354494F4E0A20021925730000000056
:106F9C0053455249414C2053504545440A2002194F
:106FAC0025750000524553455420414E440A454E28
:106FBC00544552204446550053454C4543540A4DC4
:106FCC0041524B45520000005345415243480A2060
:106FDC0002192573000000005345415243480A2012
:106FEC001A4C4546540000005345415243480A2070
:106FFC001B524947485400004F5045524154494F89
:10700C004E530000545241434B494E470000000080
:10701C004C2F43204D415443480000004341424C07
:10702C00450A202853313129000000005245534FA6
:10703C004E414E43450A20285331312900000000AF
:10704C005348554E54204C430A20285332312900C2
:10705C00534552494553204C430A20285332312979
:10706C00000000005345524945530A5854414C20E6
:10707C00285332312900000046494C5445520A200D
:10708C00285332312900000020526C203D20021977
:10709C0025622E34461E000056454C4F4349545928
:1070AC0020462E0A200219256425252525000000DE
:1070BC001B205354415254001B2053544F5000007A
:1070CC001B2043454E544552000000001B205350DA
:1070DC00414E00001B20452D44454C4159000000F9
:1070EC004D41524B4552202564000000414C4C2030
:1070FC004F46460044454C54410000004652455111
:10710C0020535445500A200219256246487A000043
:10711C004A4F4720535445500A2002194155544FA9
:10712C0000000000535745455020504F494E5453D2
:10713C000A200219257500004D555445204F555411
:10714C005055540A4F4E20504155534500000000F5
:10715C005452414345000000464F524D41540A20C1
:10716C0053313120285245464C290000464F524D90
:10717C0041540A20533231202854485255290000DA
:10718C004348414E4E454C0A20021925730000001D
:10719C005452414E53464F524D0000004946204236
:1071AC00414E4457494454480A2002192575487ADF
:1071BC00000000004441544120534D4F4F544800AF
:1071CC00534D4F4F54480A2002192573206176679E
:1071DC0000000000534D4F4F54480A4F46460000E4
:1071EC00782564005452414E53464F524D0A257334
:1071FC00000000004C4F5720504153530A494D504A
:10720C00554C5345000000004C4F572050415353F0
:10721C000A5354455000000042414E4450415353D0
:10722C000000000057494E444F570A20021925739D
:10723C00000000004155544F205343414C45000081
:10724C00533231204F46465345540A2002192562C9
:10725C002E3346644200000053484F572047524992
:10726C00440A56414C55455300000000444F5420ED
:10727C00475249440000000048414D2042414E44D1
:10728C00530A2002192573001B2053575220414EDC
:10729C0054000000524553495354414E434500009D
:1072AC005245414354414E43450000004341424C3A
:1072BC0045204C4F53530A20021925622E33466445
:1072CC00420000005120464143544F520000000040
:1072DC00434F4E44554354414E434500535553433D
:1072EC00455054414E4345005A20504841534500A7
:1072FC005345524945532043000000005345524921
:10730C004553204C00000000504152414C4C454C20
:10731C0020520000504152414C4C454C205800002A
:10732C00504152414C4C454C20430000504152417D
:10733C004C4C454C204C000053455249455320526F
:10734C0000000000534552494553205800000000EE
:10735C00534552494553207C5A7C00005348554EA6
:10736C00542052005348554E542058005348554E03
:10737C0054207C5A7C000000257320545241434514
:10738C0000000000504F57455220204155544F00EB
:10739C00534156450000000052414E474500000045
:1073AC0052455345540000004150504C59000000C8
:1073BC00454E48414E4345440A524553504F4E5357
:1073CC00450000004C4F41442046524F4D0A20537B
:1073DC004420434152440000456D7074792025646B
:1073EC00000000005341564520544F0A20534420BE
:1073FC0043415244000000004F50454E0000000035
:10740C0053484F52540000004C4F414400000000C0
:10741C0049534F4C4E000000544852550000000098
:10742C00444F4E4500000000444F4E4520494E202D
:10743C0052414D005341564520533150000000003D
:10744C0053415645205332500000000053435245DF
:10745C00454E53484F540000534156450A43414C46
:10746C004942524154494F4E000000004155544F7F
:10747C00204E414D45000000494D41474520464FA7
:10748C00524D41540A200219257300004C4F4144BF
:10749C000A53435245454E53484F54004C4F4144B8
:1074AC0020533150000000004C4F414420533250C7
:1074BC00000000004C4F41442043414C00000000B0
:1074CC001A204241434B000073317000733270003C
:1074DC00626D70007469660062696E00636D647C35
:1074EC006E7673002564487A000000002575206DC7
:1074FC004100000053455420504F494E54530A202C
:10750C000219256400000000256420706F696E74F8
:10751C0000000000257520487A00000053693533BF
:10752C00353100004D533533353100005357433559
:10753C003335310049492A000800000007000001DA
:10754C0003000100000040010000010103000100E4
:10755C000000F000000002010300030000006200C4
:10756C00000003010300010000000580000006017B
:10757C0003000100000002000000110104000100E2
:10758C00000068000000150103000100000003006A
:10759C000000000000000800080008000800490076
:1075AC002A000800F78008002A0049000800444619
:1075BC00553A20446576696365204669726D77613A
:1075CC00726520557064617465204D6F64650A5452
:1075DC006F206578697420444655206D6F64652C66
:1075EC0020706C65617365207265736574206465C9
:1075FC007669636520796F757273656C662E000011
:10760C0095ED000861F900089DF3000849F30008A6
:10761C0091E9000891EB000895FE000811FE0008A6
:10762C0020204661696C20777269746520200025E2
:10763C003038782E25730025732E25730053442083
:10764C004341524420534156450055505045522019
:10765C004C454654004C4F574552205249474854CC
:10766C0000544F55434820544553543A20445241FA
:10767C00472050414E454C2C2050524553532042EC
:10768C005554544F4E20544F2046494E49534800B0
:10769C00253364202533642000000000004B0000DB
:1076AC000096000000E1000000C20100008403000D
:1076BC000008070000100E0000201C0080841E0033
:1076CC00C0C62D00000000000004AC260108000418
:1076DC00B8260108000400000000000400000000AF
:1076EC00020400000000020400000000000400007E
:1076FC0000001A07C42601082804D8260108000433
:10770C00000000000004000000000004010028003C
:10771C003601603A0155BB011FC20201C311002999
:10772C000000FFFF01002800C00123C10110C502A9
:10773C003E28C701BE3601283A0155B10200182671
:10774C000101E00F0F312B0C0E084EF1370710031F
:10775C000E0900E10F000E1403110731C148080F88
:10776C000C31360FB70106B603088227F60300006A
:10777C0000110029000000002888E8486000A0C023
:10778C000008040C020A060E0109030B050D070F75
:10779C0000000000900E493CB00AC93C2CC3163DB9
:1077AC002FFB483D742B7B3D05A9963D80B6AF3D24
:1077BC0036BDC83D2EBCE13D73B2FA3D86CF093EC5
:1077CC008340163EB6AB223EA2102F3ECF6E3B3E00
:1077DC00C2C5473E0115543E135C603E7F9A6C3E19
:1077EC00CCCF783EC07D823E938E883E229A8E3ED0
:1077FC0031A0943E86A09A3EE59AA03E128FA63EFA
:10780C00D47CAC3EEF63B23E2A44B83E4A1DBE3E29
:10781C0015EFC33E53B9C93ECA7BCF3E4136D53E68
:10782C0080E8DA3E4F92E03E7533E63EBBCBEB3E52
:10783C00EA5AF13ECBE0F63E275DFC3EE4E7003F22
:10784C003D9C033F824B063F9BF5083F6B9A0B3FD9
:10785C00DA390E3FCDD3103F2A68133FD9F6153FC6
:10786C00C07F183FC6021B3FD17F1D3FCBF61F3F89
:10787C009967223F25D2243F5636273F1594293F3E
:10788C004AEB2B3FDE3B2E3FBB85303FC9C8323F16
:10789C00F304353F233A373F4268393F3B8F3B3F38
:1078AC00F9AE3D3F67C73F3F70D8413F00E2433FD1
:1078BC0003E4453F65DE473F12D1493FF8BB4B3FE0
:1078CC00029F4D3F1F7A4F3F3D4D513F4918533F4B
:1078DC0031DB543FE595563F5348583F6AF2593FC8
:1078EC001A945B3F532D5D3F05BE5E3F2146603FC2
:1078FC0098C5613F5A3C633F59AA643F880F663F65
:10790C00D86B673F3CBF683FA7096A3F0C4B6B3F86
:10791C005E836C3F93B26D3F9ED86E3F73F56F3FA5
:10792C000809713F5213723F4714733FDD0B743FCC
:10793C000BFA743FC6DE753F07BA763FC58B773FAF
:10794C00F853783F9812793F9DC7793F02737A3F7D
:10795C00BE147B3FCDAC7B3F283B7C3FC9BF7C3FFB
:10796C00AC3A7D3FCCAB7D3F24137E3FB0707E3F65
:10797C006DC47E3F580E7F3F6D4E7F3FAB847F3F83
:10798C000FB17F3F98D37F3F43EC7F3F11FB7F3F8D
:04799C000000803F28
:0879A000908CFE7F0100000045
:1079A8000040380000000800564E4F4364A3E11120
:1079B800E02E000012021B03840D160D0000820742
:1079C800A401030000460000FFFF8410E73C00000C
:1079D800D69AFFE007FF07E0F81FF800001F1F0016
:1079E800F80087F0FFFF8410001FC6380000FFFF73
:1079F800FFFF630C1F00F8000018000000000000E3
:107A080000000000000000000096000080BA8C0111
:107A1800000048420000000000000000484401083F
:107A28005844010890440108A4440108CC440108C2
:107A3800DC440108F84401083445010858450108A8
:107A480088450108000000000100E9003601000037
:107A5800D99300081D000000386B010800000000E1
:107A6800000000000000000000000000FF0000000F
:087A7800E1110108DF5EF8FFD7
:04000005080000C12E
:00000001FF
