:020000040800F2
:1000000000010020A1010008950C0008B587000838
:10001000950C0008950C0008950C0008950C00083C
:10002000950C0008950C0008950C0008E5110008D7
:10003000950C0008950C0008950C0008950C00081C
:10004000950C0008950C0008950C0008950C00080C
:10005000950C0008950C0008950C0008C1260108B5
:10006000D9260108F1260108950C0008950C000816
:10007000950C0008950C0008A5260108950C0008B1
:10008000950C0008950C0008E1210108950C00086A
:10009000950C0008950C0008950C0008950C0008BC
:1000A000950C0008950C0008950C0008950C0008AC
:1000B00099200008950C0008950C0008950C000884
:1000C000950C0008950C0008950C0008950C00088C
:1000D000950C00081D210008950C0008950C0008DF
:1000E000950C0008950C0008950C0008950C00086C
:1000F000950C0008950C0008950C0008950C00085C
:10010000950C0008950C0008950C0008950C00084B
:10011000950C0008950C0008950C0008950C00083B
:10012000950C0008950C0008950C0008950C00082B
:10013000950C0008950C0008950C0008950C00081B
:10014000950C0008950C0008950C0008950C00080B
:10015000950C0008950C0008950C0008950C0008FB
:10016000950C0008950C0008950C0008AD240008BB
:10017000950C0008950C0008950C0008950C0008DB
:10018000950C0008950C0008950C0008950C0008CB
:10019000950C0008950C0008950C0008950C0008BB
:1001A00072B6344880F3098840F20000CCF20000B7
:1001B0004EF63471CEF200010860BFF34F8FBFF3EB
:1001C0006F8F40F20000C0F2F0004EF68851CEF280
:1001D00000010860BFF34F8FBFF36F8F4FF0000037
:1001E000E1EE100A4EF63C71CEF2000108600620E6
:1001F00080F31488BFF36F8F00F012FD02F09CFAB9
:100200004FF055301C491D4A91423CBF41F8040B48
:10021000FAE71B49174A91423CBF41F8040BFAE741
:100220001849194A194B9A423EBF51F8040B42F83B
:10023000040BF8E700201649164A91423CBF41F8EA
:10024000040BFAE700F0F2FC00F0ECFC124C134D4A
:10025000AC4203DA54F8041B8847F9E708F0FAF8CF
:100260000F4C104DAC4203DA54F8041B8847F9E7F1
:1002700000F0DABC00030020000000200001002094
:10028000000100200085010800030020F003002089
:10029000F0030020749A0020A0010008A0010008CB
:1002A000A0010008A00100082DE9F04F2DED108AF3
:1002B000C1F80CD0C3689D46BDEC108ABDE8F08F34
:1002C000002383F311882846A047002000F042FF56
:1002D00000F0D0FE00DFFEE781F0004102E000BF49
:1002E00083F0004330B54FEA41044FEA430594EAF6
:1002F000050F08BF90EA020F1FBF54EA000C55EA31
:10030000020C7FEA645C7FEA655C00F0E2804FEA01
:100310005454D4EB5555B8BF6D420CDD2C4480EAE3
:10032000020281EA030382EA000083EA010180EA13
:10033000020281EA0303362D88BF30BD11F0004F61
:100340004FEA01314FF4801C4CEA113102D0404297
:1003500061EB410113F0004F4FEA03334CEA1333D2
:1003600002D0524263EB430394EA050F00F0A780EA
:10037000A4F10104D5F1200E0DDB02FA0EFC22FAE5
:1003800005F2801841F1000103FA0EF2801843FAD9
:1003900005F359410EE0A5F120050EF1200E012ACA
:1003A00003FA0EFC28BF4CF0020C43FA05F3C01808
:1003B00051EBE37101F0004507D54FF0000EDCF181
:1003C000000C7EEB00006EEB0101B1F5801F1BD32A
:1003D000B1F5001F0CD349085FEA30004FEA3C0C2E
:1003E00004F101044FEA445212F5800F80F09A8024
:1003F000BCF1004F08BF5FEA500C50F1000041EB28
:10040000045141EA050130BD5FEA4C0C404141EB2B
:10041000010111F4801FA4F10104E9D191F0000F52
:1004200004BF01460020B1FA81F308BF2033A3F1D5
:100430000B03B3F120020CDA0C3208DD02F1140CCC
:10044000C2F10C0201FA0CF021FA02F10CE002F107
:100450001402D8BFC2F1200C01FA02F120FA0CFC00
:10046000DCBF41EA0C019040E41AA2BF01EB045149
:10047000294330BD6FEA04041F3C1CDA0C340EDC47
:1004800004F11404C4F1200220FA04F001FA02F38A
:1004900040EA030021FA04F345EA030130BDC4F148
:1004A0000C04C4F1200220FA02F001FA04F340EA3D
:1004B0000300294630BD21FA04F0294630BD94F0EE
:1004C000000F83F4801306BF81F480110134013DD5
:1004D0004EE77FEA645C18BF7FEA655C29D094EA46
:1004E000050F08BF90EA020F05D054EA000C04BFC4
:1004F0001946104630BD91EA030F1EBF00210020AF
:1005000030BD5FEA545C05D14000494128BF41F04D
:10051000004130BD14F580043CBF01F5801130BDB1
:1005200001F0004545F0FE4141F470014FF000003C
:1005300030BD7FEA645C1ABF194610467FEA655CED
:100540001CBF0B46024650EA013406BF52EA03358F
:1005500091EA030F41F4002130BD00BF90F0000F7D
:1005600004BF0021704730B54FF4806404F13204B9
:100570004FF000054FF0000150E700BF90F0000F72
:1005800004BF0021704730B54FF4806404F1320499
:1005900010F0004548BF40424FF000013EE700BF69
:1005A00042004FEAE2014FEA31014FEA02701FBFF9
:1005B00012F07F4393F07F4F81F06051704732F02B
:1005C0007F4208BF704793F07F4F04BF41F4002182
:1005D000704730B54FF4607401F0004521F00041E0
:1005E0001CE700BF50EA010208BF704730B54FF06A
:1005F00000050AE050EA010208BF704730B511F06B
:10060000004502D5404261EB41014FF4806404F1A2
:1006100032045FEA915C3FF4D8AE4FF003025FEA28
:10062000DC0C18BF03325FEADC0C18BF033202EBAC
:10063000DC02C2F1200300FA03FC20FA02F001FA06
:1006400003FE40EA0E0021FA02F11444BDE600BFA9
:100650004FEA4102B2F1E04324BFB3F5001CDCF1E4
:10066000FE5C0DD901F0004C4FEAC0024CEA50701C
:10067000B2F1004F40EB830008BF20F0010070474B
:1006800011F0804F21D113F13872BCBF01F000404E
:10069000704741F480114FEA5252C2F11802C2F180
:1006A000200C10FA0CF320FA02F018BF40F0010001
:1006B0004FEAC1234FEAD32303FA0CFC40EA0C00B3
:1006C00023FA02F34FEA4303CCE77FEA625307D1F0
:1006D00050EA01331EBF4FF0FE4040F44000704727
:1006E00001F0004040F0FE4040F40000704700BFC1
:1006F00080F0004002E000BF81F0004142001FBFD7
:100700005FEA410392EA030F7FEA226C7FEA236CDF
:100710006AD04FEA1262D2EB1363C1BFD2184140D4
:1007200048404140B8BF5B42192B88BF704710F06A
:10073000004F40F4000020F07F4018BF404211F00D
:10074000004F41F4000121F07F4118BF494292EA75
:10075000030F3FD0A2F1010241FA03FC10EB0C00A1
:10076000C3F1200301FA03F100F0004302D549422E
:1007700060EB4000B0F5000F13D3B0F1807F06D3DB
:1007800040084FEA310102F10102FE2A51D2B1F1D3
:10079000004F40EBC25008BF20F0010040EA0300C8
:1007A0007047490040EB000010F4000FA2F1010275
:1007B000EDD1B0FA80FCACF1080CB2EB0C0200FAFF
:1007C0000CF0AABF00EBC25052421843BCBFD0404D
:1007D0001843704792F0000F81F4000106BF80F4C7
:1007E00000000132013BB5E74FEA41037FEA226C8A
:1007F00018BF7FEA236C21D092EA030F04D092F055
:10080000000F08BF0846704790EA010F1CBF002088
:10081000704712F07F4F04D1400028BF40F00040E5
:10082000704712F100723CBF00F50000704700F005
:10083000004343F0FE4040F4000070477FEA22622C
:1008400016BF08467FEA23630146420206BF5FEAFD
:10085000412390EA010F40F4800070474FF00003FD
:1008600004E000BF10F0004348BF40425FEA000CC4
:1008700008BF704743F0964301464FF000001CE06C
:1008800050EA010208BF70474FF000030AE000BFC2
:1008900050EA010208BF704711F0004302D5404200
:1008A00061EB41015FEA010C02BF84460146002072
:1008B00043F0B64308BFA3F18053A3F50003BCFA8D
:1008C0008CF2083AA3EBC25310DB01FA02FC63443A
:1008D00000FA02FCC2F12002BCF1004F20FA02F241
:1008E00043EB020008BF20F00100704702F1200234
:1008F00001FA02FCC2F1200250EA4C0021FA02F295
:1009000043EB020008BF20EADC70704753B94AB9D4
:10091000002908BF00281CBF4FF0FF314FF0FF3007
:1009200000F074B9ADF1080C6DE904CE00F006F8E2
:10093000DDF804E0DDE9022304B070472DE9F0475B
:10094000089E04468846002B40F085808A42154662
:1009500048D9B2FA82F24AB1C2F1200701FA02F391
:1009600020FA07F7954047EA030894404FEA154EEE
:10097000230CB8FBFEF71FFA85FC0EFB178843EA31
:10098000084307FB0CF1994209D9EB1807F1FF3036
:1009900080F0E380994240F2E080023F2B445B1AF2
:1009A000A4B2B3FBFEF00EFB103344EA034400FB99
:1009B0000CFCA44509D92C1900F1FF3380F0CB8041
:1009C000A44540F2C88002382C4440EA0740A4EB1A
:1009D0000C0400271EB1D4400023C6E90043394669
:1009E000BDE8F087002A53D0B2FA82F2002A40F024
:1009F000B680491B4FEA154E1FFA85F80127B1FB57
:100A0000FEFC230C0EFB1C1143EA014308FB0CF116
:100A1000994207D9EB180CF1FF3002D2994200F24B
:100A2000EC808446591AA3B2B1FBFEF00EFB101401
:100A300043EA044408FB00F8A04507D92C1900F14B
:100A4000FF3302D2A04500F2DC801846A4EB080474
:100A500040EA0C40BEE78B4208D9002E78D0002730
:100A6000C6E9000138463946BDE8F087B3FA83F796
:100A70007FB98B4202D3824200F2BD80841A61EBBF
:100A8000030301209846002EA9D0C6E90048A6E736
:100A9000FFDEC7F12005BB4022FA05FC4CEA030C3F
:100AA00001FA07F420FA05F821FA05F34FEA1C4E83
:100AB00048EA0404B3FBFEF9210C0EFB19331FFABC
:100AC0008CF841EA034309FB08FA9A4502FA07F257
:100AD00000FA07F10BD91CEB030309F1FF3080F09A
:100AE00088809A4540F28580A9F102096344A3EB0E
:100AF0000A03A4B2B3FBFEF00EFB103344EA034436
:100B000000FB08F8A04508D91CEB040400F1FF33F2
:100B10006BD2A04569D90238644440EA0940A4EB8D
:100B20000804A0FB02894C45C6464B4654D351D01D
:100B3000002E69D0B1EB0E0264EB030404FA05F554
:100B400022FA07F3FC401D43C6E90054002746E79C
:100B50003746304643E7184637E707461FE7C2F1F6
:100B6000200320FA03F7954001FA02F021FA03F37B
:100B70004FEA154E3843010CB3FBFEF71FFA85F818
:100B80000EFB173341EA034107FB08F38B4204FADB
:100B900002F407D9691807F1FF3C28D28B4226D905
:100BA000023F2944CB1A81B2B3FBFEF00EFB103397
:100BB00041EA034100FB08F38B4207D9691800F1B1
:100BC000FF3C10D28B420ED902382944C91A40EAA0
:100BD000074714E74145ABD2B8EB020E69EB0C02B4
:100BE00001381346A4E76046F0E7184695E76746E4
:100BF000D8E781467BE7384645E7ACF1020C2B4449
:100C000010E702382C4421E73746E8E6704700BF7A
:100C1000034613F8012B002AFBD1181A013870473C
:100C2000704700BF704700BFFEE700BFF0B4144F2D
:100C3000144D1548154B164907F1700C00269842C3
:100C400013D904391A4651F8044F42F8044B904224
:100C5000F9D8421ED21A22F003020432134404E0EF
:100C6000674505D10AE043F8046B9D42FBD8F7E7DE
:100C7000D7E90413D7E906051037E0E7F0BC704761
:100C8000A82C0108749A0020749A0020749A0020FD
:100C9000F0850108FEE700BFFEE700BF38B5184C3D
:100CA00000F004F900F07EF820468022154900F09B
:100CB000E3F9154B44F8180C144901610122002492
:100CC00002759C60D968124A12484FF6FF05294008
:100CD0000A43DA60C268104942F08072C2600A6852
:100CE000102542F0010220200A60DD7783F82200FF
:100CF00084F3118862B60948BDE8384000F0E2B9D3
:100D000050050020282D010800ED00E00001002022
:100D10000003FA05F0ED00E0001000E0302D0108BE
:100D200072B6014B5862FEE7280500202DE9F04716
:100D30001B4D4FF080466C692A6A706AA368811A5D
:100D4000994205F1140900D21CE000274FF0200859
:100D50002168D4F80CA0134449452B62C1F80490D3
:100D60006961E76001D100F09DFA87F3118820697D
:100D7000D04788F311886C69706A2A6AA368811A5F
:100D80008B42E5D94C4509D013441B1A022B2CBFCA
:100D9000C0180230BDE8F04700F08ABABDE8F0871D
:100DA00028050020054B4FF0FF30002103F114020D
:100DB000C3E90701C3E90522704700BF28050020E9
:100DC000F8B51C4F3D46022955F8144F03614FF00A
:100DD000804338BF0221AC420646C260586A0AD13D
:100DE0003862C7E905660844C6E90044B160BDE859
:100DF000F84000F04FBA3D6AA3680844451BAB4277
:100E000003D900F055FA7C69A3689D4204D924688F
:100E1000ED1AA368AB42FAD36368C6E900431E60CB
:100E20006660B560A3684FF0FF325D1BA560FA6194
:100E3000F8BD00BF280500201B4B0268596981429C
:100E400010B40DD041680A600268143300249A423D
:100E50005160C46025D0816893680B44936020E0A2
:100E60001846002440F8142F82425060CC6003D111
:100E70005DF8044B00F016BA90688C68196A044457
:100E80004FF080409460406A421A944209D9091A8E
:100E90000B19022B2CBFC01802305DF8044B00F078
:100EA00007BA5DF8044B704728050020024B00226A
:100EB000C3E900339A60704728050020002281684A
:100EC000084B10B4044602751B689A688A42FBD22C
:100ED0005A682046C4E9003214605C605DF8044B37
:100EE000704700BF2805002008B5202383F3118830
:100EF000037D032B03D0042B05D043B90DE0836998
:100F000000221A6003E0D0E9003213605A604FF00B
:100F1000FF338361FFF7D2FF002383F3118808BDFD
:100F200000228168084B10B4044602751B689A6859
:100F30008A42FBD85A682046C4E9003214605C60DB
:100F40005DF8044B704700BF2805002038B50D4CF4
:100F50002569236828751A6822600121546023617D
:100F60001975EFF309822969643A914203D9064859
:100F7000FFF7D6FE236929461846BDE83840FFF73B
:100F800093B900BF28050020502D010830B54B1C37
:100F900087B00FD00B4C0C4A2369054601A8FFF718
:100FA0000FFF2846FFF7D2FF049B33B101A8FFF7DC
:100FB00043FF02E0FFF7CAFF024C2369986907B0BC
:100FC00030BD00BF28050020E90E000870B5114DA6
:100FD00086682A6994688161A64203D8BDE870409A
:100FE000FFF76CBF04461046FFF768FF0123064673
:100FF0002C612375EFF309830269643B9A4202D99D
:101000000548FFF78DFE31462046BDE87040FFF7EA
:101010004BB900BF28050020502D0108044B1A6869
:101020001B6990689B68984294BF0020012070471C
:101030002805002038B50D4C236820691A68226005
:101040000121546019752361FFF76AFF0546EFF32C
:1010500009830269643B9A4202D90548FFF760FEA2
:1010600029462069BDE83840FFF71EB92805002051
:10107000502D0108FFF7DEBF022182608182704798
:10108000D0E9011330B4D0E90425C06843F8101C3E
:10109000A3F1840143F8141C43F8442C02210022DC
:1010A000074C03F80C1C03F80B2C43F8405C43F886
:1010B000180C43F8244CA3F1200030BC704700BF4B
:1010C000C1020008D0E90132934210B504D2552183
:1010D00003F8011B9A42FBD1202383F31188FFF709
:1010E000CFFF00210446FFF771FF002383F311882F
:1010F000204610BDF8B54518A842069E05D2044604
:10110000552704F8017BA542FBD1202484F31188E4
:1011100020394418A4F16407094D2061022144E9F3
:101120000936A182C4E9022744F8045C2046002164
:10113000FFF74CFF002383F311882046F8BD00BF62
:10114000C1020008024B1B6998610F20FFF7FEBE29
:1011500028050020202383F31188FFF7F3BF00BF89
:1011600008B50146202383F311880820FFF70EFFFE
:10117000002383F3118808BD69B1084B10B40246FF
:1011800044681B690420C3E90024236053605DF8B0
:10119000044BFFF7FBBE4FF0FF30704728050020DF
:1011A000026890420AD010B4146804600346636079
:1011B000104691615DF8044BFFF780BE704700BF99
:1011C00038B5036898420BD004460D461A68226071
:1011D000184654609D61FFF771FE23689C42F5D16B
:1011E00038BD00BF80B4094A536823F0010300AF43
:1011F0005360EFF30983683383F30988002383F393
:101200001188BD465DF8047B704700BF30EF00E0F9
:1012100098B5202300AF83F31188114B5B6813F45A
:1012200000631AD0F1EE103AEFF309840D4B4FF042
:101230008072DB6844F8083C44F84C2CA4F1680345
:1012400083F30988FFF7EAFE18B1074B44F8503CD6
:1012500005E0064B44F8503C01E083F3118898BD4B
:1012600000ED00E030EF00E0D1020008D4020008F9
:1012700008B500F0A9FE00F0DBFA00F08BFC00F0EE
:1012800073FB01F05BFABDE8084000F001B800BF55
:1012900000F018BF4FF0804300210222586319610B
:1012A000DA6070474FF080430022DA60704700BF79
:1012B0004FF0804358637047C36810B444691960A5
:1012C000816982680B44A342C36002F1010228BF16
:1012D000036A826028BFC3605DF8044B704700BF9B
:1012E00070B40432039D049C826103FB0216002249
:1012F0004661C0E90B54C0E90000C0E90311C0E930
:1013000007318260C0E9092270BC7047016A00227F
:10131000C0E903118260C0E909226FF00101FFF703
:101320004FBF00BF10B5FFF7C7FF0021BDE8104059
:10133000FFF736BF836810B504463BB123691A68CE
:1013400004331A44C4E90932002003E0FFF714FF14
:101350000028F3D010BD00BF10B4D0E90514036914
:10136000826823448B42036124BF036A0361013A0C
:10137000C36A82600022426213B15DF8044B1847D1
:101380005DF8044B704700BF70B52023054683F31A
:101390001188446A44B9FFF7CDFF064608B96C6A64
:1013A00002E084F311880BE014F8016BAA6A6C6206
:1013B000944202D32846FFF7CFFF002383F311881E
:1013C000304670BD2DE9F8439846044689461746D5
:1013D000202383F311880025616A29B941462046FC
:1013E000FFF7A8FFB0B9616AA36A7E1B5B1A9E4231
:1013F00028BF1E463246484611F016FCD4E9093291
:101400003344934235446362204601D3FFF7A4FF7F
:10141000AF42E1D8002383F311882846BDE8F88362
:10142000D0E90332934203D182680AB100207047A9
:10143000181D7047836823B1006950F8043B0B60A6
:1014400070471846704700BF10B4D0E9051403690F
:10145000826823448B42036102F1FF3228BF036A92
:10146000826028BF036100215DF8044BFFF798BE3E
:10147000D0E90332934210B5044601D1826832B9F3
:10148000A1691A1D0B44C4E90923002004E0FFF7F9
:1014900073FE08B9E368F3E710BD00BF10B5FFF7AE
:1014A0000BFFC36A0022426213B1BDE81040184727
:1014B00010BD00BF70B520230E46044683F311888B
:1014C000456A45B91146FFF7D3FF08B9656A02E0DE
:1014D00085F311880EE02E70D4E90932013393426E
:1014E000636204D3A16920460439FFF7D7FF0020C7
:1014F00080F3118870BD00BF2DE9F843984604467B
:1015000089461746202383F311880025606A28B98D
:1015100041462046FFF7ACFFC8B9606AA36A7E1B4C
:101520001B1A9E4228BF1E46324609EB050111F0E8
:101530007BFBD4E90932334493423544636220464D
:1015400003D3A1690439FFF7A9FFAF42DED8002316
:1015500083F311882846BDE8F88300BF38B5856855
:1015600055B9416A41B1C2680439891A06D0FFF7FA
:10157000A3FE4562012002E0002000E0084638BDDD
:10158000034630B40269C0695C69DD68411C013AF8
:10159000A1421A61D96128BF0022285C28BFDA6104
:1015A00030BC70478269036930B4C468551C01338C
:1015B00085610361A154D0E905329A4224BF00231A
:1015C000836130BC704700BF10B400240461C0E9DF
:1015D0000644C0E90000C160426183605DF8044BCD
:1015E000704700BF0022C0E9062202616FF00101CE
:1015F000FFF7E6BDD0E90432934207D210B5FFF7FA
:10160000D1FF0021FFF7CCFD002010BD4FF0FF30CF
:10161000704700BF38B50446202383F3118803695F
:1016200033B12046FFF7ACFFA36805462BB906E0AF
:10163000FFF7A2FD054610B9F3E7204698470023BF
:1016400083F31188284638BD2DE9F04F83B0054655
:1016500001938A469046202383F31188002737E0C0
:10166000A8EB07039C4228BF1C465CB3012C0AEB85
:10167000070306D12846FFF783FF0AF80700013762
:1016800020E0EE69D5F814B0E968ABEB06094C45EB
:10169000314406D21846224611F0C6FAEE692644B5
:1016A0000BE04A46184611F0BFFAA6EB0B0626449B
:1016B00048443246E96811F0B7FA2B69EE611B1B0A
:1016C00027442B61AB680BB128469847B84509D928
:1016D0002C69002CC4D101992846FFF74DFD08B9AB
:1016E0002C69BDE7002383F31188384603B0BDE8B9
:1016F000F08F00BF70B520230E46044683F3118897
:10170000D0E904539D4206D231462046FFF74AFFF6
:10171000A3682BB905E01146FFF72EFD10B9F3E7DA
:1017200098470020002383F3118870BD026938B503
:1017300042B10446FFF724FF002105462046FFF78B
:101740002FFD01E04FF0FF35284638BD2DE9F04F61
:1017500083B0044601938B469146202383F311887E
:101760000027B84639E07D1BA9EB08039D4228BF3E
:101770001D4665B3012D0BEB080307D11BF80810BC
:10178000204608F10108FFF70DFF20E0A669E06898
:10179000A7EB060A5545304406D219462A4611F0F1
:1017A00043FAA6692E440DE0194652460093F61BF3
:1017B00011F03AFA009BE0682E4403EB0A0132462E
:1017C00011F032FA2369A6612B44A8442361A3686F
:1017D0000BB120469847C1450BD9D4E90457BD4207
:1017E000C1D301992046FFF7C7FC10B9D4E90457CB
:1017F000B9E7002383F31188404603B0BDE8F08FBA
:1018000008304FF0FF31FFF705BF00BF28304FF021
:10181000FF32FFF76FBF00BF08304FF0FF33FFF715
:1018200013BF00BF28304FF0FF33FFF78FBF00BF5B
:1018300000F0AEBC70B50C4B0360044601201546A9
:101840000B46207104F1480104F108004022FFF723
:10185000BBFE2B4604F1880104F128004022BDE8BC
:101860007040FFF7B1BE00BF602D010810B5202306
:10187000044683F3118800F0B5FC02232371002392
:1018800083F3118810BD00BF10B5046BD4F83C2160
:1018900013681978042982B016D12179022913D14D
:1018A00011791A8901238B4013420DD101A904F14A
:1018B0003C00FFF7BFFD024630B1D4F83C01019B6C
:1018C0000179006800F0B6F902B010BD38B5D0F863
:1018D0003C311A681178042901D0012017E0017900
:1018E0000229FAD15979548901238B401C40F4D143
:1018F00005460830FFF794FD0028EED0D5F83C31BE
:10190000024659791868402300F080F9204638BD16
:10191000006BFFF7DBBF00BF08304FF0FF31FFF770
:1019200033BD00BFD0F83C311B681B78042B04D1B9
:101930003C304FF0FF32FFF7BDBD6FF00100704744
:1019400008304FF0FF33FFF73DBD00BFD0F83C310A
:101950001B681B78042B04D13C304FF0FF33FFF79A
:10196000CBBD0020704700BF704700BF10B582B0EC
:1019700001230D490D4A019004460160037100F1F5
:101980007001009208304022FFF7AAFC084B009338
:10199000019404F1B40104F13C0002234022FFF75A
:1019A0009FFC02B010BD00BF802D01081119000876
:1019B000891800080B68202282F311880A7903EB4A
:1019C000820290624A79113243F822008A7912B178
:1019D00003EB8203986202230371C0F83C110023D9
:1019E00083F31188704700BF10B504460830FFF735
:1019F0008DFC04F13C00BDE81040FFF787BC00BF40
:101A000010B504460830FFF781FC04F13C00FFF7F5
:101A10007DFC2046BDE81040FFF758BF90F87430B9
:101A200003F06003202B13D190F87530202B0FD3D7
:101A3000212B02D9222B06D00AE0064B836607230E
:101A4000C366012070470023C0E91A3301207047A4
:101A50000020704700030020D0F83C21136819785B
:101A600004291FD1017902291CD111791A89012376
:101A70008B40134216D130B500F13C0583B00446CB
:101A80002846FFF76BFD58B101A92846FFF7D2FCA5
:101A9000D4F83C41019B21790246206800F0CAF845
:101AA00003B030BD704700BFF0B500EB810383B0D9
:101AB0009C6A3CB30E460546202282F311881F46DD
:101AC000DB685B691B683C3413B12046FFF7BCFC44
:101AD000204601A9FFF7AEFC024628B13146284650
:101AE000019B00F0A7F80AE0FB6859691B8A0968A6
:101AF000994204D131462846134600F09BF8002352
:101B000083F3118803B0F0BD113110B550F82140B6
:101B1000B4B1202383F31188D4F83C21136852799F
:101B200003EB8203DB689B69596819B104F1080073
:101B3000FFF7F8FB2046FFF7C9FE002383F3118867
:101B400010BD00BF704700BF10B50021044600F073
:101B5000A1FD2046002100F08BFD63681B6813B1D6
:101B6000052120469847062384F8643010BD00BF45
:101B700010B5B0F8763080F87E30044600F08EFB69
:101B800063681B6813B10121204698470323237023
:101B900010BD00BF00F056BB01230022037042605D
:101BA00000F12C0300F1480143F8042B8B429A61A9
:101BB000FAD18260704700BF38B50446202383F312
:101BC000118800254160C0E90355C0E90555C0E909
:101BD0000755C0E9095500F03BFB0223237085F34C
:101BE000118838BD10B4536900EB8104E2601BB169
:101BF00000241C605C609C6093691BB100221A6029
:101C00005A609A605DF8044B00F052BBF0B400EBF0
:101C100081044789D4F80CC00124DCF818508C40AA
:101C20003C4300274481AA60C5E90037F0BC00F0BE
:101C3000EBBB00BFF0B400EB81040789D4F80CC003
:101C40000124DCF814508C403C4300270481AA6036
:101C5000C5E90037F0BC00F0E9BB00BF70B5022356
:101C6000002504460370C567C0E90255C0E9045564
:101C7000C0E90655C0E90855856280F8645000F057
:101C80006BFB63681B6823B129462046BDE87040A2
:101C9000184770BD42681368052101700BB103211C
:101CA00018477047426813680421017003B1184750
:101CB000704700BF38B50446002580F8645000F135
:101CC000740200F085FB636825679B682BB994F864
:101CD000743013F0600F06D0A6E020469847002825
:101CE00040F0A780F3E703F01F03012B94F8752061
:101CF00055D013B1022B55D096E0092A00F29480FA
:101D0000DFE802F0050B920B921F2592363C04F19E
:101D10007C030220C4E91A308CE0B4F87630012B41
:101D200040F08280B4F87C3023F002039BB2032A97
:101D300008BF43F00203A4F87C300023C4E91A333F
:101D40007DE00023564A2267C4E91A3377E0B4F8ED
:101D500076106268B4F8783055682046CAB2090A2D
:101D6000A847002860D0D0E90003C4E91A3061E038
:101D700004F17F030120C4E91A305BE0626894F843
:101D8000763084F87F30002B136814BF04220322BE
:101D90002270002BD1D0022120469847CDE7002A9F
:101DA00042D110E0B4F8783003F00F0103F0800363
:101DB0000C2A39D8DFE802F00C22382238383838BB
:101DC000383838380700374BA3660220E06631E028
:101DD000C9B2204613B100F0EDFA01E000F0DCFAE0
:101DE000012802D0022805D01EE02F4BA366022056
:101DF000E0661FE02D4BC4E91A301BE0B4F8760012
:101E000090B989B1012AC9B2204606D113B100F0B8
:101E10006BFC92E700F050FC8FE713B100F03AFC46
:101E20008BE700F025FC88E72046BDE83840FFF747
:101E30008BBEE06EB4F87A30834238BFE36620236D
:101E400083F3118894F97430002BE36E12DA43B1F6
:101E5000A26E00212046FFF7EDFE012384F86430D6
:101E60001AE01A4619462046FFF7D0FE032384F8ED
:101E7000643011E043B1A26E00212046FFF7C6FE98
:101E8000042384F8643007E01A4619462046FFF719
:101E9000D1FE052384F86430002383F3118838BD14
:101EA000711B0008A82D0108A42D0108A02D010810
:101EB00038B590F864300446062B3AD8DFE803F0D2
:101EC00035041E35352E3500C36EB0F87A209342A6
:101ED00014D2C268128AB3FBF2F502FB15356DB954
:101EE000202383F311882B462A462946FFF7A2FEBA
:101EF00085F31188022384F864301AE0202383F3E9
:101F0000118800231A4619462046FFF77FFE00235A
:101F100083F31188032384F864300AE0036F03B16C
:101F20009847002384F8643003E0BDE83840FFF7A9
:101F30000BBE38BD90F86420062A29D838B5012395
:101F4000934013F067051ED1DA06044602D41B073E
:101F50000ED41CE0202383F311882B462A46294601
:101F6000FFF768FE85F31188052384F864300EE0DE
:101F7000C3689B695B6853B9036F03B1984700233B
:101F800084F8643003E0BDE83840FFF7DDBD38BDBC
:101F9000704700BF430910B49B0000F1604404F592
:101FA000614403F16043090103F5614300F01F0040
:101FB0000122C9B284F8001302FA00F0C3F88001CC
:101FC0005DF8044B186070470E4B0F489A6A4FF04B
:101FD000FF31002210B499629A621C6919611A617A
:101FE000DC68D960DA60DA695DF8044B42F080524F
:101FF000DA619A6942F001029A61036843F02003B2
:102000000360704700100240000001401F4A13683F
:1020100043F00103136013689807FCD553681B490C
:1020200023F003035360536853604B6813F00C03B1
:10203000FBD10868154A00F0F90008604B600B6896
:1020400043F480330B6013689903FCD5104B536045
:1020500042F210113023D162136313680B4943F02D
:10206000807313600B689B01FCD50A4B074A122052
:1020700018604B6843F002034B60536803F00C0395
:10208000082BFAD1136B1363704700BF0010024096
:1020900000041D07002002404FF080431A69920798
:1020A0000DD510B500241C61202383F31188FEF7A1
:1020B0003DFE84F31188BDE81040FFF7A9B8FFF793
:1020C000A7B800BF0F4A1048D36970B443F00103AA
:1020D000D36181684FF080430022012441F0010167
:1020E00040F2CF264FF0FF3581609E620221DD6213
:1020F0001C209A615A63DA605A605C611C6070BC93
:10210000FFF748BF00100240002004E0024A1368B5
:1021100043F080031360704700380140F8B51A4E51
:10212000D6F8C8402768E5692562202383F3118823
:10213000AA0608D50836A18C3046C9B2FFF75AFA6C
:10214000E569AB06F7D43E0610D528060ED50F4E2E
:102150003046FFF7EBFA002880B203DA27F080035D
:10216000236003E02085E5692906F1D47A0604D5C9
:102170006B0644BF27F040072760002383F31188D4
:10218000BDE8F840FFF744B86C0500209405002036
:1021900010B5094C094A20460021FFF74BFB084ABD
:1021A000084BC4F8C820C4F8CC3002212520BDE873
:1021B0001040FFF7EFBE00BF6C0500200D210008A6
:1021C0000038014000A24A04D0E932321868B2FB5C
:1021D000F1F120F001001860D9601A6842F00102A4
:1021E0001A60704770B561B1D1E90135CA680968F4
:1021F00043F4967343F0010345F0400542F00102B9
:1022000006E04FF4164140F22D13012244F240053E
:102210000479012C07D1094CA04204D1084EB469BD
:1022200044F48044B461D0F8C8406560A260236083
:10223000FFF7CAFF4FF0FF33236270BD6C0500202B
:10224000001002400148FFF7A7BC00BF3C06002079
:1022500038B50378012B19D10D4A9042044610D1AC
:102260000C490D4DCA6942F40002CA614A202B6430
:102270000D21FFF78FFE03214B20FFF78BFE00237C
:102280002B642046BDE83840FFF7E8BC38BD00BFEE
:102290003C06002000100240005C004090F87E30B8
:1022A000024A43F08003D364704700BF005C0040E3
:1022B00000EB810370B4DD682B6813F0030308D0D2
:1022C000022B09D9032B0CBF4FF4C0644FF40074E8
:1022D00003E04FF4007400E000241E4B6E691B6D98
:1022E00003F1804303F5C04303EB01126EB12B8A67
:1022F00000265660D0F88060013323F00103334498
:10230000C0F8803044F020041660AB69B3B16B8A2A
:102310003E2B05D95D1E6D1145F02005013301E00E
:1023200001335D10AD02D560D0F8805023F0010379
:102330002B44C0F8803044F4005495608B0003F1C6
:10234000804303F5B84321431A681A6070BC1960D2
:10235000704700BF005C004041680D4BC96870B415
:1023600000294FF080054FF000011965094C5964B0
:1023700008BF4FF41C46DD6418BF4FF41E464025CD
:102380001E64C0F88050C46070BCFFF791BF00BFEE
:10239000005C0040AC2D0108054B53F8210010F4FF
:1023A000405004D0B0F5805F0CBF01200220704780
:1023B000005C0040054B53F8210010F0300003D0C2
:1023C00010280CBF01200220704700BF005C0040B5
:1023D0000C4B1B6D03F1804303F5C04303EB01116C
:1023E00010B48B6803F1005303F540535B00D3E94D
:1023F0000040D3E90213148050809180D3805DF8AF
:10240000044B7047005C0040890001F1804101F5F8
:10241000B8410B6823F4904323F0700383F44053D6
:1024200043F4004343F080030B60704700EB8100EE
:10243000F0B4C2681C4B5569148A1B6DAF68D5E9AE
:102440000006801B844203F1804328BF044603F545
:10245000C04303EB0112601C4008136854600ED0A7
:1024600003F1005303F540535B00B21E03EB800001
:102470003A4432F8027F43F8047B8342F9D1890061
:1024800001F1804101F5B84134440B686C6023F4DC
:10249000F04323F0400383F0300343F4004343F060
:1024A00080030B60F0BC7047005C00402DE9F04FEA
:1024B0006C4B5C6CE243660587B05A6402D56A488F
:1024C000FFF7CCFB250507D5664A6748136C43F038
:1024D00008031364FFF7DEFBE0040AD5614B9A6C36
:1024E000110406D41A6C604822F008021A64FFF73F
:1024F000D9FBA20507D5DFF870B1DBF80430DB6843
:102500000BB158469847230406D5DFF85CB1DFF8D5
:102510005CA1DFF8509104E007B0BDE8F04FFEF792
:1025200077BE04F00F02930003F18043961C03F57D
:10253000B8430BEB8601E70618684D6819681DD48F
:102540006869D0E9000401EA0A0141F400418442CB
:10255000196004D211464448FFF768FF7CE0BBF8DD
:102560000830AC680121914023EA0103ABF8083040
:10257000002C71D011463C48A0476DE001EA0A01E9
:1025800041F0800104051960D1B203D56B6836486B
:10259000984761E0D9F85000D5F818E000F1804084
:1025A00000F5C04000EB0210DEF80840D0F808C08B
:1025B000C0680394DEF804700290C0F309080CF1BF
:1025C00000540398019704F54054384464005FEACE
:1025D000580705940490039708D0023800EB470C85
:1025E00054F8047B20F8027F6045F9D10298C007B7
:1025F0000AD50598039C074657F82400049F07F85E
:102600001400DEF8040001900198DEF80040404418
:10261000A042CEF8040002D2688A404510D90BEBE4
:102620008606BBF80A307468012000FA02F2E468FA
:1026300023EA0203ABF80A3074B10B48A0470BE061
:102640001A6822F4904222F0700282F4405242F45E
:10265000004242F080021A60D9F8444023043FF55A
:1026600060AF59E7005C00403C0600200F07FFFF09
:10267000890001F1804101F5B8410B6823F49043D2
:1026800023F0700383F4805343F4004343F080034A
:102690000B607047890001F1804101F5B8410B687A
:1026A00023F4F04323F0400383F0100343F400438A
:1026B00043F080030B607047890001F1804101F510
:1026C000B8410B6803F44053B3F5405F0BD00B687F
:1026D00023F4904323F0700383F4005343F4004346
:1026E00043F080030B607047890001F1804101F5E0
:1026F000B8410B6803F03003302B0BD00B6823F488
:10270000F04323F0400383F0200343F4004343F0FD
:1027100080030B60704700BF80B4054B00AF1B689F
:1027200083F30888034B1B68BD465DF8047B18479C
:1027300000D8FF1F04D8FF1FFFF768BC014B112210
:102740001A6070470020024084460B30F0B4054602
:1027500000E00023B1FBF2F602FB1617092F8CBF35
:10276000372430243C44E4B20F4605F8014D31468D
:102770000BB1013BEED19742EBD2401B60440CF809
:10278000014B604502D015F8014FF8E7F0BC7047E7
:10279000092970B51C4B0E46A8BF0926FCEEC07A6D
:1027A00053F82630B8EE677A06EE903A30EE470AD4
:1027B000F8EE666AB6EE007AA0EE267A0D46BCEE1A
:1027C000C77A17EE104AA34205D8E41A17EE903ADA
:1027D000013307EE903A00230A2217EE901AFFF712
:1027E000B3FF03467DB1094A928A12F4807F14BF79
:1027F0002C232E2300F8013B214633460A22BDE854
:102800007040FFF7A1BF70BDDC2D01080803002058
:102810000389012B06D943685A1C42601970038949
:10282000013B0381002070472DE9F04F2DED028B15
:1028300000248BB0202306468B469046CDE9014309
:102840009FEDB08ADFEDB08A03E02B19019300E021
:1028500001941BF8011B002900F00283252901D1F6
:10286000002407E0019A336801329B6801923046E8
:102870009847EEE75B461BF801ABBAF12D0F02D18A
:1028800044F00204F6E7BAF12B0F02D144F004043D
:10289000F0E7BAF1300F02D144F01004EAE7BAF1E0
:1028A0006A0F02D144F08004E4E7BAF1200F02D1AC
:1028B00044F02004DEE7BAF1620F02D001330025B4
:1028C00002E044F48074D5E7AAF13002D2B2092ABA
:1028D00041469B4605EB850006D9BAF12A0F08D17F
:1028E00051F8042BD2B2884602EB400513F801AB35
:1028F000EAE7BAF12E0F14D100271BF801ABAAF1B9
:102900003003DBB2092B424607EB870106D9BAF147
:102910002A0F09D152F8043BDBB2904603EB410782
:10292000EBE744F040040027AAF14403342B00F203
:102930002C82DFE813F06C002A0230012A022A02FE
:102940006C002A022A022A022A022A021C022A02F5
:102950002A022A022A022A021A022A022A0235001E
:102960002A022A022A022A022A022A022A022A0207
:102970002A022A0237006C002A0230012A022A02A7
:102980006C002A022A022A022A022A021C022A02B5
:10299000A0002A0243002A021A022A022A02350053
:1029A0001022E5E158F8043B8DF8103024F01004B3
:1029B00001230DF1100A0DF11107EDE158F804ABF8
:1029C00024F01001BAF1000F04D16006DFF844A131
:1029D00006D412E062069AF8003000F13D8209E068
:1029E00047F6FE70574617F8012FAAEB070303447A
:1029F0003AB908E0002B00F0D481781E002FF1D105
:102A0000CFE10133EFD10C46A7EB0A03C4E158F83C
:102A1000041B00290ADA2D2344F0080449428DF8EA
:102A200010300DF111000DF1100916E0670707D500
:102A30002B238DF810300DF111000DF110090CE071
:102A4000A00607D520238DF810300DF111000DF1EF
:102A5000100902E00DF110094846220644BF6A231E
:102A600000F8013B0A220023FFF76EFECA46074624
:102A7000A0EB090390E1434653F8042B0393002F86
:102A800040F0DB814FF0030C4FF00E081F49A1FB13
:102A90000230C00800EB8003A2EB43033033DBB20B
:102AA000092A8DF81D3037D9894644F6241E4FF087
:102AB000000A0DF11D070CE01EF0010F07D04FF0CA
:102AC000200307F8023C0AF1010A023F00E00F462A
:102AD0001046A9FB0032D20802EB8203A0EB4303AD
:102AE0003033DBB209284FEA5E0E07F8013C07F1EC
:102AF000FF31E1D8064A0DF11E0E12F80AA0AEEB26
:102B0000010E0FE000007A446F12833ACDCCCCCC9A
:102B1000C82D0108D42D01084FF0010E4FF0200AF6
:102B20000DF11D010DF11009CE444A46202B01F193
:102B300001000CF001070AD11FB10CF0FE0C2E238E
:102B400006E01CF0020F03D1881C4B7800E02FB97F
:102B5000B8F1000F08F1FF3107DB884602F8013BAE
:102B6000724502D003780146E0E71CF0020F02F143
:102B7000010708D0BAF1200F05D01346202203F830
:102B8000022B3A461F4682F800A0DDF80C80A7EB26
:102B90000903CA4600E1E30504D558F8043B00EEFA
:102BA000103A0AE008F1070828F00708F8E80201DF
:102BB000FDF74EFD00EE100A0346B5EEC00AF1EE39
:102BC00010FA0DD5B1EE400A2D2244F0080410EEA3
:102BD000103A8DF810200DF111000DF1100916E0DA
:102BE000600707D52B228DF810200DF111000DF193
:102BF00010090CE0A10607D520228DF810200DF158
:102C000011000DF1100902E00DF1100948462206ED
:102C100048BF6A2223F0004348BF00F8012BB3F1FC
:102C2000FF4F09D10746192307F8023B2022A7EBE3
:102C30000903CA464270AFE0630604D5BAF1460FF5
:102C400007D0092779E0BAF1460F76D10FFA87FA53
:102C500001E00327BA46B4EEC80AF1EE10FA0EDB23
:102C600020EE280A814B04E013F8012F20EE280AF9
:102C7000FAB1B4EEC80AF1EE10FAF5DA19E0F7EE9F
:102C8000007AB4EEE70AF1EE10FA19D520EE080A40
:102C9000774B04E013F8012F20EE080A22B1B4EEBE
:102CA000E70AF1EE10FAF5D4B4EEE80AF1EE10FA04
:102CB00006DD13F8013C23B1013F0FFA87FA00E06B
:102CC0000023FCEEC07A17EE902A632A04D9AAF1F9
:102CD000020A0FFA8AFA05E0092A84BF0AF1FF3ACC
:102CE0000FFA8AFABAF1000F039305DA0021FFF711
:102CF0004FFD039B07461CE05146FFF749FD039B30
:102D00000746BAF1000F14D010F8012C302A05D173
:102D1000411E0F4611F8012D302AFAD05549898AF3
:102D200011F4807F14BF2C212E218A4208BF07F1A5
:102D3000FF3733B107F8013B03E03946FFF728FDC1
:102D40000746E00600D41CE017F8013C302B84F065
:102D5000100405D17A1E174612F8013D302BFAD027
:102D60002E2B08BF07F1FF370BE00A2200E00822F4
:102D70000DF1100958F8041B48460023FFF7E4FC46
:102D80000746A7EB0903CA4606E08DF810A0012309
:102D90000DF1100A0DF11107ED1A07D4E10607D461
:102DA00001E00C4657462023029303E0002501E092
:102DB00030230293A2072FD414F02C0F16D0E30671
:102DC00014D5019A33681AF8011B9B68013230460A
:102DD000019298470AE0DDF808902C46336849468E
:102DE0009B6830469847013CF8D12DE0002DF2D188
:102DF0000FE0019CD146336819F8011B9B683046EF
:102E0000984709EB0403B945A3EB0A03F3D31C4627
:102E100005E0BA45EDD31CE5BA45EAD3019C002D87
:102E20003FF416ADDDF808902F46336849469B689D
:102E300030469847013FF8D107E50E2FA8BF0E276F
:102E4000B8464FF0010C21E6019BBA452B44019393
:102E500038BF2546CDD3FCE4002B7FF4C1ADA0E7FD
:102E600001980BB0BDEC028BBDE8F08FCA2D0108B4
:102E7000052E0108080300200CB430B50C1E85B0E7
:102E800012DD09AB0B4D02901A460899ADF80C40C3
:102E900001A8CDE90035FFF7C7FC029B0022844260
:102EA0001A7002DC601E00E0002005B0BDE8304072
:102EB00002B07047102E0108024400F8011B904236
:102EC000FBD1704710B5024410F8013B11F8014BDB
:102ED0009042A3EB040301D0002BF5D0184610BD9F
:102EE000C3690239023B8B4283BF4389006B01FBFC
:102EF0000300002070470000024600F10B01002093
:102F0000C30143EA500312F8010B50FA83F38A42DB
:102F1000D8B2F5D170470000417800230131490152
:102F20001A46022A05D1032201329142F9D81846E5
:102F3000704710B5845C04EBC334A4B204EB5303B4
:102F40009BB20132914203D9022AF3D10322F8E75E
:102F5000184610BD03685A1C02601878A0F161037E
:102F6000192B01D8203870477F2803D9024B184409
:102F700010F8800C704700BF202E0108F0B585B016
:102F80000546019114461E4614F0FF0F07D001A814
:102F9000FFF7E0FF08B900203EE0013CF4E72B78A2
:102FA000002B35D1002C33D0012035E02A2B0FD057
:102FB00002A8FFF7CFFF074603A8FFF7CBFF874222
:102FC00001461ED1002FEFD0029B1B783F2BEDD185
:102FD000002EE0D00022029B581C029019785B78EA
:102FE0003F290CBF013242F480723F2BF3D02A2BD1
:102FF000F1D0731E0399FFF7C1FF0028D4D1039BC2
:10300000197801A8FFF7A6FF002CC4D00029C2D070
:10301000019B02950393D7E705B0F0BD02687AB132
:10302000134613F8011B1F2908D93A29F9D1911C1D
:103030008B4205D11278302A02D1036000207047FC
:103040004FF0FF307047000038B50D4610B9092029
:10305000002311E003680446002BF8D01A78002AF8
:10306000F5D08188DA889142F1D158780EF002FECD
:1030700010F00100EBD123682B6038BD38B50D4648
:1030800040F26231144602F0B7FAFF2806D9012C4B
:1030900009D9030A2B706870022407E028B12CB10B
:1030A0002870012402E0002400E00446204638BDD8
:1030B0002DE9F8430025D0F800808D76836B002B36
:1030C00000F0C78098F80030042B0C46064645D126
:1030D0002B462E464027D8F8102092F82310A942FC
:1030E00021D97F2F03D93F23A37601261FE0F906BC
:1030F00008BF02370135D05B02372BB900F52052EB
:1031000092B2B2F5006F0CD306F11A01C6F120029B
:10311000214440EA0340FFF7B1FF0028E3D0064412
:1031200000200346D7E7002BDDD1002EDBD026445C
:103130000023B3766373D8F810301A7902F03701A0
:103140002173D20658BFD3E90E019A89628144BF28
:1031500000200021C4E90001DB8979E0C36C013360
:1031600025D0A9462F46D8F80C30585BB8B1B9F134
:10317000000F05D100F520539BB2B3F5006F0BD3C0
:1031800007F11A01C7F12002214440EA0940FFF784
:1031900075FF28B10744002002358146E3E7384631
:1031A000B9F1000F18BF0020204400238376F26B92
:1031B0000023551E18462E2615F8011F202900F160
:1031C00001000CD0052908BFE521092804D10B2BEB
:1031D00002D8E71801337E73E718013379730B289F
:1031E000EAD1E11800204873A17E31BB33B16FF002
:1031F0000C0604F10D000825361B0BE03F23A376D7
:10320000012114E09BB22E2B0FD0A3F1410119290B
:1032100006D90373311810F8013B002BF2D106E0F8
:10322000117B0D42F5D02033F3E71025F1E721445F
:1032300000238B76137B03B96373D37A03F03F03C8
:103240002373D369236000236360D38A6381138B64
:103250002381BDE8F883000038B50546002435F821
:10326000020B80B102F004FA630880B203EBC433AE
:10327000C2B212FA83F39BB2000A00EB530000EBD8
:10328000C33084B2EBE7204638BD000001380A4461
:1032900011F8013B00F8013F9142F9D1704700005D
:1032A000436B8B60D0E90E23C1E9042390F82130F1
:1032B00003F00203CB710023CB61704770B500F1BE
:1032C0003C060546826B4078012331460EF01AFD1C
:1032D00088B9A96BAB6A2A6AE870CB1A9342044694
:1032E0000AD2AB78022B07D10A4401233146687811
:1032F0000EF008FD00E00124204670BD38B5836B58
:103300008B4216D0C37804460D4673B92A46012372
:1033100004F13C0160780EF0B9FC002816BF4FF0B4
:10332000FF3500200120A56304E0FFF7C7FF08B9BF
:10333000ECE7002038BD000038B50023C3704FF023
:10334000FF3383630446FFF7D9FF002848D1B4F860
:103350003A524AF655239D4207D10B22234904F1E4
:103360003C00FFF7AFFD00283CD094F83C30EB2B3D
:1033700003D01833DBB2012B2BD84AF655239D42DC
:1033800006D108221A4904F18E00FFF79BFD60B3B5
:10339000B4F84730B3F5007F1BD194F84930C3B17E
:1033A0005A1E1A4215D1B4F84A3093B194F84C30F1
:1033B000013B012B0DD8B4F84D3053B1B4F84F3068
:1033C0007F2B03D8E36DB3F5803F02D3B4F85230BE
:1033D00053B94AF6552085420CBF0220032004E071
:1033E000042002E0012000E0002038BDAD2E0108DD
:1033F000B92E01082DE9F0478C1E416BC4F3C808B3
:1034000001EB14314FF0010904F0070409FA04F448
:10341000054616461F46E4B2284601F1010AFFF7A9
:103420006DFF00BB05EB080292F83C30234214BF4D
:1034300001210021B94218D06340013E82F83C309E
:1034400085F8039012D0640014F0FF04EAD108F16B
:103450000103B3F5007F4FF001044FF0000851461F
:10346000DAD09846DEE7012000E00220BDE8F087D0
:10347000012940F289802DE9F8430668F3698B42FF
:1034800040F284803378013B0C46032B7ED8DFE882
:1034900003F00229374701EB5105B16A304601EBD1
:1034A0005521FFF72BFF10B14FF0FF3072E06F1C7A
:1034B000B16AC5F30805354401EB5721304695F84C
:1034C0003C50FFF71BFF0028EED1C7F308073E442E
:1034D000E30796F83C0045EA00204CBF0009C0F322
:1034E0000B0057E0B16A304601EB1421FFF706FFED
:1034F0000028D9D1640004F4FF742644B08F49E059
:10350000B16A304601EBD411FFF7F8FE0028CBD1A9
:10351000A40004F4FE742644F06B20F0704039E0FF
:10352000D0E9048958EA0903C17901D0836803B955
:1035300061BB826875890229A4EB02020DD118F1E2
:10354000FF3349F1FF315B0A43EAC153B3FBF5F3A3
:103550009A421BD81CD0601C1CE0032902D183694D
:103560009342F8D8C3699BB9B16A304601EBD411D4
:10357000FFF7C4FE002897D1A40004F4FE7426448B
:10358000F06B20F0004005E001207047012001E0D1
:103590006FF00040BDE8F883F8B504682378042B89
:1035A0000CBF4FF080524FF400128A4201D8022023
:1035B00039E0CA060E46FAD10546826829636AB91F
:1035C000022B06D82389B3EB561FF0D9E36AAB630D
:1035D0001AE0E36AC271002BF4D01A4667897F02B1
:1035E000BE4211460CD32846FFF742FF431C024659
:1035F00018D00128DBD9E3698342D8D9F61BEFE75D
:103600002046FFF76DFCA863AB6B6A63002BCED03E
:1036100003EB56233C34C6F308063444AB63EC6337
:10362000002000E00120F8BD01296AD92DE9F84306
:10363000C3698B4205460C4665D90378013B1646A3
:10364000032B60D8DFE803F00239454501EB510751
:10365000816A01EB5721FFF751FE002854D114F085
:10366000010407F1010905F13C08C7F3080708D078
:1036700018F8073003F00F02330103F0F00313438F
:1036800000E0F3B208F80730A96A0123EB7001EB00
:1036900059212846FFF732FEB0BBC9F3080914B11F
:1036A000C6F3071606E018F80920C6F3032622F031
:1036B0000F02164308F8096020E0816A01EB14212B
:1036C000FFF71CFE00BB640004F4FF742C44A687C3
:1036D00014E0816A01EBD411FFF710FEA0B92B466C
:1036E000A40013F83C2B042A04F4FE7405D01A59E4
:1036F00026F0704602F0704216431E510123EB7013
:1037000002E0022070470220BDE8F88370B504464D
:103710000E461546E36973B1F21A012B02F101015D
:1037200020688CBF02322A46FFF77EFF20B9E3698A
:10373000013BE361EEE7184670BD000001292DE969
:10374000F843046801D8022075E0E3698B420D4616
:10375000F9D9064617460AB9A94628E02378042B6A
:1037600002D1C379022BF7D04FF0FF323946204601
:10377000FFF75AFF0028EFD05DE00128E3D0B0F159
:10378000FF3F2CD02378042B2BD1D4E90632023A08
:10379000934205D20133A361237943F001032371DE
:1037A0006A1C424525D1E3694345454606D9294669
:1037B0003046FFF75DFE80460028DED12378042BDB
:1037C00038D123E0F37953BBB468BC4230D02146F2
:1037D0003046FFF74DFE0128B5D9431C1AD1012010
:1037E00029E0002229462046FFF71EFF0028CCD002
:1037F00021E02378042B07D10023A2EB09024946DC
:103800002046FFF7F7FDB0B9C146CCE7002FD9D16C
:10381000F7710FE0631C83420446D6D00AE0032B05
:1038200008D1B368BB4205D8B2691344BB4201D387
:103830000223F3710020BDE8F8830000C379032B55
:1038400012D18168836970B50446CD18A94208D0A9
:103850004E1C32462068FFF7E7FE31460028F5D0BF
:1038600004E00020E07101E00020704770BD00001E
:103870002DE9FF4800230B600F461546FFF7CEFBEE
:10388000061EC0F2F980B14B53F82640002C00F020
:10389000F5803C60237805F0FE056BB160780EF092
:1038A000E9F9C70708D4002D00F0E48010F0040007
:1038B00000F08D810A208AE1F0B20023237060704D
:1038C0000EF052F9C60700F1DB800DB14107F1D4CB
:1038D00000212046FFF730FD02281BD1D4F8023228
:1038E0000093D4F812320193D4F822320293D4F820
:1038F000323203936E46002556F8041B29B1204648
:10390000FFF71AFD012801D80CE003200135042D32
:10391000F2D158E1042801D1012058E1012801D950
:103920000D2054E10128A16B0AD104F1470304F1F1
:103930007C0213F8015B002DF2D19A42F9D1A1E08B
:10394000B4F84730B3F5007FEAD1B4F8526006B955
:10395000266E94F84C002662431E012BA070DFD81F
:1039600094F84950ABB26381002BD9D06B1E2B4227
:10397000D6D1B4F84DC0A4F808C01CF00F0FCFD1B9
:10398000B4F84F3003B9E36DB4F84A20002AC7D029
:1039900006FB00FE02EB1C177744BB42C0D3D81BCA
:1039A000A842B0FBF5F3BBD369488342B8D84FF6C1
:1039B000F570834240F20081032502330A440F442C
:1039C000032DE3616162A262276308D1B4F8662027
:1039D0005CEA0202A4D1A26EE2629B000EE0BCF19E
:1039E000000F9DD07244022DE2624FEA43021BBFDA
:1039F000D21803F00103134603EB520303F2FF1343
:103A0000B6EB532F8CD34FF0FF33C4E90533032DAE
:103A10004FF08003237122D1B4F86C30012B1ED1FA
:103A200001312046FFF76AFCC8B9B4F83A22207188
:103A30004AF655239A4212D1E26B464B9A420ED176
:103A400003F1FF53D4F8202203F5005320339A42A8
:103A500005D1D4F82432A361D4F8283263613E4AF8
:103A60002570138801339BB21380E3803B4BE360E6
:103A70003B4B23610020AAE00B20A8E00C20A6E02D
:103A80000320A4E0B4F8A430B3F5807F7FF448AFFE
:103A900094F8A830092B7FF443AFD4E9212312EB2B
:103AA000010B43F1000CBCF1010F08BFBBF1000F8B
:103AB000BFF436AFD4F89000206294F8AA00A0704A
:103AC00001287FF42DAF94F8A96000FA06F6B0B291
:103AD000608100283FF424AFD4F8987021488742D1
:103AE0003FF61EAFB81CE061D4F89400D4F88C30D7
:103AF0006162B6B208447E431944206300238019F2
:103B0000A16243F100018C4508BF8345FFF408AF73
:103B1000D4F89C30E3622E467DB96389B3427FF6C8
:103B2000FFAEE16A2046FFF7DBF981192046FFF777
:103B3000E5FB00287FF4F0AE0136631993F83C30C2
:103B4000812B11D02035C5F30805E5E74C0700208F
:103B5000F5FFFF0F5252614150070020540700202B
:103B6000CC060020FDFFFF7F04F13C0635446D6963
:103B7000012D7FF6D5AEE369AB427FF6D1AE628907
:103B8000216BAB1E03FB02136363A16A204601EBAA
:103B9000D511FFF7B3FB00287FF4BEAE05F07F031D
:103BA00056F823305A1C03D00135AB42EDD0B7E6AE
:103BB000C4E90533042552E740F6F575AB428CBFE6
:103BC00002250125F9E604287FF4AAAEA4E604B094
:103BD000BDE8F0882DE9F84F07460568884631B9F9
:103BE0006E69A6B1EB69B34298BF012610E0FFF7FA
:103BF0003FFC0128044601D80124DBE0421C00F010
:103C0000BB80EB69834200F2D580464600E0012686
:103C1000AB690BB90024CDE02A78EB69042A5CD1AA
:103C2000A6F10209023B994528BF4FF00009CA4698
:103C30004FF0010B696B284601EB1A31FFF75EFB71
:103C400038BB0AF00703EA690BFA03F3CAF3C801A9
:103C5000DBB2023A6818544690F83C000AF1010AB7
:103C6000924500EA030002D25B00DBB204E04FF0B1
:103C7000000A4FF40071534608B902340DE0D145F3
:103C80000AD0002BE6D10131B1F5007FD2D2012359
:103C9000E0E74FF0FF3400E00024631E033300F23E
:103CA000898001231A4621462846FFF7A3FB0228F4
:103CB000A2D0012860D0B8F1000F02D10223FB711D
:103CC00065E0FB79022B5AD1731CA3425FD0BB681D
:103CD000F61A0323BE61FB7151E0464515D1741CF1
:103CE0009C4228BF022421463846FFF7C1FB012829
:103CF00082D0431C40D038B16B69012B05D9EA69E9
:103D0000934238BF1E4600E0ACB93446EB6901343B
:103D1000A34203D8012E7FF67DAF02242146384608
:103D2000FFF7A6FB38B101283FF466AF013023D07E
:103D3000B442EBD16EE74FF0FF3221462846FFF741
:103D400073FCB0B9B8F1000F05D0224641462846B1
:103D5000FFF76AFC68B9D5E90632023A93429CBF84
:103D600003F1FF33AB612B796C6143F001032B71DD
:103D700020E001287FF440AF4FF0FF341AE008F153
:103D80000102A242FB6908D12BB10133FB6100287B
:103D90007FF432AFDFE70223F8E70BB90123FB61C1
:103DA000224641463846FFF7B1FC0028E1D1012305
:103DB000FB61D0E72046BDE8F88F0000F8B5C37876
:103DC00004460D467BB929462046FFF789F804F1E1
:103DD0003C06A06307464FF4007200213046FFF70F
:103DE0006BF800250DE0FFF769FA0028EBD0012001
:103DF0000EE001237A19314660780DF083FF18B97F
:103E0000013563899D42F4D36089401B18BF0120AE
:103E1000F8BD00002DE9F8430568076B2B78042BEB
:103E20000CBF4FF080534FF400132037BB429CBFB0
:103E300000238363836B002B47D0C7F308088946B0
:103E40000446B8F1000F3AD1416B0133836331B9B5
:103E50002B89B3EB571F32D80023A36335E06B895E
:103E6000013B13EA57232AD1FFF702FB012806463C
:103E700001D802202CE0421C01D1012028E0EB698E
:103E8000834216D8B9F1000FE6D0616B2046FFF7E8
:103E9000A1FE0646D8B10128EBD0431CEDD0014667
:103EA0002846FFF78BFF0028E7D1E37943F00403AE
:103EB000E371666331462846FFF712F8A0633C358C
:103EC00045442763E563002002E0042000E007206A
:103ED000BDE8F8832DE9F04105460068A96B066945
:103EE000FFF70CFA044600285AD1E96B0B78852BB2
:103EF00055D120223046FFF7C9F9777801377F0185
:103F0000A7F16003B3F5007F49D821462846FFF7A3
:103F100081FF0428044642D0002841D1A96B2868BB
:103F2000FFF7ECF9044600283AD1E96B0B78C02B77
:103F300035D12022B018FFF7A9F996F823300F22C7
:103F40002C33B3FBF2F3B7EB431F28D34FF04008F9
:103F500000212846FFF75EFF042804461FD0F8B969
:103F6000A96B2868FFF7CAF90446C8B9E96B0B7852
:103F7000C12B14D1B8F17F0F04D8202206EB080022
:103F8000FFF784F908F120084745E1D8B8F1800F20
:103F900006D83046FEF7C0FF7388834200D0022463
:103FA0002046BDE8F0810000F8B50E460021074626
:103FB0000568FFF7F1FA00BB0446B96B2846FFF726
:103FC0009DF9D0B92A78FB6B042A1B7803D1DB4317
:103FD000C3F3C01305E0E52B1ABFB3FA83F35B0903
:103FE00001231BB10134B44201D109E01C46012177
:103FF0003846FFF70FFF0028DFD0042808BF07204E
:10400000F8BD000003682DE9F0411E690546304601
:10401000FEF782FFE96C708028467778FFF7BCFADC
:104020004FF001080446B4B9A96B2868FFF766F998
:10403000044680B920223146E86BFFF727F92B6848
:1040400083F803803FB121462846FFF7E3FE203680
:104050000446013FE7E7022C28BF0224E0B2BDE896
:10406000F0810000C16C4B1C2DE9F041044605684D
:10407000066B03D14FF0E508012717E0FFF78CFA34
:104080000028F7D01BE02A78E36B042A09BF1A78CE
:1040900083F8008002F07F021A70EF70236BB34246
:1040A0000DD200212046FFF7B5FE28B9A16B2846A6
:1040B000FFF724F90028E6D0042808BF0220BDE855
:1040C000F08100002DE9F843FF27D0F80080054675
:1040D0003C4604264FF6FF79A96B002977D040466D
:1040E000FFF70CF90646002875D1E86B0378002B22
:1040F00070D098F80020042A10D1852B5FD12B6B4B
:10410000EB642846FFF7E6FE0646002863D1D8F8A0
:1041100010301B7903F03F03AB715EE0C27AE52BF0
:1041200002F03F02AA7149D02E2B47D022F0200185
:10413000082943D00F2A36D1590605D503F0BF040C
:104140002B6B477BEB6401E0A34237D1437BBB423F
:1041500034D1428B92BB0378D8F80C60DFF880E052
:1041600023F040030D21013B4B4301211EF801CBFD
:1041700030F80CC031B1162B20D826F813C0614698
:10418000013301E0CC4519D101320D2AEED102787C
:10419000520605D521B1162B10D8002226F813207F
:1041A000013CE4B20BE02CB9FEF7A6FEB84201D107
:1041B000002612E04FF0FF33EB640EE0FF240021F5
:1041C0002846FFF727FE0646002885D003E0002E8C
:1041D000EED000E004260023AB633046BDE8F88350
:1041E000A02E01082DE9F04F002187B00546076891
:1041F000FFF7D2F98346002840F0D0803B78042BAB
:1042000029D1F868FFF728F880462846FFF75AFFBB
:10421000002840F0B4803B6993F82390B9F1160F61
:10422000F3D89B8C4345F0D1044640264C4500F022
:10423000AB80F10608BF02363B69985B01F018FAC3
:10424000FB68824633F8140001F012FA8245DCD193
:1042500002360134EAE74FF0FF33CDE902304FF088
:10426000FF0AEB64D046A96B3846FFF747F80028F1
:1042700040F08580EC6B2678002E00F08280E27A98
:10428000E52E02F03F03AB716CD0120702D50F2B65
:1042900068D101E00F2B52D195F84B30580667D406
:1042A000710606D52B6B94F80DA0EB6406F0BF06E3
:1042B00001E0B0455AD1637B534557D1638B002B46
:1042C00054D194F80080D7F80CB0DFF8DC90049655
:1042D00008F03F0808F1FF334FF00D0808FB03F822
:1042E00001212646019519F8010B345A91B1B8F114
:1042F000160F3AD8204601F0BBF905903BF818009C
:1043000001F0B6F90599814208F101052DD1214648
:10431000A84603E04FF6FF739C4226D1214B9945F6
:10432000E1D13446019D2378049E5A0603D511B18C
:104330003BF81830D3B9013E5FFA86F818E0B8F1BF
:10434000000F04D12046FEF7D7FD504524D095F844
:104350004B30DB0706D40B2205F140012046FEF767
:10436000B1FDC8B1029BEB6400E0019D4FF0FF0876
:1043700000212846FFF74EFD00283FF474AF834626
:104380000CE04FF0040B09E024B2FB6833F8143062
:10439000002B7FF43AAF01E0DDF80CB0584607B0CF
:1043A000BDE8F08FAD2E0108A02E01082DE9F04FD9
:1043B00090F84B5015F0A00599B040F09481066834
:1043C000F36833F815200AB10135FAE73378042B86
:1043D000044640F090800F230E35B5FBF3F5A91C81
:1043E000FFF7E2FD8246002840F08381236B05F150
:1043F00000650135A3EB4515E379E5645A0748D517
:1044000023F00403E3712046FFF718FA002840F078
:104410006D814FF0FF32616B2046FFF777F900287E
:1044200040F06481A368002B33D023680293236A91
:104430000493636A8DF80F30A16ACDF824A023F0AD
:10444000FF0302A8CDE9063A1591FFF7A5F8002869
:1044500040F04C8102A8FFF73DFD002840F0468166
:10446000D4E9042370894FF40071E1FB0023316922
:10447000C4E90423C1E90E23C1E90A23E37943F027
:10448000010381F8213002A8FFF7BCFD002840F0AD
:104490002D81D6E90354402200212046FEF70CFD71
:1044A000852300212370C02384F8203001200A4690
:1044B00040234FF0C10E8C465F1C04F803E004F863
:1044C00007C0CEB2023320B135F8120008B1013274
:1044D000D2B2E0520233DF06F5D135F81270013165
:1044E000002FE9D1B31C84F8232063702846FEF71F
:1044F000B3FEA084FDE000F140070C22394602A87B
:10450000FEF7C4FE9DF81330DB0770D54023DFF8BB
:10451000EC8184F84B304FF001090B2202A9384698
:10452000D6F80CA0FEF7B2FEB9F1050F14D9AAF126
:1045300002024B4632F8021F79B1102001F0010C43
:104540000CEB430313F4803F18BF83EA08030138E0
:104550004FEA5101F2D1EDE74B460DF1070007227A
:1045600003F00F0C0CF13001392988BF0CF1370131
:10457000013A4FEA131E00F8011903D00F2B01D99D
:104580007346EDE718AB13447E2104F13F0003F8B6
:10459000601C014600239A420DD011F801CFBCF1F6
:1045A000200F03F1010E06D07346F4E720210133FA
:1045B000072BC15407D8072AF8D818A9114401328B
:1045C00011F8601CF3E72046FFF70CFE38B909F13B
:1045D0000109B9F1640FA0D14FF0070A89E004285E
:1045E000824640F086809DF8133084F84B309DF869
:1045F00013309B0705D50C350D23B5FBF3F50135BD
:1046000000E0012529462046FFF7CEFC824600281F
:104610006FD1013D19D1A16B3046FEF76FFE824686
:10462000002866D101462022E06BFEF745FC0B22F4
:104630003946E06BFEF72AFE94F84B30E26B03F04C
:10464000180313730123F37053E0216B2046A1EB91
:104650004511FEF7A1FF824600284AD13846FEF7F1
:104660004BFC4FF6FF798046A16B3046FEF746FEC5
:10467000034600283CD1E36BD6F80CE0DFF880A0BD
:1046800083F80D804FF00F02E9B24FF00D0CDA7293
:104690004A1E0CFB02F2187358838446484518BF23
:1046A0003EF812001AF801BB0CF1010C18BF0132E0
:1046B00023F80B00002808BF4846BCF10D0FEDD1D0
:1046C000484502D03EF812200AB941F04001197065
:1046D0000123F37000212046FFF79CFB034638B905
:1046E000013DC1D197E74FF0060A02E0824600E0A3
:1046F0009A46504619B0BDE8F08F00BF2110010066
:10470000A02E010838B5C37804461BB92378032BC3
:104710002BD103E0FEF7D2FD78BBF7E72379012B1D
:1047200023D104F13C054FF4007200212846FEF726
:10473000C3FB4AF65522A4F83A22104AE26302F17A
:10474000FF5202F500522032C4F82022A269C4F8B8
:1047500024226269C4F82822626A60780132A26366
:1047600029460DF0CFFA002323710022114660780C
:104770000DF012FB003018BF012038BD52526141CC
:104780002DE9F04F85B00368029304468A4611F87C
:10479000013B2F2BFAD05C2BF8D00021A160E16106
:1047A0009AF800301F2B75D88023204684F84B30B0
:1047B00005B0BDE8F04FFEF7EFBE002B40F0B9802A
:1047C0002E2900F0B68032F8021D2E2901D0013EBC
:1047D000F9D10B22202104F140004FF00008FEF730
:1047E0006BFB4FF008095A464746CDF804A0A34694
:1047F00032F813005C1C002800F0FE80202800F036
:104800009E802E2800F09880C845C0F09C80B9F1A9
:104810000B0F40F09B80DDF804A05C4645F00305DB
:104820004FF00B0994F84030E52B04BF052384F8C2
:104830004030B9F1080F04BFBF00FFB207F00C030E
:104840000C2B40F0DD8045F0020584F84B502046EB
:10485000FFF7C8FC94F84B30002840F0E2805A077C
:1048600000F1FD80A379DB0640F1F280029B19780C
:10487000042940F0DD80A36823622369E27923F0F4
:10488000FF0313436362E36CA362029B2146186932
:10489000FEF706FD2368D3F80CB000261AF8010BCA
:1048A00050B340F2623100F0CFFE002800F0CE801D
:1048B0001F2821D92F2811D05C280FD07F2806D897
:1048C000684B13F8012B12B19042FAD1BEE0162EBC
:1048D00000F0BC802BF816000136DFE75246137853
:1048E0002F2B924602F10102F9D05C2BF7D01F2B3F
:1048F0008CBF0025042500E004250BEB46033EB1E8
:1049000033F8022D202A01D02E2A01D1013EF6E7EC
:1049100000230BEB46022BF81630002E00F0968099
:104920003BF81310202903F101007FF446AF034642
:10493000F6E745F0030546E7B44200F08B8045F00A
:104940000305234654E7B4420DD183E0B44202D0BC
:1049500045F0030550D8BF00FFB234464FF00B09B5
:104960004FF00808EDE77F2824D940F26231039226
:1049700000F042FE10F0800F45F0020A039A04D0C6
:1049800000F07F00384B185C12E0FF2810D909F1C5
:10499000FF33984503D345F00305C846D1E70BEB39
:1049A0000803010A83F8401008F1010855461CE08D
:1049B000554628B12D4B13F8011B29B18142FAD17C
:1049C00045F003055F2010E0A0F141039BB2192BD5
:1049D00002D847F0020708E0A0F161039BB2192B4F
:1049E00003D8203847F0010780B20BEB080308F129
:1049F000010883F84000A4E7DDF804A05C4611E755
:104A000007F00303032B3FF41EAFAE073FF51DAFC6
:104A1000F80748BF45F01005790748BF45F008057D
:104A200013E704281BD113F0040F08BF052016E07C
:104A3000029B226B3C33C2F30802134403295A8BB6
:104A400004BF9B8A42EA0342A26023E7062006E0F5
:104A5000052004E0B9F10B0F7FF47DAFDBE605B074
:104A6000BDE8F08FC22E0108202E0108CB2E0108D0
:104A70001FB5CDE9001003A814460391FEF7CEFA46
:104A8000002812DB0B4B53F820200AB100211170D3
:104A9000019A0AB10021117043F820203CB1002294
:104AA00001A96846FEF7E4FE02E00B2000E0204684
:104AB00004B010BD4C0700202DE9F0479AB00191D9
:104AC000002800F0318102F03F060446174603A992
:104AD000324601A8FEF7CCFE0546002840F02081B2
:104AE000039B0199049304A8FFF74AFE20B99DF99E
:104AF0005B30002BB8BF062017F01C0F7BD058B1DD
:104B0000042840F00D8104A8FFF750FC002840F075
:104B1000078146F008060AE09DF8163013F0110FE1
:104B200040F0FB80780700F1F480390774D5039BCF
:104B30001A78042A31D1186923602146FEF7B0FBA8
:104B4000039B18691E2200210230FEF7B5F9039B72
:104B500018691A2200212630FEF7AEF9039B1A6964
:104B6000202111711F690CF0FDFF039BB8601B69C8
:104B7000012283F8212004A8FFF744FA002840F01E
:104B8000CF80A168002947D002462046FEF7D6FD17
:104B9000A368039A013B53613BE00CF0E3FF139BD6
:104BA000039AC3F80E00C3F8160011785F8B03292F
:104BB00004BF998A47EA01472021D972139900233B
:104BC0004B831078CB61032808BF8B820123D370FD
:104BD00017B3D2F838803946002204A8FEF7AEFD9C
:104BE000002840F09D8041460398FEF787FB039B19
:104BF000013F5F610DE0002840F092809DF8163083
:104C0000DA0600F18880BF0706D5D80700F1858055
:104C100002E0002840F08480039A936BA364139B06
:104C2000E3643107117848BF46F0400604290FD1EC
:104C3000069B2362089B9DF81710106923F0FF0361
:104C40000B436362179BA3622146FEF729FB0AE030
:104C500003295A8B04BF998A42EA0142A260DB69A8
:104C6000236100236361039B2360DB88A380002111
:104C70000022002304F1500AC4E90E2384F83060B6
:104C80004FF4007284F8311061645046FEF714F955
:104C9000B2064AD5D4E9046756EA070345D0039B18
:104CA000A168B3F80A80C4E90E674FEA48284FF0BC
:104CB0000009B94508BFB0450DD22046FEF7D8FB24
:104CC000B6EB080667EB09070128014605D9431C26
:104CD000EFD1012002E0002000E002202164F8B9B9
:104CE000C6F30802034613431FD0DDF80C8040468C
:104CF000FEF7F6F898B1720A42EAC75202446264BB
:104D00000123514698F801000CF0C0FF68B1012062
:104D100006E0082004E0042002E0072000E0022072
:104D200000232360054600E0092528461AB0BDE8A7
:104D3000F08700002DE9F04F9B4687B000238A469C
:104D4000CBF8003005A904461746FEF77DF9054665
:104D5000002840F0B58094F83150002D40F0B0802C
:104D600094F83030D90740F1AA80D4E90E31D4E963
:104D70000420B2EB030860EB01090023994508BF4A
:104D8000B84538BF474604F150090295002F00F09E
:104D90009480D4E90E01C0F308030093002301932B
:104DA000DDE9002313436CD1059B5B895A1E430A3E
:104DB00043EAC153134015D150EA010201D1A06862
:104DC00005E0216C03932046FEF752FB039B01286C
:104DD00001D8022502E0421C03D1012584F831509C
:104DE0006EE02064DDF81480216C03934046FEF7EA
:104DF00077F80028EDD0039BB7F5007F03EB0006A2
:104E000020D37D0AB8F80A2098F801005919914278
:104E100088BFD51A2B46324651460CF037FF002882
:104E2000DBD194F93030002B0ADA606C801BA84289
:104E300006D24FF4007249460AEB4020FEF726FAEC
:104E40006D022BE0626CB2421AD094F93030002B24
:104E50000DDA0123494698F801000CF053FF0028B1
:104E6000BBD194F8303003F07F0384F830300598DC
:104E700001233246494640780CF008FF0028ACD1A7
:104E80006664A16BC1F30801C1F50075BD4228BF7E
:104E90003D462A4649445046FEF7F8F9DBF8003013
:104EA0002B44CBF80030D4E90E23501943F1000114
:104EB0007F1BAA44C4E90E0168E7029D00E00725B4
:104EC000284607B0BDE8F08F2DE9F04F87B01546B2
:104ED0000293029A00238B46136005A90446FEF74D
:104EE000B3F88246002840F0DB8094F831A0BAF194
:104EF000000F40F0D58094F830309A0740F1CE8012
:104F0000059B1B78042B03D0A36BEB4200D3DD433E
:104F100004F15009CDF80CA00DB3D4E90E23C2F36F
:104F20000801009100210191DDE90001014340F0F9
:104F300087800599B1F80AA0510A0AF1FF3A41EABF
:104F4000C3511AEA010A23D1134303D1A06878B9E7
:104F5000014600E0216C2046FEF73CFE40B994F883
:104F60003030DDF80CA043F0400384F8303097E097
:104F7000012802D14FF0020A03E0431C04D14FF094
:104F8000010A84F831A08BE0A368206403B9A06013
:104F900094F93030002B0EDA0598626C40780123CA
:104FA00049460CF0AFFE0028E9D194F8303003F008
:104FB0007F0384F83030059E216C3046FDF790FF6A
:104FC0000028D7D0B5F5007F0AEB000724D34FEABD
:104FD0005528738970780AEB08029A4288BFA3EBC0
:104FE0000A0843463A4659460CF08CFE0028C6D1C2
:104FF000616CC91B41450CD24FF400720BEB41218F
:105000004846FEF743F994F8303003F07F0384F804
:1050100030304FEA482826E0636CBB420FD0D4E919
:105020000423D4E90E01994208BF904207D201231C
:105030003A46494670780CF029FE00289FD16764F3
:10504000A06BC0F30800C0F50078A84528BFA846AB
:10505000424659464844FEF719F994F8303063F057
:105060007F0384F83030029B029A1B68434413602C
:10507000D4E90E23D4E9040112EB080643F100073A
:10508000B94208BFB0423CBF30463946A5EB0805DF
:10509000C344C4E90E67C4E904013DE74FF0070AC1
:1050A000504607B0BDE8F08F70B598B001A904462E
:1050B000FDF7CAFF002840F0888094F830305A0687
:1050C00040F183801B060FD50198626C4078012364
:1050D00004F150010CF016FE002875D194F8303020
:1050E00003F07F0384F830300CF03CFD0546019856
:1050F0000378042B45D12046FEF7A0FB002864D19D
:105100004FF0FF32216C2046FEF700FB00285CD1F7
:1051100023680293236A0493636A8DF80F3023F0A7
:10512000FF03CDE906300990A16A159102A8FEF7A8
:1051300033FA002849D102A8FEF7CCFE002844D15A
:10514000019E3269137943F020031371E3793269C8
:1051500043F0010382F821303169A3684B63D4E93D
:105160000423C1E90E23D4E904234875C1E90A23C5
:105170003369CD60186102A8FEF744FF28BB01988F
:1051800019E0A16CFEF7BAF8F8B9E36C0198DA7A85
:1051900042F02002DA72A26821685A830978032952
:1051A00004BF120C9A822269DA610022C3F81650F9
:1051B0005A820123C370FFF7A5FA94F8303023F028
:1051C000400384F8303000E0012018B070BD0000CA
:1051D00013B50446FFF768FF28B901A92046FDF77B
:1051E00033FF00B9206002B010BD00002DE9F04F80
:1051F00087B005A9044616461F46FDF725FF8246DF
:10520000002840F0048194F831A0BAF1000F40F07A
:10521000FE80059B1B78042B0DD0059D2B78042B5D
:1052200013D00023BB424FF0FF3208BFB2423CBF55
:1052300016461F4609E04FF0FF32216C2046FEF76C
:1052400065FA0028E9D08246E1E0D4E90423BB42B4
:1052500008BFB24205D294F8301089075CBF1646E9
:105260001F4600210020D4E90E23C4E90E0156EAAE
:10527000070101D1002592E06D8952EA03014FEA4E
:10528000452523D012F1FF3B43F1FF3816F1FF30E3
:1052900047F1FF312A460023FBF738FB2A46CDE9C8
:1052A0000001002358464146FBF730FBDDE90023AF
:1052B0008B4208BF824209D3694201EA0B03F61A06
:1052C000C4E90E3867EB0807216C13E0A16881B9C7
:1052D0002046FEF77FFC0128014602D14FF0020A6A
:1052E00003E0013004D14FF0010A84F831A08EE0D0
:1052F000A16021640029BDD0A8464FF000095546A1
:10530000B94508BFB045D4E90E322DD2B6EB080638
:1053100094F8300067EB090718EB030A49EB020B1E
:105320008207C4E90EAB11D5D4E904235B4508BF5D
:10533000524505D2C4E904AB40F0400084F8300087
:105340002046FEF747FC014620B90FE02046FEF755
:105350008FF801464B1CC6D00129BFD9059BDB69DC
:105360008B42BBD92164CBE7AA4602E0AA460026BD
:105370000027D4E90E329B1947EB0202C4E90E3232
:10538000C6F30802002313433FF474AF0598FDF7FA
:10539000A7FD0028A2D0730A43EAC753C518D4E971
:1053A0000E01D4E904238B4208BF824207D294F84D
:1053B0003030C4E9040143F0400384F83030C0F3D6
:1053C00008020023134322D0626CAA421FD094F932
:1053D0003030002B04F150060EDA059801233146D7
:1053E00040780CF08FFC00287FF47DAF94F83030CB
:1053F00003F07F0384F83030059801232A463146B4
:1054000040780CF043FC00287FF46DAF6564504693
:1054100007B0BDE8F08F00001FB50191002840D013
:105420000446002203A901A8FEF722FA002835D17C
:10543000039B236001992046FFF7A2F9002832D18F
:1054400094F94B30002B1FDBA379DB0601D4052038
:1054500024E0039A117804290ED1A36823622369FA
:10546000E179106923F0FF030B436362E36CA362ED
:105470002146FDF715FF07E0E26B0329538B04BFBC
:10548000928A43EA0243A360039BDB88A380002146
:105490002046FEF781F80428D9D038B100232360D4
:1054A00004E0092002E00428D1D0F7E704B010BDE1
:1054B00013B501A90446FDF7C7FD00B9206002B08D
:1054C00010BD000073B50D4601A90446FDF7BCFDF3
:1054D000B0B925B901462046FEF75EF810E0204637
:1054E000FEF7F0FD10F0FB060AD129462046FDF735
:1054F000DFFD31462046FEF78DFC042808BF002062
:1055000002B070BDF8B506460C4601F11A072146F7
:105510003046FFF7D7FF054650B94CB1A37E3BB1EB
:10552000024604233946306DFDF728FD0028EED0F1
:105530002846F8BD10B5BCB00222019003A901A80D
:10554000FEF796F9002854D1039B0199109310A8F7
:10555000FFF716F900284CD19DF98B30002B47DB63
:105560009DF84630DA0701D5072042E0039B0493FB
:105570001A78042A05D104A91869FDF791FE069C42
:1055800006E01F9B032A5C8B04BF9B8A44EA03440A
:105590009DF84630DB0604D410A8FEF763FDD8B1B1
:1055A00027E0039B269328941B78042B07D1DDE981
:1055B0000823CDE92A239DF817308DF89F3000216C
:1055C00026A8FDF7E9FFA0B926A8FEF77BFD002875
:1055D000CAD004280DD1DFE71CB90398FFF792F871
:1055E00007E00246214604A8FEF7A8F808B9F4E748
:1055F00006203CB010BD00007F2801D880B2704763
:10560000B0F5803F18D240F26233994214D110B401
:105610000C4900234FF4826203E0802B0AD031F85A
:10562000022F82429CB203F10103F6D104F1800003
:1056300080B203E0002001E0002070475DF8044BD9
:10564000704700BF843101087F280DD940F26233D2
:10565000994208D1FF2806D800F10040034B80385A
:1056600033F8100070470020704700BF84310108F4
:10567000B0F5803F4ED2284A284BB0F5805FF0B499
:1056800041F67D512CBF1346612186B204331F467B
:1056900000293CD08E423AD333F8022CD4B265189C
:1056A000A8424FEA122228DA082A30D8DFE802F0AE
:1056B00005090F1215181B1E2100411A33F811603D
:1056C00025E0711A01F00103F61AB6B21FE0103E90
:1056D000B6B21CE0203EB6B219E0303EB6B216E0DB
:1056E0001A3EB6B213E00836B6B210E0503EB6B27B
:1056F0000DE0A6F5E356B6B209E0043312B133F873
:10570000041CC4E707EB440337F81410BEE7304627
:10571000F0BC7047704700BFC8300108D42E0108A4
:1057200008B5202383F311880348FCF795F900237B
:1057300083F3118808BD00BF8407002038B50C46EC
:10574000202383F31188022902D003290ED010E010
:1057500005460A4A0121FCF745FA28462146084A2F
:10576000FCF740FA0748FCF74BF902E00548FCF764
:105770003BF9002383F3118838BD00BFFC3A0108D0
:10578000183B010884070020164B174A17491B686D
:105790001268096870B4164E13440B43304606F184
:1057A000180503F01F040A2C34BF3022372222448C
:1057B00020F8022F5B09A84243EAC1634FEA511166
:1057C000EFD10C4840F21A311A220023C0F8DC6FE6
:1057D000A0F8E01FA0F8D82FA0F8DA3F70BC00F6C0
:1057E000D8707047ACF7FF1FB4F7FF1FB0F7FF1F6B
:1057F0004C9A00206C8A0020022913D0032904D07F
:1058000001290A4818BF00207047032A05D1084B18
:105810009B8A5B0502D5FFF7B7BF05D8054800EBAB
:10582000C20070470448704700207047983B010849
:1058300008030020F03B01084C3B010830EE010A50
:10584000F0EE007AA0EEA70AF5EE007A20EE270A25
:10585000704700BF002A50D001390B1A00FB03F03B
:1058600002FB00F000FB02F007EE900A01FB01F1E1
:10587000B8EE677A07EE901AF8EE676A9FED202A75
:105880009FED203A9FED204A9FED205A9FED206A20
:10589000DFED201ADFED202ADFED203ADFED204A90
:1058A000DFED205AC7EE267AB7EE000AF0EE426A24
:1058B000B5EE007AE1EEA76AE6EEA72AF0EE436ABB
:1058C000E2EEA76AE6EEA73AF0EE446AE3EEA76AD4
:1058D000E6EEA74AF0EE456AE4EEA76AE6EEA75ABE
:1058E000F0EE466AE5EEA76AA6EEA77AF0EE406A09
:1058F000E7EE876AA7EEA60A7047B7EE000A704780
:105900004EE534269998052D22152933B4A29138F5
:10591000398EE33CD4CBA022C400AB292215293018
:105920002E740136398EE33A054B1B6810B41C689F
:1059300024680A460146184623465DF8044B18477A
:105940008063002030B42C4D6C8B002C4BD005EBC9
:10595000C4042A4605F6585105F5CF53F7EE002A40
:1059600093ED007A92ED343AD1ED016AD2ED353AF9
:10597000D1ED005AD3ED017A73EE474A37EE437A00
:1059800033EEE76A35EEA24A77EEE37A32EEE55A75
:1059900067EE265A012826EEC66A64EEA64A67EE2E
:1059A000043A67EEA66AE7EE845A08D1F0EE466A3A
:1059B000F0EE645AE7EE056AE7EE855A08E0B0F1CA
:1059C000FF3F12BF73EEE66A76EEE36AF1EE655AC8
:1059D0000832A242C3ED006AC3ED015A01F1080189
:1059E00003F10803BCD1AB8C23F0040343F0400364
:1059F000AB8430BC704700BFF8080020084A08B5E7
:105A0000138B03F00101814209D023F0010303430A
:105A10002820138306F008F9024B00221A7708BDEC
:105A2000F8080020080300202DE9F04F2DED028B2F
:105A3000061E85B0154601DB574C98E0564CD4F84D
:105A40000CA08A45894680F09180B4F822802769AD
:105A500008F1FF388F421FFA88F801D8464686E0E1
:105A6000A7EB0A07A1EB0A003A460023A0FB0801B6
:105A7000FAF74CFF0646A6FB0723F11707FB013395
:105A80004FEA580112EB010B43F1000C1FFA88F2A8
:105A9000002358466146CDE902BCCDE90023FAF760
:105AA00035FFDDE902128346781842F10001DDE995
:105AB0000023FAF72BFF0AEB0B0291458244A0EB7F
:105AC0000B0054D060B1A9EB020307EE103A07EEC9
:105AD000900AB8EE477AF8EE677A87EE278A01E0F7
:105AE0009FED2E8A104603F03DF90746504603F01D
:105AF00039F9B84201D1731C15E0484603F032F978
:105B0000B84208D1002E32DDF7EE007A334638EE87
:105B1000278A013E07E0B04529DDF7EE007A38EE2E
:105B2000678AB31C013604EBC60604EBC3042B1DC5
:105B30002C35D6ED347A94ED347A37EE677AE7EE89
:105B4000087A43ED017AD6ED357A94ED357A37EE61
:105B5000677A06F68846E7EE087A04F6884417EE78
:105B6000902A43F8082BAB42E3D110E000262B1D0E
:105B700004EBC6042C35D4F8D02043F8042CD4F818
:105B8000D42043F8082B9D4204F68844F3D105B095
:105B9000BDEC028BBDE8F08FF8080020000000008B
:105BA00010B52DED028B82B0044601A96846D4EDF4
:105BB000008A94ED018A0CF097FEDDED007ADDEDB0
:105BC000016A28EE677A67EEA87AA6EEA87AE6EE72
:105BD000887A84ED007AC4ED017A02B0BDEC028BC4
:105BE00010BD00BF012818D108B508680B4902F0A4
:105BF0009BFE28B90A4A137843F04003137006E06D
:105C0000012804D1064A137823F0400313704FF49F
:105C10008D70BDE8084006F007B87047E43D010804
:105C2000A803002000283ED002283CDC1E4B9B8AA3
:105C30005B0738D470B5022890B00D460CD1486887
:105C40001A4C02F0D7FD1A4A04FB00F404F2E734C0
:105C5000A2FB0434A40901E044F620642E68154D2B
:105C60003046FAF7D5FF31460246234605F12000BB
:105C7000FBF76CFD234602220F49104E05F1200070
:105C8000FBF764FD03E033680C481B68984740222B
:105C9000694623462846FBF7D7FC6946024600289A
:105CA000F1D110B070BD704708030020A08601003C
:105CB000D34D621074050020FC46010884070020C3
:105CC000022838B509D108680D4602F079FD04B202
:105CD000686802F075FD02B202E04FF0FF32144630
:105CE00021460220BDE838400BF034BA02280FD11B
:105CF00038B508680C4602F063FD0546606802F09E
:105D00005FFD29B202B2BDE8384001200BF022BA93
:105D1000704700BF0AF0F2BD08B52DED048BB0EE60
:105D2000419AB0EE608A38EE098AF0EE408A20EEA1
:105D3000810A38EE288A20EE280AB0EEC00A0CF05C
:105D40002DFEB5EEC08ABDEC048BF1EE10FA48BF13
:105D5000B1EE400A08BD00BF0C494A8BAAB140F21F
:105D6000911303FB002310B440F68844002201EB9A
:105D7000C30304FB001080ED340AC0F8D4200830BF
:105D80009842F8D15DF8044B70477047F80800203E
:105D90000828044B024628BF082210201A7005F07C
:105DA00043BF00BF8C630020014B1878704700BFD1
:105DB0008C630020024A137823F0010313707047AC
:105DC000A8030020FFF7F6BF084A117881F001030D
:105DD00003F0FB03C807137006D50549898A090536
:105DE00044BF43F002031370704700BFA8030020B4
:105DF000080300200FB400B5074B186883B028B122
:105E000005AB1A4604990193FCF70EFD03B05DF84B
:105E100004EB04B0704700BF8063002038B5052252
:105E20000D4902F09FFD0D4B80B20528188004D962
:105E30000B48FFF7DFFF00240CE050B1094C0A4883
:105E4000054D296802F070FD20B154F80A0F0028B2
:105E5000F7D10024204638BD246300207C63002055
:105E6000243C01083C4401081C3C0108022870B590
:105E70001DD02648264C274DFFF7BCFF002634F8DE
:105E8000023FDA08580900F0F800190402F4E05261
:105E9000024301F478015B030A439BB231461A4383
:105EA00028460136FFF7A6FF202EE8D12DE008682E
:105EB0000C4602F09FFC83B21F2B064625D8606873
:105EC00002F098FC0546606802F094FCED00430186
:105ED00003F4F853606805F460451D4302F08AFC42
:105EE000030C03F0F80360681D4302F083FC0A4BC7
:105EF000B6B2C0F3423003EB46060543F58340F2E9
:105F00001A30BDE8704005F08FBE70BD6C3D0108D1
:105F100024030020883D01080803002001490248AD
:105F2000FFF768BF103C01083444010838B5064C3F
:105F3000216839B1054D2846FFF75CFF54F8041F6E
:105F40000029F8D138BD00BF7C030020344401088B
:105F500038B50948094C0A4DFFF74CFF0949284656
:105F6000FFF748FF54F80A1F0029F8D10648BDE89A
:105F70003840FFF73FBF00BF0C3E01083C4401081A
:105F8000183E01081C3C0108FC460108012808B520
:105F900007D0074B07495A680748BDE80840FFF794
:105FA00029BF086802F026FC014B586008BD00BFFD
:105FB00008030020D4410108FC4101082DE9F0410B
:105FC000071E43D048DDDFF89880244E0C1F0025C3
:105FD000414654F8040F02F0A7FC072836D8DFE842
:105FE00000F004080C131A1F262B0120FFF706FDF2
:105FF00028E00020FFF702FD24E0338B23F00603A6
:1060000043F0020333831DE0338B23F0060343F098
:106010000403338316E0338B23F00603338311E04C
:10602000338B23F0180343F0080333830AE0338BE8
:1060300023F01803338305E0338B23F0180343F078
:10604000100333830135AF42C2D105E0044905484E
:10605000BDE8F041FFF7CEBEBDE8F081F8080020B2
:106060006443010844430108012808B506D0064BE3
:106070000648198BBDE80840FFF7BCBE086802F06F
:106080009FFB014B188308BD08030020983F0108BF
:10609000022816D138B50C460C49206802F044FCA1
:1060A000051E08DB606802F0A5FBC1B2A8B2BDE81E
:1060B00038400AF059BD05490548BDE83840FFF7AA
:1060C00099BE02490248FFF795BE00BFF43E0108A1
:1060D000983D0108012808B507D0084B08491A78EF
:1060E0000848BDE80840FFF785BE086802F082FB5B
:1060F000BDE80840C0B2FFF74BBE00BF8C63002074
:1061000054410108FC410108012808B50BD1086879
:106110000D4902F009FC30B90C48FFF76BFEBDE8F1
:1061200008400AF00BBD0A48FFF764FEBFF34F8F2B
:106130000849094BCA6802F4E0621343CB60BFF31D
:106140004F8F00BFFDE700BFBC3F0108C03F010803
:10615000E03F010800ED00E00400FA05012808B561
:1061600007D0074B07495A6E0748BDE80840FFF7BC
:1061700041BE086802F03EFBBDE8084002F0CABD1F
:1061800008030020B8410108FC41010808B50BF0E4
:10619000B7FFBDE8084001460148FFF72BBE00BF2E
:1061A0002C440108012811D108680A4908B502F0F9
:1061B000BBFB002804DBC0B2BDE8084005F076BD9B
:1061C00004490548BDE80840FFF714BE01490248EC
:1061D000FFF710BEBC3E0108A43E0108012813D100
:1061E00008B5086802F006FB062806D80BF036FE54
:1061F0001020BDE8084005F017BD062205490648F5
:10620000BDE80840FFF7F6BD062202490248FFF745
:10621000F1BD00BFF43F0108FC3F010810B90B4875
:10622000FFF7E8BD38B5044608680D4602F0E2FA0B
:10623000012CCCBF69680021022C0246CCBFA868A3
:106240000020BDE8384009F0A1BE00BF2C3F010886
:1062500000B50D4883B0FFF7CDFD0AF02BFB0B49CD
:106260000B48B1F912300093B1F91030B1F90E209A
:10627000B1F90C10FFF7BEFD40F21A3003B05DF823
:1062800004EB05F0D1BC00BF7042010808030020F8
:106290009C4201082DE9F041274C284BC022228066
:1062A0002688E0B0012836B2C3F800D008D10868CB
:1062B00002F086FA224B10F1FF3018BF012018803F
:1062C000002002F0D9FE1F4B1F485B8B1F49023391
:1062D0004FF080429BB2526A038023881BB2C832BF
:1062E000002B0A6004DD30BF23881BB2002BFADCD0
:1062F000002E10DC1DE035F9021BFFF77BFD0C2C96
:1063000003D14046FFF776FD0024B542384604F13C
:106310000104F0D10DE00E48BDF90010DFF8348023
:1063200007460DEB4606FFF765FD0DF1020501245A
:10633000EBE760B0BDE8F0817848002074480020A9
:106340007A48002008030020B868002090610020EF
:10635000D43D0108FC460108012802D00A48FFF795
:1063600049BD08B50868094902F0DEFA20B10848BD
:10637000BDE80840FFF73EBD0BF0F4FD0548BDE861
:106380000840FFF737BD00BFC43C0108EC3C0108E2
:10639000F43C0108083D010808B50BF019FD02485E
:1063A000BDE80840FFF726BD1040010810B50122E6
:1063B00005490648FEF75CFB044610B10448FFF7A8
:1063C00019FD204610BD00BF043D01083098002093
:1063D000B8400108012802D00B48FFF70BBD10B5EB
:1063E0000C46FFF7E3FF70B924682046FFF7A2F8D8
:1063F000064A074B2146002818BF1A46BDE8104040
:106400000448FFF7F7BC10BDD0400108C8400108A0
:10641000CC400108F040010830B5012883B003D01A
:106420001848FFF7E7FC2BE004460D68FFF7BEFFB6
:1064300030BB294622461448FEF73EFB054618B1FC
:106440001248FFF7D7FC1BE0114C0421D4F8843B21
:1064500000936846FFF768FA019501E0FFF764FAD8
:1064600001AB4FF4007221460748FEF763FC20B9E8
:10647000019B20461946002BF0D10348FEF7A8FEE9
:1064800003B030BD28410108E095002044410108D7
:106490006C8A002030B5A7B004460D46FFF786FF92
:1064A00050BB14B1012C03D005E0144B249306E03B
:1064B0002B68249303E01248FFF79CFC1CE010A813
:1064C0001049FEF7A9FF08B90F4C07E010A8FEF726
:1064D000EFFF11E0DDE90023FFF78CFC694610A80F
:1064E000FFF710F80DF11A010028EFD19DF81A30CE
:1064F0002046002BEED1E9E727B030BD004101086E
:1065000004410108043D0108204101082DE9F04340
:10651000354B364D1E6887B006F07F3424F0FE44BC
:1065200004945F68032805EA07058846059512D19B
:106530002F49D8F8000002F0F7F900283ED1D8F82A
:10654000040002F057F90446D8F8080002F052F9A6
:10655000014620462DE0022830D12649D8F8000017
:1065600002F0E2F98146B9F1060FD8F8040006D12D
:1065700002F066F907B0BDE8F0430BF037BF02F058
:1065800039F9B9F1000F19DB632817D81A4B1B4AE8
:10659000A3FB0013DB0803EB830112F80920A0EB37
:1065A000410006A90A4440EA031002F8080CDDE99C
:1065B000041007B0BDE8F0430BF0ACBEC4F30622F4
:1065C00006F07F060B490391240CCDE900420296A8
:1065D00007F03F03C5F30422290C0948FFF70AFC22
:1065E00007B0BDE8F08300BF002800403F1FFF0058
:1065F00018420108644A0108CDCCCCCCA046010861
:106600001C420108012808B507D0074B07499A68C2
:106610000748BDE80840FFF7EDBB086802F0D0F876
:10662000BDE8084002F05CBA08030020503F0108B2
:10663000FC410108012802D00748FFF7DBBB08B581
:10664000086802F0D7F8FFF7B5FB044BD97FBDE827
:10665000084002F09FBB00BFEC3D0108F808002095
:106660002DE9F043012883B013D1086802F0A8F89F
:10667000062805D91A4803B0BDE8F043FFF7BABBB6
:10668000012809DC174C184E40F6884303FB0044F0
:106690000AE0144C144E07E0023840F6884404FB2C
:1066A00000F4114ED0343444738BB3B10F4F002536
:1066B0002068F9F775FF804660688946F9F770FF32
:1066C0004B46CDE9000142463846FFF793FB738BFA
:1066D0000135AB4204F10804EADC03B0BDE8F08305
:1066E000B43D01087C480020F8080020CC3D01089A
:1066F00010B50446102005F097FA094B042CDA7FF8
:1067000028BFFF24A24209D0064ADC771378DB07B2
:1067100004D42046BDE8104002F05EBC10BD00BFAE
:10672000F8080020A8030020012808B506D0074B70
:106730000748D97FBDE80840FFF75CBB086802F056
:106740003FF8BDE80840C0B2FFF7D2BFF80800200C
:10675000703F01082DE9F04F85B0402308212B48F8
:10676000ADF80E30FFF7E0F802210DF10E00FFF753
:10677000DBF82748DFF8A480BDF80E10A0F11E0654
:10678000FFF7D2F8A8F14009002409F1020BCA462C
:1067900008F2BE3527460020CDF8008001234FF4D3
:1067A000F07239460AF0FCFE1A4800F1010C06EBC3
:1067B000440330F8021FDB8B8B4209D0164B0024B8
:1067C00002E00134202C05D033F8022F8A42F8D1A0
:1067D000E3B201E000242346A8420CF8013FE6D1D1
:1067E0004FF4F07259460D4802F0FAF881B20346B0
:1067F000013702315046A9F80030FFF795F8B7F598
:10680000A07FC8D105B0BDE8F08F00BFF0460108F9
:1068100026030020AA8A002024030020AC8A00203E
:10682000002801DDFFF796BF70B50B4D82B0002444
:106830002E46022321464FF4F072002000951C449E
:106840000AF0AEFE4FF4F0613046FFF76DF8B4F594
:10685000A07FEED102B070BD6C8A002070B40F49E9
:106860000F4A104B4C8B1E88508B157F002364F30E
:10687000080360F35123547F908A0B4A66F39543D3
:1068800065F3985364F35F634D688C6849691365D9
:1068900055659465D16570BC10667047F808002096
:1068A000080300206E9A002000280040F8B5224D11
:1068B0002A8892B2002A3DD04FF080431F495B6A7C
:1068C00009685B1A002B35DB1D491E4C498B10F003
:1068D000020F01F10101A4F1C00008BF044691427A
:1068E00002DA02F0AFFC03E06021204602F022FC55
:1068F000154B164FB3F900003E68154904EB4000F4
:10690000021D0024C4300B881BB20BB974B10CE01B
:106910000B8832F9044C013B04321BB282420B80DB
:1069200026F8024B4FF00104EDD13E602B88013B6D
:106930009BB22B80F8BD00BFB8680020906100209A
:1069400008030020546200207A4800207448002088
:1069500078480020034BC0F308024FF481605A834B
:1069600005F062B908030020012808B504D10868C1
:1069700001F040FF80B215E0022815D1086801F04F
:1069800039FF83B2B3F57A6F08D8072B08D94FF4D3
:106990007A60B0FBF3F0013880B203E0002001E040
:1069A00040F2FF10FFF7D6FF054B0648598B4FF416
:1069B0007A624B1CB2FBF3F2BDE80840FFF71ABA4B
:1069C00008030020643C01084FF47A630130B3FBF4
:1069D000F0F0704730B4094A094C0A4B0A4925685F
:1069E00012881B680C6803FB0053510804FB00105D
:1069F00030BCB0FBF2F01844704700BFF008002034
:106A0000F4080020E8080020EC0800202DE9F04FF1
:106A1000764F774C7A8B23882DED028B9A4295B076
:106A200004D9002800F0CB8121B9B6E100232380EE
:106A30000028F9D16F4B97ED2A0ADFED6F7A0290AB
:106A40004FF000529A6120EE270A0D460CF0C0F874
:106A50001120B0EE408A0AF013FF798B2088814222
:106A600040F2928105F00303009305F040034FF0DC
:106A7000000A05F0010905F00208C82604932B4618
:106A8000D346CDF804A04D46B24699464646FFF798
:106A9000A1FF009B80465BB1F97F02F07BF9049B6C
:106AA000834613B92388039302E04FF0FF33039327
:106AB000002D61D0002002F0DFFA4FF080424F4BF2
:106AC000516A5A8B4E484F4B51440232594492B24C
:106AD00019F0200B01601A8000F06B810AAA414670
:106AE00003980593FEF7A0FF059B1A8892B2002A2F
:106AF00000F0558130BF1A8892B2002AFAD106A858
:106B000002F058FBBBF1000F34D0DDED076A9DEDBC
:106B10000B4A9DED0C5A9DED066ADDED0A7ADDED1E
:106B20000D5A9DED0E7ADDED0F4A76EEC46A36EE13
:106B3000676A66EE857AA6EE057A4FF00A0BE6EEF6
:106B4000257AA6EEE57A77EEA47A26EEA75A67EEC6
:106B5000A75A67EEC67AE7EE075AA6EE075AE6EEA0
:106B6000877AC5EE256A87EEA57ACDED066A8DEDAA
:106B7000077A01E04FF00A0B002E00F0848001201C
:106B800002F07AFA4FF080421C4B516A1C485A8B33
:106B90001C4B8A440AEB0B010232016009F021010F
:106BA00092B220291A801BD10AAA41460398059364
:106BB000FEF73AFF059B13E008A802F0FBFADDEDB3
:106BC000087A9DED097AF1EE677AB1EE477A19F00D
:106BD000200FCDED087A8DED097A54D014E030BF46
:106BE0001A8892B2002AFAD1E6E700BFF80800201E
:106BF0008E61002000080048E3C8EB3D0803002038
:106C000090610020B86800209DED125A9DED116A38
:106C1000DDED136ADDED105ABB8C77EEC57A37EEE9
:106C2000667A67EE866A27EE066AE7EE256A5B05F6
:106C300067EEA57AB0EE667A37EEC65ACDED096AF0
:106C40008DED085A1FD59DED0D4ADDED076ADDED8E
:106C50000C3ADDED064AF7EE005AE4EE265A66EEEF
:106C6000A36AE3EEE45AE4EE246A76EE677A27EE4E
:106C7000256A27EE267AA6EEA76AA5EE257A8DED7F
:106C8000096A8DED087A2388B3F5C87F42D8ADB183
:106C900019F0040F0BD007EE908A97ED270AF8EE53
:106CA000677A06A827EE800AFEF77AFF2388474A0C
:106CB0000698079902EBC3031860596056B319F0A0
:106CC000080F0AD007EE908AB8EE670AD7ED287A47
:106CD00008A820EE270AFEF763FF19F0100F9DEDBC
:106CE000087ADDED097A07D027EE087A67EE887A10
:106CF0008DED087ACDED097A2388344A03F291119B
:106D000002EBC30303F68C4302EBC10282ED007A6F
:106D1000C3ED007A2E4B1B780BB1029B1BBB2D4B96
:106D200020885A8B7B8B262A15D90199C0EBC00885
:106D30005A1E08EB881898FBF2F8A8EB0102002A0B
:106D400009DD14310846012300210AF099FC20884E
:106D50007B8BCDF80480013080B2984220804FF0C8
:106D6000000AFFF494AEDDF804A0BAF1000F00D1E0
:106D700008E002200AF084FD52460123002114207D
:106D80000AF07EFC798B2088134B081A4FF40052CE
:106D9000B0FA80F040099A6113E0084611E006A8B5
:106DA00002F008FAB1E606A802F004FA4FF00A0B66
:106DB000E2E61A8892B2002A7FF49CAEF3E72080C4
:106DC00038E615B0BDEC028BBDE8F08F7C480020A2
:106DD0001B8A002008030020000800482DE9F04F1E
:106DE000B44B2DED088B9B8A1E068BB002D501207B
:106DF0000AF010FC0AF0C0F906F0B8F9AE4BDFF863
:106E00001083DFF81093DFF810A3DFEDC49ADFEDF5
:106E1000ABBA9FEDABBADFEDABAA9FEDABAA5B00BF
:106E200003F58052043203F580530992089304F06D
:106E3000E3FEB8F82430D8ED277AA44ADD0554BF24
:106E400040F0030040F02300F5EE407AD8ED287AB8
:106E500012781FFA80FB9C0548BF4BF0400B9C4BFF
:106E6000F1EE10FAF5EE407AD8ED2A7A1B7818BFC9
:106E70004BF0040BF1EE10FAF5EE407A18BF4BF030
:106E8000080BF1EE10FA18BF4BF0100B980710D05A
:106E900022B101F029FF8D4A0023137059460120C9
:106EA000FFF7B4FD8A4A137823F0020307461370F4
:106EB00031E0804B9B8AC3F3C024944203F4006307
:106EC00007D013B101F0F4FE01E001F00DFF7F4B9C
:106ED0001C7030BF00271EE0BAF80000D9F800305F
:106EE00001383146984700212846C9F80040FAF792
:106EF00057F9D9F80030002BEED1754A13781446B3
:106F000063F07F0313700AF0E5F8237803F07F0342
:106F1000237047B9C0E1D9F80030002BEDD06D4E99
:106F20006D4D0024D8E76D4B1B7823B9B8F81830A5
:106F3000D90755D558E05F4B694D9A8A694B6A4C21
:106F4000CDE902BB12F0020F08BF1C46029BDA0714
:106F50000BD4029BC3F34F030293644B05F68845A1
:106F6000AB42F3D1DDF80CB0E0E75C4B1F780123B6
:106F7000013FBB40002B0193EBDD0026B8F81A302F
:106F800095ED000AD5ED018A022B04D8019B01364C
:106F9000B342F3D1DDE72F464FF0010B97ED028AA4
:106FA00097ED041A97ED039AF0EE480AA04797ED83
:106FB000051A87ED020AD7ED030AB0EE680AA0476A
:106FC000B8F81A3087ED030A0BF1010B013B9B4522
:106FD000F0EE498AB0EE480A07F10807DEDBD5E794
:106FE000012004F021FE57E103F00605022DB8F858
:106FF0001A4001D0042D06D1620092B20192012202
:107000000594069203E00022CDE90522019413F0D5
:10701000180204D0102A0CBF0D27002700E0062715
:10702000334903F01E0343EA44130A889BB29A4291
:1070300000F09480042D0B8072D107FB07F307EE5C
:10704000903AF8EEE77AB5EE007A67EE877AB7EE17
:10705000001A9FED284ADFED284A9FED285ADFED00
:10706000285A9FED286ADFED286ADFED282AF0EE26
:107070004B3AB0EE6A3AEBEEA73AA3EEA73AF0EE3F
:107080004A3AE3EE273AA3EEA74AE4EE274AA4EEF3
:10709000A75AE5EE275AA5EEA76AE6EE276AA6EEFE
:1070A000A77AF0EE416AE7EE876AA7EEA61A21EE0C
:1070B000221A4CE0080300206C8A0020D4CBA022C6
:1070C0004EE53426C400AB299998052D8C6100202B
:1070D000A803002028630020846300208C63002024
:1070E0007C480020195D00083D5800088C61002094
:1070F0008E63002022152930221529332E74013683
:10710000B4A29138398EE33A398EE33C0000004452
:10711000F8080020386300207C6300200000000095
:107120001FED021A7CB1059E029534443546019E3E
:1071300028463A463146FEF78DFB0135AC4231EE2A
:10714000001AF5D1029D022D08BF31EE011AB7EEEB
:10715000007AC7EE017A624BC3ED007A614BCDE94C
:1071600002B3029BDB070AD4029A039B52080292E5
:107170005D4A03F688439A420393F2D130E7B8F8A8
:107180001A3004935BB3564A039C92ED001ADDF863
:1071900014B0564DDB0007931E1958463A46019924
:1071A000FEF758FB94ED007AD4ED017A20EE010A47
:1071B000083427EE007A67EE807AA64285ED007AE1
:1071C000C5ED017A0BF1010B05F10805E5D1049B32
:1071D000B3F5007F07DB069B002B64D012E0049B15
:1071E00007931A4600E0049A404B07990B4401327A
:1071F000B2F5007FC3ED009AC3ED019A03F10803D5
:10720000F5D1E8E7049B012B57DD394B079ADDE9FF
:107210000845A3F108010A44E11A18680860D3ED93
:10722000017AE91A0833F1EE677A9A42C1ED007AE1
:10723000F2D142E02F4BA21E03F1080000EB8202C4
:1072400019EE900A43F8080B9A42F9D13FE0B8F8DA
:10725000183003F00603042B2CD101292ADD244B1E
:10726000A3F1080202EBC101D3ED007A13ED027A1B
:1072700077EE877A17EE902A43F8082B9942F3D1DC
:1072800018E00399194A0023013352F8040B41F81E
:10729000040BA342F8DB67E74FF4807004F0C4FCF2
:1072A00004F014FDC3E5012110480BF093FAB8F87F
:1072B0001A406400002CE4D156E701210B480BF082
:1072C00089FAB8F81A104C00012CB3DCBFE7B8F803
:1072D000183003F00603042BD3D10129BFDCD0E71B
:1072E000BC6800207C4800208C6100206C8A002053
:1072F000748A0020708A002070B5084D6B8B63B1D2
:10730000074E0024A0B2FFF765FB01463046FEF7AA
:1073100071FD6B8B0134A342F4DC70BDF8080020D2
:10732000104201082DE9F047A64C84B0638BADF8FC
:107330000830831E022B03D9A348FEF75BFD3DE115
:10734000074608680E4601F055FA8046706801F05D
:1073500051FA0546B8F1000F02D008B1804503D9B3
:107360009A48FEF747FD29E1022F00F01A81B06824
:1073700001F040FA80B2431E9BB2B3F5C87FADF86E
:10738000080003D99248FEF735FD17E10022042FCB
:107390006083ADF80A2004D08E4F84463A780321EA
:1073A00016E0F0688B4F01F025FA3A78BDF808C076
:1073B00081B21307ADF80A100CF1FF3348BF41F05A
:1073C0008001608B48BFADF80A109BB2C1F3410148
:1073D000A68C22F00802F6053A7005D5BDF80A2001
:1073E000120758BF41F02001D4ED277A94ED287A96
:1073F000F5EE407AF1EE10FA0BD0BDF80A20D70670
:1074000012D4B5EE407AF1EE10FA41F0040109D140
:107410000AE0B5EE407AF1EE10FA05D0BDF80A2088
:10742000D60601D441F00801D4ED2A7AF5EE407A6F
:10743000F1EE10FA05D0BDF80A20920658BF41F0CF
:107440001001E268904540F0A9802269954240F021
:10745000A580628C824240F0A180A5EB08055E48C1
:10746000B5FBF3F203FB125505605C48A4F81AC0A3
:107470005B4E5C4C03808B073260C4F8008002D006
:107480000020FFF7C3FAFEF795FCBDF80A30002B89
:1074900000F0948013F080040AD1BDF80820002A7F
:1074A00000F08C80504DDFF84CA1504F504E34E02E
:1074B00002210DF10A00FEF737FA022102A8FEF7B9
:1074C00033FABDF80830002B78D0474D0024BDF8C2
:1074D0000A30DF0709D5A0B2FFF77CFA0421039038
:1074E00003A8FEF721FABDF80A309E0704F1010453
:1074F00005D508212846FEF717FABDF80A305807C7
:1075000004D5082105F68840FEF70EFABDF80830CC
:10751000A34205F10805DADC50E0D90708D5A0B28E
:10752000FFF758FA01465046FEF764FCBDF80A30F2
:107530009A0704F1010410D52868F9F731F880465C
:1075400068688946F9F72CF84B46CDE900014246B8
:107550003846FEF74FFCBDF80A305B0712D505F63A
:1075600088431868F9F71CF805F68C4380461868BC
:107570008946F9F715F84246CDE900014B463846F1
:10758000FEF738FC3046FEF735FCBDF80830A34264
:1075900005F1080512DDBDF80A30BEE741F04001F3
:1075A0005BE7BDF808C00B4F608B3A7800210CF107
:1075B000FF33ADF80A109BB2032109E704B0BDE820
:1075C000F08700BFF808002030400108684001083B
:1075D00088400108A8030020EC080020F0080020E3
:1075E000E8080020F40800207C480020B040010892
:1075F000FC460108AC40010810B5064C237843F066
:1076000008032370FFF78EFE237823F0080323700E
:1076100010BD00BFA8030020014B1868704700BFD1
:10762000E8080020421C1BD0F8B50E4D6B8B8B4236
:1076300015D904460B348FB205EBC40438460E4608
:10764000FFF7C8F963886060B34208D0184603F0BA
:107650001BFE67802020BDE8F84004F0E5BAF8BDC5
:10766000704700BFF80800202DE9F843324C334939
:10767000668B334F3348D4E90159013EA9EB05022B
:1076800007EE902A07EE106AF8EE677AB8EEC77A2E
:107690002DED028B87EE278AB3B20B80B2FBF3F19C
:1076A00003FB1123284A3B6001601560A0460027B8
:1076B000D8F85C3013B9B8F85A1011E09D42314641
:1076C0000DD25A1B07EE902AF8EE677A994568EEBC
:1076D000277A05D9FDEEE77A17EE901A00E000212F
:1076E00038460137FFF79EFF082F08F10808DFD161
:1076F0004946284603F05CFCE3689D4214D12269A8
:10770000A38C914511D1618B628C91420DD10FE018
:1077100040F21B40A38404F087FABDEC028B0B4BB4
:1077200000221A80BDE8F883A38C43F40073EFE7CE
:1077300023F400739BB2EBE7F8080020F008002068
:10774000EC080020E8080020F40800208E610020EA
:1077500010B50AF0EBFB0446FFF786FF034B93F8E6
:10776000210004F0A3FA204610BD00BFF808002055
:10777000012815D108B5086801F03CF8062807D89B
:10778000FFF7E6FF58B10948BDE80840FEF732BBF5
:10779000062207490748BDE80840FEF72BBB08BD95
:1077A000062203490348FEF725BB00BFA03F01089E
:1077B000B43F0108FC3F01081528074B38BF1520CE
:1077C00040F2911188425A8B28BF0846824202D06B
:1077D0005883FFF749BF7047F808002008B5FFF746
:1077E00043FF034A137843F00103137008BD00BF41
:1077F000A80300202DE9F041044688B93F4D404ED2
:1078000095F85830013433B1EB6DB5F85A20214664
:107810003046FEF7EFFA082C05F10805F0D16BE0D1
:107820000D46222004F000FA3649286801F07CF861
:1078300000281BDB314AB0FA80F301284FEA5313CA
:107840004FF0FF3018BF0020507782F8583082F890
:10785000603082F8683082F8703082F8783082F8D0
:10786000803082F8883082F8903045E0286800F057
:10787000A7FF471E072F064605D922492248BDE823
:10788000F041FEF7B7BA012C0ED11C4D1C4806F191
:107890000A0805EBC802314653685288FEF7AAFA77
:1078A0006F7705F8384027E01649686801F03CF822
:1078B00010B1012807D012E0104B0A3601225F7781
:1078C00003F8362018E00D4B93F91D200A360021ED
:1078D000BA4203F836100FD1FF225A770CE0074C5A
:1078E0000A36012304F83630686800F069FF014663
:1078F0003846FFF797FE6777BDE8F081F80800206B
:10790000383E0108603E0108443E010807289DBF3B
:10791000024B03EBC000C06D00207047F808002048
:10792000022870B503D8B1F5167F1AD314E00528E4
:1079300012D1454B588B1A8B5D680138540601FBF8
:1079400000F1424804D42944814228BF014620E086
:10795000814228BF014640E03C4B994228BF19466E
:1079600001E04FF41671062862D8DFE800F0040F3A
:107970001A3351615900344B1A8B9868596022F0C0
:10798000400288421A8353D2996051E02E4B1A8BE1
:107990005D68996022F040028D421A8348D959608F
:1079A00046E02948294D048BD0E9013201326D1A95
:1079B000D21AA1F51673AB4228BF2B465208934248
:1079C00028BF134644F04002CC1A19440283C0E990
:1079D00001412DE01C4B1A8B5D689E681B4805F029
:1079E0000104490804EB550404EB560401F516752F
:1079F000AC42A0EB010038BF2C46A04228BF204675
:107A0000441A42F0400208441A83C3E901400FE0DF
:107A10000D4B1A8B596042F0400299601A8307E0BF
:107A2000094B4FF48060BDE87040596104F0FCB828
:107A3000FFF71AFE064A1378590704D523F004030A
:107A400043F00103137070BDF808002000BBEEA0E6
:107A5000A803002030B9294929484B8BD1E90112EC
:107A6000FEF7C8B9032844DC00282DE9F04104469C
:107A70000D4604DD086800F0BDFE064600E0002665
:107A8000012C04DD686800F0B5FE074600E0002721
:107A9000032C04D1A86800F0ADFE04460FE0022CD0
:107AA0000CD176B92868174900F03EFF431C18D066
:107AB000394680B2BDE8F041FFF732BF00242EB155
:107AC00000E0002431460020FFF72AFF1FB13946AD
:107AD0000120FFF725FF54B1A0B2BDE8F041FFF748
:107AE0006BBE08490848BDE8F041FEF783B9BDE820
:107AF000F08104490448FEF77DB900BFF808002072
:107B000064410108404A010870410108044BD3E96F
:107B100003015A8C5A83C3E90101FFF7A5BD00BFD9
:107B2000F8080020042842D82DE9F041204CD4E97F
:107B300002126368658B934234D12269914231D13C
:107B4000628CAA422ED1A38C1A49E27F84F82020AD
:107B500000EB400040000A18174D095A5088AF7ECC
:107B600092F80580167903400B43262FA3849CBF0F
:107B700027236B83B8F1000F0CBF012102210020E5
:107B8000FEF744FF40F688420C4902FB064002FB28
:107B90000811D0300BF048F86F831020BDE8F04199
:107BA00004F042B8C4E9033165840023CCE7704790
:107BB000F8080020443C0108080300207C4800200D
:107BC00038B56C4DAC8C14F0010004D19FED6A0AFD
:107BD000FEF7C2F8AC8CE10605D49FED670A0420DD
:107BE000FEF7BAF8AC8C04F00603062B4DD1688B77
:107BF00050B924F0020444F020044FF0FF30AC846C
:107C0000FDF7A0FEAC8C61E05A4A05EBC00002F61D
:107C1000585302F5CF51D1ED005A93ED007AD1EDD2
:107C2000014AD3ED017A92ED344A92ED355A77EE5E
:107C3000256A37EEA46A76EEC46A36EE456A77EEB8
:107C4000E47A76EEC46A36EE456A37EE657A67EE18
:107C5000E65A26EE275A67EEA77AE6EE075A08326A
:107C60009042A6EE875A01F1080103F10803E7EEFE
:107C7000077AB0EE656A86EE277AC5EE275A03EDDD
:107C8000017A43ED025AC6D1B3E7A20712D53B49A8
:107C900040F6884288180AF0C7FF24F002049FEDDE
:107CA000360AAC840120FEF757F80120FDF74AFEA2
:107CB000AC8C0BE0630709D59FED2F0A0120FEF77E
:107CC0004BF84FF0FF30FDF73DFEAC8C20072CD574
:107CD000698B31B924F0080444F08004A4B2AC8468
:107CE0002BE0274B03EBC10103F6884293ED016AB9
:107CF000D2ED016A93ED007AD2ED005A76EE667A03
:107D000037EE657A67EEA77A76EEC66AE7EE077A0F
:107D10000833083287EE276A86EEA77A03ED026AF7
:107D200003ED017A8B42E1D1D4E7210605D4B7EE09
:107D3000000A0320FEF710F8AC8C620605D4B7EEFB
:107D4000000A0220FEF708F8AC8CA30605D49FEDCC
:107D50000A0A0120FEF700F8AC8C0A4B44F4807448
:107D60004FF6FF72AC841A804FF48260BDE8384051
:107D700003F05ABFF8080020000000005016002051
:107D8000602F00206E9A0020F8B5A0B92C4D2D4F21
:107D90002D4E0446AB8C2341DB0704D557F8241045
:107DA0003046FEF727F80134092CF3D12748BDE807
:107DB000F840FEF71FB80D46102003F035FF286885
:107DC000234900F0B1FD082833D8DFE800F0050AA8
:107DD0000F14191E22282E000020BDE8F840FFF7DE
:107DE000A1BE0120BDE8F840FFF79CBE0220BDE81F
:107DF000F840FFF797BE0320BDE8F840FFF792BEBA
:107E00000420BDE8F840FFF78DBEBDE8F840FFF75D
:107E1000D7BE0B4A938C43F4807393840FE0084AD7
:107E2000938C23F48073938409E0054B00229A8499
:107E300005E007490748BDE8F840FDF7DBBFF8BD9E
:107E4000F8080020A84601087C3C0108FC4601080F
:107E5000943C0108803C0108064B074A00EB4000B7
:107E600003EB800393F82A3003F0010352F8230058
:107E7000704700BFF8080020784A0108084B00EB63
:107E8000400003EB800301F0010193F82A208A42AD
:107E900004D0212083F82A1003F0C6BE704700BF2B
:107EA000F8080020054B93F91C108142024603D0CC
:107EB000A0201A7703F0B8BE704700BFF808002072
:107EC000084B00EB400003EB8003D3ED0B7AF4EE9C
:107ED000407AF1EE10FA04D0A12083ED0B0A03F0F2
:107EE000A3BE7047F8080020084B00EB400003EBEE
:107EF0008003D3ED0C7AF4EE407AF1EE10FA04D060
:107F0000C12083ED0C0A03F08FBE7047F8080020F3
:107F100070B5164B00EB400503EB8503044693F860
:107F200029608E4202F0010509D193F82A30AB4254
:107F30001AD029462046BDE87040FFF79FBF0C4E7F
:107F400083F82910C1EBC10306EB830696ED040A02
:107F5000FFF7CAFF204696ED050AFFF7B1FF40F292
:107F6000034003F061FEE4E770BD00BFF8080020A5
:107F70006460010808B5144B00EB400203EB820279
:107F800082F82810C1B1187711E093F834203AB97B
:107F900093F8402032B993F84C3003202BB906E017
:107FA000012002E0022000E00846FFF77BFF0220EC
:107FB000BDE8084003F038BE93F82820FF2018776A
:107FC000002AE2D0F0E700BFF80800202DE9F043D6
:107FD000044685B038BB614D614F624E95F828303C
:107FE000DBB1002195F8290003F02EF995F82A302D
:107FF00003F001038046286B57F82390F8F7D0FA76
:10800000CDE90201E86AF8F7CBFA4B46CDE9000169
:10801000424621463046FDF7EDFE0134042C05F1C1
:108020000C05DBD197E00D464F49286800F07CFC39
:1080300088B9012C0FDD4D49686800F075FC0028F7
:1080400040F082800446204600210134FFF792FF71
:10805000042CF8D17FE0286800F0B2FB0328064624
:1080600069D8012C14D13D4C00EB400304EB830490
:10807000002194F8290003F0E7F894F82A30384CEE
:1080800003F001030246314654F82330384856E0E5
:108090003649686800F048FC10B9014630461BE0DC
:1080A0003449686800F040FC071E1ADB022C07DC2C
:1080B0002A4B06EB460203EB820393F82A0004E006
:1080C000A86800F07DFB012835D8024639463046C5
:1080D000FFF71EFF3046012105B0BDE8F043FFF772
:1080E00049BF2549686800F01FFC002807DB1B4BCF
:1080F00006EB460603EB860383F82B002BE0022CED
:1081000029DD1E49686800F00FFC10B1012809D074
:1081100011E0A86800F094FB304605B0BDE8F043DC
:10812000FFF7CEBEA86800F08BFB304605B0BDE877
:10813000F043FFF7D9BE114B0F4A0E49104805B066
:10814000BDE8F043FDF756BE286800F039FB032870
:1081500006469DD9EFE705B0BDE8F083F80800209A
:10816000784A0108C4420108D8420108DC420108EB
:10817000E042010898430108683E010820400108D8
:10818000EC420108084B263003EB8003D3ED017A63
:10819000F4EE407AF1EE10FA04D0202083ED010ACB
:1081A00003F042BD704700BFF808002070B5061EFE
:1081B0001ADD0D461749286800F0B6FB431C04463B
:1081C00004D1286800F03CFB002404E0022E0CD10E
:1081D000286800F035FBDFED107A204620EE270AF4
:1081E000BDE87040FFF7CEBF00240C48DFED0C7AED
:1081F00000EB840090ED277A67EE277A17EE900A5D
:10820000F8F7CEF9BDE8704002460B460548FDF789
:10821000F1BD00BFDC3D0108CCBC8C2BF808002070
:10822000A5D46853D0420108094A92F91C30591C60
:108230000AD003EB430302EB830393F82A3002EBEB
:10824000830292ED270A70479FED020A704700BF34
:10825000F808002000000000064BD3ED2A7AF4EE67
:10826000407AF1EE10FA04D0202083ED2A0A03F0C0
:10827000DBBC7047F8080020012810B50BD0094B73
:10828000D3F8A800F8F78CF9BDE8104002460B4679
:108290000548FDF7AFBD086800F0D2FABDE8104010
:1082A000FFF7DABFF8080020D0420108104B114A4E
:1082B00011491B681268096870B4104E13440B43CF
:1082C000304606F10C0503F01F020A2A34BF3024A1
:1082D0003724224400F8012B5B09A84243EAC1631A
:1082E0004FEA5111EFD100233373044870BC70473B
:1082F000ACF7FF1FB4F7FF1FB0F7FF1F1463002098
:1083000008B5FFF7D3FF034A0146BDE8084002481D
:10831000FDF770BD103C01081C3E010838B50E4B3E
:10832000D3F83C311B681B78042B0ED115460C4644
:108330000E21FDF7F9FA29462046FDF7F5FA062148
:108340000648BDE83840FDF7EFBA054A137823F038
:108350004003137038BD00BF84070020F8460108B1
:10836000A8030020024B014602481966F9F72CBF0A
:10837000080300206C050020012808B506D0094B31
:108380000948196EBDE80840FDF734BD086800F0E3
:1083900031FAB0F5967F38BF4FF49670BDE80840CB
:1083A000FFF7E0BF08030020184401080F4B1B78BB
:1083B000042B10B50E4C00D008E0A38A0D485B07D3
:1083C00002D5F9F711FB01E0F9F71AFB0A48F9F7B2
:1083D00009F90A48F9F706F9A08A0649084A094B3B
:1083E00010F0040F08BF0B46136010BD3C060020C0
:1083F0000803002084070020940500207405002055
:10840000806300206C05002010B50C4C0023236015
:10841000FDF704FD40B103891B0705D5084A4368F1
:108420001088084901389847074A084B918A084A3A
:1084300011F0040F08BF1346236010BD80630020B5
:108440007C63002028630020080300206C050020C6
:10845000840700202DE9804887B0F8F709FFF8F776
:108460001DFCAF4AAF4F5369AF4CB04E43F0010310
:1084700053610AF07FF809F083FF09F0EFFF0FCF97
:1084800004F128050FC50FCF0FC597E80F0085E849
:108490000F000FCE04F158050FC50FCE0FC50FCE3C
:1084A0000FC596E80F00DFF8F0C2C4F800C085E8F9
:1084B0000F00DFF8E8C29E4D9E4A9F4F9F48C4F8C8
:1084C000AC7000264CF250314FF48C43A4F8983035
:1084D000C4F89C600023C4F8A060C4F8A460C4F889
:1084E000A860C4F8B0706160C4E906C52062E160AC
:1084F000A260C4E90423A38409F088FC904D00B174
:1085000029E0AB8A5E0626D58E4F3E6D26B3C6F3B4
:10851000834006280CD809F009FD48B97B6DB96D78
:10852000FA6D6360C6F30803A1606261638302E0D1
:10853000002009F0FBFCC6F34661C6F38252814B72
:1085400069772A771B6EC6F3482043F04003AB825D
:10855000FEF700FA02E0002009F0E8FCFFF784F8DB
:1085600094F82100784F794EDFF83492DFF834A286
:1085700003F09CFB09F050FE00F03CFDA86800F001
:10858000AFFA734B7348C3E90033F9F7EFF9724957
:108590007048F9F70FFA2B6E7048002402A9CDE954
:1085A0000234CDE90444F9F761F9286EFFF7DAFEE9
:1085B0004FF0904801220C214FF090400AF02AF829
:1085C0004FF08053C8F8183042F21070F8F7C8FD29
:1085D00063493846F9F7F0FA40F2027240460C213E
:1085E0000AF018F8FFF7E2FE09F0F6F800F034FDA3
:1085F00044F62060F8F7B4FDC0215A48DFF8A8819E
:1086000009F042FF204609F0AFFA574809F0F6FD9D
:108610000094564B56487F224FF4A561F8F76AFD47
:10862000AB8A5C0706D43B78042B03D05148F8F79B
:1086300097FDF5E75048DFF874B1FDF7DBFB5046D6
:10864000FDF7D8FB002426E09DF80830082B01D068
:108650007F2B07D1FCB104214046013CFDF764F9B2
:10866000A4B218E00D2B09D15846FDF7C3FB002337
:1086700036483355FDF7D2FBD8B943E01F2B0AD952
:108680003E2C08D8012102A8FDF74EF99DF80830CC
:1086900033550134A4B2D9F80000036801225B68A5
:1086A00002A998470028CFD144F62060F8F758FD7A
:1086B0002FE003894268580703F002010BD52F48C9
:1086C00090F90000002806DAB1B12D490B7843F08B
:1086D00004030B7010E003F0010321B12848017876
:1086E00041F0040101703BB1264B19481A604FF06C
:1086F000FF31F8F741FD0CE0234B2449188801387D
:10870000904706E0224B19680B7813B12148FDF71A
:1087100071FBAB8A5B0792D43B78042B86D18EE742
:108720000010024070460108F80800203046010899
:108730000000FFFF00E9A43500004842FF0091015E
:1087400008030020002800403C0600203C63002075
:108750008463002084070020343B01086C0500205E
:108760003C3B0108946100204128AA00DD6D00080F
:1087700090630020A0860100CC460108A8030020D9
:108780001B8A0020386300207C63002028630020BF
:1087900024630020E8460108544E4F430000910135
:1087A00080630020E0460108403C0108FC460108C7
:1087B000FEE700BF08B5EFF30980FFF7F9FF00BF40
:1087C00010B5027803462D2A04BF013301211A781F
:1087D00018BF00212B2A08BF013300200A2413F8F8
:1087E000012B303A092A02D804FB0020F7E701B137
:1087F000404210BD027803462B2A08BF01331A7885
:10880000302A0DD15A786F2A05D0782A05D0622AED
:1088100006D1022102E0082100E01021023300E02D
:108820000A21002013F8012B303A102A84BF22F0CD
:108830002002073A8A4202D201FB0020F2E7704789
:1088400038B503782D2B044665D101250134204627
:10885000FFF7B6FF00EE100A204614F8013BA3F123
:108860003002092AF8D903F0FD032C2BB8EEC00A18
:1088700014D1DFED2C6A2246B7EE007A104612F8CA
:10888000013B303BD9B2092908D807EE903A27EED0
:10889000267AF8EEE77AA7EE870AEFE70378B3B314
:1088A00003F0DF02452A05D10130FFF789FF0028D8
:1088B00016DC1CE0472B0ED04D2B0ED06B2B0ED0B0
:1088C0006D2B16D0752B17D06E2B18D0702B1ED198
:1088D0006FF00B0015E0092002E0062000E0032005
:1088E000F2EE047A013820EE270AFBD10FE008D11E
:1088F0000DE06FF0020004E06FF0050001E06FF0A2
:108900000800DFED087A013020EE270AFBD13DB1E7
:10891000B1EE400A04E02B2B4FF0000597D195E70C
:1089200038BD00BFCDCCCC3D70B500220B46451EF6
:108930001C4615F8016F14F8011B7C2908BF0021A3
:108940008E4202D1234656B1F2E713F8014B24B10F
:108950007C2C1946F9D10132E8E74FF0FF3210467E
:1089600070BD00002DE9F0430346DFF85480DFF8C6
:1089700054E0002081461C78FCB1202C1BD0092C2F
:1089800019D0222C06BF0133754645469042B8BF28
:1089900041F82030013080B21C46234614F8017B98
:1089A0005FB16E1E16F801CFBCF1000FF5D0BC45CB
:1089B000F8D183F800900133DDE7BDE8F08300BF14
:1089C000824A0108804A010800238B4206DA30F807
:1089D000132052BA20F813200133F6E77047000045
:1089E0002DE9F043074600204FF0FF340346934241
:1089F00031DAA2EB030EBEF1800FA8BF4FF0800E5C
:108A000003F1010C17F8038076463B44AEEB0605F4
:108A1000013E03D013F8019FC145F7D0631C01D07C
:108A2000012D02DD0446013000E00025461C01F85E
:108A300000802DB1AC446D420D554FF0FF3407E07E
:108A4000331B023BDBB27F2B0B5528BF4FF0FF34AB
:108A500030466346CBE7BDE8F08300007047000076
:108A600002680B68F0B5E2B1B3FBF2F41B4FBC42F5
:108A700017D802FB14331BB3B2FBF3F606FB04F565
:108A80000135BD421CD8BE464FF0010C00271DE049
:108A9000B3FBF2F605FB0644744502FB163305D919
:108AA00001E00027012507600D6016E007FB06CCFA
:108AB00043B1B2FBF3F606FB0455754506D901E058
:108AC0004FF0010CC0F800C00C6006E003FB16225A
:108AD00006FB0C77002ADBD1E5E7F0BDFFFF0F00B6
:108AE00010B50549054A00230B701360044600F0D9
:108AF000E3FA034B9C6010BDC7680020C8680020E3
:108B0000080300200A460146602009F091BB00BF1F
:108B100070B584B01C0BC2F30345A1F500718DF84C
:108B2000040024F00F04180A2C43160A8DF80630AE
:108B3000C1F301454BBA8DF80500092101A88DF854
:108B40000C208DF80A408DF80B608DF80750ADF8B9
:108B50000830FFF7D7FF04B070BD00BFF0B5124C6E
:108B600083B0646E0899154604FB01F4DB0100260E
:108B700043EA526107462246E8013346F7F7C6FE4C
:108B800001A90546684600920194FFF769FFDDE9F7
:108B900000239A4202D10096013532462946F8B2A6
:108BA000FFF7B6FF03B0F0BD08030020F0B585B0B5
:108BB00017460A9C8DF806300646180B1B0AB1F5BD
:108BC00000714FEA04141E4A8DF8053020F00F00A2
:108BD000C7F3034340EA030008BF44F00C04C1F3A9
:108BE000014312F806C08DF80A001C433A0A4BBA3A
:108BF00001A809219DF82C508DF80C708DF804C047
:108C00008DF80740ADF808308DF80B20FFF77AFF9C
:108C100017B145F00C0501E045F04C05094CA35D8A
:108C2000AB420AD006F11003022168468DF80150CC
:108C30008DF80030FFF766FFA55505B0F0BD00BF09
:108C4000544C0108C46800202DE9F04385B0DDE9EB
:108C50000C65C5F10704A4F1200702FA07F7A34049
:108C6000C4F120013B4322FA01F100271943804659
:108C70003B4602FA04F03246F7F748FE03A90446E1
:108C800002A802929DF838900396FFF7E9FEDDE90D
:108C900002239A4202D1029701343A46CDE90059A3
:108CA00021464046FFF782FF05B0BDE8F08300BFD4
:108CB00000B583B040F2037301A80221ADF804307F
:108CC000FFF720FF04210548FFF71CFF0449054A70
:108CD00000230B70136003B05DF804FB504C0108D7
:108CE000C7680020C868002000B583B04FF60303B2
:108CF000022101A8ADF80430FFF704FF0349044A3C
:108D000000230B70136003B05DF804FBC7680020FC
:108D1000C868002070B4A0F1B772084E084B094D26
:108D2000094C0A49A2F55852B24288BF184600239E
:108D3000686623700B6070BC704700BF00093D007F
:108D400080BA8C0108030020C7680020C868002092
:108D5000024A034B52F820201A607047444C010825
:108D6000C0680020094A0A4B30B414685D680021CD
:108D70008AB202EB4203013154F82330132B98BF1F
:108D80006B438342F4D3104630BC7047C068002068
:108D9000080300202DE9F04F04468DB0002800F0B4
:108DA0000781864BDFF824A2D3F80090DAF8082078
:108DB000D9F80C3082188342079209D8804B984228
:108DC0000D460AD9FFF7CEFF00230593C6B207E090
:108DD000072305930126002502E0042305930226BC
:108DE000784B1A78AA420AD0DFF8E481DFF8E4B1C0
:108DF0001D70002388F80030CBF800300AE0DFF85F
:108E0000D4B1DBF80030A34200F0D380DFF8C0819A
:108E100098F8003006EB4607BF009E4209EB0702B8
:108E20000ED003EB430309EB830311891B898B42AB
:108E300006D0517A107A00F02DF9604B1A683A4446
:108E40009379032D03F00F014FEA13130691089352
:108E500005D9D37903F00F051B09099300E00995A3
:108E600092F80490B9F1010F04D0B9F1020F43D088
:108E7000002087E098F800305779B34218D04B466D
:108E80000022F9011A20FFF743FE4B4600224FF45F
:108E900080512220FFF73CFEDAF864204A4B009311
:108EA000202100235201CDE901310220FFF7CCFE41
:108EB000099BDAF864C00293089BA7FB0301ACFB93
:108EC00000230CFB013307980599019100900020C5
:108ED000FFF7BAFE069BDAF864C00295A7FB030110
:108EE000ACFB00230CFB013305990120CDE90041C7
:108EF000FFF7AAFE0A2045E0089B51790093079BE3
:108F00000791A1FB03231A20A1FB049AFFF726FE79
:108F1000069B00934A4653462220FFF71FFE274B2D
:108F200098F800201B6802EB42021F4403EB820307
:108F30007A795B79934216D00799099B01930022B5
:108F4000059B0093CF01104639460123FFF72EFE03
:108F500045F02005059A00920123394601951846EF
:108F60000022FFF723FE059B01931749069B202053
:108F700001FB03F102904A46022053460091FFF79D
:108F800063FE0C2098F80030B3420ED04FF4C87046
:108F9000F8F7E6F84AF6B1430BA80221ADF82C30F9
:108FA000FFF7B0FD88F80060C820CBF8004001E072
:108FB00000E00A200DB0BDE8F08F00BFC0680020BF
:108FC00040420F00CC68002000127A000803002005
:108FD000C7680020C8680020044B1B78834204D077
:108FE000034B01461868FFF7D5BE7047CC680020D8
:108FF000C868002038B50C4B02245D1C2146284669
:10900000FFF780FD2B192C5D002CF6D1074B084A89
:1090100093F86C10074B52F821201A60214606483D
:10902000BDE83840FFF7B6BE584C010808030020E1
:10903000444C0108C068002080BA8C0138B5044651
:1090400000EB4105022221461820144409F0F0F8F3
:10905000A542F7D138BD00BF08B51B210448FFF772
:10906000EDFF04210348BDE80840FFF7E7BF00BF5C
:10907000684C0108B04C01080449054B0522002842
:1090800008BF1946182009F0D3B800BFA04C01084A
:10909000A84C010800B583B03B238DF805008DF87E
:1090A0000610032201A918208DF8043009F0C0F839
:1090B00003B05DF804FB00BF30B507EE900A2DED5C
:1090C000048BB8EEE79ADFED187A184CDFED188ABA
:1090D00029EE279AB6EE008A29EE088A83B004F1B9
:1090E000C005B0EE480A01A9684609F0FDFB9DEDF8
:1090F000007ADDED017A27EE287A67EEA87ABDEED8
:10910000C77AFDEEE77A17EE103A238017EE903A11
:10911000043424F8023CAC4238EE098AE1D103B0B1
:10912000BDEC048B30BD00BF3EC3AE36F0680020FE
:109130000078FF462DE9F04FDFF864C0DFF864B037
:10914000DFF86490DFF86480DFF864E049080438F1
:109150004FF0000A0AF1010A51455BF8042B50F860
:10916000043FD9E90076C3FBA276D8E90054C3FBDB
:10917000B254C9E90076C8E90054DCF80070DEF8A2
:109180000060DCF80440DEF80450C3FB9274C3FBBB
:109190008265CCE90074CEE90065DBD8BDE8F08FCC
:1091A000D0680020F0680020E8680020E068002017
:1091B000D868002010B51F4B2DED048B0446D3E971
:1091C0000001F7F765FB07EE900AF7EE008A88EEDC
:1091D000A78A194BD3E90001F7F75AFB174B07EEA3
:1091E000900AD3E9000127EE889AF7F751FB144B58
:1091F00007EE900AD3E9000167EE889AF7F748FB7B
:1092000007EE900A27EE888AB0EE697AF0EE687A67
:10921000A9EE087AE9EE097AA9EE698AC7EE276A0B
:1092200088EE277ABDEC048BC4ED006A84ED017AE8
:1092300010BD00BFD0680020D8680020E068002082
:10924000E868002030B40848084D094C094900225C
:109250000023C5E90023C4E90023C0E90023C1E9D4
:10926000002330BC704700BFE8680020D8680020A9
:10927000D0680020E068002001FB01F300FB003310
:1092800045F6D822934246DC45F6A812934244DCC8
:10929000002942D00029B8BF494210B44FF4987257
:1092A0009824002804FB01F102FB103220DB4B283C
:1092B0000FDDC1F5B5440C341444982C31D9E424A5
:1092C00004FB103404F535540634002C27DB4C2CF9
:1092D00027DDA2EB410404F5B5445834B4F5987F7A
:1092E0001FD9982404FB10344C3418D4982C18DD62
:1092F000A2EB810202F5B6427032B2F5187F10D9A6
:109300004C2202FB1030A0F532502E38E4288CBFDE
:109310000020012006E00020704701207047002057
:1093200000E001205DF8044B704700BFF0B5D0426B
:10933000059E38D4CC1836D4202CA8BF2024002970
:1093400020DAD31DDB0801FB136600211AE0344646
:1093500013F0070F04BF14F8011B26464C0011F050
:10936000800F00EB0305E1B205D01F2D9CBFBCF8B8
:10937000004027F8134001339342E8D14037774546
:109380000FD110E0A1420EDA074BDFF820C01B68B6
:1093900000EB411100EB441403EB410703EB440ED7
:1093A00000210023D3E7F0BDB86900206A8A0020BD
:1093B00040095209904230B44FEA51114FEA531319
:1093C0000CD1994201D002460AE0154A012332F835
:1093D00011408340234322F811301EE0054601D896
:1093E00015460246AD1A01350124AC40013C9942B4
:1093F00004FA02F409D80BE0028801318DB222434D
:109400009D4220F8022BF7D907E00A461946134679
:109410000348A4B200EB4100EEE730BC704700BF48
:10942000CC6900202DE9F0471C4E0C46318830F8FD
:1094300024C0174649008AB24FEA8408BC45054655
:109440009A46328000EB080903D1B9F8023053453F
:1094500002D042F0010232809307114E00D113E096
:1094600004B911E0B9F80230718830886246A8F179
:109470000408FFF79DFF05EB080335F8080059883D
:109480003A465346FFF794FF55F82430336025F8E9
:109490002470A9F802A0BDE8F08700BFBE690020D3
:1094A000C8690020121A10B4541C0122A240013ACB
:1094B000994202FA00F00BDC074C0133092904DC65
:1094C00034F81120024324F8112001319942F5D1DA
:1094D0005DF8044B704700BFCC69002091ED000A95
:1094E000704700BF91ED010A704700BF0D4B00EBC4
:1094F000400003EB800393F829301E2B0FD10A4B59
:109500001B780BB1094B00E0094BD3ED007AF5EE67
:10951000407AF1EE10FA0CBF0120002070470020C5
:10952000704700BFF8080020B4690020606A00207E
:10953000B0690020D1ED005AD1ED017ADFED0A6A61
:109540009FED0A6AB7EE007A37EE657A67EEA77A82
:1095500067EE266AE7EE077A86EEA70A30EE460A3D
:10956000B0EEC00A704700BF0000C8420000484289
:1095700009494B8BD1E90112013B00FB03F307EED4
:10958000903A531A00EE103AFAEEEB7AB8EE400A2F
:1095900087EE800A704700BFF808002008B5FFF783
:1095A000E7FF074B9FED077A93F8993007EE903A63
:1095B000F8EEE77A67EE877A27EE800A08BD00BFEB
:1095C000F808002092FAB6498842D4BF0020012052
:1095D000704700BF8842ACBF00200120704700BF29
:1095E00030EE000A002370EE007A21EE671AA0EE3A
:1095F000A01AB5EEC01AF1EE10FA02D5436003606E
:109600007047B1EEC11A31EE607AF1EE600AC7EE32
:10961000007A30EEC11AC0ED007AC1EE007AC0EDDA
:10962000017A7047B4EEE00AF1EE10FACCBF0120E7
:1096300000207047B4EEE00AF1EE10FA4CBF0120B2
:1096400000207047084B00F2911203EBC20203EBBB
:10965000C00303F68C4393ED000AD2ED007A20EEAE
:10966000000AA7EEA70A70477C480020074B03EBCF
:10967000C00200F2911002F68C4203EBC00392ED9F
:10968000000AD3ED007A80EE270A70477C4800205C
:10969000024B03EBC00090ED010A70477C480020AC
:1096A0001A4A70B5548B051C18BF0125013C201ABD
:1096B000D2E901634FEA457218BF0120521B01EB4A
:1096C000C20201EBC001D2ED017A91ED010AD2EDA7
:1096D000006A91ED007A60EE270A20EE660AE7EE56
:1096E000260A28449B1BA7EE270A94FBF0F4B3FB41
:1096F000F4F409F003FA9FED067A07EE904A20EEA3
:10970000070AF8EE677A80EE270A70BDF808002095
:10971000610B363BD1ED000A91ED010A09F0EEB97B
:1097200008B580B2FDF756F907EE100ADFED037AAF
:10973000B8EE470A20EE270A08BD00BFDB0FC9407C
:1097400008B5FDF747F907EE900AB8EE670A08BDBD
:1097500008B5FDF73FF907EE900AB8EE670ADFEDAE
:10976000037A20EE270AB1EEC00A08BD5F70893087
:109770000CB430B501F10B032A2B85B00ED81F288D
:109780000CDC09AC084D02900B4622460899039365
:1097900001A8CDE90045F9F747F800E0002005B041
:1097A000BDE8304002B07047E84C01082DE9F04FA9
:1097B0002DED028B424C434A89B005460E46FFF719
:1097C000D7FF94ED018AB5EE408AF1EE10FA71D020
:1097D000A068DFF80491DFF804A1F6F7E1FECDE917
:1097E000020118EE100AF6F7DBFE06F10C07CDE9D0
:1097F0000001354A39462846FFF7BAFF04F10C0844
:1098000004F1140BB8EC018AF9EC017AB5EE408A48
:10981000FDEEE77AF1EE10FACDED077A07F10C07CD
:1098200021D0D8ED018AF5EE408AF1EE10FA1AD077
:1098300078EEC87A17EE900AF6F7B2FECDE9040189
:1098400018EE900AF6F7ACFECDE9020118EE100A08
:10985000F6F7A6FE079B1D4ACDE9000139462846CA
:10986000FFF786FF05E0079B524639462846FFF77B
:109870007FFFD845C6D1D4ED077AF5EE407AF1EEF8
:1098800010FA06F130060BD017EE900AF6F788FEB4
:109890000F4ACDE9000131462846FFF769FF09E08C
:1098A0000C4A3146284609B0BDEC028BBDE8F04FAA
:1098B000FFF75EBF09B0BDEC028BBDE8F08F00BFC3
:1098C000E0690020B94F0108C44F0108DA4F0108D0
:1098D0000E500108165001085C600108F94F01089C
:1098E000F0B52DED028B414C414A85B007460E463E
:1098F000FFF73EFFD4ED017AF5EE407AF1EE10FA73
:109900000BD017EE900AF6F74BFE0C36CDE90001AE
:10991000384A31463846FFF72BFF94ED058AB5EEFD
:10992000408AF1EE10FA06F10C0511D0324B18689E
:10993000F6F736FECDE9020118EE100AF6F730FE12
:109940002E4ACDE9000129463846FFF711FF17E0FE
:10995000D4ED027AF5EE407AF1EE10FA0FD0284BF2
:1099600017EE900A93F899300293F6F719FE254AFC
:10997000CDE9000129463846FFF7FAFE00E03546FA
:109980002068F6F70DFECDE902012069F6F708FE22
:1099900005F10C06CDE900011B4A31463846FFF7B8
:1099A000E7FE94ED028AB5EE408AF1EE10FA18D087
:1099B0002068F6F7F5FD9FED157AD4ED047A67EE91
:1099C000877ACDE90201C7EE887A183517EE900A3A
:1099D000F6F7E6FD0E4ACDE9000129463846FFF7C5
:1099E000C7FE05B0BDEC028BF0BD00BFE0690020F2
:1099F000284F0108324F0108606A00203B4F0108E0
:109A0000F8080020564F01086D4F01080000C842B9
:109A1000834F0108F7B516461A4605460C46FFF770
:109A2000A7FED6ED007AF5EE407AF1EE10FA0CD0F2
:109A300017EE900AF6F7B4FD04F10C07CDE900012A
:109A40001C4A39462846FFF793FED6ED017AF5EE1B
:109A5000407AF1EE10FA0CD017EE900AF6F7A0FD5E
:109A600004F11807CDE90001124A39462846FFF7EC
:109A70007FFED6ED047AF5EE407AF1EE10FA17D0BB
:109A800017EE900AF6F78CFD04F12407CDE90001EA
:109A9000094A39462846FFF76BFE7069F6F780FDE4
:109AA0003034CDE90001054A21462846FFF760FE23
:109AB00003B0F0BD6D7301081D5001082650010868
:109AC000F0B52DED028B5B4C5B4A85B005460F4629
:109AD000FFF74EFED4ED017A9FED587AF4EEC77A87
:109AE000F1EE10FA00F1A28094ED0E8A17EE900AC2
:109AF000F6F756FDB5EE408AF1EE10FA07F10C06C6
:109B0000CDE9020131D018EE100AF6F749FD4C4AB2
:109B1000CDE9000131462846FFF72AFEE06BF6F753
:109B20003FFD07F11806CDE900010323454A314600
:109B30002846FFF71DFE206CF6F732FD07F12406DC
:109B4000CDE9000106233F4A31462846FFF710FEC3
:109B5000606CF6F725FD07F13006CDE900013A4AC1
:109B600031462846FFF704FE09E02068F6F718FDA5
:109B7000334ACDE9000131462846FFF7F9FDD4ED1F
:109B8000027AF5EE407AF1EE10FA06D1D4ED087AB9
:109B9000F5EE407AF1EE10FA48D003232B4A06F195
:109BA00018012846FFF7E4FD0623284A06F12401A0
:109BB0002846FFF7DDFD264A06F130012846FFF76B
:109BC000D7FDD4ED087AF5EE407AF1EE10FA06F101
:109BD0000C0705F12A000FD0D4ED0E7A1D4A1E4B5A
:109BE000F5EE407AF1EE10FA18BF134639461B4ADB
:109BF000FFF710FF05F17E00D4ED027AF5EE407A12
:109C0000F1EE10FA12D0D4ED0E7A154A154BF5EE9E
:109C1000407AF1EE10FA18BF1346134A394605B0E0
:109C2000BDEC028BBDE8F040FFF7F4BE05B0BDEC23
:109C3000028BF0BDE06900207E4E0108000048C2A2
:109C4000894E01089A4E0108AD4E0108B34E010835
:109C5000BB4E0108584E0108614E0108006A002001
:109C60006B4E0108754E0108E86900202DE9F041AE
:109C70002A4F86B03A6888460646FFF779FD7B682A
:109C800008F10C043D464BB9BB6873BB244A21461E
:109C9000304606B0BDE8F041FFF76ABD214A2146D3
:109CA0003046FFF765FDF869F6F77AFCCDE9040167
:109CB0007869F6F775FCCDE902013869F6F770FCB2
:109CC00008F11804CDE90001174A21463046FFF794
:109CD0004FFD386AF6F764FC08F12404CDE9000171
:109CE000124A21463046FFF743FDAB6893B1EA685C
:109CF000009204F10C010E4A3046FFF739FDA869C5
:109D0000F6F74EFC1834CDE900010A4A21463046E8
:109D1000FFF72EFD06B0BDE8F08100BFE06900202E
:109D20002F500108395001084150010858500108CE
:109D30005F5001086E5001082DE9F04F614C2DED88
:109D4000028B02EB420504EB85048BB094F829509A
:109D5000169F1E2D00F2B0804FEAC50BDFF880A1E0
:109D600007901046ABEB05020AEB82021E46D2E9D1
:109D700001938846B7F1FF3F18BF9946FFF7B6FB3E
:109D800070B1514B514A1C78514B0798002C08BFB9
:109D90001A460BB0BDEC028BBDE8F04FFFF7E8BCF4
:109DA00094F82A004B49936940F6884202FB00125E
:109DB000089202EBC6024BB309931146304698470E
:109DC0007B1CB0EE408A0ED010EE103A23F0004219
:109DD000B2F1FF4F07D00899099B01EBC70130464C
:109DE000984738EE408AABEB05050AEB850A18EE7A
:109DF000100ADAF80C300293F6F7D2FB4A46CDE9A6
:109E0000000141460798FFF7B3FC55E0032D42D10E
:109E100094F82B90B9F10C0F4ED82F48089200EB14
:109E20000910D0E9023A1146456830469847089A29
:109E30003046114610EE104AD04741F2505343FAD3
:109E400009F313F00103B0EE408A12D03046FFF759
:109E500067FCB5EEC08AF1EE10FA07D528EE000ACD
:109E6000FFEE007A87EE808A462302E088EE008AC1
:109E70004823049318EE100AF6F792FBCDE902018D
:109E80002046F6F78DFB2A46CDE9000141460798AA
:109E9000FFF76EFC10E01146304609930892FFF779
:109EA0001DFB089A0D4D114610EE104AFFF71AFBE4
:109EB000099BB0EE408ADCE70BB0BDEC028BBDE83D
:109EC000F08F00BFF8080020B4690020C8630108C3
:109ED000DC6301087C4800209C5C0108EC630108FD
:109EE000646001082DE9F0472DED048B04883A4F9A
:109EF00082B006462046F0EE409A894615469846BE
:109F00008847B4EEE90AF1EE10FAB0EE408ACCBF11
:109F10004FF0010A4FF0000AF0EE408A7B8BA3421B
:109F200016D92046C847F4EEC09AF1EE10FA4CBF9D
:109F3000012300235345B0EE409A06D12C44B0EEE5
:109F4000688AA4B2F0EE408AE8E77B8BA34202D88D
:109F50009FED220A3AE0641BA4B2214640463480B9
:109F6000FDF760FB79EE480A38EE098AF6EE007AD2
:109F7000B0EE680A38EEE91A684660EEA70A98EE75
:109F8000270AFFF72DFBDDED008AF5EEC08AF1EE22
:109F900010FA06DDF7EE007AF4EEE78AF1EE10FA39
:109FA00001D4DDED018A0135204608BFF1EE688A53
:109FB000FCF710FD08EE100AFDF72EFB07EE900AE5
:109FC000B8EE480AF8EE677AA7EEA80A02B0BDEC30
:109FD000048BBDE8F08700BFF808002000000000F7
:109FE00038B5194B002403F130001D461A4692F88B
:109FF00028100C3201B101349042F8D113480021ED
:10A0000093F85820083302B101319842F8D18C42BC
:10A01000B8BF0C46FEF708F9B5EE400AF1EE10FAAB
:10A0200001D1022308E0D5ED2A7AF5EE407AF1EE6F
:10A0300010FA0CBF02230423234401335B1003EB0B
:10A04000830003EB400038BDF808002038090020E9
:10A050002DE9F0431B4D1C4A85B080460E46FFF7A4
:10A0600087FB95F8483023B12C460027DFF8609035
:10A0700008E0164A06F10C01404605B0BDE8F04381
:10A08000FFF776BB95F84830BB4204F10C0415DDB0
:10A0900054F8040CF6F784FACDE9020154F8080CE0
:10A0A000F6F77EFACDE900010C3654F80C3C4A462E
:10A0B00031464046FFF75CFB0137E3E705B0BDE8FA
:10A0C000F08300BFE06900209D4F01082F50010878
:10A0D000AB4F0108B5EEC00AF1EE10FA44BFBFEE77
:10A0E000007A87EE000A30B585B04CBF462348237E
:10A0F00015460C46029307EE900A9FED0A7AF8EE99
:10A10000677A67EE877AC0EE277A17EE900AF6F73D
:10A1100047FA054ACDE9000129462046FFF728FB0A
:10A1200005B030BDDB0FC9409C5A01082DE9F04352
:10A130002DED028B83B0284FDFF8A890ADF8061004
:10A14000B0EE408A0446904606460025B7EC010A68
:10A1500038EE400A2DB9B8F1FF3F0CBF01230223AE
:10A1600001E04FF0FF33424649460DF10600FFF78C
:10A17000B9FE0135042DA6EC010AE7D1D4ED027A2F
:10A18000F5EE407A0023F1EE10FA636123611ED0F0
:10A1900094ED030AB5EE400AF1EE10FA17D008F07C
:10A1A00049FCB0EE408A94ED020A08F043FC9FEDB2
:10A1B0000B7A38EE400AB0EEC00AC7EE007A9FED87
:10A1C000087AC4ED047AC7EE007AC4ED057A03B0CC
:10A1D000BDEC028BBDE8F08378500108F234B84141
:10A1E0009ECEDD4015A800082DE9F047284B294FE9
:10A1F000DFF8A4A02DED028B804600200D46002A3A
:10A2000008BF1F4688470126F0EE408A0024BAF8AE
:10A210001A309E4210DA1FFA86F94846A847F0EE37
:10A22000680AB0EE408AB847002818BFF0EE488AA6
:10A2300018BF4C460136EAE71CB3013B9C4220DACA
:10A24000601E80B2A8F80040A847601C80B2B0EE43
:10A25000408AA847B4EE408AF1EE10FA11D0B0EE71
:10A26000007A70EE487AA8EEC78A67EEA77A38EED1
:10A27000008AB2EE000A28EE008A87EE887A78EE2D
:10A28000C78AB0EE680ABDEC028BBDE8F08700BF5C
:10A290003596000825960008F808002037B50025F7
:10A2A00001222E49ADF806500DF10600FFF79CFF84
:10A2B000DFED2B7A2B4CB4EEE70AF1EE10FA84EDC9
:10A2C000010A43DBBDF806102846FDF7ABF9BDF8DF
:10A2D0000600FCF77FFB07EE900AF8EE677A20464F
:10A2E00017EE903A4FF0FF3240F8203BBDF80610D1
:10A2F00094ED010AFFF71AFF0122BDF8061094ED54
:10A30000010A04F10800FFF711FF94ED027AD4ED81
:10A31000086A67EE267AF5EE407AF1EE10FAC4ED9F
:10A320000E7A13D0F1EEE77A37EE667A94ED096A89
:10A33000D4ED036A84ED0F7A76EEC66AC4ED0E7A28
:10A34000C4ED106AC7EE876AC4ED116A06230722BE
:10A3500002210020FFF7A6F803B030BD15A80008C1
:10A36000000048C2E069002070B52DED028B404C22
:10A37000404B4149236082B00026012201A8ADF87C
:10A380000460FFF731FFBDF8041000296BD0B1EE77
:10A39000C00AB7EE008A88EE007A384DD5ED1A7AF9
:10A3A00037EE487A77EEA77A67EE877AF5EEC07ACD
:10A3B000F1EE10FAC4ED077A55D43046FDF732F9C4
:10A3C000BDF80430ADF80630B0EE480A01234FF076
:10A3D000FF322B490DF10600FFF784FDB5EE400A70
:10A3E000F1EE10FAB0EE408A3DD0BDF80430ADF881
:10A3F0000630012202232249BFEE000A0DF10600B9
:10A40000FFF770FDB5EE400AF1EE10FA2BD0D4ED57
:10A41000076A95ED1A7AF0EE007AF0EE665AE7EEEA
:10A42000275A30EE486A28EE008AB1EEC88AFCEE60
:10A43000C87AC4ED017ADFED137A26EE275A68EE6A
:10A44000277A85EE857A27EE888A67EE277A28EEC6
:10A45000258A84ED047AC6EE085A87EEA67AC4ED02
:10A46000055A84ED087A02B0BDEC028B70BD00BFC6
:10A47000E0690020B84C0108459600080803002058
:10A480006D960008DB0FC9402DE9F04F47681F2F7C
:10A4900085B000F38480163901EB810801EB480197
:10A4A000414B13F801E00EF0070ECEF1080E7A1CB6
:10A4B00012EB0E0F02D57744476070E0826812F10C
:10A4C0000C0BF8D44FF0FF35CEF1200405FA04F45C
:10A4D0007D19A24652D5C7F10109002550E0334E3F
:10A4E000039036686D0003EB0108403DC2F10101A5
:10A4F000002306EB82160A32CDE9017E88445746D6
:10A500009C4696464846AA4600E0944608EB04025C
:10A510007445BDBF126812BA3A400022002C05DA19
:10A5200000E0009A0134A34530D134E043EA0C0343
:10A530001343990841EA53010B434FEA5C0508B104
:10A54000854083400AEB0601002BEBD00092002DE2
:10A5500003DA174AB2F8009004E0002B04DA154A37
:10A56000B2F85290A1F800900231B1424FEA430391
:10A570004FEA4505D5D0002BE9D1D2E74FF00009CD
:10A58000541E5C4597DA1F2CA9DD94E7202C06F1B8
:10A5900040066346B9D1DDE9017E03988BE70020D0
:10A5A00005B0BDE8F08F00BF78360108B86900201B
:10A5B0006A8A002008030020024B03EBC00090EDE4
:10A5C000010A70477C4800202DE9F3473B4D814646
:10A5D00068680C46F5F7E4FF394ACDE900012146E9
:10A5E00048460C34FFF7C4F81F2C63DCB5F938304B
:10A5F000002B01DA334A01E007D1334A21464846AD
:10A6000002B0BDE8F047FFF7B3B8304A21464846EC
:10A6100009F14608FFF7ACF809F18C072C4A2146EE
:10A620004046FFF7A5F82B4A21463846FFF7A0F829
:10A63000AA460026BAF93830B3423BDD0C341F2C51
:10A6400038DC95ED020AB4EE400AF1EE10FA0AD6B3
:10A65000B5EE400AF1EE10FA05D022464946DAF886
:10A660000000FFF737FD95ED030AB4EE400AF1EE66
:10A6700010FA0AD6B5EE400AF1EE10FA05D02246DD
:10A680004146DAF80000FFF725FD95ED040AB4EE27
:10A69000400AF1EE10FA0AD6B5EE400AF1EE10FAD1
:10A6A00005D022463946DAF80000FFF713FD0136DF
:10A6B0000C35BFE702B0BDE8F08700BFE0690020BD
:10A6C000C14E0108E24E0108F74E01080C4F010887
:10A6D000164F01081D4F010891ED007AD1ED017A66
:10A6E000DFED0A6A9FED0A6AF7EE005A37EE257A27
:10A6F00067EEA77A67EE266AE7EE077A86EEA70A84
:10A7000030EE460AB0EEC00A704700BF0AD7233DBC
:10A710000AD7A33C08B5FFF7DFFFF7EE007A87EE14
:10A72000800A08BDD1ED017A91ED007ADFED066A6D
:10A7300067EEA77A27EE266AE7EE077A86EE270A03
:10A7400030EE660A704700BF0000C842D1ED017AC2
:10A7500091ED007ADFED076AB7EE006A37EE067A10
:10A7600027EEA70A67EEA67AA7EE070A87EE800A09
:10A77000704700BF0AD723BD08B5FFF7E7FFFFEE1C
:10A78000007A87EE800A08BD08B52DED028BFFF731
:10A79000F3FFB0EE408AFEF7C3FF88EE000ABDEC7F
:10A7A000028B08BD08B52DED028BFFF7CFFFB0EE91
:10A7B000408AFEF7B5FF88EE000ABDEC028B08BDAB
:10A7C000D1ED017A91ED007ADFED056A27EEA70A57
:10A7D00067EEA67AA7EE070A87EE800A704700BFE9
:10A7E0000000C8C291ED010AD1ED007A20EE000A06
:10A7F000A7EEA70A08F050B9054908B501EBC0015A
:10A80000FFF7F0FFFEEE007A20EE270A08BD00BF3A
:10A810007C480020034B00F2911103EBC101FFF7CC
:10A82000E1BF00BF7C48002091ED010AD1ED007A24
:10A8300060EE000AB7EE007AE7EEA70A30EE000AF3
:10A8400077EE600A08F05AB991ED017AD1ED007AFD
:10A8500067EE076AE7EEA76A77EEE67A87EE270AE1
:10A86000B0EEC00A704700BFD1ED017AD1ED006AA9
:10A870009FED0A0A67EEA77AB7EE007A37EE667A9E
:10A88000B0EE676AA7EE076AE6EEA67A86EE277A4A
:10A89000B1EEC77A27EE000A704700BF0000C84239
:10A8A000D1ED017AD1ED006A67EEA77AB7EE007AB2
:10A8B00037EE667AB0EE676AA7EE076AE6EEA67A2A
:10A8C000B3EE090A87EE867AB1EEC77A27EE000A60
:10A8D000704700BFD1ED017A91ED006A27EEA77AAB
:10A8E000F7EE006AA6EE067A77EEA77A36EEC77A1A
:10A8F00087EE870AB0EEC00A704700BFD1ED017A3B
:10A9000091ED006A9FED0B0AB7EE007A67EEA77A29
:10A9100076EE076A37EE467AB0EE676AA6EEA66A6A
:10A92000E7EE077A86EE277AB1EEC77A27EE000ABD
:10A93000704700BF0000484208B5FFF7DFFFF7EEA1
:10A94000007A87EE800A08BD91ED010AD1ED007A08
:10A9500020EE000AA7EEA70AB1EEC00A704700BFBA
:10A9600008B5FFF7F1FFDFED097AB4EEE70AF1EE83
:10A9700010FA08DCF7EE007A30EE277A77EEC07A2C
:10A9800087EE270A01E09FED020A08BDA4707D3F13
:10A990000000807F024901EBC001FFF7E1BF00BF6B
:10A9A0007C48002070B506462DED048B0846F0EE7D
:10A9B000406A0C46FFF7EEFFB4EEE60AF1EE10FA3D
:10A9C0003DDAB0EE406A013E511C03D1B4FA84F383
:10A9D0005B0903E0B442B4BF002301237BBBA5188D
:10A9E000ADB22846FFF7D6FFF4EEC06AF1EE10FADA
:10A9F00003D9B0EE406A2C46E6E7B4EE460AF1EE23
:10AA000010FA1CBF76EEC66A30EE460A204614BF26
:10AA100086EE809A9FED0C9AFEF792FE2846B0EEE5
:10AA2000408AFEF78DFE2046F0EE408AFEF788FE53
:10AA300038EEC00AA0EE098AB0EE480A01E09FEDA8
:10AA4000020ABDEC048B70BD000000002DE9F0414E
:10AA500088072DED028B00F0EF807C4B7C4893F94A
:10AA60001D205E8B511C16BF03EBC2021446B2F8C8
:10AA70005A400021202208F0E5F8022E40F2DC8046
:10AA8000631C18D10020FFF785FF0025F0EE406A17
:10AA900001221046FFF77EFFF4EEC06AF1EE10FAD5
:10AAA000C8BF154602F1010292B2C8BFF0EE406A7B
:10AAB0009642EED125E0A2B2964209D8721E92B219
:10AAC00006E074B90134072CFBD1AA4219D02A46FA
:10AAD0001046FFF75FFF6FF00504F0EE406A154681
:10AAE000EFE7A718BE42EDD9BFB23846FFF752FFD5
:10AAF000B4EEE60AF1EE10FA44BF3D46F0EE406ACD
:10AB0000E0E75449524C01EBC5012846FEF712FD1F
:10AB10002580B0EE408AFEF713FE284684ED010A38
:10AB2000FFF738FF4FF0FF3284ED020A2946304626
:10AB3000B0EE000AFFF736FF012284ED030A294632
:10AB40003046B0EE000AFFF72DFF4FF0FF3284EDE4
:10AB5000050A29463046B0EE080AFFF723FF012216
:10AB600084ED040A2946B0EE080A3046FFF71AFFC2
:10AB700094ED037A84ED060AB5EE407AF1EE10FA10
:10AB800006D0D4ED057AF5EE407AF1EE10FA0FD149
:10AB900094ED047AB5EE407AF1EE10FA4CD0B5EEB1
:10ABA000400AF1EE10FA47D0F0EE407A012200E0C0
:10ABB000002267EE276A77EEC77A274BF1EEE66A46
:10ABC000F5EEC07A03EB8203F1EE10FAC4ED016AF0
:10ABD00093ED007A2CD9B5EEC08AF1EE10FA27D9A0
:10ABE000B7EE006A37EE465A37EE067AC5EE075AD8
:10ABF0009FED1A7A65EEA55A38EE075A38EE477A75
:10AC000065EE854A27EE477A36EE656AA5EE247A28
:10AC1000C7EE065AF5EEC05AF1EE10FA08D9F1EE79
:10AC2000E55A67EE887A66EEA56A86EEA77A01E0B5
:10AC30009FED0B7A84ED077ABDEC028B04230B2287
:10AC400002210020BDE8F041FEF72CBCF8080020EE
:10AC5000E06900207C4800205C6001080000484258
:10AC600000000000D1ED006AD1ED017AB7EE007A64
:10AC700037EE667A27EEA70AF3EE096AA7EE070A0F
:10AC800067EEA67A87EE800A704700BFD1ED017AA1
:10AC900091ED006ADFED076AB7EE007A37EE467A8B
:10ACA00027EEA70A67EEA67AA7EE070A87EE800AC4
:10ACB000704700BF0000C84237B5754C94F91D00BD
:10ACC000FCF724FE002800F0E18094F91D30714A61
:10ACD0009FED714A106004EBC30482ED014AB4F8A1
:10ACE0005A506E4C04EBC50421462846FEF722FC60
:10ACF000F6EE007AB4EEE70AF1EE10FAF0EE405A02
:10AD0000B0EE445A40F2B580FFF72AFEDFED644A08
:10AD1000B4EEE40AF1EE10FA40F2AE80FFF7B6FFAF
:10AD200080EE257ADFED5F7AB4EEE77AF1EE10FA85
:10AD3000F0EE406A80F2A08065EEA44A0025F4EEB1
:10AD4000C44AF1EE10FA0EDDDFED577AF4EEE75A61
:10AD5000F1EE10FA07D5F1EE406A15619560C2ED8B
:10AD6000036A01238BE025EEA56AF4EEC55AF0EEE6
:10AD7000464AF1EE10FAE6EEA64A76EEA63A06DA72
:10AD800065EE857AF4EEE74AF1EE10FA37DD6846B3
:10AD900024EE851A63EE850A35EE650AFEF720FC7F
:10ADA000DDED007A956036EEA77AB0EE463A27EEF2
:10ADB000A74AA7EE073A556124EE074AC2ED047A86
:10ADC00084EE037AF4EEC55A37EE677ADDED017A48
:10ADD00082ED037A36EEA77A27EEA74AA7EE076A36
:10ADE00024EE074AF1EE10FA84EE067AC2ED077AF5
:10ADF00037EE677A82ED067A40DA022100E0002120
:10AE0000E5EEC54A4C006318284C6846B0EE641A5B
:10AE1000F0EE630AB7EE000A04EB8304FEF7E0FBF2
:10AE20009DED007AA56076EE877A84ED017A9FED3C
:10AE3000207A656175EEC55A27EE875A67EEA77AC4
:10AE40008B1CE5EEA57A1BB285EE276ADDED017A53
:10AE500084ED006A76EEA76AC4ED047A26EE877A5E
:10AE600066EEA66AE5EEA56AC7EE267AC4ED037A19
:10AE700005E04FF0FF3302E0002300E002231387D8
:10AE80000221042307220020FEF70CFB03B030BD93
:10AE9000F8080020E0690020000048427C480020BB
:10AEA000CDCC8C3F0000C84200005C42E869002025
:10AEB00000401CC5044908B501EBC001FFF7E6FEE0
:10AEC000B0EEC00A08BD00BF7C48002008B52DEDDB
:10AED000028BFFF7DBFEB0EE408AFEF721FC88EE26
:10AEE000000ABDEC028B08BD08B52DED028BFFF703
:10AEF000CDFEB0EE408AFEF713FC28EE000ABDEC52
:10AF0000028BFFEE007A87EE800A08BDD1ED006A61
:10AF100091ED017AF7EE007A77EEE67A27EE077A7E
:10AF2000F3EE096AA7EEA77A67EEA67A87EE870A9C
:10AF300030EE660A704700BF0138C3B2082B9DBFD0
:10AF400000EB4000024B53F820000248704700BF5E
:10AF500084550108787C01080138C3B2082B08D851
:10AF6000054B00EB400003EB800003890B80406839
:10AF700070470020704700BF84550108431E082B0E
:10AF80000FD8094B094A034410B413F8013C013BA4
:10AF900002EBC30452F83300A3880B805DF8044B26
:10AFA00070470020704700BF78550108F855010828
:10AFB000F8B50D1A2FD11D4A1D4B15801D8033E0A9
:10AFC000B5FBF3F2132A02D903EB83040CE0072A42
:10AFD00001D95C0008E01C46A6FB0473032A4FEA73
:10AFE000D30301D80139EBD1B0FBF4F34EF2803634
:10AFF00004FB13002A460023A0FB0601F5F786FC9C
:10B000000B4B0A4F18802A46A4FB06010023F5F7D4
:10B010007DFC388008E0074B074C084E6A0AA3FB0A
:10B020000232D2090A21D7E7F8BD00BFC469002067
:10B03000C2690020834B040000CA9A3BCDCCCCCC23
:10B04000044B1B78052B9ABF034A52F82300034890
:10B05000704700BFB4690020504D010888500108B6
:10B06000044A13780133DBB2052B88BF0023137029
:10B07000704700BFB46900204D4B82B01B7801902F
:10B08000002B00F08C80013BDAB2042A00F28B80A6
:10B09000484AD2ED006AF5EEC06AF1EE10FA40F2CD
:10B0A000828007EE900AF8EE677AF5EEC07AF1EE4C
:10B0B00010FA78D99FED406A9FED407A404A67EEDA
:10B0C000867AC3EBC303F4EEC77A5B00F1EE10FAA5
:10B0D00002EB030005D8D35A9FED3A7A00EE103AFE
:10B0E00017E09FED396AF4EEC67AF1EE10FA0BDA4A
:10B0F0009FED366AF4EEC67AF1EE10FA2DDD344A91
:10B100009FED346A01230DE083899FED337A00EED1
:10B11000103AB8EEC00A67EE877AF1EEE77A60EE91
:10B12000277A35E0B8EEC67A591CF4EEC77AF1EE0C
:10B1300010FA0CDC294A32F8132007EE102A5B00C3
:10B14000B8EE466AB8EE477AC1189A1C07E00B467B
:10B1500032F8021B06EE101AE4E701460222B1EEB5
:10B16000C77AF1EEE77AB1EEC66A36EE476A37EE95
:10B17000C77A0B88825AC7EE065AD21A07EE902A6F
:10B18000B8EEE77A07EE903AF8EEE77AE5EE877ADE
:10B190009FED090A26EE800A20EE270A05E0104BF3
:10B1A00093ED000A01E09FED0F0A02B0704700BF67
:10B1B000B4690020606A002017B7D138000034431A
:10B1C000084D0108610BB63B00909C450000B4435C
:10B1D000FE4C0108C6020000EE4B5139F84C010844
:10B1E000B06900200000000008B52DED028BFFF7CC
:10B1F000ABFB80B2B0EE408AFBF7ECFBFFF73CFF05
:10B20000DFED0E7A20EE270A07F0E2FCDFED0C7A84
:10B2100028EE000AB4EEE70AF1EE10FA08DCF7EEC9
:10B22000007A30EE277A77EEC07A87EE270A01E0BF
:10B230009FED040ABDEC028B08BD00BFE3C86B3E66
:10B24000A4707D3F0000807F032804D14FF4F07389
:10B250000B41DB0705D4044BC0EBC00053F82000C2
:10B2600070470248704700BF6460010890500108B1
:10B27000014B0001185870479C5C0108014B18787D
:10B28000704700BFC069002070B5154C154D04F122
:10B29000300605EB800594F828300C34DBB1698862
:10B2A00028881C2934BF01236FF00D03194411F1C4
:10B2B0000D0300F1050248BF01F12C0305380029F8
:10B2C000B8BF1F310028B8BF1F3052115B114911A0
:10B2D0004011FEF7E7F8B44205F24465DBD170BDDA
:10B2E000F80800206C6A002070B50D4C04F1400590
:10B2F00094F858301BB1B4F85A00FFF7C5FF083472
:10B30000AC42F5D1FEF76CFE031EB8BF1F3300211F
:10B310005B1108460E22BDE87040FEF7C3B800BFBF
:10B32000F8080020F0B52DED028B634C00250328B2
:10B3300083B0C4E9015500F082800428064600F07D
:10B340008180022840F0B4805C4F5D4B5D49ADF8D0
:10B3500004502A4601A82360FEF746FFB1EEC00A5A
:10B3600097ED1A7AF7EE007A20EE077A37EEC00AE8
:10B3700030EE000AC7EE007AF5EEC07AF1EE10FA70
:10B38000C4ED077A00F18C80BDF804102846FCF764
:10B3900049F9D7ED1A7AD4ED076ABDF80430ADF853
:10B3A0000630B1EE007AB0EE676AA6EE876A012336
:10B3B0004FF0FF324449C7EE868A0DF10600B1EE28
:10B3C000680AFEF78FFDB5EE400AF1EE10FAB0EE16
:10B3D000408A65D0BDF80430ADF80630012233460E
:10B3E0003949B0EE680A0DF10600FEF77BFDB5EEB7
:10B3F000400AF1EE10FA53D030EE487A28EE000AF7
:10B40000B1EEC00AFCEEC07AD4ED076AC4ED017A51
:10B41000C0EE077AC4ED087ADFED2C7A67EE275A82
:10B4200060EE277A86EEA56A27EE800A84ED046A2C
:10B4300020EE260AC7EE007AC4ED057A30E0FEF76A
:10B4400093FF2DE0FEF790FF214B1E4923602A4613
:10B450000DF10600ADF80650FEF7C6FEBDF8061069
:10B46000F1B10320FCF7DEF8BDF80600FBF7B2FAF5
:10B470006368984214D307EE903AB8EE677AD4ED39
:10B48000057AA060C01A27EE277A07EE900AF8EE38
:10B49000677AE06077EEA77AC7EE276AC4ED066A9E
:10B4A0000423072202210020FDF7FCFFFFF71CFF09
:10B4B00003B0BDEC028BF0BDE06900200803002062
:10B4C000F85D0108459600086D960008DB0FC9403D
:10B4D000015E01082DE9F8433D4E96F91C506A1CA7
:10B4E0002DED028B6FD096F91D00431C6BD0394BAC
:10B4F00093F86E30022B3BD105EB450506EB850535
:10B50000354A95F82930C3EBC30302EB83039F69E7
:10B51000002F58D095F82A50304A738B40F6884156
:10B5200001FB05250BB34FF000089FED2D8A444623
:10B5300029462046B84710EE103A23F00042B2F1F7
:10B54000FF4F05F1080509D0F0EEC07AF4EEC87A95
:10B55000F1EE10FA44BFB0EE678AA046738B013457
:10B56000A342E5DC96F91D0000E09846414624E040
:10B570001C4A1D4C1D4940F2446707FB0525728B90
:10B580006F88012B0CBFA0468846012A12D90235CC
:10B590004FF00009012435F824103846C04710B197
:10B5A00035F82470A146738B0134A342F3DC96F97D
:10B5B0001D0001E04FF000094946BDEC028BBDE8DB
:10B5C000F843FCF72FB8BDEC028BBDE8F88300BF51
:10B5D000F808002008030020646001087C4800206F
:10B5E000CAF249716C6A0020D5950008C995000817
:10B5F0002DE9F047DFF87C8198F91C506B1C00F0B6
:10B60000AA8098F91D30013300F0A580534B93F8C0
:10B610006E30022B04460E4659D105EB450508EB6A
:10B6200085054F4A95F82930C3EBC30302EB83032A
:10B63000D3F81890B9F1000F00F08D8095F82A70BA
:10B64000484B40F6884202FB073707EBC001C8476A
:10B65000B8F81A30344410EE105A9C427BD207EBF3
:10B66000C4012046C84710EE103A07EE905A23F066
:10B670000042B2F1FF4FF5EEC07A25F0004120D034
:10B68000B1F1FF4F1DD0F1EE10FAB5EEC00A4CBF7C
:10B6900001210021F1EE10FA4CBF0122002291425B
:10B6A0000FD0F0EEC07A07EE105AB0EEC77AF4EE83
:10B6B000C77AF1EE10FAC8BFA41B98F91D00214605
:10B6C00045E0B8F81A2034441D469442C6E7264A9D
:10B6D0002648274940F2446707FB052505EB84020D
:10B6E000012B0CBF81468946A419578833D4B8F87A
:10B6F0001A309C422FDA023535F824103846C847F4
:10B7000020B935F82470A41908D524E0B8F81A3007
:10B710009C42B8BF4FF0FF3A06DB1CE0B8F81A3085
:10B72000A342E9DC17E01C46394635F82400C84737
:10B73000331930B9B8F81A2035F824709342A2466C
:10B74000F1D3BAF1FF3F06D098F91D005146BDE88C
:10B75000F047FBF767BFBDE8F08700BF0803002094
:10B76000646001087C4800206C6A0020D5950008C0
:10B77000C9950008F808002010B440F2446404FBA6
:10B7800000F0084C00EB81010819095B40885DF866
:10B79000044B1B1A521A13FB03F310B200FB0030C8
:10B7A000704700BF6C6A0020124B2DE9F047B3F8D8
:10B7B0001A80B8F1000F18D04FFA82F907B20EB212
:10B7C00000244FF461754FF0FF3AA1B233463A4678
:10B7D0004846FFF7D1FFA842B8BFA24604F10104D2
:10B7E000B8BF05464445F0D101E04FF0FF3A50465E
:10B7F000BDE8F087F808002070EE017AB6EE007A16
:10B80000F0EE606AD7EE876A31EE401A66EEA17AF2
:10B8100021EE070A20EE210AA7EEA10A30EE200A47
:10B82000704700002DE9F74F354A5368834263D8CB
:10B830009768B84260D8568B0191FF1A06F1FF391C
:10B84000C41A4FF0000B5B463A46A4FB0901F5F71A
:10B850005DF8033E431EB342B846054600934BD8FD
:10B860004FEA590632460023E7FB002316461F46DF
:10B870004A465B4630463946F5F748F8824618EBAB
:10B8800006004BEB07014A465B46F5F73FF8B0EB85
:10B890000A000CD0A4EB0A0407EE904A07EE100A47
:10B8A000F8EE677AB8EE477A87EE876A01E09FED97
:10B8B000156A154B00996A1C03EBC20203EBC50520
:10B8C00003EBC10392ED001AD5ED000A93ED000AD7
:10B8D000F0EE461AFFF790FF019981ED000A93ED13
:10B8E000010A92ED011AD5ED010AFFF785FF019BD0
:10B8F000012083ED010A00E0002003B0BDE8F08FD5
:10B90000F8080020000000007C48002073B50446C1
:10B910000D46104669461646FFF784FF034678B188
:10B920000C20094960430C180E5069462846FDF763
:10B9300001FE694684ED010AFFF7A8F984ED020AC9
:10B94000184602B070BD00BFE069002030B52DED93
:10B95000028BCB0783B03CD50024234D9FED238A77
:10B96000ADF8064001224FF0FF332946B0EE480AF9
:10B970000DF10600FEF7B6FAFCEEC07A17EE902A3B
:10B980007AB1BDF806102046FFF7C0FF00B10134C0
:10B99000BDF80630062C03F10103ADF80630E1D105
:10B9A00014E09CB922461249ADF806400DF106009C
:10B9B000FEF71AFCBDF8065045B12846FBF70AF819
:10B9C000294602462046FFF7A1FF0446094B83F8AB
:10B9D00048400523072202210020FDF763FD03B044
:10B9E000BDEC028B30BD00BFB9A50008000000000F
:10B9F000B5AE0008E06900202DE9F8432DED088B75
:10BA00009FED338A0446894690461E460025B0EED7
:10BA1000489AF0EE488AF0EE48AAF0EE489AF0EE26
:10BA200048BAB0EE48AAA5421ADAAFB23846C847BB
:10BA30003846B0EE40BAC0476BEE0B7A2BEE007A78
:10BA40003AEE0BAA7BEE80BA79EEA79A7AEE87AA35
:10BA5000ABEE279A0135EBEE078AA7EEA78AE2E75D
:10BA600007EE904AF8EEE77AF1EE696A8AEE276A05
:10BA70008BEEA77AC9EEA74AB1EE4AAAF0EE497A50
:10BA8000E6EE867AEAEE07AAE6EE878AEAEE069AFC
:10BA9000A6EEA48A6AEEE75A67EEE76AE8EEA95ACC
:10BAA00068EEE78AE8EE296AE8EE2A8A85EEA65A69
:10BAB000C8EEA67ABDEC088B86ED025AA6EE677A30
:10BAC000C6ED017AA4EEC57A86ED007ABDE8F8836A
:10BAD000000000007FB5CC070D464BD59FED3C0A1A
:10BAE0003C4C3D4984ED010A0023ADF806300DF1D0
:10BAF00006004FF0FF33012284ED020A84ED050AAF
:10BB0000FEF7F0F9FCEEC07A344E17EE900A58B307
:10BB10009FED337A334BF8EE677AC7EE276A93EDE1
:10BB2000007AB5EE407AF1EE10FA06D0C7EE267A2A
:10BB300084ED027AC4ED057A09E096F8993007EEB3
:10BB4000903AF8EEE77A67EEA67AC4ED027A02A997
:10BB50004008FFF767FE38B102A90020FFF796F80A
:10BB6000B0EEC00A84ED010A1F4B204A2049708BB9
:10BB7000FFF742FFA80723D0184B93F91D20511C53
:10BB80001ED003EBC203B3F85A00FAF723FF07EE07
:10BB9000900A104BB8EE677ADFED167A83ED007AE3
:10BBA00093ED086A27EE277AD3ED077AF1EEC76A9C
:10BBB000E6EE267AD3ED096AE6EE877AC3ED047ADB
:10BBC0000423072202210020FDF76CFC04B070BDA5
:10BBD00000000000E069002091960008F8080020AD
:10BBE00092FA3649606A0020FC690020F9A7000833
:10BBF000519700085F708930044B054A93F8213053
:10BC000003EB430312F82300704700BFF80800203D
:10BC10008C5D0108024A034B10801980704700BFF9
:10BC2000AC030020AA030020024A138818431080A6
:10BC3000704700BF646A0020F8B5124E01243578C1
:10BC40008440254207D025EA040434700220BDE870
:10BC5000F840FFF7E9BF0C4A92F91C30591C0FD08D
:10BC60000A4F528B0A4927F8102040F244620430F0
:10BC700002FB00102C4302FB031106F0D5FF3470C9
:10BC8000F8BD00BFC0690020F8080020686A0020E5
:10BC90006C6A002008B50B2009230E220021FDF755
:10BCA00001FC0C20BDE80840FFF7BEBF082808D8FB
:10BCB000044A054B82F82100FF2202201A70FFF788
:10BCC000B3BF7047F8080020BC6900202DE9F04F91
:10BCD000B74B2DED068B1B885805ABB003D5FAF793
:10BCE000BDFDB34B1B88D90740F1D580DFF804A315
:10BCF000DFF804B39FEDAFAA9FEDAF9ADFEDAF9AE7
:10BD0000FFF7F2FA5446CDF814A094F8283033B96E
:10BD1000AB4B0C349C420BF2446BF6D1ABE0059B71
:10BD200094F829105A8B94F82A80A648D4ED0B7AFF
:10BD300001238B4023F00045013A40F6884625F068
:10BD400018051FFA82F906FB0808002D4DD0C9EE30
:10BD5000278A9D48069403429C4B9D4890FBF2F233
:10BD6000C1EBC10103EB81014FF00005D1F818A030
:10BD70002F464FF4B02694ED0C7AB0EE698AA7EE08
:10BD8000498A5446924618BF38EE288AF1EE688AEE
:10BD9000A8B208EBC00164B1A04710EE103A23F03E
:10BDA0000042B2F1FF4F13D0F0EE487AE8EE807A0D
:10BDB00001E0F0EE487AFDEEE77A17EE903AB3F53F
:10BDC000987FA8BF4FF4987323EAE3739BB200E017
:10BDD000002301353946320C5846AFB2FDF722FB3D
:10BDE000B9455644D4D2069C92E713F0180F8FD071
:10BDF0008AEE276A2946F6EE006AABB208EBC30367
:10BE0000D3ED007A93ED017AF0EE665AE6EE275A0A
:10BE100058460135F0EE657AF0EE665AE6EE075ABE
:10BE2000FDEEE77ABDEEE57A17EE902A17EE103AAE
:10BE300096B206F1E802E336C3F19803B6B292B2C5
:10BE40009BB2B6F5E47F0FFA82FC1FB205D3BCF1BA
:10BE5000050FB4BF05224FF4E672B3F5987F04D9FD
:10BE6000002FB4BF00234FF49873FDF7DBFAA9B29B
:10BE70008945C2D24CE7DDF814A0BAF818301A068A
:10BE800001D5FFF727FB534C2378242043F001030F
:10BE90002370FFF7C9FE504B1B883BB9444A00236F
:10BEA00013802BB0BDEC068BBDE8F08F404B1C8897
:10BEB000A30506D5002005F0E3FC05F085FC3C4B0E
:10BEC0001C88A70709D5454B4FF6FF72A3F1140153
:10BED00023F8022D8B42FBD119E0A60603D5FFF70C
:10BEE00003FA334B1C88650605D50022114610461F
:10BEF0000923FDF7D7FA200609D5394B9B8AD906C5
:10BF000005D509230E2200210D20FDF7CBFA14F0F0
:10BF1000E60F00F03287DFF8DCA09AF8210008284D
:10BF200013D8BAF81830DA070FD42E4B294C00EB8F
:10BF3000400203EB82039A6802B904E05B7821783F
:10BF4000194200D0904700232370274A224B1188C2
:10BF50001B881F311F335B11491118938AB29BB2A2
:10BF600031B9224B1F931D4B1F99002200F0FDBEDB
:10BF7000013B9BB21D49DFED108A9FED1DAA1F9169
:10BF8000013A013392B25B010132CDE91113520142
:10BF9000002717920597119A32F8023B08931192E5
:10BFA00063BB059B179A203393420593F3D1DAE7DD
:10BFB000646A0020000018430000184200409843C3
:10BFC000280900207C4800204000004064600108EF
:10BFD0000000C701BC690020AC030020E06900201C
:10BFE000080300208C5D0108AA030020CC69002012
:10BFF00092FA364AF80800206C6A0020189B002B41
:10C00000CFD0059AC2F59773591CC2F102031BB237
:10C010001A93C2F59873149119934901C2F1500310
:10C02000002615911693B346089BDB0740F19086D6
:10C03000B44B05991A88B44B1B88A2EB0B02591A12
:10C040001F2A0692079101F30E801F2906DD002AA0
:10C0500040F37E8620238024079308E0069B002B74
:10C0600040F37686079B002B40F372869C00A74B1B
:10C070000B931D4605F022FAA549EA8B086003469A
:10C080001033099003EB041142EA024243E904220F
:10C0900043E9022210339942F8D19E4B0D930022BE
:10C0A00003F130050A9301244FF4F07693F8281039
:10C0B00079B193F8291004FA01F0032942EA000249
:10C0C00007D193F82B1046FA01F1CF0758BF42F081
:10C0D00000420C33AB42E9D122F000430B9923F02C
:10C0E00018030C934C8C13B9100764D4B1E00B996E
:10C0F000894B898A1D88894B11F0200F09991F8867
:10C1000005EBCB15A5EB8115A5F520700E900698D3
:10C11000ABF1050C0CEB000A079814BF4FF0020EB0
:10C120004FF0010E4FEA4E1563464FEA401940F2B8
:10C13000C71807E0079B05990998069D5F184FF0FF
:10C1400026091BE0B3F5E47F05D301339A4501F1DD
:10C150000201F7D1EEE753B1434508D00E9800EB4A
:10C160008116B6FBF7F007FB10607F28EDD80020A2
:10C1700021F8104028444845FADBE6E7B1F5987FFE
:10C1800005DD01318F4200F14000F7D1ACE7644E8C
:10C190004B08A6FB0363DB0809FB1313002BF0D14C
:10C1A0000CEB0308B8F5E47F38BF20F81340734464
:10C1B000AB42F5DBE5E7002A24DA099BCBEBCB7A2F
:10C1C00003EB4A0A059BA3F19809079B03EB0908B7
:10C1D000069BABF1E8050AF5E87A5F1910E04946DD
:10C1E0003046FDF749F808B12AF816400136B74243
:10C1F000F5D109F10109C8450AF1400A00F094801F
:10C200002E46ECE7059BDDF82480CDF838B0A3F18D
:10C210009806079B03EB0609069BCBF1E807FB1A80
:10C22000C346B84627461C4610E028463146FDF76F
:10C2300023F8013D08B1AAF80070AC420AF1020AE5
:10C24000F3D10136B1450BF1400B58D04546DA46E3
:10C25000EBE7D10668D5099BCDF83CB0CBEBCB70B2
:10C2600003EB4000059BA3F19802079B13440E9338
:10C27000069BABF1E80500F5E87003EB050A45F60F
:10C28000A81840F27D3EAB462FE003FB0361A942B4
:10C2900022D841451ED8EBB1E2B171451CD940F21C
:10C2A000B939494516D940F63369494514D9B942D7
:10C2B00010D993420ED063450CD042F22109494572
:10C2C0000AD942F2D709494504D9A1F5655109397E
:10C2D000F12901D820F8134001339A45D5D10E9B9E
:10C2E0000132934200F140001CD002FB02F65B4693
:10C2F00045F6D82540F6AB67C2F1000CC5E7DDF87E
:10C3000038B011E0AC030020AA030020080300208D
:10C31000B8690020F8080020C2690020C469002024
:10C32000F31ACA6BDDF83CB00C9B002B00F00881BF
:10C330000B9B0DF18E0193F86D00FEF70DFE13902F
:10C34000002800F0FD800A9B1B8BDA0700F1F880C3
:10C35000079A14998A42134640F3F28019998A4247
:10C36000D4BF02F1FF33199B1B930A9B9C68D3F83F
:10C3700004801D94A04580F0E3800B9B24A993F8D2
:10C380006D00B3F850302193FEF7F8FDBDF88E50E4
:10C390002090A4EB080A002D00F0D2801B9B5B01CB
:10C3A0001C9300230F93099B40331E93069B013B74
:10C3B0001093BDF83C30139A02EBC3025768B8459E
:10C3C00006D90F9B01330F939BB29D42F1D8B7E082
:10C3D000139A1D9C52F83360B442C0F0B1804645B8
:10C3E00038BF464640F2C719A6EB0800A74252469E
:10C3F0004FF00003A0FB090128BF2746F4F786FA97
:10C40000A7EB0803441D5246A3FB09010023F4F7E0
:10C410007DFA069B0530A0EB0B009842109BA4EB25
:10C420000B04A8BF184624EAE474A042C9DB1B9B96
:10C43000149A934204DABDF890300E93C3B92EE0FB
:10C44000159B099A241A61001C181C9B1844931C04
:10C4500003EB44034232219C023902EB4000CA182C
:10C4600022F8024B9342FBD140339842F7D1E2E7E6
:10C47000DDF880900C970025ABB203EB430309EB8A
:10C4800083077C68B44205D201350E9AABB29A425A
:10C49000F2D804E059F823000C9B984202D9BDF869
:10C4A0008E508EE7B0422CBFC8EB0000C8EB0600F0
:10C4B00040F2C713A0FB030152460023F4F726FA0B
:10C4C0000C9B40F2C7119C4294BFC8EB0403C8EB1D
:10C4D00003035246441DA3FB01010023F4F716FA9F
:10C4E000069B0530A0EB0B009842109BA4EB0B04BD
:10C4F000A8BF184624EAE474A042C5DB1B9B149A2B
:10C500009342C1DB3B7AB14A32F813101C9A159B57
:10C51000001BE3181444099A02EB43031E9A0130EE
:10C52000400002EB4404C7181A4622F8021B974247
:10C53000FBD140339C42F6D1BDF890300E93A3E777
:10C54000A34BDFF8B0821B78DFF8ACA203F0010345
:10C550001093069B5B440420139304E0A8F2446804
:10C56000AAF10C0A3846042800F1FF370AD09AF8DD
:10C57000583013B97B1CF1D1AFE00A9B5A8B013ABA
:10C580000AD1F7E7109B002BE8D0924B1A88013AAA
:10C59000002A40F07C85E1E7FCF7A8FF0028E9D1FC
:10C5A00000F07FBD139C83185B1038F823108C4279
:10C5B000CCBF18461A46431C9342F4DB10460023B6
:10C5C0001918491038F82140A345CCBF0B4608463E
:10C5D000591C8142F4DB8049934231F817100C91C9
:10C5E00000DBC7E708EB820208EB83030E92198891
:10C5F000059D58889E88DC88B1EB0B01A0EB0502F5
:10C60000A6EB0B06A4EB050507D5002E80F23B85B3
:10C610000E9A04339A42EAD1ACE7002A03DA002DDD
:10C6200080F22C85F4E71F2901DD1F2EF0DC1F2A84
:10C6300001DD1F2DECDCA04205D9144608462A4630
:10C64000314625460646A1EB060CBCF1000FC8BFDB
:10C65000A6EB010CA5EB020ECCBF4FF0FF394FF05B
:10C6600001091EEB0C0F4CBF0CEBDC700EEBDE7007
:10C670004010002AC0F1000003DB520104460CE028
:10C6800020468445BABF4944A0EB0E0404468645C3
:10C69000F6DD0132A4EB0C04F2D106EB45150F9543
:10C6A00000E004461F2901EB020004D8099E35462C
:10C6B0000C9E25F810600F9D8542A9D0A445BABFF5
:10C6C0004944A4EB0E002046A645EADD2032B2F52F
:10C6D000806FA0EB0C00E4DB9AE70B9B9B8ADE06E5
:10C6E00005D43E4EDFF810A1CDF824B042E0BBF5F2
:10C6F000C27FF6D90A9A92F91C00451CF1D000EBD2
:10C70000400302EB8303012293F829108A4012F0C0
:10C71000180FE6D13249D3ED0C7A93ED0B9AB2EEB5
:10C72000008ACBF5D2740A4238EE678A24B205D06B
:10C73000B7EE007AC7EE097A38EE278A063080B263
:10C7400005F092F8274D1A9EF7EE009A69EE087AE6
:10C7500038EE698A17EE900AF3F722FFCDE900015F
:10C76000314626362A46204636B2FDF701F81F2EFE
:10C77000ECDDB6E79AF8583033B91B4B3836B34284
:10C780000AF1080AF6D167E0A6F11C03BAF85A507C
:10C790000C93164BDDF8349003EB85054FF0000841
:10C7A00099F828304046002B4CD0FCF79FFE00281B
:10C7B00048D109992B886A885B1A05991B2AA2EB34
:10C7C00001041BD80134374609491AE0F055010825
:10C7D000C0690020686A002034030020F85A01086C
:10C7E00040000040804D0108B85C01086C6A0020E0
:10C7F000C05A01087C830020F80800200C9FB6492D
:10C800000E3C9A1D2A2A04F10E001BD82D2819D897
:10C8100008F1060080B2A3F1050B0E9105F024F893
:10C820000E9900910E230B2221465846FCF77EFDFF
:10C830001A2005F019F85846009721460E230B22BE
:10C84000FCF774FD08F10108B8F1040F09F10C09B7
:10C8500005F24465A4D190E7DDF824B0FDF7C0FBF4
:10C86000059B834200F305820A9991F91D305C1CF7
:10C8700000F0FF8191F91C000E90421C00F0F9813C
:10C8800001EBC30391F91E20B3F85A301093013223
:10C8900000F0D780831D4FF000089BB28F4FCDF87A
:10C8A00030B045460F938B4697F8583008F1010495
:10C8B00005F1010A002B58D0894A0F9832F82860F8
:10C8C00002EB8803B3F80290059BA9EB03090C9BCC
:10C8D000F61A04F0C9FF9BF91D30AB4207D10B9B40
:10C8E0001B7F23B97F4A49463046FCF741FF7E4A09
:10C8F00049465346F01DFCF73BFFB7F85A30099301
:10C900002846FBF703F8BBF818100346C80506F1E4
:10C910001A0214D59BF91D00A84210D01B93139244
:10C92000FAF7F4FF1B9B139A83428CBF1B1AC31A9E
:10C93000494610466D4AFCF71BFF109D06E0104665
:10C9400049466B4AFCF714FF4FF0FF35012004F015
:10C950008BFF099B0095494606F18E000E9AFDF764
:10C96000EBF908F10203A0461C465546082D07F1D5
:10C97000080799D164100A9A0599DDF830B004EBE4
:10C98000840304EB4304138B0134641AD90516465F
:10C9900000F12D8192F91D3092F91E20934200F092
:10C9A000268106EBC201013200920133B1F85A50E0
:10C9B000504A2146CBF1FD00FCF7DAFE338BDB0752
:10C9C0003746CBF5917616D497F91D00FAF79EFFFE
:10C9D000054697F91E00FAF799FF85422CBF281AE1
:10C9E000401B00902CBF2B232D233046424A21466A
:10C9F000FCF7BEFEFBE0109F3846FCF7B9FD284669
:10CA0000B0EE409AFCF7B4FD3846B0EE408AFCF731
:10CA1000C5FD2846F0EE406AFCF7C0FD76EEC07A10
:10CA200017EE900AF3F7BCFD79EE487ACDE90201E2
:10CA300017EE900AF3F7B4FD304ACDE90001304615
:10CA4000D2E00026254D3446254995F82830A01D12
:10CA500001EB860280B206F1010A002B7AD0059B19
:10CA6000B2F8028031F82670A8EB030804F0FCFE4F
:10CA70000A9B93F91C30A7EB0B07A34207F121098E
:10CA800004D1184A41463846FCF772FE2046FBF7AF
:10CA9000E3F941460246F81DFCF76AFE95F82900C5
:10CAA000174AD5ED0B7ADFF860C0164F95F82B10BA
:10CAB000C0EBC00302EB8303A0F1030EB7EE007AD4
:10CAC000BEF1010FF4EE477ADA681FD8F1EE10FAE2
:10CAD00018BF67461BE000BFA45A0108F8080020F1
:10CAE0006C5D0108884D01088C4D0108904D0108CE
:10CAF000984D0108A04D0108A84D0108B04D01084E
:10CB0000646001087C3C0108744D0108BF4FFEF7CA
:10CB10009BFB099017EE900A0292F3F741FD3A460B
:10CB2000099BCDE9000141464846FCF721FEC0EBD8
:10CB3000C000871C012004F097FE4F444FF0FF33E4
:10CB400000933846109B41462246FDF7F5F8B31C8A
:10CB500056469A460134042C05F10C057FF474AF57
:10CB60004FEA6A0303EB830403EB44020B9B541C60
:10CB70001B7F059AA41A2BB9A54A2146CBF1FD00CB
:10CB8000FCF7F6FD0A9DA34A95F91D3021460133B5
:10CB9000CBF58270FCF7ECFD2B8B2A46D807CBF542
:10CBA0008E7505F101050AD492F91D00FAF7AEFE63
:10CBB000994A034621462846FCF7DAFD17E0109F04
:10CBC0003846FCF7D5FC10EE106AFCF7E7FC10EED7
:10CBD000100AF3F7E5FCCDE902013046F3F7E0FC7B
:10CBE0008E4ACDE9000128462146FCF7C1FDFBF73E
:10CBF0001BFBB5EE400AF1EE10FAB0EE408ACBF125
:10CC0000180523D00A9B93F8993007EE903AF8EE76
:10CC1000E77A0B9B67EE8A7A1B7F67EE807A042B9C
:10CC200017EE900A0CBF18262026F3F7B9FCCDE9C1
:10CC3000020118EE100AF3F7B3FC3346CDE9000108
:10CC4000774A21462846FCF793FD0B340A9BD3ED27
:10CC50002A7AF5EE407AF1EE10FA0AD017EE900A31
:10CC6000F3F79EFC6F4ACDE9000121462846FCF708
:10CC70007FFD0A9A92F82130082B11D8118B11F000
:10CC800001010DD1684A03EB430302EB83035C68A7
:10CC900034B1152004F000FE1699CBF10F00A04727
:10CCA000CBF10603252B03D9069B202B31D148E07D
:10CCB0005E4EDDF834800024182598F82830F6EE12
:10CCC000007A03B398F8293045FA03F3D9071AD448
:10CCD00098ED0C7A059BE7EE287AFDEEE77A17EEE1
:10CCE000907AC7F59877FF1AFB1C242B0BD8A01D50
:10CCF00080B204F0B9FD0096B91E05230622CBF1DF
:10CD00000000FCF713FB0134042C08F10C08D4D10B
:10CD1000CAE7474B07991A68069B5D00481E02F157
:10CD200040032A4408E031F8027B24F8027FB14234
:10CD3000F9D12A444033013803D0941E5E191946B4
:10CD4000F1E7DDE9062305990BF10F0004F076FC0D
:10CD5000089B5B0808933FF424A9129B0BF1200B5E
:10CD60009B457FF461A9FFF71CB923F8022D994276
:10CD7000FBD104F05BFC2F4B1C88220740F1B680EE
:10CD80002D4C237F022B04D0032B4FF0200503D022
:10CD900000E01825202600E0182600210120DFF8F9
:10CDA000ACA004F079FD0F2340F231114FF4F07282
:10CDB000002004F065FCBAF81810CB0760D4DAE95B
:10CDC00001239A4208D11D49019200912B461C4A29
:10CDD00040F233110F2016E04F0639D41949019261
:10CDE0002B460091164A40F233110F2004F0F8FD53
:10CDF000DAF80830144A019300923346104A40F2A0
:10CE000033114FF4A37004F0EBFD5DE0684D0108B1
:10CE1000884D0108BC4D0108984D0108B04D01082E
:10CE2000C44D0108D84D01088C5D0108105E010851
:10CE3000B8690020646A002008030020F84D01084A
:10CE4000EC4D0108FC4D0108044E0108F8080020D3
:10CE50005B0803EB520302F001021344994A019369
:10CE600000922B46984A40F233110F2004F0B8FD8F
:10CE7000DAE90123954900919A1A01923346BDE7F8
:10CE8000934A9AF8993040F233110F2004F0A8FD2C
:10CE9000BAF81A50013D2846FCF76AFB10EE106AFA
:10CEA000FCF77CFB10EE100AF3F77AFBCDE90201E8
:10CEB0003046F3F775FB874ACDE9000140F23311A4
:10CEC0004FF4A37004F08CFD122004F0CDFC608BB5
:10CED000F9F77AFDBAF81A3000937F4A034640F218
:10CEE0003311CE2004F07CFD7C4B1C88E0067BD502
:10CEF00000211820DFF804A204F0CEFC0F226421E8
:10CF00006E23002004F0BCFBBAF82420D1052AD5FA
:10CF1000734B43211B888DF890104FF6FF718B42A5
:10CF200003F1300008BF2A238DF891004FF0000074
:10CF300008BF8DF891309305ADF8920006D5172003
:10CF400004F092FC63238DF8903002E0012004F09D
:10CF50008BFC24AA6421002004F042FD012004F08F
:10CF600083FCBAF824205F4C022304F124076426D2
:10CF7000134206F10B050AD022462946002004F090
:10CF80002FFD06F11603BAF824202E461D46043460
:10CF9000A74201D06388EBE7D7059AF81F3008D580
:10CFA0009AF820209A4204D0182004F05DFC9AF8E8
:10CFB0001F304D4A032B9ABF19335B00612329466A
:10CFC000002004F00DFDF8F7EFFE044600B909E07B
:10CFD000012004F049FC234606F12101434A0020C8
:10CFE00004F0FEFC3D4B1C88E5057EF557AF05F0CF
:10CFF00087F8051E7EF752AF40F6E34000218542D8
:10D00000D4BF0D200C2004F047FC394B249325A9F4
:10D0100041F204020423812600E003469C0703F149
:10D02000010001D10E7005E09542B4BF8124BD24FA
:10D030000C70643AB2F5486F01F10101EDDC2AAAE7
:10D04000D418104424A98122FF25033300919BB2F8
:10D0500000F8182C0221082204F8165C032004F0C2
:10D0600031FCFEF71BBF079B1F2B4FF020030693DD
:10D070007EF7F8AF07938024FEF7F9BF1F293FF72B
:10D08000D4AAFFF7D8BA002ABFF6D1AA14E0194BE8
:10D0900033F817300C93C8BF00233FF7A3AAFFF75C
:10D0A0005DBA9AF85930144941FA03F313F00103B9
:10D0B0003FF491AAFFF776BA002DBFF6BCAAFFF79E
:10D0C000A7BA00BF0C4E0108EC4D0108144E010830
:10D0D0001C4E0108344E0108444E0108646A0020C9
:10D0E0006E9A0020C44C0108504E0108544E0108AD
:10D0F000003C3CFF34030020E7FFFF7FF8080020DE
:10D10000421C2BD008B500F10B02154B13F832105E
:10D1100019B393F91D10814204D11248017841F0EE
:10D120000201017003EBC2035888FEF7ADF8FCF76B
:10D1300057FF031EB8BF1F3300215B110E220846A4
:10D14000FCF7B0F9084A138823F0200343F00403E6
:10D150001380BDE80840FEF7B9BD08BD704700BFA9
:10D16000F8080020BC690020646A002008B540F27D
:10D170001B30FEF759FDBDE80840FEF7A7BD00BF14
:10D180004FF090431869074B9B8A1B0600F00E0076
:10D1900006D5C0F34003B3EBD00F18BF80F00A00F0
:10D1A000704700BF0803002030B50E4C238B03F0FE
:10D1B0001805082D08D0102D09D0002D0A4D0B4A56
:10D1C0000CBF10202A4604E0094A002001E0094A69
:10D1D000082009B14A6003E023F0180303432383C6
:10D1E00030BD00BFF80800207C6B01087A77010889
:10D1F000727701086A770108F0B504280746104ED7
:10D20000A8BF042706EBC70256F837300B605368F7
:10D2100036F837E05488958892F806C04B600428A9
:10D220000CDD04380A22B0FBF2F313FB05E502FB28
:10D23000130313FB0CF323440D804B80F0BD00BFA0
:10D24000706401080A4A0B4B11880B4A1B8812882C
:10D2500091424FF01E0008D1B3FBF0F200FB1230F8
:10D2600080B213B1002808BF1E200330704700BFF2
:10D27000E4890020E68900201C8A0020044B00205D
:10D2800013F8012B1AB12E2A01D00130F8E77047AC
:10D29000F089002001230A2101FB03F2824201D21E
:10D2A0001346F9E75A00824204D803EB8303834212
:10D2B00088BF134618467047054A938C03F4806371
:10D2C0009384044B4FF6FF7210201A80FEF7ACBC1B
:10D2D000F80800206E9A002008B5064B1A7F82429B
:10D2E00006D018774FF48560FEF79EFC012000E021
:10D2F000002008BD080300200B4B002283F85820B3
:10D3000083F8602083F8682083F8702083F8782001
:10D3100083F8802083F8882083F890200220FF2261
:10D320009A775A77FEF780BCF80800202D4B93F9C6
:10D330001D2069B1824201D1042305E000F10B02F6
:10D3400013F832300BB10123CB70013048607047C5
:10D3500070B51C4600F10B03054614F8330058B1B4
:10D36000AA420CD104F833100220FF2394F91E5076
:10D370006377FEF759FC02E0012204F833206DB216
:10D3800094F91D20A2776B1C65770CD100211648FB
:10D390000B4610F833600EB15DB201210133082B4A
:10D3A000F7D101B1657794F91D00824202D1FF23C4
:10D3B000A37701E0013210D1002294F91E100A4D2A
:10D3C000134615F833601EB198421CBF59B20122B2
:10D3D0000133082BF5D102B1A1772020BDE87040C0
:10D3E000FEF722BCF80800205009002038B5104C88
:10D3F0004FF08045696A2368CB1AB3F5FA6F03D8FA
:10D40000C820F3F7ADFEF5E7FFF7BAFE094A216041
:10D410001388108020EA03039BB2C3F380001A072D
:10D4200048BF40F010009B0748BF40F0200038BDC7
:10D43000088A0020048A00202DE9F047DFF8848064
:10D440001E4F1F4E4FF0804AC1464FF47A70DAF8F3
:10D450002440D8F80050F3F783FEFFF791FE3A8896
:10D46000651B4CF24F3182EA00038D429BB201D919
:10D4700041071DD413F004031CD1824204D038802C
:10D48000C9F80040184616E04CF250339D42DCD9F2
:10D490003368A342D9D212F0020F0CBF00206020E3
:10D4A00004F6B834130748BF40F05000346002E07F
:10D4B000042000E00120BDE8F08700BF048A0020BE
:10D4C0000C8A0020088A00202DE9F047DDF820A012
:10D4D0009AF8025015F0070406460F469046994602
:10D4E00037D015F0100F14BF0F20102004F0C8F92A
:10D4F000304623464246394604F0C2F815F0400F44
:10D5000014BF0F20102004F0BBF930464B462246D2
:10D51000394604F0B5F815F0800F14BF0F20102025
:10D5200004F0AEF906EB0800001B4B4622463946D4
:10D5300004F0A6F815F0200F14BF0F20102004F0FF
:10D540009FF907EB090123464246091B304604F0C8
:10D5500097F89AF800109AF8010004F09DF92B074B
:10D560000AD46200A9EB02033919A8EB02023019B0
:10D57000BDE8F04704F084B8BDE8F087044A1378AA
:10D58000D90704D583F00103137004F01BBE704764
:10D59000648A002070B50F4D00222846012105F055
:10D5A00039F84FF09046402207214FF0904005F0A7
:10D5B00031F801244023AC6122462846B3610021A2
:10D5C00005F028F8224630460621BDE8704005F0F7
:10D5D00021B800BF0004004861B1074B5B8B10B558
:10D5E00083420CBF03230223CB700C46F9F7ECF9FE
:10D5F000606010BDF9F7AEB90803002038B50C4AD9
:10D60000C5B261B192F86D20824214BF0223032398
:10D61000CB7028460C46FDF78FFC606038BD82F861
:10D620006D5040F20240BDE83840FEF7FDBA00BF41
:10D6300008030020074B33F8100041B1064B5B8B09
:10D64000486083420CBF03230223CB707047FAF774
:10D65000B3B800BF84770108F8080020F0B5041EB5
:10D660008DB042DB04238DF80930214B93F9003053
:10D67000A34204D105238DF80830612303E003237E
:10D680008DF8083091231B4F8DF80A303B686400F9
:10D69000587823449D78184B03EBC00133F83030A1
:10D6A0008A882E0902FB0636CB88498805F00F05CB
:10D6B00003FB051502A90091B0B2A9B2FFF704FF60
:10D6C0003B681C44E078FF280FD05B7833B905F144
:10D6D000190206F1340104F01BFA06E0022305F1F9
:10D6E0000D0206F1120104F09DF90DB0F0BD00BF6E
:10D6F000E8030020EC8900208066010851B1074B47
:10D70000DB7F83420CBF0323022301304000CB7038
:10D7100048607047C0B2F8F7EBBF00BFF8080020C0
:10D720004FF47A6300FB033041B1054B9B684860BE
:10D7300083420CBF03230223CB707047FBF7D0B9A1
:10D74000080300202DE9F04F534BDFF860811A7871
:10D75000524B53F822408DB0834601260027002CFF
:10D7600000F087800123BB4013EA0B0F75D0042320
:10D770008DF80930FF238DF80B30494B1B78012BB6
:10D7800009D1484B93F90030BB4204D105238DF8F1
:10D790000830612303E003238DF8083091238DF8CE
:10D7A0000A302378032B0DF1080A16D100238DF8D7
:10D7B0001030D4F806303BB9039BD4F80220202166
:10D7C00004A8F5F759FB06E05146607898479DF8A4
:10D7D0001030002BF0D004AD01E0D4F80250CDF8A9
:10D7E00000A01FFA86F95B22B8F80030494640F2E3
:10D7F0008510FFF769FE9DF90B20002A15DBB8F8AC
:10D80000001029480B39162302FB030301EBD171E9
:10D81000009309EB61010B234FF4C5701A4689B2DE
:10D8200004F050F84FF4CC7001E04FF4C6706B1E5A
:10D83000012113F8012F1AB10A2A08BF0131F8E7B4
:10D84000B8F800306FF00A0202FB013101EBD17130
:10D850002A4606EB610104F0C3F8A37A01370BB145
:10D860000A3400E02469B8F80030102F1E447FF419
:10D8700076AFB6F5987F0BDC002004F001F8C6F512
:10D88000987301335B22314640F2851003F0F8FEB5
:10D890000DB0BDE8F08F00BF1A8A0020D40300202D
:10D8A000658A0020E8030020C8640108AE03002058
:10D8B00070B5044600250E460A462B460068F7F769
:10D8C00095FCC4E90356A56070BD0000D0E90223B1
:10D8D000934210B5044613D30369134403614FF414
:10D8E000807200F10803D0E90001F7F723FA08B9C4
:10D8F000A36823B90023A3604FF0FF3005E0E06088
:10D90000E3686268591CE160D05C10BD2DE9F74FF7
:10D910004FF00009DFF828B20192054688464F46CD
:10D920004C464FF00B0A2E78002E00F003815C2E3F
:10D9300014D16B78002B00F0CF806C2C0CDC08F835
:10D940000430163B0AFB03F301341BF8033003F0E9
:10D950000703C3F108031F440235E4E7602E00F01B
:10D96000CA805B2E2CD15D21284605F073F9002872
:10D9700000F0B2804378282B40F0AE80292100903F
:10D9800005F068F9009A002800F0A680013595425C
:10D9900010D26C2CFADC2B7808F80430163B0AFB0A
:10D9A00003F301341BF8033003F00703C3F108034A
:10D9B0001F44EBE72921104605F04CF9451CB2E75E
:10D9C0002A2E01D05F2E49D16B78B3420CBF0223BF
:10D9D00001231D44B9F1000F11D12846CDF8008074
:10D9E000A84625461C46314605F034F9E0B1012C25
:10D9F00000F083804278B2427FD00130F3E7C4B1B7
:10DA000008EB040212F8012C202A12D06C2C08DC3E
:10DA1000631C4FF0020208F80420019A08F8032062
:10DA200002344FF000097EE723462C464546DDF8D8
:10DA30000080A6F116000AFB00F000216C2C09DC26
:10DA40001BF8002008F8046002F00702C2F1080287
:10DA50001744013401318B42F0D164E733063BD5E2
:10DA6000CE2E6B7809D1A92B15D16C2C2BDC1E2363
:10DA700008F804309BF858301FE0C22E15D1B02BA7
:10DA800007D16C2C1FDC1F2308F804309BF863308F
:10DA900013E0B52B00E0BC2B07D16C2C13DC1D234D
:10DAA00008F804309BF84D3007E06C2C0BDC4FF08D
:10DAB0003F0308F804309BF8C33103F00703C3F1B8
:10DAC00008031F4401346B1C1D4601332A7802F001
:10DAD000C002802AF8D026E76C2C0CDC08F8046021
:10DAE000163E0AFB06F601341BF8063003F0070366
:10DAF000C3F108031F44013515E723462C4645466C
:10DB0000A842DDF8008094D92A78202A91D010F814
:10DB1000012C202A8DD06C2C09DC631C4FF00202F2
:10DB200008F804204FF0060208F8032002344FF0F2
:10DB30000109F8E6384608F8046003B0BDE8F08F44
:10DB4000783601082DE9F347164F8146002507F581
:10DB5000807601AB4FF4807239464846F7F7EAF811
:10DB6000D8B9019BCBB1DFF83C8004468246019BCB
:10DB7000A342EED918F8013B0D2B06D105F806A0FB
:10DB80003046FAF741FC002505E01F2B03D97F2D15
:10DB90009CBFAB5501350134E9E7002002B0BDE878
:10DBA000F08700BF6C8A002007B54FF4802201ABDC
:10DBB0004FF00061F7F788F903B05DF804FB00004F
:10DBC00007B543F67C7201AB0249F7F77DF903B064
:10DBD0005DF804FBF8080020D3B5D1E90067002305
:10DBE00043F67C729F4208BF964201D00F481BE06B
:10DBF00004226B460DEB02010446F7F79BF8002860
:10DC0000F4D10B4B019A9A42F0D120466B4643F671
:10DC100078720849F7F78EF804460028E6D14FF6E7
:10DC2000FF70F9F795FD204602B0D0BD526901089A
:10DC3000544E4F43FC0800202DE9F74F3B4C8B46D8
:10DC400001AB682221468146F7F774F8002869D1B4
:10DC5000228844F649139A4264D1638AB3F5F07F6F
:10DC600060D1E38BB3F5A07F5CD1E28E48F205036F
:10DC70009A4257D10546002601AB02226946484622
:10DC8000F7F758F89DF900709DF80110A155002F85
:10DC900082463A4606F1010804EB060309DD01ABB2
:10DCA00004EB08014846F7F745F807EB08068246FB
:10DCB00007E00132012A02D003F8011FF9E7A8EBBF
:10DCC0000706B6F5B46FD7DB184E002230468178D0
:10DCD0004778174B490103EAC72301F4F851194368
:10DCE00010F8033B23F0070343EA571301320B43B9
:10DCF000B2F5F07F26F8023BE9D129460123002046
:10DD0000013503F0AFFCB5F5A07F02D0BAF1000FEA
:10DD1000B1D00BF11A0240F21F11002003F060FE97
:10DD2000002000E0034803B0BDE8F08F6C8A0020BB
:10DD300000E0FFFF52690108F0B585B003AB68222F
:10DD40002B492C4D0646F7F7BFF80746112003F084
:10DD500097FD0024002F48D1214638460095012325
:10DD60004FF4F07203F01CFC224940F2DF1035F84A
:10DD70001020130A43EA02239BB21A0A02F0F802A7
:10DD8000802A88BF42F0070281F81D26DA0802F0D7
:10DD9000FC02DB00DBB2802A88BF42F00302802B4A
:10DDA00088BF43F00703013881F81F36431C81F810
:10DDB0001E26A1F10301DAD14FF4B46229460E48C0
:10DDC000FAF70EFE03AB0246039029463046F7F7FA
:10DDD0007BF80123214607461A4640F2DF10013442
:10DDE00003F04EFCB4F5A07FB4D1384605B0F0BDC9
:10DDF000D48001086C8A0020EC8A00202DE9F341D0
:10DE00001E4C0E4601AB7A2221460746F6F792FFDA
:10DE100078BB638AB3F5F07F2BD1E38AB3F5A07F9B
:10DE200027D1A38B102B24D140F23F1501AB4FF427
:10DE3000707221463846F6F77DFF4FF4F071804648
:10DE40002046FAF7C1FD294601234FF4F072002065
:10DE500003F008FC15F1FF3502D3B8F1000FE5D04F
:10DE600006F11A0240F21F11002003F0B9FD002054
:10DE700000E0034802B0BDE8F08100BF6C8A0020DA
:10DE800052690108F0B585B003AB7A221649174EE6
:10DE90000746F7F719F80546112003F0F1FC40F2A8
:10DEA0003F14F5B901234FF4F0722146284600963D
:10DEB00003F076FB4FF4F0710C48FAF785FD03ABE5
:10DEC0004FF4707209493846F6F7FEFF01232146E8
:10DED00005461A4640F2DF1003F0D2FB14F1FF347E
:10DEE000DFD2284605B0F0BDF46301086C8A00203B
:10DEF0002DE9F04F97B0CDE902020025DFF83CA1F3
:10DF0000DFF83C81A9462C462E4605AB4FF48072C3
:10DF100051460298F6F70EFF002865D1059B002BAD
:10DF200062D00746059ABBB29A42EED913F80A307E
:10DF30000D2B4FD13C4800233354102206A9FAF789
:10DF400011FD0128019043DD0698037803F0FD03DD
:10DF5000212B3DD0FAF74EFCB4F5C87F054602D818
:10DF6000324B984201D932485BE0002C08BF814611
:10DF70000798FAF765FCE60008EB060B08988BEDAE
:10DF8000000AFAF75DFC039B8BED010A012B04F2FA
:10DF9000911313D1019A032A10DD09980193FAF71E
:10DFA0004FFC019B0A9808EBC30383ED000AFAF7C4
:10DFB00047FC0BF68C4282ED000A07E0464408EB72
:10DFC000C30306F68C4600221A6032600134A4B204
:10DFD000002607E01F2B05D97F2E03D81249721C9B
:10DFE000735496B201379DE7D4B1F7F7E3FE114BB6
:10DFF000002249460020C3F89C20C3F8A0205C837F
:10E00000F9F78EFC29460120F9F78AFC0A4A1378B1
:10E01000012043F004031370FDF706FE002000E02A
:10E02000204617B0BDE8F08F6C8B002000BBEEA03F
:10E0300052690108F8080020A80300206C8A00201B
:10E040007C4800202DE9F0478AB0814609AB2A229E
:10E0500021B92249224FF6F737FF03E02149224F29
:10E06000F6F732FF214CDFF88C80214E0025B8F8FE
:10E070001A30AB422EDD083460BBA8B2F8F7AAFC18
:10E0800004F6844382461868F2F78AFACDE906015D
:10E0900004F5486301351868F2F782FACDE9040106
:10E0A00054F8040CF2F77CFACDE9020154F8080C9C
:10E0B000F2F776FA5346CDE900013A468021304620
:10E0C000F4F7DAFE09AB0246099031464846F6F706
:10E0D000FBFECCE70AB0BDE8F08700BF90770108EF
:10E0E000BC770108CC770108F87701087C4800204C
:10E0F0006C8A0020F808002071B1084B08481B7892
:10E10000084A13F0010F6FEA030308BF024603F049
:10E1100001034A60CB707047F7F756BEA803002092
:10E12000B8720108B2720108114A92F91C30581CE9
:10E130001DD039B108469A1D00F8082B20210D4A40
:10E14000F4F79ABE10B418460C210130042808BF19
:10E15000002001FB002494F828401CB15DF8044B1A
:10E16000F9F7A0BE9842F0D15DF8044B70477047B4
:10E17000F808002063690108104A92F91C00431C4A
:10E1800002D1C9B10E4B0AE00C2303FB002393F824
:10E190002A2031B10B4B0C48002A18BF03464B60B4
:10E1A000704793F8291040F2BF130B41DB0703D5EA
:10E1B00082F00101F9F762BE704700BFF808002045
:10E1C0007C6B0108AC6A0108B76A010810B50A4CFB
:10E1D00094F91D3004EBC303012808BF0121B3F9F2
:10E1E0005A0018BF4FF0FF31FDF702FA238B23F0DE
:10E1F0008003238310BD00BFF8080020074B53F8AD
:10E20000200041B1064B1B6E486083420CBF0323C4
:10E210000223CB707047FAF7A5B800BF4C82010803
:10E220000803002010B5064A137813F0010406D144
:10E2300083F00103137003F0ABFF024B1C7010BDA1
:10E24000648A0020638A0020044AD2E90132580817
:10E2500000EB520003F0010318447047F808002057
:10E26000F0B51E4B1E4CB3F9005024781D4BB3F98A
:10E2700000300CB105602EE01B4CB4F90C60B4F911
:10E280000E70AD1B40F2BF126A43B4F91050AD1BC3
:10E2900092FBF5F2DD1B40F21F136B43B4F91250F1
:10E2A000A48A103240F2DF16B242A5EB070593FBB9
:10E2B000F5F340F23F1503F11003A8BF3246AB421D
:10E2C00022EAE272A8BF2B46240623EAE37344BF86
:10E2D000B21AEB1A02600B60F0BD00BF168A002074
:10E2E000638A0020188A002008030020074A138B45
:10E2F00039B103F0060398420CBF03230223CB700D
:10E30000704723F00603034313837047F808002087
:10E31000054A138B19B1C3F3C013CB70704783F058
:10E3200080031383704700BFF8080020074B41B1FA
:10E330009B681B0245BF0123CB70054B054B4B600F
:10E3400070479A6882F400029A6070470028004083
:10E35000A673010849660108064A938C19B1C3F3F4
:10E360008023CB70704783F4806310209384FDF783
:10E370005BBC00BFF8080020064A938C19B1C3F3B8
:10E380000023CB70704783F4807310209384FDF7D3
:10E390004BBC00BFF80800200B4A08B5138B39B1FD
:10E3A000DB0745BF0123CB70084B094B4B6008BD11
:10E3B00083F0010308461383FEF78EFF0A20BDE8B1
:10E3C0000840FDF731BC00BFF8080020A673010823
:10E3D00049660108064A138B19B1C3F30023CB70B9
:10E3E000704783F4807320201383FDF71DBC00BFAA
:10E3F000F808002030B58FB004460D4602A9FEF79C
:10E40000FBFE032C07D11D4B1B8813F0010F0CBF23
:10E4100003230D2300E003238DF8103004238DF82F
:10E420001130174B93F900309C420CBF61249124AA
:10E430000DB944F0080404AB0093BDF80C209DF81E
:10E440000E30BDF80A10BDF808008DF81240FFF735
:10E450003BF885B19DF80E10BDF80A40BDF80800E4
:10E460009DF80F300B3901EBD1712A4604EB6101A5
:10E47000184403F0B5FA0FB030BD00BFE2890020A8
:10E48000E8030020002801DBFFF7B4BF704700005D
:10E4900008B509490320FFF7ADFF08490020FFF741
:10E4A000A9FF07490120FFF7A5FF06490220BDE8A3
:10E4B0000840FFF79FBF00BF986401089C640108F3
:10E4C0009E640108A064010810B50C4C2378A3B128
:10E4D00040F2311140F2D110FDF79CFB2378012B63
:10E4E00001D1FDF7D7FB2378023B012B03D840F283
:10E4F0001A30FDF799FB0023237010BD658A0020B8
:10E500002DE9F0415B4C94F91C305A1C2DED048B25
:10E5100000F0AC800C2202FB0343574993F82970AA
:10E520001C2202FB0712D2F81880B8F1000F00F08D
:10E530009D8093F82A60514B40F6884202FB0636D4
:10E54000002506EBC5012846C04710EE103A23F01F
:10E550000043B3F1FF4F00F0898075B1F4EE408ABB
:10E56000F1EE10FAB4EE408A48BFF0EE408AF1EEC8
:10E5700010FAC8BFB0EE408A03E0F0EE408AB0EE79
:10E58000408A638B0135AB42DBDC78EE289AB4EE2F
:10E59000688AF6EE007AF1EE10FA69EEA79AB0EE0C
:10E5A000679AF7EE007A06D078EEC88A9FED348A33
:10E5B00028EE888A0AE0B5EE408AF1EE10FA23D000
:10E5C000B0EEC88A9FED2F7A28EE078A9FED2E6A5B
:10E5D000B0EE487AF7EE008AF2EE046AB4EEE77A1B
:10E5E000F1EE10FA04D527EE267A68EE868AF5E772
:10E5F0009FED256AB4EEE67AF1EE10FA08DB27EE1D
:10E60000067A68EEA68AF5E7B0EE008AF0EE678A31
:10E61000B5EE007A28EE078AF4EEC88AF1EE10FA19
:10E6200002DD68EE898AF7E7184B94F91C003B413C
:10E63000DB0748BF79EEE79AB0EE680AF9F740FCCD
:10E64000C9EEA87A94F91C00B1EE000A77EE897A37
:10E65000FDEEE77AF8EEE77A30EE670AF9F744FC68
:10E66000BDEC048BBDE8F041FFF72EBFBDEC048B81
:10E67000BDE8F081F8080020646001087C480020B3
:10E68000CDCC8C3F9A99993FCDCCCC3D40000040F9
:10E6900070B52E4C064694F91D00F9F737F900289D
:10E6A00053D00546062E4CD8DFE806F004040407D4
:10E6B0004B4B2A00014630461FE094F91E00411CD6
:10E6C00003D094F91D30834208D1FFF7BDFD854288
:10E6D00034BF401B281A410003200EE0F9F716F959
:10E6E000044690B3854202D92B461C46054629466E
:10E6F0000020F9F715F921460120F9F711F920E07A
:10E7000094F91C305A1C1CD00C2202FB0343104904
:10E7100093F82A5094F91D3004EBC30304EB8504ED
:10E72000B3F85A0040F688436B4303EBC003194427
:10E73000FAF7B6FFD4ED277A284630EE270AF9F724
:10E7400021FDBDE87040FFF7BFBE70BDF808002096
:10E750007C48002061B3F0B585B005460C4603F057
:10E76000ABFB0746E0B1D0ED027AF8EE677A04F130
:10E77000080617EE900AF1F713FFCDE90201786859
:10E7800007EE900AF8EE677A17EE900AF1F708FFA5
:10E79000094ACDE9000120213046F4F76DFB00E085
:10E7A0006560064B1B88AB4204D10123E37001E096
:10E7B000F8F7CEBF05B0F0BD667301086E9A002071
:10E7C0007FB51C4DAB8C13F0FF0F30D00C4603F41B
:10E7D000007311B3002B14BF1723032304F8083B65
:10E7E000D5ED047A6E8CF8EE677A17EE900AF1F7A1
:10E7F000D7FECDE90201E86807EE900AF8EE677AE5
:10E8000017EE900AF1F7CCFE3346CDE900010A4A33
:10E8100020212046F4F730FB09E043B1F9F776F9FF
:10E8200095F8200004B0BDE87040F7F761BF04B070
:10E8300070BD00BFF8080020406A010838B50546E1
:10E840000A4C41B10A4A14F81030928C1A420BD08B
:10E850000123CB7008E0074B04EB45041980F9F75E
:10E8600061F9054B62781A7038BD00BF4C6501082C
:10E87000F8080020048A0020E803002069B138B5B8
:10E8800004460D46FCF7FAFC054A064B204110F001
:10E89000010F08BF13466B6038BDFDF7CDB900BF4F
:10E8A000367601083076010830B4154C0C2202FB94
:10E8B0000042034692F8282091B172B1821D0A707D
:10E8C000104A92F90020824204BF05220A7094F98E
:10E8D0001C20824204BF0122CA704B6030BC7047CA
:10E8E00032B194F91C10814202D030BCF9F7DABA87
:10E8F000B2FA82F14909184630BCF9F73BBB00BFB8
:10E90000F8080020E803002010B521B10C46FCF700
:10E9100097FB606010BDFCF7A3FB2320BDE810400F
:10E92000FDF782B961B138B50D460446F7F73CFAF8
:10E9300080B284420CBF03200220E8706C6038BDB6
:10E94000C0B2F7F725BA000070B5134A0D4692F829
:10E950006E3089B1022B84BF002382F86E3092F8AA
:10E960006E600E4C36B12046F2F752F90130044485
:10E97000013EF7E76C6070BD0133DBB2022B94BF40
:10E9800082F86E3082F86E10FCF7A4FD4FF48060C0
:10E99000BDE87040FDF748B9080300201878010869
:10E9A0000B4A92F86C3039B1032B28BF0023094A77
:10E9B00052F823304B6070470133DBB2022B94BF17
:10E9C00082F86C3082F86C1092F86C00FAF7C0B9DB
:10E9D00008030020D865010870B5274D6C7F09B188
:10E9E0004C6070BD0321042002F056FF2823A122B1
:10E9F0008C219C2002F044FE2346204A1F4E932186
:10EA0000B82002F0EDFF1E4AA221A32002F0E8FF89
:10EA1000FEF7ECFC10F0300F034622D0DA0648BFB8
:10EA200005349B0601D5053C03D4642CA8BF64249F
:10EA300000E00024234632469321B82002F0D0FFA4
:10EA400004EB441000F52F7080B203F017FD44F67C
:10EA50002060F2F785FBFEF7EFFC03460028DDD1CE
:10EA6000D6E70128D4D140F202406C77FDF7DCF8FC
:10EA7000BDE87040FFF728BD08030020C669010803
:10EA8000D869010800297ED13F4AF3B413683F4C8E
:10EA900003F07F3323F0FE43009352683C4B134056
:10EAA0000193234614F8012BD2B10131303A0629E3
:10EAB00004F8012CF6D11A785C7899781D7944EA2B
:10EAC0000214DA7842EA0112597941EA0511E4B2F6
:10EAD000D2B2C9B219281C705A70997038D104E0AA
:10EAE0005A5401310629FBD1E5E70AB9012202E0B7
:10EAF000122A01D912225A705F7809B901221EE048
:10EB00007800244A4FF03B0CC0F12006B0F12005FC
:10EB100022FA00F20CFA06F658BF4CFA05F542EA62
:10EB2000060258BF2A4302F003021C320A20B2FB3D
:10EB3000F0F500FB152242EA05128A4200DA9A70CB
:10EB40009B788DF806408DF805708DF8043014E040
:10EB5000232C84BF23201870592A84BF59225A704D
:10EB6000592984BF59229A701A788DF802205A7850
:10EB70009B788DF801208DF80030DDE9001002B09F
:10EB8000F0BC03F0C7BB704700280040F0890020AC
:10EB90003F1FFF00CCEE0B00834B2DE9F3411D68B6
:10EBA000824E05EB4000C4783046F2F731F86A78BF
:10EBB00003463546002A40F0C2800146A4F10D000C
:10EBC000092830D8002B00F0EA8002281CD8FEF774
:10EBD00055FB0C3C04EB4404A4B223180C2BC4BF1B
:10EBE000C0F10C04A4B2054400216B782A7803B16B
:10EBF0000AB9A970302305F8012F013CA4B205F829
:10EC0000013C002CF1D1BEE0A4F11003032B00F273
:10EC1000BA80674B019302AB1C4414F8143C735444
:10EC200031444A70AFE0634A10784FF0C06202414D
:10EC300012F0010614BF06270C270C2C04D1002B60
:10EC400000F0AD80591E2DE00B2C19D12A782D2A09
:10EC500008D129460C22487801F8010B013AFAD173
:10EC6000591E1FE005F10C0212F8010C02F801090F
:10EC70009542F9D12D22BB422A7013DA591C11E0BA
:10EC8000BB420FDA092C02DC3034EC5409E00A2CC8
:10EC900008D1FEF7F3FA814204D10C2F02D12E23C2
:10ECA0006B54013100236B5486B9FEF7E7FA032554
:10ECB00090FBF5F505EB4505401BC0F1020044F65D
:10ECC000241545FA00F020F0010500E05425142138
:10ECD000132002F0E1FD354E4FF0620816F8017B7B
:10ECE0003FB32E2F02D12D010A2708E02D2F03D18B
:10ECF00025F003050B2702E0303F092FEED805F081
:10ED000001039C0023445B009C1C22464444404673
:10ED1000162340F22511A4B202F0B2FC214640F2C3
:10ED20002512F8B210346D0802F0F2FE1FFA84F8D2
:10ED3000D4E716231C2240F2251140461EE0162C73
:10ED400001D160B31FE01A2C02D140B3421E04E08F
:10ED500012281ABF3454421C0246002314211320E7
:10ED6000AB5402F099FD022340F2251231210F48E5
:10ED700002F0E4FE16230E2240F2251102B0BDE897
:10ED8000F04102F07DBC0B4B0B4A1B780A2101FBC2
:10ED90000323D3F8062012B100215878904702B01F
:10EDA000BDE8F041FFF790BBEC890020F08900201E
:10EDB0006D756E70E98900204067010801282DE912
:10EDC000F041214E07D196F9000000283ADBBDE85A
:10EDD000F041FFF7E1BE1D4C22681578013D96F920
:10EDE0000030D4F800801F46002100F0200E4FFABA
:10EDF00085FC00F01002BEF1000F05D0013B5BB2B4
:10EE0000002BB8BF6346012132B101335BB2AB4284
:10EE10004FF00101C8BF002308EB4300C078FF2872
:10EE2000E9D001B133703846FEF718FC96F90000BE
:10EE3000FEF714FC42F21070F2F792F9FEF7FCFABA
:10EE40000028CCD1BDE8F081E8030020EC89002047
:10EE5000274B2DE9F041002403601A46264611781D
:10EE6000C1B15C2903F1010306D155787C2D0DD188
:10EE7000013203F8015C0BE07C2907D10134072C37
:10EE800003F8016C06DC40F8243001E003F8011CB3
:10EE90000132E4E7072C4FF00002D8BF01341A70AA
:10EEA000054600EB84074FF000082E683378202BCE
:10EEB00002D101362E60F8E73046F1F7A9FE304462
:10EEC0002B68984206D910F8013C202B02D100F89B
:10EED000018DF5E70435AF42E7D1012C04D057F896
:10EEE000043C1B7803B9013C2046BDE8F08100BF1B
:10EEF000A1940020094B1A4613F8011B2029FAD0CF
:10EF0000602908D15378602B05D19078A0F1600377
:10EF10005842584170470020704700BFA09400201D
:10EF200070B50646FEF7D2FC002812DB0B4D00241C
:10EF30000A280AD00D2803D05E2CDCBF60550134AE
:10EF40003046FEF7C3FC0028F2DA044B0022E254FC
:10EF500001E04FF0FF34204670BD00BFA0940020B8
:10EF60000C4B93F8342A2D2A11D193F8352A2D2AE7
:10EF70000DD193F8362A2D2A09D103F6372313F839
:10EF8000012B12B1202AFAD001E0012070470020A5
:10EF9000704700BF6C8A0020F8B5FEF7EFFA042036
:10EFA00003F0A0F8B0F5FA6F2E4E3ED92E4C4FF478
:10EFB0008033A36140F6030207214FF0904003F035
:10EFC00029FB042003F08EF84FF090450223A36143
:10EFD00001224FF40003AB6111460746204603F0BF
:10EFE00019FB01220721284603F014FB00221146D9
:10EFF000204603F00FFB40F603020621284603F0EB
:10F0000009FB032003F06EF80446FEF7C3FA042060
:10F0100003F068F8B0F5FA6F03D9144B1C80144B59
:10F020001F8000233370012003E03078431E5842D4
:10F030005841104B1A78824213D04FF080420E494B
:10F04000526A30B10968521A42F20F718A4207D9E6
:10F0500000E00A60002818700CBF0320022000E0C6
:10F060000020F8BD638A002000040048168A0020B2
:10F07000188A0020148A0020108A002008B5FFF7A3
:10F080008BFF0328FBD108BDF7B506460F460120CC
:10F0900000211C46154602F0FFFB02F095FB0C4BCD
:10F0A000009309231A463946304602F00BFC2B46E2
:10F0B000084A9A21B12002F093FCFFF7DFFF064BCC
:10F0C0001B882380054B1B88638003B0F0BD00BF05
:10F0D0003C810108E4650108168A0020188A002096
:10F0E00070B5214B214A1D686B7832F83340844259
:10F0F00038DC02EBC30253888B4233DC001BCB1A93
:10F10000D1889288B0FBF2F02A46B3FBF1F303F00A
:10F110000F0343EA001312F8021BDBB20024A142E2
:10F1200020DD12F81400984201D00134F7E705EB16
:10F130004405EB78FF2B15D00D4D95F9006060B2BA
:10F140002870FEF78BFA3046FEF788FAFFF796FF35
:10F150002046FF232B70FEF781FA2046BDE8704061
:10F16000FFF71ABD70BD00BFEC8900208066010862
:10F17000E80300202DE9F04FA7B000241190B44F10
:10F180001297894611A82146CDE913441594FEF73C
:10F190008FFB26464FF001082546A246A7F63417F6
:10F1A00011A8FFF7BDFE002824DBB8F1000F08D03E
:10F1B00097F8343A232B03D197F8353A202B0FD008
:10F1C0000024FFF797FE18B186F0010605460EE011
:10F1D00046B9FFF7C5FE38B145B10AF1010A01E0B1
:10F1E000444604E0354602E0012500E02E464FF09B
:10F1F0000008D5E705EB0A0302936CB1002111A8C2
:10F20000FEF756FB11A8FFF78BFE92490422A1F1ED
:10F21000CE00FEF77BFB13E009F11A038E4A8D48FE
:10F220007021F3F729FE8B4B0344002808DD1A46B2
:10F23000013B11782E2901D00138F6E70023137025
:10F24000029B002B08BF01230293FFF7A5FE08B124
:10F250000328FAD1FEF7CAF84FF0010A02F0B4FA17
:10F260000321042002F018FB002108460B234FF471
:10F27000F07202F005FA774B774A0121022002F082
:10F28000AFFB0AAC029B0093744A53460C21204604
:10F29000F3F7F2FD00231D4698420CDDE25C0B21E2
:10F2A000163A4A436E498A5C02F00702C2F108022C
:10F2B00015440133F0E72346674A0121C5F5EF7095
:10F2C00002F08EFB0021012002F0E6FA002111A8D5
:10F2D000FEF7EEFA4FF0010800252E46474611A82A
:10F2E000DDE91494FFF71CFE002803DADDE9143190
:10F2F000194424E0B8F1000F0CD05A4B93F8343A7B
:10F30000232B07D1574B93F8353A202B02D14FF0DE
:10F310000008E4E745B9FFF723FE28B10EB93546EA
:10F32000F5E701372E46F2E7FFF7E4FD08B185F077
:10F330000105BA4501D00126E9E704EB090111A84E
:10F340004FF00009FEF7B4FA4F46CDF810A011A80F
:10F35000DDE91445FFF7E4FD0028C0F26981FFF7FD
:10F36000C9FD18B187F00107FFB25DE147B10B237A
:10F3700009F1010903FB09F1374A3B4B013150E127
:10F38000FFF7EEFD0746002840F05281354B93F819
:10F39000343A7C2B40F0118101462C4410220DA8F8
:10F3A00003F050FC08AD214611A8CDE90877B84616
:10F3B000FEF77EFA05970397069511A8DDE9145626
:10F3C000FFF7AEFD002869DB264B93F8343A7C2B1F
:10F3D00064D10DF1580B5846FFF73AFDB8F1010F13
:10F3E000064610D115E00132964215DD50F8223064
:10F3F000197841B1013B13F8011F0029F3D02D29E1
:10F40000F9D03A29F7D00DAD0DF1580A4FF0000BA5
:10F410002CE000225846E7E70025AE4215DD5BF8F8
:10F4200025A05046F1F7F4FB504410F8013C3A2B6C
:10F4300006D19AF800303A2B0CBF0223012300E0DA
:10F440000023069A53550135E7E701230593B4E7F6
:10F45000A093002070950020E96E01085D69010805
:10F46000783601086C8A0020A09400205E450DDDEE
:10F47000012291495AF8040BFEF748FA2B8898426A
:10F48000C8BF28800BF1010B0235EFE7039BB342A5
:10F49000B8BF3346039308F101088EE7214611A84F
:10F4A000FEF706FA854B93F86E3003F00703C3F1BD
:10F4B0000802002102230DF1780C0DAC039888425C
:10F4C00007D034F811004CF82130104403440131C6
:10F4D000F4E79B1A023B06EB050A06930024DDE9DC
:10F4E000142313449A4563D911A8FFF719FD002886
:10F4F0005EDB16A8FFF7ACFC012C079009F10109AF
:10F5000014D1059BCBB12146204602F0C5F90B234F
:10F5100003FB09F1069A23460631022002F0B0F8F7
:10F520002046002102F0B8F902243EE0002C0CBF76
:10F530004FF007084FF0010800E0A04600214046C8
:10F5400002F0AAF90B2303FB09F6013600250DF1A1
:10F55000580B079BAB4227DD039BAB4224D04246AE
:10F5600055495BF82500FEF7D1F91EAB53F825C0CD
:10F5700008ABEB5C012B04D10DAB33F81530181A36
:10F580000AE0022B07D10DAB33F81530181A00EB47
:10F59000D070401000E00020474B494A314660449B
:10F5A00002F01EFA0135D4E70134B9F11B0F96DDE4
:10F5B000514611A8FEF77CF925E009F101099BB33A
:10F5C0000B2202FB09F4232B04F1010420D13D4B53
:10F5D0001A4612F8011B232901D11346F8E71D46EC
:10F5E00001332A78202AFAD00021072002F054F9AA
:10F5F000072231492846FEF789F92F4B304A214628
:10F60000022002F0EDF90021012002F045F90BE0A3
:10F6100029490122A1F16000FEF778F9264B284A1A
:10F620002146022002F0DCF9B9F11B0F7FF78FAE03
:10F63000DDF810A02448F9F711FAFDF7D7FE10F015
:10F64000100F14BF01244FF0FF3410F0200F18BF2B
:10F65000002410F0010F18BF0224FFF79DFC0138B1
:10F6600080B201280FD81EA916A8FEF7F9FD1E9B2F
:10F67000152B05DD169CEF2CD4BF0024012400E0DF
:10F680000224FFF7FBFC022C0FD0012C05D1029BBA
:10F690009A45CFDA0AF1010AE0E5002CCAD1BAF1A5
:10F6A000010FC7D00AF1FF3AD8E502F08DF800202B
:10F6B00027B0BDE8F08F00BF009500207836010824
:10F6C000E96E0108A0940020A0BB0D00074B1A783A
:10F6D000074B53F82230002033B19A7A0AB10A332B
:10F6E00000E01B690130F7E7704700BF1A8A00206D
:10F6F000D403002008B5FFF7E9FF0C4B93F9002075
:10F70000002A01DAFF2202E0824201DB421E1A7067
:10F710001028A8BF1020082840F23113B8BF0820D5
:10F72000B3FBF0F0024B188008BD00BFE8030020D7
:10F73000AE03002010B50D4C39B194F8213083424E
:10F740000CBF03200220C87010BDC0B2FCF7AEFA97
:10F75000074B94F821101A78064B53F82110064BEA
:10F76000BDE8104043F82210FFF7C4BFF80800209E
:10F770001A8A0020B0030020D403002008B5074AED
:10F7800013784BB1013B01461370FFF7B3FF19B17A
:10F79000BDE80840FEF798BE08BD00BF1A8A0020E9
:10F7A0000020FFF7EBBF00007FB519B306460C46FB
:10F7B00002F082FB0546D8B1D0ED027AF8EE677A06
:10F7C000083417EE900AF0F7EBFECDE90201686805
:10F7D00007EE900AF8EE677A17EE900AF0F7E0FE6F
:10F7E0000C4ACDE9000120212046F3F745FB0EE04D
:10F7F00066600CE002F032FB48B90120FFF7BEFF63
:10F800004FF4826004B0BDE87040FCF70DBA04B05C
:10F8100070BD00BF6673010808B5084B01224FF4A4
:10F82000BB7040F231111A70FCF7F4F9FFF762FF78
:10F830004FF0FF30BDE80840FDF784BF658A002027
:10F84000C30706D5654B1B78012B00F0C680FFF778
:10F85000E3BF2DE9F041624A157F0346042D00F213
:10F86000BA80DFE805F003B8333378005D4C94F9D3
:10F870001D20511C00F0AF800B3214F83220002AFA
:10F8800000F0A980082594F91D0004EBC0029F0632
:10F89000B2F85A1044BFA1EBD50121EAE171DE06AE
:10F8A00006D5638B01EBD5018B42D8BF03F1FF3145
:10F8B000F7F7B8FE94F91D00FDF722FCFDF7BCFD3B
:10F8C0000135ADB203460028DDD184E0454A108BF6
:10F8D0005169022D00F0400003F01006904603F03D
:10F8E000200707D110B95468054615E0FEF7ACFCB7
:10F8F000044611E0946870B15368E41AA9B926B1BE
:10F90000A0000130FDF7C6FC0446A7B1601EFDF75C
:10F91000C1FC04460FE0012541B9D8E90130C01A05
:10F920008008FDF7B7FC014600E0032506B10C4452
:10F9300017B1641A00E00325FDF77EFD0028FBD116
:10F94000294BA4F516729A4245D821462846BDE8AF
:10F95000F041F7F7E5BF234A92F91C10D2ED297A5E
:10F96000481C1BBF0C2000FB0121002091F82A003D
:10F97000F5EE407A02EB8001F1EE10FA03F010028E
:10F9800091ED270A03F0200319D1B5EEC00ADFED8F
:10F99000177A9FED177AF1EE10FAD8BFF0EE477A9A
:10F9A0002AB1B7EE007A37EE877A20EE070A63B104
:10F9B000B7EE007A77EE677A20EE270A05E00AB103
:10F9C00030EE270A0BB130EE670AF8F7DBFBFDF7E4
:10F9D00033FD0028FBD1BDE8F0817047658A002027
:10F9E00008030020F8080020A8B8EEA0CDCC4C3EBB
:10F9F000CDCC4CBE2DE9F8432D4E05460C4601F109
:10FA00001A0801F1190721462846F5F75BFD002881
:10FA10004AD1A37E002B47D0237BDB0603D5337866
:10FA2000002B42D0EFE73B4601465A7803F1010C28
:10FA300032B1183B1B1B2E2A08BF19466346F4E758
:10FA40000029E0D02A6D8E46137818F80EC07C2B62
:10FA5000ACF1410908BF0023B9F1190FA3F1410925
:10FA600098BF0CF1200C5FFA89F998BF5FFA8CFC03
:10FA7000B9F1190F04D82033DBB2634510D001E08F
:10FA800063450CD0134693F800C01A460133BCF10D
:10FA9000000FB8D0BCF17C0FF5D18E4602E023B147
:10FAA0000EF1010E0132CFE70420BDE8F88300BF5C
:10FAB000C0890020054B1A78032A9CBF01321A70B6
:10FAC0001A78034B43F82200FFF714BE1A8A00206D
:10FAD000D403002039B1064B93F91C305A1C05D0D1
:10FAE00006330B7070470348FFF7E4BF704700BF51
:10FAF000F8080020E876010819B1034B5B8B4B60D6
:10FB000070470248FFF7D6BFF80800203C7601088E
:10FB100019B1034B1B6E4B6070470248FFF7CABF19
:10FB2000080300200C75010819B1034B9B684B605A
:10FB300070470248FFF7BEBF080300205872010853
:10FB4000034B93F82120034B53F82200FFF7B2BF79
:10FB5000F8080020B003002039B1054B10B5588BD0
:10FB60000C46F6F731FF606010BD0248FFF7A2BFF8
:10FB7000080300208069010841B110B5054B93F8D6
:10FB80006D000C46FBF7D8F9606010BD0248FFF726
:10FB900091BF00BF08030020EC6E0108084651B178
:10FBA000074BDB7FFF2B09D001335B00054A202187
:10FBB0000830F3F761B90448FFF77CBF704700BF16
:10FBC000F8080020FC720108C072010808B51A4B41
:10FBD0001A781A4B53F8223010F1FF3007D3002B5C
:10FBE000FAD09A7A0AB10A33F6E71B69F4E70BB345
:10FBF0001A78022A08D0032A0CD0012A10D1D3F88F
:10FC00000600FFF757FF0BE0D3F8062042B1587803
:10FC1000904705E0D3F8062012B1002158789047AC
:10FC2000074B1B78012B05D14FF0FF30BDE8084092
:10FC3000FDF788BD08BD00BF1A8A0020D40300204C
:10FC4000658A0020B0F5C37F38B51CDB114B013944
:10FC50001C8891FBF4F4FFF739FDA04213D90E4D37
:10FC600095F900002C70012303FA00F0A34018431B
:10FC7000FDF768FDFFF702FAFF232B702046BDE871
:10FC80003840FFF7A3BFFFF7F9F9BDE83840FEF7AA
:10FC90001BBC00BFAE030020E803002070B5014686
:10FCA000FFF714FD11F0010F85B2194C01D10126A7
:10FCB0000CE094F9000083B2AB4203D3BDE870407E
:10FCC000FEF702BCBDE87040FFF780BF94F900303A
:10FCD000CA0606FA03F044BF013323708B0602D52F
:10FCE0002378013B237094F900309AB2AA42E5D2FE
:10FCF00006FA03F31843FDF725FD42F21070F1F701
:10FD00002FFAFDF799FB01460028DFD170BD00BF37
:10FD1000E803002010B50446F7F752FF0020FFF774
:10FD20002DFD24B90248BDE81040FFF7C3BE10BD49
:10FD3000AC7301082DE9F3412E4F97F91C305A1C82
:10FD400055D020F08004A4B2C0F3C01581B30C22BA
:10FD500002FB0372BC4692F82900A04205D192F83A
:10FD60002A20AA4204BF0122CA700C2000FB03C053
:10FD70000E4690F82B7020463946FBF765FA032CA7
:10FD80008046706033D115B940F2FF1201E041F6B0
:10FD900007623A41D3072AD53846FBF769FA43464A
:10FDA0000090154A202106F10800F3F765F81EE0DF
:10FDB000032C14D10C2202FB037292F829100329A0
:10FDC0000DD192F82A20AA4209D10C4B0C48002AE6
:10FDD00018BF184602B0BDE8F041FFF76BBE2A46D7
:10FDE0002146184602B0BDE8F041F8F791B802B0DC
:10FDF000BDE8F081F8080020E46E010844700108B5
:10FE0000E06F0108104A92F91C3091B110B55C1CEA
:10FE10001BBF0C2404FB0323002393F82B308342E5
:10FE20000CBF03230223CB700C46FBF721FA606062
:10FE300010BD591C07D00C2101FB032383F82B00B4
:10FE40002220FBF7F1BE7047F8080020F8B5274BD9
:10FE50001A78022A48D00021044602220846244E7D
:10FE60001A70FBF7D7FE0A203470224D224F44430C
:10FE700022482C5D50F8240038602148FF2404708B
:10FE80002048002404703B681B789C4204DA20461A
:10FE9000FDF7E4FB0134F6E71421132001F0FCFC2C
:10FEA00020234FF4F0724FF49071002001F0E8FB32
:10FEB00033780A2202FB0353D3F802200123511E98
:10FEC00011F8010F18B10A2808BF0133F8E70B2118
:10FED0005943203101EBD1714910C1F5A0710A20BD
:10FEE000BDE8F84001F07CBDF8BD00BF658A002088
:10FEF000E989002040670108EC890020906601082C
:10FF0000E8030020F0890020062804D1084B1B7F5D
:10FF1000042B08BF102041B1064B0A2202FB00301F
:10FF2000D0F806301BB140781847FFF78FBF7047F5
:10FF30000803002040670108124A92F91C30B3F10F
:10FF4000FF3F1DD010B40C2404FB032393F8292099
:10FF50000123934013F0180F01D0A0420DD10A4A9B
:10FF60001A4032B10123834013F4A85F1CBF013053
:10FF700080B25DF8044BFFF7C7BF5DF8044B7047D4
:10FF8000704700BFF808002004003C0070B58CB03A
:10FF900040F20343ADF8083000230C4615468DF8B7
:10FFA0000A3080B102AB06460093B4223C2378218C
:10FFB0009620FDF789FA32467D21A02001F010FD40
:10FFC0000220FBF731FE8CB10121042001F064FC1A
:10FFD0002623AE228B21992001F052FB2246992143
:10FFE000AA2001F0FDFC0220FBF71EFE0D4C6C4325
:10FFF0004FF47A7304F2E734B4FBF3F441F288333C
:020000040801F1
:10000000002D08BF1C462046F1F7AAF83DB9FDF7C0
:10001000EDF9012803D0FEF7BFFF0228F3D10CB0A1
:1000200070BD00BFA08601002DE9F0430122B3B0EE
:1000300006464A494A48F4F71BFD40B14FF4FA62BC
:1000400048494948FFF7A2FFFEF73EFA83E0474BD5
:10005000474A1B78474F1B013946D35830931CA899
:10006000F5F7DAF90028E9D1741EC4EB0414640032
:100070000320A5B201F004FC3C782CB11DB93E4927
:100080000420FEF7B7F90124DFF8F880DFF8F890D4
:100090000CA91CA8FFF7AEFC18BBAC4218DB05F19D
:1000A0001D03A34214DB9DF83C30C5F10407DB06B9
:1000B000274408D523210DF14A034A4603A8F2F745
:1000C000DBFE03A901E00DF14A013846FEF7DAF93B
:1000D000B8F800300134002BDAD005F11E03A3423A
:1000E000D6D11CA8F5F7E4F9B8F8003063B9A8F840
:1000F000004034B1A3B21D331E22B3FBF2F39BB216
:1001000000E001231D4A1380641B1D2C0FDC201D01
:1001100003A9FDF771F89DF81230BDF81020BDF865
:100120000E10BDF80C0001F0ABFA0134EDE714231A
:100130004FF4F0724FF49671002001F0A1FAFEF72F
:10014000A7F90E4B0E4A1B88009340F2311133463B
:10015000DB2001F045FC33B0BDE8F0837C6B010887
:1001600030980020A2640108AA640108E9890020EF
:1001700058650108C0890020B06401081C8A00206D
:10018000B3640108E6890020C16401082DE9F0414B
:100190002E4D4FEA011805EB08028AB05768002F70
:1001A00050D02B4B1B780E46044633B1D368DB0787
:1001B00003D5FEF789F9FBF789FD55F8082002AD54
:1001C00084B924490B684968019203F07F3323F016
:1001D000FE430093204B214A0B4028462021F2F792
:1001E0004BFE06E0009223461D4A20212846F2F7E6
:1001F00043FE01221B491C48F4F73AFC044668B947
:100200000B2229461948F4F757FC044630B9314609
:100210001648B84704461548F4F7DAFF144B1B7824
:10022000012B01D1F5F7D0FD124913484FF4FA62C2
:10023000002C08BF2946FFF7A9FE0A20FBF7F4FCB3
:10024000FEF742F90AB0BDE8F08100BF5865010829
:10025000658A0020002800403F1FFF00D68101086A
:10026000E78101087C6B010830980020E0950020B0
:10027000E8890020C7810108ED81010810B5104B05
:10028000104A1B7803F00103044613700BB1F5F715
:100290009BFD0D4B022C9B8A03D113F4007F18BFEA
:1002A0000324DB0705D5E1B20020BDE81040FFF7CD
:1002B0006DBF04F11C00BDE81040FFF7C7BD00BFD3
:1002C000A8030020E8890020080300202DE9F04F52
:1002D0002DED028B87B0A0F10F03DFF80CB2049371
:1002E0004FF4617306460D46059101934FF0FF38B8
:1002F00000245F469BF82830F3B163B2DFF8E8A131
:1003000003934FF000099AF8583073B1BDF91430D7
:10031000BDF91020BAF85A100398FBF72DFA019B8B
:100320009842BCBFCDE90104C84609F10109B9F101
:10033000080F0AF1080AE6D10134042C0BF10C0B6A
:10034000D8D1B8F1FF3F36D0674B93F91D20424515
:100350001CBF9A7783F81D803B8B002023F080031D
:100360003B83FCF7B9FF0298F7F79CFD05A904A8A9
:10037000FDF776FFDDE9040197F91C200F38FBF744
:1003800013FA011E0EDB97F91D0007EBC003B3F84B
:100390005A30994206D0F7F745F997F91D00FCF756
:1003A000AFFE03E041F28830F0F7DAFEFEF7F4FD2D
:1003B0000328DBD192E0B5F5987F16DBA6F1CE03DA
:1003C000782B05D8FEF75AFE0220FFF757FF85E08D
:1003D000B5F5987F2DD0444B1B8BDA0729D4B6F5A1
:1003E000A37FB4BF0224032404E01D2D21DCEF2EE3
:1003F0006CDD0024FEF742FE2046FCF76DFF00286E
:100400006CD1032C09D0042C11D0022C66D1364BB0
:10041000188B401100F0020006E0334B1B8B13F0E9
:10042000400F14BF20460120FFF710FD56E00F20BB
:10043000FAE72D4A92F91C40631C3ED00C2303FBC3
:10044000042393F82920032A37D00A3E142E34D8E7
:10045000B5F5997F31DA4B2DD3ED0C7A93ED0B0A7C
:10046000B6EE007A02DC37EE878A19E0972D04DCBD
:1004700030EE000AB8EE008A07E0E32D0EDC20EE35
:10048000070ABAEE008AB0EE007AA7EE878AF0EE8D
:10049000487AB1EE008A37EE888A01E037EEC78AE3
:1004A0002046F7F70DFD2046B0EE480AF7F71CFD91
:1004B00044F62060F0F754FE10E0FEF7DFFD0B4B32
:1004C0001B78012B0AD0FFF7A7F907E0F7F7ACFE7E
:1004D000B5EE400AF1EE10FA8BD08BE707B0BDEC19
:1004E000028BBDE8F08F00BFF8080020658A00206D
:1004F00019B9C1B20148FFF749BE7047F089002021
:100500002DE9F04FABB0032825D8DFE810F0040048
:10051000040035011C009B4B198830B94A1E92B269
:100520001A805AB9984A128807E097484A1C0088EE
:1005300092B290421A8001D201221A801888814218
:1005400000F01C8115E1914A138883F001031380A8
:10055000FDF79EFF12E18B4D8D4E2C8832881E23B5
:10056000013C043803FB0404A3B29A42AA4637466E
:1005700040F2E580012287498748F4F779FA00289C
:1005800040F0DD80854A1378904663B154B97F4BC3
:100590001B8813F0010340F0F180012013703380B9
:1005A000288032E0013C7E4D2B787E4A7B491B013E
:1005B00014A8D3582893F4F72FFF002840F0BF80E9
:1005C000264604A914A8FFF715FA10B90EB1013E8A
:1005D000F7E714A8F4F76CFF002E40F0B0806B4BE7
:1005E0009DF81C201B88D20603F0010311D5002BB7
:1005F00040F0C4800DF12A036B4A68482121F2F7CC
:100600003BFC01203E80AAF80000684BFF221A70D4
:10061000AFE07BB198F800300DF12A003BB10090BB
:100620005E4B634A63484321F2F726FC6148F4F7C6
:1006300081FF84E02B785B4A02EB0313D3F808B008
:10064000BBF1000F7BD03146012001F025F998F86D
:1006500000300DF12A094BB14321CDF800904F4BEA
:10066000534A5448F2F708FC524900E04946012237
:100670005148F4F721FA002861D12A784E4804A99C
:10068000D84783464C48F4F7A3FD2B78454A02EB44
:100690000313DE6806F00206BBF1000F0AD001F07A
:1006A00093F8002E14BF64224FF4FA62494658466C
:1006B000FFF76CFC002E42D0DFF800B1A146FCF73A
:1006C00095FEC6065ABF80F0200646F34016012666
:1006D00010F0010F18BF0226FEF75EFC013880B251
:1006E00001280FD803A902A8FDF7BAFD029B9F2B92
:1006F00005DDB3F5A07FB4BF0226012600E0002689
:10070000FEF7BCFC5846F8F7A9F998F800203B889A
:100710000AB9013B00E0023B1EB9013C48BF1C4640
:100720000AE0012E04D101349C42C8BF002403E03A
:10073000022E04D0A146C2E7A145FBD034E7134AFC
:100740001388D90708D5002139801849FF2023F0E4
:100750000103087013800AE0114B1A78114B03EB68
:100760000213DB685B0707D5104BFF221A70BAF83B
:100770000000FFF759FC01E0FDF7A6FE2BB0BDE835
:10078000F08F00BFE48900201C8A0020E28900204D
:10079000E68900207C6B010830980020C089002089
:1007A000E989002058650108E96E0108E803002086
:1007B000BF640108208A0020E0950020A0BB0D0046
:1007C0002DE9F74307460E461B4DFCF73BFD95F917
:1007D0000080814600244C452BDC69462046FCF70E
:1007E0000BFDBDF80020BA420DDCBDF80430134407
:1007F000BB4208DDBDF80220B24204DC9DF80630A1
:100800001344B34201DC0134E5E760B200212870F3
:10081000FDF738FE00214046FDF734FEFEF72EFCC2
:10082000FF23204600212B70FDF72CFE2046FFF70A
:1008300067FE03B0BDE8F083E80300200128F8B5A7
:100840001B4C07D194F90000002830DBBDE8F840CC
:10085000FFF756BE0546FCF7F5FC00270646AA063C
:1008600094F9000005D5431E5BB2002BACBF23708A
:100870002670EB0606D5237801335BB2B342D4BFB2
:100880002370277094F90030834207D00021FDF7D0
:10089000F9FD002194F90000FDF7F4FD42F210701B
:1008A000F0F75EFCFCF7C8FD05460028D7D1F8BD7F
:1008B000E803002070B50E4C0E4AA38A03F08003B3
:1008C000002B4FF00C0113BF10230C230225002531
:1008D00023440846FEF7D8FBAB1D04EB4303064A4E
:1008E00040F22B1140F2CB10BDE87040FEF7CCBBBC
:1008F00008030020FA8101080582010810B50021D3
:1009000086B0012000F0C8FF00F05EFF194A1A4CC3
:1009100040F235110F2001F063F8FCF767FDC307C3
:1009200026D4FEF739FB0228F7D103A902A8FDF768
:1009300097FC039B00932246029B1E210A2001F094
:100940004FF841F28830F0F70BFC05A904A8FDF739
:1009500087FCDDE90423DDE9020100F0D7FE049BFA
:100960000293059B0393FEF717FB0328E1D1D4E71D
:1009700006B010BD11820108408201082DE9F04740
:1009800086B0042800F2B680DFE800F00306099D77
:10099000A500FFF78FFFADE0FFF7B0FFAAE0002151
:1009A000012000F079FF00F00FFF0522032311461C
:1009B0005548564F01F0C2F89026242457F8045B9E
:1009C0006DB17608F10704F1050301D51C46F8E77F
:1009D0000D342A462146052001F002F8EEE74C4B83
:1009E000DFF85091D3F80880D3E90067F7F75EFC91
:1009F0000097CDE901803346464ADFF83C81464FF7
:100A000004F10D01052000F0EBFF444A444992F83F
:100A10006C30032B28BF0023052051F823300093AE
:100A2000536E404A04F11A0100F0DAFF3E4A40F2E8
:100A300033114FF4AA7000F0D3FF04F1340AFEF72B
:100A4000ABFA0228AEB255D0FCF7D0FCC20751D4A5
:100A50004FF47A60F0F784FB730701D00135EEE7BD
:100A600001F00EFC064601F021FCD9F8203003F419
:100A70004073B3F5807FC6F3074CC6F3072E0CBF57
:100A800045234923C0F30722C1B2F6B2CDE90021C4
:100A9000CDE904634246C0F307435146CDE902CE97
:100AA000052000F09DFF01F02BFB4FF47A72B0FBA4
:100AB000F2F302FB1302009204F141013A460520D1
:100AC00000F08EFFCAE701F083F9012006B0BDE80F
:100AD000F047FEF753BE01F045FABFF34F8F1349BD
:100AE000134BCA6802F4E0621343CB60BFF34F8F2D
:100AF00000BFFDE7FDF7E8FC40F21A3006B0BDE8A4
:100B0000F047FBF791B800BF326B0108800300206B
:100B1000ACF7FF1F3E6B0108AA6B01080803002019
:100B2000D8650108566B0108676B010800ED00E00D
:100B30000400FA05001002407D6B010808B5FCF7BF
:100B40001DFD0021012000F0A7FE00F03DFE044A3B
:100B50001421052000F044FFBDE80840F1F7DCBD9A
:100B60004E810108FFF7EABF38B5154C01238340D9
:100B7000A28A9BB211B922EA030303E001290CBF48
:100B800013435340A382A38A934218D00D4A0623ED
:100B900003FB002305469888FBF746F8022D0AD090
:100BA000072D0CD1A08AC0F3C01000F033FDBDE8C2
:100BB0003840FBF78BB8BDE83840F7F7F7BB38BDD6
:100BC0000803002074820108B9B102460D4838B507
:100BD000062303FB02031D680B4B988A104100F0AB
:100BE00001000DB9C8700BE00C4620B12846F0F7A3
:100BF0000FF801300544656002E00221FFF7B4BF41
:100C000038BD00BF748201080803002038B5144DB8
:100C10002B78032B22D0002104460846FAF7FAFF6E
:100C200003232B700F4B072C1C7005D10E4A0F4865
:100C30002121F2F721F902E00C4B00221A700C4B33
:100C40000C4A01201880002313800B4AFF211170E9
:100C50000A4A1380BDE83840FFF7E6B938BD00BF47
:100C6000658A0020E9890020C0810108C089002030
:100C7000E4890020E6890020E8030020E2890020C2
:100C8000022805D1034B9B8A13F4007F18BF032071
:100C9000FFF7BCBF080300200148F7F7D1BD00BF34
:100CA000F089002013B50E4CA1B1D4ED297AF5EEF0
:100CB000407AF1EE10FA11D017EE900A01F1080413
:100CC000EFF76EFC074ACDE9000120212046F2F73C
:100CD000D3F803E0FFF7E0FF84ED290A02B010BD6E
:100CE000F80800206E660108F0B52DED048B394A36
:100CF000DFED398A92F91C40384D0C2303FB0424A4
:100D000094ED0C7A94F82970D4ED0B7AB2EE008A47
:100D100078EEC78A38EE478A3D4185B0064668EED0
:100D2000A78A28EE278A05F0010529B3002818BFF5
:100D3000B0EE688A1DB1F7EE007A38EE278A284AAD
:100D40002848294C1C2303FB0722002E18BF044609
:100D5000D368029318EE100A01F10805EFF720FCA2
:100D60002346CDE90001214A20212846F2F784F8E4
:100D700005B0BDEC048BF0BD1446FFF78DFFB0EE5F
:100D8000409A1DB1F7EE007A30EE679A002E18BF38
:100D9000F0EE498A08BFB0EE498A38EE680AF4EEF0
:100DA000007A20EE270AF4EE488AF1EE10FA18BF16
:100DB00088EE809A94F91C00F7F782F894F91C00E9
:100DC000B1EE490A05B0BDEC048BBDE8F040F7F781
:100DD0008BB800BFF8080020000000004000004071
:100DE00064600108F3650108EF650108FA65010810
:100DF00030B5134B85B093F91C40C9B10C2000FBF2
:100E00000434104A94F8293001F108051C2101FB33
:100E10000323DB680293E06AEFF7C2FB0A4B0B4A3D
:100E2000CDE9000120212846F2F726F805B030BDB3
:100E3000FFF732FF204605B0BDE83040F7F740B875
:100E4000F808002064600108576601085D66010823
:100E500037B50F4890F91C4089B10C2303FB0404FB
:100E600001F10805206BEFF79BFB0A4B0A4ACDE91D
:100E7000000120212846F1F7FFFF03B030BDFFF746
:100E80000BFF204603B0BDE83040F7F72DB800BF98
:100E9000F80800203F6601084C66010873B5134A44
:100EA00092F91C30581C1BBF0C2000FB03230024AC
:100EB00093F82A4091B102EB840201F10805D2F8BF
:100EC0009C00EFF76DFB661CCDE900013346084A34
:100ED00020212846F1F7D0FF02B070BDFFF7DCFEFD
:100EE000204602B0BDE87040F7F74CB9F808002082
:100EF0001666010808B521B1054BD3F8A8304B6040
:100F000008BDFFF7C9FEBDE80840F7F7A5B900BF67
:100F1000F808002010B50C4631B1FDF795F9FAF745
:100F2000ABF884ED010A10BD054B1970FFF7B4FE54
:100F3000044B2320BDE8104083ED000AFAF774BE8D
:100F4000B4690020B06900201FB5134CB9B1D4EDCD
:100F5000007AF5EE407AF1EE10FA1AD00F4B0293B8
:100F600017EE900A01F10804EFF71AFB0C4B0D4A3B
:100F7000CDE9000120212046F1F77EFF09E0FFF7CF
:100F80008BFE232084ED000A04B0BDE81040FAF780
:100F90004BBE04B010BD00BF606A0020146601089B
:100FA00007660108FA65010810B5054C11B1A36E7A
:100FB0004B6003E0FFF770FE84ED1A0A10BD00BF1E
:100FC0000803002010B529B10C4601F02FFA84ED7A
:100FD000010A10BDFFF760FEBDE8104001F006BA3F
:100FE0000148F7F707BC00BFF089002010B5F1B148
:100FF00006280C460AD1134B5B690BB304F10800B9
:10100000114A2021BDE81040F1F736BF052817D15D
:101010000C4AD2E90113528B5B1A013AB3FBF2F38B
:1010200007EE903AF8EE677AC4ED017A08E00446DC
:10103000FFF7D6FF01462046BDE81040F6F770BC2A
:1010400010BD00BFF80800202C66010810B5044C44
:1010500011B1238B4B6002E0FFF7C2FF208310BD6C
:101060000803002010B5044C11B163684B6002E026
:10107000FFF7B6FF606010BD0803002008B519B186
:10108000044B5B6E4B6008BDFFF7AAFFBDE808404C
:10109000F7F740BE0803002010B5054C19B194F8CD
:1010A00099304B6003E0FFF79BFF84F8990010BD77
:1010B000F808002008B519B1054B5B8B4B6008BDE3
:1010C000FFF78EFFBDE8084080B2F6F775BB00BFA2
:1010D000F808002013B5144C2378DA0708D5FCF77C
:1010E00085F928B1114B1A78114B53F832309847D3
:1010F00023789B0711D5FDF74FFF013801280CD845
:1011000001A96846FDF7ACF8084B1A78084B03EBC9
:10111000C203DDE900015B689847FDF783F800230F
:10112000237002B010BD00BF1B8A0020658A00201A
:10113000A0810108024A137843F00103137070473D
:101140001B8A0020024A137843F002031370704791
:101150001B8A0020054B1870481C1CBF044B1980CB
:10116000531C1CBF034B1A80FFF7ECBF638A00209F
:10117000168A0020188A002008B500F065FF01F0EB
:10118000C3FA0121084601F0CFFA0121022001F043
:10119000CBFA0121032001F0C7FAFCF7FBF901F0BB
:1011A000F9FA08480A2101F009FBFDF73BF8064B64
:1011B000587F00EB401000F52F70BDE8084001F0AB
:1011C0005DB900BF000400400803002005494B68DA
:1011D000002BFCD1044A0B605368002BFCD1136038
:1011E000704700BF300002401C000240074A93686D
:1011F0001B06FCD4064940238B61136823F0380397
:1012000003434FF000601360886170470030014075
:1012100000040048034A93689B07FCD5024B1870F2
:10122000704700BF003001400C30014089B14B1EB7
:101230009BB210B40133074A074CC11893689B074F
:10124000FCD510F8013B23708842F7D15DF8044BC0
:1012500070477047003001400C30014070B40C4CB6
:10126000A3681D06FCD40B4B0B4D094C4FF48006B4
:101270009E614FF400069E612870A3681B06FCD493
:10128000044B80249C61104670BCFFF7CFBF00BFA9
:1012900000300140000400480C300140044B054A76
:1012A000FF2119709368DB07FCD5014B1878704754
:1012B0000C3001400030014010B5074CA3681B06FC
:1012C000FCD4064B4FF400629A61FFF7E7FF2368F6
:1012D00023F03803236010BD0030014000040048B3
:1012E00030B44C1EA4B201340749084A04444FF0FC
:1012F000FF350D709368DB07FCD50B7800F8013BD8
:10130000A042F6D130BC70470C30014000300140A3
:10131000064A074900E00B789368D807FBD4936826
:101320001B06F8D4024B1B78704700BF0030014009
:101330000C30014070B54FF080440646656AFFF7F7
:10134000E7FFFFF7ABFFFF2804D0636A5B1BB342E4
:10135000F7D3002070BD00BF10B504460846FFF764
:1013600059FF134B4FF4007041F29101DC601A46B3
:10137000586019605368002BFCD11360FF20FFF701
:1013800049FFFF20FFF746FFFFF7C2FF6424FFF786
:1013900085FFFF2803D1013CF9D1204606E000F08B
:1013A0001F00A0F10500B0FA80F0400910BD00BF99
:1013B00030000240F0B54FF0804483B00746666AC3
:1013C000FFF7A6FF42F20F75FFF768FFFE2805D072
:1013D000636A9B1BAB42F7D9002016E00C4A0D4B09
:1013E0000D4CD7604FF4007141F2110041F28105BC
:1013F00051601560DC6059601860FFF7E7FE0DF181
:1014000006000221FFF76CFF012003B0F0BD00BF12
:101410001C00024030000240F082010830B5020694
:1014200083B004460D4606D44CF25030FFF782FFDD
:10143000FF2807D02EE000217720FFF7EFFF0128DB
:10144000F2D939E004F07F03280E290C2A0A402C37
:101450008DF804508DF800308DF801008DF80210E1
:101460008DF8032018D0482C1ED001230621684691
:101470008DF80530FFF7DAFE4C2C01D1FFF70EFF97
:10148000FFF746FF6424FFF709FF030614D5013C6C
:10149000F9D111E0FF200FE09523062168468DF871
:1014A0000530FFF7C3FEEBE78723062168468DF87A
:1014B0000530FFF7BBFEE3E703B030BD034B044844
:1014C0001B78DB0203F4006318447047678A00202E
:1014D0006C8A0020024A012102443620FFF7BEBE7A
:1014E000EC820108F0B583B017460C461D46BDF8E6
:1014F0002060FFF76BFE0744013F40EA074040BA17
:101500002544691E44EA0144009064BA04216A46F5
:101510002A200194FFF7A2FE01AA04212B20FFF745
:101520009DFE0022F0B21146FFF798FE03B0F0BD19
:101530002DE9F04186B02C24009415461C468046C7
:101540000F460C9EFFF7CEFF124B134ADE6004FBE2
:1015500005F041F291515860196013785B0615D57A
:1015600015FB04F25200314640F60D230B4EADF848
:101570000E8092B202A8ADF81070ADF81250ADF81E
:1015800014400296ADF80C30F6F7C8FE06B0BDE880
:10159000F08100BF30000240A803002062756C6B30
:1015A000F0B583B0164E089D2E2400941F461446B5
:1015B000FFF798FF336823F0380343F008033360E4
:1015C000FFF7A6FEFFF76AFE0E490F4ACD6014FB37
:1015D00007F35B009BB241F211000C4C4B6041F2EF
:1015E00081050D60D46053601060FFF7EFFD336834
:1015F000074A23F0380340213360916103B0F0BD06
:10160000003001401C00024030000240F08201081E
:101610000004004808B5FFF7D9FD002814BF0220D8
:101620000020BDE80840FFF755BF00BF024A5368DD
:10163000002BFCD1136070473000024030B583B0FE
:1016400004461D46FFF73AFF2B4600902046FFF761
:101650006FFF034A137883F00103137003B030BDAA
:10166000678A002010B582B0044C0094FFF760FF39
:1016700002B0BDE81040FFF7D9BF00BF6C8A002060
:101680002DE9F04186B02C24009415461C4688466E
:101690000746FFF727FF194A194BD36004FB05F1F2
:1016A00079B14FF6FF7E41F211567145084628BFC9
:1016B0007046506016605368002BFCD1091A136005
:1016C000F3D1104B1B785B0614D5DFF83CC00C49F6
:1016D000ADF80E7040F60D23022202A8ADF810807E
:1016E000ADF81250ADF81440CDF808C0ADF80C308C
:1016F000F6F714FE06B0BDE8F08100BF30000240EE
:10170000688A0020A803002066696C6C2DE9F04F00
:10171000824287B006469146CDE9031306DA1846A1
:101720000A46334603904E4604929946049B039919
:101730005F1A48BFCF1AA6EB09084CBF4FF0FF3322
:10174000012317EB080F059309D508EBD8756D1029
:101750006D42DFF86CB0194CDFF868A004E007EBCD
:10176000D7756D106D42F4E72C230093C6F5F07227
:10177000012303993046FFF7B5FE00E01D46A3683C
:101780009B07FCD5BBF80030AAF80030B14503D167
:10179000DDE9033293420DD04545C6BF0136EB1B50
:1017A0002B46AF42EADDA3EB0805059A039B1344E1
:1017B0000393D9E707B0BDE8F08F00BF00300140C8
:1017C0006A8A00200C300140002108464FF4A073C3
:1017D0004FF4F072FFF754BF1D481E4B82691E493B
:1017E00042F4805270B582611C4E1D4C002540F2BF
:1017F00007321D601A6041F203725A60B160A16045
:101800001A68184C4FF090464FF0004142F04002E9
:101810001A604FF4FA70B161EFF7A2FC4FF4004385
:101820004FF4FA70B361EFF79BFC29460120A21C2C
:10183000FFF714FD637802331C44C820EFF790FCD7
:10184000207808B16178F2E7BDE87040FFF7BCBFCF
:1018500000100240003001400C30014030000240D6
:101860001C000240BC820108034B044A03EB400009
:10187000C38B1380704700BF080300206A8A0020D2
:10188000034B044A03EB4000C38B1380704700BF37
:1018900008030020688A0020074B084A03EB400039
:1018A00003EB410110B4064CC08BCB8B208013801E
:1018B0005DF8044B704700BF08030020688A0020D1
:1018C0006A8A00202DE9F04FDDF824C063B3184D7B
:1018D000184CB5F80080B4F800E0DFF85CA04FF0D9
:1018E00000094D464FEA420B1BE05746002466466E
:1018F00014F0070F08BF16F8015B04F1010408BFDC
:10190000B44615F0800F14BF76464646A2424FEA11
:10191000450527F8026BEAD1DA4409F10109994536
:1019200002D0002AE1D1F8E7BDE8F04FFFF79ABEF8
:10193000688A00206A8A00206C8A0020163800EB32
:10194000800330B500EB4303094DEC5C04F0070461
:1019500083B0C4F10804A4B22B4492B288B20093BD
:1019600011460B232246FFF7ADFF204603B030BDE2
:1019700078360108838A9BB1012B06D1154B164A94
:1019800003EB4101CB8B138007E0022B05D1114BF8
:10199000124A03EB4101CB8B13800023838216E0B4
:1019A000082901D8818212E00A29026904D143681A
:1019B0000B32C0E903320AE010B504460846E1687C
:1019C000FFF7BCFFE3681844E060002010BD002072
:1019D000704700BF08030020688A00206A8A002040
:1019E0000CB470B58CB010AC0D4654F8043B0790A5
:1019F00019460990002308950A95094E019422463C
:101A000002AD06A8CDE902330593ADF82C3004965B
:101A10000695F0F709FF0CB0BDE8704002B07047C2
:101A20007519010816382DE9F04F00EB800400EB22
:101A30004400334D334E2C5C334FB6F800E0334E48
:101A4000B7F8008004F0070489B0C4F108041FFA55
:101A500084FC13FB03F4451902960CFB04F01EB240
:101A60007700CDE905124200039207FB0CF20092C9
:101A700005F10B020796019504922DE0019ADDF81D
:101A8000089092F800B04FF0000A09EB07015C469D
:101A90004E46002514F0800F14BF70464046324673
:101AA00022F8020B8A42FBD101356400AC45E4B256
:101AB0003E4402EB0701EDD10AF1010A009A9A4572
:101AC0009144E2D1DDE902210A440292019A04998B
:101AD00001328A42019202D0002BCFD1F6E7079D56
:101AE00003FB0CF405EB8503DDE90501224605EB5C
:101AF0004303FFF7B7FD204609B0BDE8F08F00BFF4
:101B0000783601086A8A0020688A00206C8A0020E2
:101B100010B5094B00EB800482B000EB440403EBEA
:101B2000840392B288B20093114616231022FFF765
:101B3000C9FE02B010BD00BF84320108F8B50C46E2
:101B4000017869B1054617461E46084633462146C8
:101B50003A46FFF767FF15F8011F04440029F4D146
:101B60002046F8BD00F0B8BB002863D170B53E4BED
:101B70003E4E4022307082B09A610A24FFF78EFBFD
:101B8000013CFBD13820FFF731FB21464020FFF715
:101B900045FC012803D0FFF78FFB012061E04FF4E3
:101BA000D5714820FFF73AFC0128054623D10421CE
:101BB0006846FFF795FB2E4B009A9A4203D0EAE75E
:101BC000EFF7CEFA00E064244FF08041E920FFF700
:101BD00025FC88B3013C4FF47A70F1D132E0042146
:101BE0000DEB0100FFF77CFB019B13F0400F14BFCE
:101BF0008A24822419E02146E920FFF70FFC0128FE
:101C000094BFE9254125642401E0EFF7A9FA0021FA
:101C10002846FFF703FCE0B1013C4FF47A70F4D1A1
:101C200010E0E92D0CBF81248324FFF745FB3470BD
:101C3000002016E00120704701467A20FFF7EEFBF6
:101C40000028CCD0FFF738FB3078B0FA80F040099C
:101C500007E04FF400715020FFF7E0FB0028E0D0D0
:101C6000F0E702B070BD00BF00040048668A0020A3
:101C7000000001AA28B9044B1878B0FA80F0400996
:101C800070470120704700BF668A0020F8B5A0BBEE
:101C90001C461B4B1E7835062FD517460D46FFF701
:101CA000A5FA330758BF7F02012C39460AD15120CB
:101CB000FFF7B4FBF0B92846FFF77CFB80F0010486
:101CC000E4B217E05220FFF7A9FB28B1003418BF97
:101CD00001240FE005F500752846FFF76BFB18B9E6
:101CE000003418BF012401E0013CF3D100214C2055
:101CF000FFF794FBFFF7E0FA00E003242046F8BD6D
:101D0000668A0020F8B500283ED11C46214B1E787B
:101D1000370639D5750639D417460D46FFF766FAEA
:101D2000330758BF7F02012C39460BD15820FFF7EB
:101D300075FB30BB2846FE21FFF70EFB80F0010447
:101D4000E4B21EE05920FFF769FB28B1003418BF48
:101D5000012416E005F50075FC212846FFF7FCFA82
:101D600000B905E046F2A810FFF7E4FAFF2803D017
:101D7000003418BF012401E0013CEBD1FD20FFF746
:101D800049FAFFF799FA02E0032400E00224204612
:101D9000F8BD00BF668A002010B598B90B4B93F9C7
:101DA0000030002B0EDA0C46FFF720FA0CB10424A9
:101DB00005E044F62060FFF7BDFAFF28F7D1FFF7F2
:101DC0007BFA00E00324204610BD00BF668A002095
:101DD0000B4B0C4A10B519461A6003F16C00002435
:101DE000814202EBF47402D051F8042FF8E7742218
:101DF000034905481C6700F097FB002010BD00BF99
:101E000008030020564E4F4300F803080F4B1049BB
:101E10001A688A4214D110B50E4C0020191DA14237
:101E200002EBF07002D05A680B46F7E707490B6FD8
:101E3000834208D17422084800F0F6FE002004E036
:101E40004FF0FF3070474FF0FF3010BD00F803082F
:101E5000564E4F4370F803080803002006281FD889
:101E6000114938B5114B124C0B600A460025A242AD
:101E700003EBF57502D052F8043FF8E7044643F649
:101E80007873800300F10060CD5000F50E3043F60A
:101E90007C72054900F048FB064B00201C8038BDD1
:101EA0004FF0FF30704700BFF8080020544E4F43FA
:101EB0006C4800206E9A0020062829D8F0B4184FEC
:101EC00097F800C081034CFA00F301F1006213F0AF
:101ED000010302F50E321FD11468124DAC421AD123
:101EE000114E0E4411460D1DB54204EBF37302D0A2
:101EF0004C682946F7E743F67871515899420AD160
:101F0000012303FA00F040EA0C0C87F800C003E05C
:101F100000221046704700221046F0BC704700BFF8
:101F20006C9A0020544E4F43787702084FF6FF72A8
:101F300038B50A4D90422A800CD00446FFF7BCFF0A
:101F400050B1014643F67C7205482C8000F06CFECF
:101F5000002002E0002000E0012038BD6E9A002041
:101F6000F808002030B4064B064C074800224FF614
:101F7000FF751A7025804FF4E43130BC00F0AABA26
:101F80006C9A00206E9A00200038020803680360F3
:101F900070B40023961E01F00F04436002EB44046A
:101FA00003621A460163C360334623F8022FA3423B
:101FB000FBD11025836843F0040383603246036835
:101FC000590702D483685B07F9D432F8021F036C07
:101FD000A2420B441380F2D1013DEBD136F8023F0F
:101FE0001B09A6423380F9D170BC7047064A0748E6
:101FF000D36843F08003D360D3685B0602D4013812
:10200000FAD170470120704700280040FFFF03000D
:1020100010B50C4C236A03F00303032B11D0236A81
:1020200043F01903236244F62060EFF799F8236A1E
:102030009A0706D4636A43F001036362636A9B07ED
:10204000FCD510BD0010024021494A6938B54FF057
:10205000A04342F0805200244FF080504A619C60BF
:1020600098609A6842F000429A609A68002AFCDB05
:102070009A6842F001029A604FF0A0421368D907B3
:10208000FCD5144B144C4FF4FC4500204FF080510C
:1020900055619461986099609A6842F000429A6034
:1020A0009A68002AFCDB99680A4A41F001019960AC
:1020B0001368DB07FCD5084B4FF4FC41516112203B
:1020C00093610221EFF766FF044B054A9A6038BD21
:1020D00000100240000100500000FC070003005007
:1020E0000000410100B583B0810101AA0348FFF758
:1020F0004DFFBDF8040003B05DF804FB0001005083
:102100004FF080431C4A596A13681C48CB1A83421B
:1021100025D910B51A4B116082B001AA19491C8843
:102120004FF0A040FFF732FFBDF80410164BBDF88A
:10213000062041F6C81000FB01F0000B04FB00F084
:10214000B0FBF2F000B26328188004DD0F4B1B8B4C
:10215000184400B201E04FF0FF3002B010BD0A4B4E
:10216000B3F90000632804DD084B1B8B184400B250
:1021700070474FF0FF307047EC0300201FA10700AD
:10218000BAF7FF1F41240100709A002008030020C5
:102190000A4B0B4A196810B44FF0FA60196080249A
:1021A0004FF480715C6018621963DA609A685DF8B8
:1021B000044B42F004029A60704700BF00010050D7
:1021C00000158000054A9368590706D5936843F0C7
:1021D000100393609368DB06FCD470470001005045
:1021E000054A08B5136813601B0601D5FEF7AAFF60
:1021F000BDE80840EFF70CB800010050054B1A6825
:1022000022F001021A6018611A6842F001021A6095
:10221000704700BF00540040034A0448D36943F4A8
:102220000013D361FFF7EABF00100240645054016D
:1022300030B4124DAB691C04FCD4130443EA4003D0
:1022400028680E4C43F0007343F4005340F0010043
:1022500028600A446B60A36913F0110FFBD0A369D7
:10226000DB0602D50020206005E011F8013BA362E7
:102270009142F0D1012030BC704700BF00540040B3
:10228000074B08481B68084A00EA530002EAD302D9
:1022900003F00F33104423F070631844704700BFFD
:1022A00000280040383838000E0E0E00074B084852
:1022B0005B68084A00EA530002EAD30203F00F33D6
:1022C000104423F070631844704700BF002800409A
:1022D0001808780006021E0010B5FFF7D1FF01466E
:1022E000FFF7E4FF0304C1F34604CA0803F47F03C5
:1022F000234302F4FF524909134301F4FF2142032F
:102300001943C0F3074002F0FF531943143041EA68
:10231000406010BD10B50446FFF768FE10B1044BD5
:1023200019605C60024AD36823F08003D36010BD5B
:1023300000280040104A38B51368104C43F48073ED
:102340001360FFF765FE226A236A12F0020F14BFC2
:102350004FF401454FF4024503F40343AB4209D067
:1023600000234FF4803222622362FFF751FE236A7A
:102370001D43256238BD00BF0070004000100240C0
:1023800038B5FFF7D7FF154B1B6A13F4407324D001
:10239000134A1449144C5320CA2555625062D06820
:1023A000B3F5807F18BF2146C30602D513698B425F
:1023B0000FD0FFF71BFE30B1094B00208022986040
:1023C000DA6019611961064AD36823F08003D3608B
:1023D00003E0D36823F02003D36038BD001002402F
:1023E00000280040FF007F00E70327000C4AD36865
:1023F000DB0313D49FED0B7ADFED0B7AE0EE077A67
:10240000FDEEE77A17EE903AB3F5806F06D8C3F584
:10241000FF73013348F2FF110B40D363704700BFD5
:1024200000280040BD37863F00C0FF43094ADFED6A
:102430000A7AD36BD26BC3F30803120454BF5B4216
:10244000C3F5007300EE103AB8EEC00A20EE270A7A
:10245000704700BF002800400024743F0549064A29
:10246000CB6943F00053CB61136843F480331360AE
:10247000704700BF0010024000740040014B5861DB
:10248000704700BF0074004038B504460D460E206A
:102490000321EFF77FFD0B4B0B490C485D6043F2C6
:1024A000A7529960DC601A60C269094B002142F4AE
:1024B000804201254FF45B64C26119605D6019625E
:1024C000DC6138BD440002400C380040001002407E
:1024D00000380040114B124A014410B48842114C9C
:1024E0005C605A6016D2DA68012AFCD01A6942F0A0
:1024F00002021A6158611A6942F040021A61DA68F0
:10250000012AFCD01A6900F5006022F00202814223
:102510001A61E8D85DF8044B704700BF0020024004
:10252000AB89EFCD2301674570B516460C461146C1
:102530000546FFF7CFFF760818D00D4B214604EB78
:102540004604DA68012AFCD01A6931F8020B42F01D
:1025500001021A612880DA68012AFCD01A69A142B6
:1025600022F0010205F102051A61EAD170BD00BF37
:10257000002002401C481D4A41691D4B41F4FC01EA
:1025800070B441614FF0904100201A4E1A4C4860DF
:102590008E60CC604FF6DF144C61184D184C086209
:1025A0004D620C60174C184D50606FF00F064FF6DF
:1025B000FF719660D5605161146204F12A4404F5FC
:1025C000A124124D556204F29F2414604FF0FF3590
:1025D0000F4C58604FF080629D60DC60596170BCA8
:1025E000186258621A6070470010024000040048E8
:1025F000000800480000FFFFAA0101A870E70E00D4
:1026000000FCAA6A005055005055555544005550DD
:10261000555555014368F0B401258D40C2F380043F
:102620008C4023EA0503234343604E00032385685F
:10263000B340DB43C2F3C1041D40B4402C4384606B
:10264000C468C2F341151C40B54001F0070725439B
:1026500002F00304BF0004FA06F60F24C2F3C3120B
:10266000BC40022EC56002FA07F2C1F3C0016FEA56
:1026700004040BD100EB81010D6A2C4022430A6255
:102680000268134043F00203036009E005682B4031
:1026900000EB8101334303600B6A1C4022430A6252
:1026A000F0BC7047054B1868586010F4704F03D0A9
:1026B000C0F30330F4F7FAB8704700BF00000240DF
:1026C000044A536903F00203536113B10120FEF77A
:1026D00031BD704700040140044A536903F004030C
:1026E000536113B10220FEF725BD7047000401407D
:1026F000044A536903F00803536113B10320FEF742
:1027000019BD70470004014008B506210720EFF706
:1027100041FC06210820EFF73DFC06210920BDE819
:102720000840EFF737BC00BF0F2870B412D88308F9
:102730009B0003F1804303F5803300F00302940013
:102740009D680F26A640C1F3031225EA0605A240A4
:102750002A439A600E4A012300F01F0003FA00F09A
:102760009368C443CD074CBF034323409360084A9A
:10277000D36889074CBF03432340D360044B1968D7
:10278000084318605A6822405A6070BC704700BF06
:10279000000401400649074ACB6910B443F0020324
:1027A000054CCB612020946250605DF8044B70476B
:1027B00000100240000400403F19010010B401392C
:1027C000012400220523C162446142625DF8044B8A
:1027D000036070472DE9F0470022044640F2FF17DE
:1027E00001E00132083492FAA2F3DB0D96B2B34253
:1027F00000EBC30508D923682E6826602B60636848
:102800006E6866606B60ECE7BE42EAD14FF0090982
:102810004FF4807E0125DFF8CCC04EE007F07F0347
:10282000C3F180020CEB83030CEB820293ED005AA0
:10283000D2ED004A3B0649D4013677441FFA86FAA6
:1028400009B9B1EE455A0AEB050292B200EBCA0390
:1028500000EBC204D4ED017AD3ED006AD4ED005A46
:1028600025EE677AA5EEA47A76EEC76A67EEA47ABB
:10287000C4ED006A93ED006AD3ED016AE5EE857A56
:1028800036EE077A76EEE76A83ED007AC4ED016AE8
:1028900093ED017A2A4477EE277A1FFA82FABAF585
:1028A000007FC3ED017ACED3B045B7D16D00B9F149
:1028B0000109ADB24FEA5E0E0FD005F1FF38774641
:1028C00000269FED075AF7EE004AB7E7F1EE457A8A
:1028D000B0EE645AF0EE674AAEE7BDE8F08700BF9D
:1028E00000000000F4820108FDEEC07A70B4F8EE3A
:1028F000E77A284B30EE670A0122B5EEC00AF1EE06
:1029000010FA44BFF7EE007A30EE270ADFED227AA4
:1029100020EE270AFCEEC07A17EE904A04F07F05FD
:10292000C5F1800603EB8606F8EE675AD6ED007A0D
:10293000C5F17F0603EB860696ED006A03EB85067C
:1029400096ED007AD6ED016AE30930EE650A36EEBF
:10295000676A76EEC76A02FA03F313F00A0FE6EE2F
:10296000007AA6EE807A05D0F0EE476AB0EE677A7C
:10297000F0EE667A13F0060F18BFF1EE677A13F0E7
:102980000C0F18BFB1EE477A80ED007A70BCC1ED34
:10299000007A7047F48201080000004410EE103AFB
:1029A00013F0FF4F23F000410FD1C9B39FED1D7A03
:1029B0001D481E4A60EE077A17EE903A23F0004158
:1029C000A0FB010102EB510205E01748184AA0FBE9
:1029D000010102EB510203F00043134307EE903A6A
:1029E00027EEA77AF0EE006A27EE277AB0EE406A6B
:1029F000F0EE475AE0EE265AA7EE266A85EE867A72
:102A000067EE277A27EEA77A27EE277AB0EE476A95
:102A1000A0EE266AA7EE260A86EE007A27EE270A9F
:102A2000704700BF0000804BABAAAAAAF21951263A
:102A3000F219512A10EE103A002B1EDDC3F31602D4
:102A400042F07C5207EE102ADFED0D6ADFED0D4AF1
:102A50009FED0D5A9FED0D0ADFED0D5A77EE266AB8
:102A600007EE903A84EEA66AF8EEE77AA7EE850ABA
:102A7000A7EE650A30EE460A70479FED060A7047DA
:102A80005643B43E721A993F1872B133A836ACC29D
:102A9000C4E4843F000080FF10EE103A002B1EDDDE
:102AA000C3F3160242F07C5207EE102ADFED0D6AE6
:102AB000DFED0D4A9FED0D5A9FED0D0ADFED0D5A2A
:102AC00077EE266A07EE903A84EEA66AF8EEE77A89
:102AD000A7EE850AA7EE650A30EE460A70479FED1D
:102AE000060A7047F45AB43E0F4FA640C6A8C03439
:102AF00041FABAC39A4E9040000080FFF0EEE07AAF
:102B0000F5EE407AF1EE10FAB0EEC07A10EE902AAF
:102B100010EE103A04D1B5EE407AF1EE10FA44D03E
:102B2000F4EEC77AF1EE10FA1CD5C7EE876ADFED36
:102B3000204A9FED205ADFED205A9FED206A9FED3D
:102B4000207A9FED200A66EEA67AA7EEA45AE5EE5B
:102B5000275AA5EEA76AA6EE277AF0EE477AA6EEE8
:102B6000C70A17E0C7EE276A9FED115ADFED115A29
:102B70009FED116A9FED117A9FED110A66EEA67A1C
:102B8000E7EE855AA7EEA56AA7EE867AA7EE870A32
:102B900020EE260A002ABCBFDFED0B7A37EEC00A12
:102BA000002B04DAB1EE400A70479FED080A704727
:102BB00009E0983F95219CC06B2825418B6697C101
:102BC000092765420000B4420000344300000000C1
:102BD000DFED147A20EE270A10B4BDEEC00A43F2EE
:102BE000D14010EE102A02F17E52C2F3CF11C1EB98
:102BF000C10404EBC41400EBA43043F6DE5301FB24
:102C000000F003EBA04301FB03F39B13A3F59D33FB
:102C1000623B01FB03F302EBE32200EE102A5DF8B6
:102C2000044B70473BAA384B0A44914200F1FF33F2
:102C300000D1704710B511F8014B03F8014F9142D4
:102C4000F9D110BD02440346934200D1704703F806
:102C5000011BF9E7C9B2034610F8012B1AB18A42E9
:0E2C6000F9D118467047002918BF0023F9E784
:102C700047656F6D004172697468000055534200EA
:102C800053455249414C0000444F5420272E270001
:102C9000434F4D4D4120272C27000000424D50004E
:102CA0005449464600000000F0850108749A00204F
:102CB000749A0020749A0020F0850108000000003A
:102CC0000000000000000000F08501080000000086
:102CD0000000000000000000F08501080000000076
:102CE0000000000000000000F08501080000001056
:102CF0000000001000000010F08501080000000036
:102D00000000000000000000F08501080000000045
:102D10000000000000000000F08501080000000035
:102D200000000000000000006D61696E00000000FE
:102D3000482D0108F00300202805002001000000B4
:102D4000990C00080000000069646C650000000038
:102D5000737461636B206F766572666C6F770000C9
:102D600025180008191800080D1800080118000897
:102D70000000000000000000000000000000000053
:102D80004D190008411900082519000819190008F3
:102D90000000000000000000000000000000000033
:102DA0000000000001000000000000000000000022
:102DB000B51C0008B11E0008351F00084000400087
:102DC000C0060020C0060020206B4D475450455AD5
:102DD00059000000286E756C6C290000010000008D
:102DE0000A00000064000000E80300001027000053
:102DF000A086010040420F008096980000E1F50592
:102E000000CA9A3B6D1D6E7066617A790000000001
:102E10000000000000000000112800080000000071
:102E2000808182838485868788898A8B8C8D8E8F2A
:102E3000909192939495969798999A9B9C9D9E9F1A
:102E4000808182838485868788898A8B8C8D8E8F0A
:102E5000B0B1B2B3B4B5B6B7B8B9BABBBCBDBEBFFA
:102E6000C0C1C2C3C4C5C6C7C8C9CACBCCCDCECFEA
:102E7000D0D1D2D3D4D5D6D7D8D9DADBDCDDDEDFDA
:102E8000909192939495969798999A9B9C9D9E9FCA
:102E9000F0F0F2F2F4F4F6F6F8F9FAFBFCFDFEFFBE
:102EA00001030507090E10121416181C1EEB76906C
:102EB00045584641542020200046415433322020BA
:102EC00020002A3A3C3E7C223F7F002B2C3B3D5B7E
:102ED0005D00000061001A03E0001703F80007031B
:102EE000FF000100780100013001320106013901C3
:102EF00010014A012E017901060180014D004302B3
:102F00008101820182018401840186018701870198
:102F100089018A018B018B018D018E018F01900146
:102F20009101910193019401F60196019701980195
:102F300098013D029B019C019D0120029F01A0017F
:102F4000A001A201A201A401A401A601A701A70159
:102F5000A901AA01AB01AC01AC01AE01AF01AF0107
:102F6000B101B201B301B301B501B501B701B801B7
:102F7000B801BA01BB01BC01BC01BE01F701C0012F
:102F8000C101C201C301C401C501C401C701C80117
:102F9000C701CA01CB01CA01CD011001DD01010049
:102FA0008E01DE011201F3010300F101F401F401CD
:102FB000F8012801220212013A020900652C3B02A5
:102FC0003B023D02662C3F024002410241024602A2
:102FD0000A015302400081018601550289018A01DC
:102FE00058028F015A0290015C025D025E025F028C
:102FF0009301610262029401640265026602670243
:10300000970196016A02622C6C026D026E029C01AD
:10301000700271029D01730274029F0176027702B1
:10302000780279027A027B027C02642C7E027F02A3
:10303000A60181028202A90184028502860287021A
:10304000AE014402B101B20145028D028E028F022F
:1030500090029102B7017B030300FD03FE03FF030F
:10306000AC0304008603880389038A03B1031103B8
:10307000C2030200A303A303C4030803CC03030099
:103080008C038E038F03D8031801F2030A00F9039F
:10309000F303F403F503F603F703F703F903FA0365
:1030A000FA033004200350041007600422018A044C
:1030B0003601C1040E01CF040100C004D004440154
:1030C00061052604000000007D1D0100632C001E28
:1030D0009601A01E5A01001F0806101F0606201F99
:1030E0000806301F0806401F0606511F0700591F1B
:1030F000521F5B1F541F5D1F561F5F1F601F080676
:10310000701F0E00BA1FBB1FC81FC91FCA1FCB1FCD
:10311000DA1FDB1FF81FF91FEA1FEB1FFA1FFB1F47
:10312000801F0806901F0806A01F0806B01F040095
:10313000B81FB91FB21FBC1FCC1F0100C31FD01F77
:103140000206E01F0206E51F0100EC1FF31F01004D
:10315000FC1F4E2101003221702110028421010048
:103160008321D0241A05302C2F04602C0201672CF7
:103170000601752C0201802C6401002D260841FFF8
:103180001A0300001004110412041304140415049B
:1031900016041704180419041A041B041C041D0443
:1031A0001E041F04200421042204230424042504F3
:1031B00026042704280429042A042B042C042D04A3
:1031C0002E042F0430043104320433043404350453
:1031D00036043704380439043A043B043C043D0403
:1031E0003E043F049125922593250225242561253F
:1031F0006225562555256325512557255D255C25D6
:103200005B251025142534252C251C2500253C255F
:103210005E255F255A25542569256625602550259C
:103220006C2567256825642565255925582552256F
:1032300053256B256A2518250C25882584258C2582
:10324000902580254004410442044304440445047D
:1032500046044704480449044A044B044C044D0402
:103260004E044F0401045104040454040704570499
:103270000E045E04B0001922B7001A221621A40021
:10328000A025A0000FF03FFC7FFE7C3EF81FF00F52
:10329000F00FF00FF00FF00FF00FF00FF00FF00F36
:1032A000F00FF00FF00FF81F7C3E7FFE3FFC0FF099
:1032B00000F001F003F007F00FF00FF00EF00CF04B
:1032C00000F000F000F000F000F000F000F000F07E
:1032D00000F000F000F003FC03FC03FC0FF03FFCE7
:1032E0007FFE7C3EF81FF00FF00F001F003F007EB6
:1032F00000FC01F803F007E00FC01F803F007E00D4
:10330000FC00FFFFFFFFFFFF0FF03FFC7FFE7C3E56
:10331000F81FF00FF00F001E003E01FC01F801FC49
:10332000007E001F000FF00FF00FF81F7C3E7FFEA5
:103330003FFC0FF001F801F803F803F807F807F86D
:103340000FF80F781F781E783E783C787C78787874
:10335000F878FFFFFFFFFFFF007800780078007823
:10336000FFFFFFFFFFFFF000F000F000F000F7F0BC
:10337000FFFCFFFEFC3EF81F000F000F000F000FC8
:10338000F00FF81F7C3E7FFE3FFC0FF00FF03FFC7C
:103390007FFE7C3EF81FF00FF000F000F7F0FFFC1E
:1033A000FFFEFC3EF81FF00FF00FF00FF00FF81FBC
:1033B0007C3E7FFE3FFC0FF0FFFFFFFFFFFF001F83
:1033C000003E007C00F801F001E003E003C007C00C
:1033D000078007800F800F000F000F000F000F0005
:1033E0000F000F0007E01FF83FFC7C3E781E781EA0
:1033F000781E3C3C1FF80FF03FFC7C3E781EF00F1F
:10340000F00FF00FF00FF81F7C3E7FFE3FFC0FF037
:103410000FF03FFC7FFE7C3EF81FF00FF00FF00F27
:10342000F00FF81F7C3F7FFF3FFF0FFF000F000FE3
:10343000F00FF81F7C3E7FFE3FFC0FF00000000005
:10344000000000000000000000000000000000007C
:1034500000000000000000000000000000000380E9
:1034600007C007C00380000000000000000000004B
:103470000000000000000000000000003FFC3FFCD6
:103480003FFC3FFC000000000000000000000000C6
:103490000000000000000000004000C001C003C0A8
:1034A00007C00FFF1FFF3FFF7FFFFFFF7FFF3FFFB3
:1034B0001FFF0FFF07C003C001C000C00040000095
:1034C000F000F000F000F000F000F000F03EF07CC2
:1034D000F0F8F1F0F3E0F7C0FF80FF00FF00FF809D
:1034E000F7C0F3E0F1F0F0F8F07CF03EF00FF00FF1
:1034F000F81FF81FFC3FFC3FFE7FFE7FFFFFFFFF32
:10350000FFFFFFFFF7EFF7EFF3CFF3CFF18FF18F6F
:10351000F00FF00FF00FF00F0FF03FFC7FFE7C3E3E
:10352000F81FF00FF00FF00FF000F000F000F000C7
:10353000F03FF03FF03FF007F00FF81F7C3F7FFFB8
:103540003FF70FE70000000000000000000000004F
:1035500000000000EE1CFF3EFFFFFFFFF3CFF3CFA4
:10356000F3CFF3CFF3CFF3CFF3CFF3CFF3CFF3CF4B
:10357000000000000000000000000000F01EF01E2F
:10358000F01EF01EF01EF01EF01EF01EF83EFC7E37
:10359000FFFEFFFFF7CFF387F000F0000000000010
:1035A000000000000000000000000000F1F0F7FC47
:1035B000FFFEFE3EFC1FF80FF00FF00FF00FF00FB4
:1035C000F00FF00FF00FF00F0000000000000000FF
:1035D00000000000F3F0F7FCFFFEFE1FFC0FF807F1
:1035E000F807F807FC0FFE1FFFFEF7FCF3F0F000F2
:1035F000F000F00000030007000F001F003F007FF5
:10360000000F000F000F60CFF1EF7BCF3F8F1F0F38
:103610001F0F3F8F7BCFF1EF60CF000F000F000F28
:10362000F45F8644F54484C4F44400000000000FB5
:10363000000F000F000F000F000F000F180F380FC2
:103640007FFFFFFFFFFF7FFF3800180000003C00F6
:103650007E00E703C307C30FE71E7E3C3C7800F003
:1036600001E003C007800F001E3C3C7E78E7F0C3FA
:10367000E0C3C0E7007E003C000606062666FEFEAC
:1036800060200000101038386C6CC6C6FE00028046
:10369000C0E0F0F8F0E0C0800000006EDB91998996
:1036A000DB7600000000103060FEFE60301000008D
:1036B0000010180CFEFE0C18100001000000FC6C3D
:1036C0006C6CECCC0000000000C6C6C6C6EED6C0CE
:1036D000007CC6C6C6C6C66C6CEE000270D8D87038
:1036E00000000000000004000000000000000000D6
:1036F00000046060606060600060600002D8D8D83C
:1037000000000000000000025050F8F850F8F85097
:10371000500000307CB0B0783434F83000609296BD
:103720006C18306CD2920C000070D8D87072DCCC5F
:10373000DC720003E0E060C0000000000000033025
:103740006060C0C0C06060300003C0606030303076
:103750006060C00001000020A870A82000000001E7
:1037600000003030FCFC303000000400000000009D
:103770000040E060C00100000000FCFC0000000010
:103780000400000000000040E04000010C0C18188C
:10379000306060C0C0000178CCCCDCECCCCCCC7804
:1037A00000013070B03030303030FC000178CCCCCB
:1037B0000C3860C0C0FC000178CCCC0C380CCCCCF0
:1037C0007800010C1C3C6CCCCCFC0C0C0001FCC047
:1037D000C0F8CC0C0CCC78000178CCC0C0F8CCCCB4
:1037E000CC780001FC0C0C181830306060000178B7
:1037F000CCCCCC78CCCCCC78000178CCCCCC7C0CAC
:103800000CCC7800040040E0400040E040000004A0
:103810000040E0400040E0408000010C183060C0F3
:103820006030180C0001000000FC0000FC000000EB
:1038300001C06030180C183060C0000178CCCC0C8E
:1038400018300030300001788C8CBCACB8808C789B
:10385000000178CCCCCCFCCCCCCCCC0001F8CCCCCE
:10386000CCF8CCCCCCF8000178CCCCC0C0C0CCCC4F
:10387000780001F8CCCCCCCCCCCCCCF80001FCC08E
:10388000C0C0F8C0C0C0FC0001FCC0C0C0F8C0C0CF
:10389000C0C0000178CCCCC0C0DCCCDC6C0001CC5A
:1038A000CCCCCCFCCCCCCCCC0003F06060606060B5
:1038B0006060F000010C0C0C0C0C0C0CCC780001BE
:1038C000CCCCCCD8F0D8CCCCCC0001C0C0C0C0C0CF
:1038D000C0C0C0FC0000C6C6EEEED6D6D6C6C60036
:1038E00001CCCCECECFCDCDCCCCC000178CCCCCC3E
:1038F000CCCCCCCC780001F8CCCCCCF8C0C0C0C0CB
:10390000000178CCCCCCCCCCECDC780C01F8CCCC65
:10391000CCF8D8CCCCCC000178CCCC603018CCCC56
:10392000780001FCB4303030303030300001CCCC85
:10393000CCCCCCCCCCCC780000C6C6C66C6C6C3879
:1039400038100000C6C6C6D6D6D6D6FE6C0001CC4E
:10395000CCCC483048CCCCCC0001CCCCCCCC7830D2
:103960003030300001FC0C0C183060C0C0FC00038B
:10397000F0C0C0C0C0C0C0C0F00001C0C0606030B6
:1039800018180C0C0003F030303030303030F000BC
:10399000013078CC8400000000000001000000002D
:1039A00000000000FCFC03C06030000000000000CC
:1039B0000001000000780C7CCCCC7C0001C0C0C0B1
:1039C000D8ECCCCCECD8000100000078CCC0C0CC46
:1039D0007800010C0C0C6CDCCCCCDC6C0001000021
:1039E0000078CCFCC0CC780001386C6060F060607E
:1039F0006060000100000074CCCCCC7C0C7801C06D
:103A0000C0C0D8ECCCCCCCCC0003606000E06060DF
:103A10006060F000010C0C000C0C0C0C0CCC78015C
:103A2000C0C0C0CCD8F0F0D8CC00017030303030FD
:103A3000303030FC0000000000ECFED6D6D6D600B8
:103A400001000000D8ECCCCCCCCC00010000007808
:103A5000CCCCCCCC780001000000D8ECCCCCF8C0A9
:103A6000C0010000006CDCCCCC7C0C0C0100000020
:103A7000D8ECC0C0C0C0000100000078CC6018CCF9
:103A8000780001006060F86060606C380001000040
:103A900000CCCCCCCCDC6C0001000000CCCC484885
:103AA00030300000000000C6C6D6D6FE6C00010013
:103AB0000000CC48303048CC0001000000CCCCCC19
:103AC0007C0CCC7801000000FC0C1860C0FC0002EB
:103AD00038606060C0606060380003606060606093
:103AE000606060600002E030303018303030E0005C
:103AF0000164FC98000000000000000002000000CB
:103B000000000000A91A0008091B0008400040003E
:103B1000C4080020D00800200300000000000000BE
:103B2000451B00080000000010000000DC08002019
:103B3000000000003C060020010102003D57000883
:103B4000F95700081D1A000821570008430000001B
:103B5000543B010809024300020100C0FA090400B5
:103B600000010202000005240010010524010001EB
:103B7000042402020524060001070582030800FF51
:103B800009040100020A00000007050102400000CC
:103B9000070581024000000012000000A03B010860
:103BA000120110010200004083044057000201028C
:103BB000030100000403090418036E0061006E0095
:103BC0006F0076006E0061002E0063006F006D00D4
:103BD00016034E0061006E006F0056004E0041005B
:103BE0002D0048003400000008033400300030008D
:103BF00004000000B43B010818000000B83B0108B5
:103C000016000000D03B010808000000E83B010856
:103C1000312E322E35362D73670000007363616ECE
:103C200000000000746F6F206D616E792061726713
:103C3000756D656E74732C206D617820340D0A00EB
:103C4000082008000100FFFE000002009FFE0100A6
:103C500004009FFE020008007FFE03011000FFFE2B
:103C60000401000062616E647769647468202564F1
:103C700020282575487A290D0A00000025732000A8
:103C800075736167653A2063616C205B25735D0D18
:103C90000A0000006C6F61647C6F70656E7C7368F5
:103CA0006F72747C746872757C69736F6C6E7C64FF
:103CB0006F6E657C6F6E7C6F66667C726573657413
:103CC0000000000075736167653A20636C6561727E
:103CD000636F6E666967207B70726F746563746969
:103CE0006F6E206B65797D0D0A0000003132333430
:103CF000000000004B657920756E6D617463686526
:103D0000642E0D0A00000000436F6E666967206133
:103D10006E6420616C6C2063616C2064617461204E
:103D2000636C65617265642E0D0A446F2072657361
:103D30006574206D616E75616C6C7920746F207490
:103D4000616B65206566666563742E205468656ED8
:103D500020646F20746F7563682063616C20616EEE
:103D60006420736176652E0D0A000000757361672B
:103D7000653A20636F6C6F72207B69647D207B7273
:103D8000676232347D0D0A00202532643A20307893
:103D9000253036780D0A000075736167653A206337
:103DA0006F6E666967207B25737D205B307C315D9B
:103DB0000D0A000075736167653A206461746120C3
:103DC0005B61727261795D0D0A0000002566202535
:103DD000660D0A0025366420000000007331317C36
:103DE000733231006F6E7C6F6666000075736167B9
:103DF000653A2066726571207B6672657175656EC5
:103E0000637928487A297D0D0A000000436F6D6DA3
:103E1000616E64733A000000202573004E616E6F7E
:103E2000564E412C4E616E6F564E412D4820342C1B
:103E300025732C25730D0A00256420256420257523
:103E40000D0A00006D61726B6572205B6E5D205B18
:103E500025737C7B696E6465787D5D0D0A000000CA
:103E60006F6E7C6F666600006C696E7C6C6F677C41
:103E700072697C72787C726C637C67627C676C634D
:103E80007C727078707C72706C637C727873687C02
:103E9000726C6373687C72787365727C726C637326
:103EA0006572000075736167653A206D65617375B1
:103EB0007265207B25737D0D0A0000006E6F6E65B4
:103EC0007C6C637C6C637368756E747C6C63736507
:103ED000726965737C7874616C7C66696C746572F8
:103EE0007C6361626C657C7265736F6E616E636525
:103EF000000000006175746F7C6176677C636F6E93
:103F00006E656374696F6E7C6D6F64657C677269E2
:103F1000647C646F747C626B7C666C69707C7365B6
:103F200070617261746F727C746966007573616729
:103F3000653A206D73672064656C6179205B7465F8
:103F400078745D205B6865616465725D0D0A0000D0
:103F50006F6666736574207B6672657175656E63E6
:103F600079206F666673657428487A297D000000A1
:103F700075736167653A20706F776572207B302DAD
:103F8000337D7C7B323535202D206175746F7D0D3E
:103F90000A706F7765723A2025640D0A00000000F0
:103FA0004572722C2064656661756C74206C6F615B
:103FB000640D0A00726563616C6C000064667500D4
:103FC000506572666F726D696E6720726573657495
:103FD00020746F20444655206D6F64650D0A000003
:103FE000506572666F726D696E6720726573657475
:103FF0000D0A00007361766500000000757361674B
:10400000653A20257320302E2E25640D0A0000000D
:10401000436F6E6669672073617665640D0A000000
:104020007363616C657C726566706F73000000007D
:1040300075736167653A207363616E207B73746189
:10404000727428487A297D207B73746F7028487AAF
:10405000297D205B706F696E74735D205B6F757472
:104060006D61736B5D0D0A006672657175656E63D7
:10407000792072616E676520697320696E76616C64
:1040800069640D0A00000000737765657020706F29
:10409000696E747320657863656564732072616E00
:1040A0006765203430310D0A0000000025752000BE
:1040B00025662025662000006572723A206E6F200A
:1040C000636172640D0A00004F4B0000657272005C
:1040D00075736167653A2073645F64656C657465C8
:1040E000207B66696C656E616D657D0D0A00000060
:1040F00064656C6574653A2025732025730D0A008C
:104100002A2E2A0075736167653A2073645F6C69B3
:104110007374207B7061747465726E7D0D0A00008B
:1041200025732025750D0A0075736167653A207344
:10413000645F72656164207B66696C656E616D6544
:104140007D0D0A006572723A206E6F2066696C659B
:104150000D0A0000736D6F6F7468207B302D387D01
:104160000000000025752025752025640D0A00003B
:1041700075736167653A207377656570207B73742A
:1041800061727428487A297D205B73746F702848A7
:104190007A295D205B706F696E74735D0D0A097317
:1041A00077656570207B25737D207B66726571283D
:1041B000487A297D0D0A00007463786F207B544390
:1041C000584F206672657175656E637928487A2943
:1041D0007D0000007468726573686F6C64207B6694
:1041E00072657175656E637920696E206861726DA4
:1041F0006F6E6963206D6F64657D00007573616724
:10420000653A2025730D0A63757272656E743A20E3
:1042100025750D0A000000006200000032302530D4
:1042200032782F253032782F2530327820253032E1
:10423000783A253032783A253032780D0A75736134
:1042400067653A2074696D65207B5B25735D20305E
:104250002D39397D206F72207B6220307859594D7D
:104260004D444420307848484D4D53537D0D0A004D
:10427000666972737420746F7563682075707065F9
:1042800072206C6566742C207468656E206C6F7784
:1042900065722072696768742E2E2E00646F6E65D9
:1042A0000D0A746F7563682063616C2070617261C0
:1042B0006D733A2025642025642025642025640D33
:1042C0000A00000025642025732025732025662020
:1042D00025660D0A00000000616C6C006F666600C8
:1042E00025642025732025730D0A00007472616314
:1042F00065207B307C317C327C337C616C6C7D2032
:104300005B25735D205B7372635D0D0A747261637C
:1043100065207B307C317C327C337D205B25735D76
:104320000D0A7472616365207B307C317C327C3392
:104330007D207B25737D207B76616C75657D0D0A04
:104340000000000075736167653A207472616E73D6
:10435000666F726D207B25737D205B2E2E2E5D0D8A
:104360000A0000006F6E7C6F66667C696D70756C0C
:1043700073657C737465707C62616E647061737365
:104380007C6D696E696D756D7C6E6F726D616C7C34
:104390006D6178696D756D006C6F676D61677C70BC
:1043A000686173657C64656C61797C736D69746840
:1043B0007C706F6C61727C6C696E6561727C737706
:1043C000727C7265616C7C696D61677C727C787CE3
:1043D0007A7C7A707C677C627C797C72707C787085
:1043E0007C63737C6C737C63707C6C707C717C729E
:1043F0007365727C787365727C7A7365727C727394
:10440000687C7873687C7A73687C7132317C7377EE
:1044100072616E740000000053657269616C3A202D
:10442000257520626175640D0A0000002564206D09
:10443000560D0A0025730D0A000000001C3C0108FF
:104440002573000803003C470108F97500080300C4
:104450004847010861660008000050470108F972EA
:10446000000800005C470108356600080F0064473B
:104470000108557A00080F006C47010829670008F9
:10448000080074470108056600080D007C47010814
:10449000696900080800884701080D6500080400E4
:1044A00090470108956400080700984701081964BF
:1044B00000080700A0470108D56300080700AC47C3
:1044C0000108996300080800B8470108596300080B
:1044D0000800C4470108956200080300CC470108A2
:1044E000516200080300D8470108155D0008030069
:1044F000E4470108C55D00080E00EC470108DD77C0
:1045000000080F00F44701081D6200080B00F8477F
:104510000108897D00080100F43F0108DD61000801
:104520000800B43F0108717700080F00FC4701083C
:10453000CD7F0008080004480108F577000808004E
:104540000C480108AD810008080014480108798270
:1045500000080800204801082168000807002848D2
:104560000108A56100080F0030480108E55B00085C
:10457000070038480108ED5C0008070040480108C2
:10458000C15C00080700484801088D610008080068
:10459000504801085D610008080058480108096199
:1045A00000080B0060480108D56000080F00B04704
:1045B0000108916000080F0068480108798300082D
:1045C0000F0074480108255C00080F007C480108B2
:1045D00069600008080088480108BD5F00080800FD
:1045E000944801088D5F00080800A0480108515F49
:1045F00000080000A84801082D5F00080000B0482E
:1046000001081D5F00080000B84801080183000888
:104610000000C0480108018300080000C8480108E4
:104620006D5E0008080000000000000000000000AF
:10463000010027000000000000004F000000000003
:10464000000077000000000000009F000000000054
:104650000000C700000000000000EF0000000000A4
:10466000000017010000000000003F0100000000F2
:1046700001000003000020410000E04001000102B1
:10468000000020410000E040010300030000803FE3
:1046900000000000010101020000B442000080405F
:1046A0000605040201000000004701080847010850
:1046B000104701081847010820470108284701084A
:1046C0002C47010830470108344701080D0A4E61A4
:1046D0006E6F564E41205368656C6C0D0A000000E9
:1046E00063683E200000000025733F0D0A000000B3
:1046F000424DE0014001080163683E200D0A0000C0
:104700006C6F6164000000006F70656E0000000057
:1047100073686F72740000007468727500000000A6
:1047200069736F6C6E0000004573000045720000F5
:104730004574000063616C27656400007363616EFB
:104740005F62696E00000000646174610000000037
:104750006672657175656E63696573006672657111
:10476000000000007377656570000000706F77656A
:10477000720000006F6666736574000062616E64AB
:10478000776964746800000074696D65000000005A
:1047900073645F6C6973740073645F726561640055
:1047A00073645F64656C65746500000073617665B1
:1047B000636F6E6669670000636C656172636F6E3C
:1047C0006669670064756D7000000000746F756342
:1047D0006863616C00000000746F756368746573D2
:1047E0007400000070617573650000007265737578
:1047F0006D6500006D73670063616C0074726163C6
:10480000650000006D61726B657200006564656C27
:10481000617900007332316F666673657400000061
:1048200063617074757265006D65617375726500A2
:104830007265667265736800746F75636800000066
:1048400072656C65617365007662617400000000DA
:104850007463786F00000000726573657400000077
:10486000736D6F6F7468000075736172745F636657
:1048700067000000757361727400000076626174F5
:104880005F6F6666736574007472616E73666F72D3
:104890006D0000007468726573686F6C64000000DE
:1048A00068656C7000000000696E666F00000000B3
:1048B00076657273696F6E002A49444E3F000000AE
:1048C0002A69646E3F000000636F6C6F7200000025
:1048D0005331310053323100426F6172643A204EDD
:1048E000616E6F564E412D48203400003230313910
:1048F0002D3230323420436F7079726967687420CA
:10490000404469536C6F726420286261736564204F
:104910006F6E204065647935353520736F7572632D
:10492000652900004C6963656E73656420756E646B
:1049300065722047504C2E00202068747470733AC2
:104940002F2F6769746875622E636F6D2F446953EA
:104950006C6F72642F4E616E6F564E412D44000095
:10496000446F6E61746520737570706F72743A0075
:1049700020205765624D6F6E65793A205A33313386
:1049800038323238363931313900000056657273A9
:10499000696F6E3A20312E322E35362D7367205BCB
:1049A000703A3430312C2049463A31326B2C204158
:1049B00044433A3338346B2C204C63643A343830F7
:1049C000783332305D0000004275696C64205469B0
:1049D0006D653A20417567203238203230323620FA
:1049E0002D2031383A35383A323000004172636850
:1049F00069746563747572653A2041524D76374526
:104A00002D4D20436F72652056617269616E743A54
:104A100020436F727465782D4D344600506C61747C
:104A2000666F726D3A2053544D33324633303378CB
:104A30004320416E616C6F67202620445350000074
:104A400073746172747C73746F707C63656E74656B
:104A5000727C7370616E7C63777C737465707C7636
:104A600061720000797C6D7C647C687C6D696E7C11
:104A70007365637C70706D00D0480108D4480108EC
:104A8000220020090000000000000000000000FFDC
:104A9000FFFF0100906500000110110000000100FF
:104AA000000E270701201100000001000100000096
:104AB00002041111000001000084D71702085323DB
:104AC00014140100002B0C230206532314140100BC
:104AD00003000000020453231E1E01000500000015
:104AE000020475233C3C01000700000002049733D8
:104AF0004B4BFC00090000000204B933505A8C01F2
:104B00000B0000000204DB335F5F100200000000B6
:104B1000000000FFFFFF0100906500000108110088
:104B20000000010000E1F505012011000000010076
:104B300080A4BF0702081111000001000095BA0A05
:104B40000206111100000100010000000204111111
:104B500000000100000B6B1B0206531128283C00CB
:104B60000046C3230204531128283C000300000020
:104B70000204531332323C00008C86470204752332
:104B800046468C00050000000204752346468C0052
:104B900000D2496B020497334646FC000700000030
:104BA000020497334646FC0000180D8F0204B93307
:104BB00055558C01090000000204B9335F5F8C0178
:104BC0000B0000000204CB335F5F10020000000006
:104BD000000000FFFFFF0100007D0000010611132F
:104BE0000000010080A4BF0701281113000001008C
:104BF000010000000204111300000100002B0C232F
:104C00000206531300003C0003000000020453138B
:104C100000003C00050000000204753300008C0019
:104C200007000000020497332828FC000900000058
:104C30000204B93328288C010B0000000204DB3386
:104C4000282810020C4B0108884A0108CC4B0108A7
:104C5000108080802A323A000203FF041080808096
:104C600002B7400203F8000000000101044305916F
:104C7000060C070B08400B820C840D000E403C1103
:104C80001282138414403D071B4C1E88000101084A
:104C900002010A333D0047327B0134103610000018
:104CA000374000100C00000037040004C000000072
:104CB000000051C2520000014C432D53455249455A
:104CC000530000004F0002005300040044000100A4
:104CD000520040005300200054008000740008007F
:104CE0005800100045000004000000000000000013
:104CF00089A4000800000000B4006801C6028C0509
:104D00004808180B9213000034004B00690097000C
:104D1000B800D5001D0152007900B400F60048012A
:104D20008A010D02A100DF004801CB012E026F02B3
:104D30003403B8000D018A012E02900213031A04F5
:104D40006901EC01B102F903DF04A405900700003A
:104D500088500108EC5F0108F45F0108FC5F01085E
:104D6000046001080C600108257320254625732F77
:104D70000000000025732025302E316646530000C8
:104D80002520362E33460000180000004D25640013
:104D9000172571487A0000002571487A000000004C
:104DA0001725642D25643A0025632571487A000093
:104DB000254673202825466D290000004D25643ABC
:104DC0000000000025634564656C61793A20254642
:104DD00073202825466D2900533231206F66667393
:104DE00065743A20252E33466442000025632573FE
:104DF0002025313571487A00435700005354415201
:104E00005400000053544F500000000043454E54DE
:104E1000455200005350414E00000000535441528F
:104E200054203073202020205646203D2025642524
:104E30002500000053544F50202546732028254656
:104E40006D29000042573A2575487A202575700073
:104E500050256300732564004C6F772D736964657A
:104E600000486967682D7061737300486967682D31
:104E700073696465004C6F772D70617373005332F2
:104E8000312046494C54455200663A20252E36467C
:104E9000487A2028254664422900427720282D257B
:104EA000646442293A20252E3646487A00513A2039
:104EB00025460066282D2564293A00526F6C6C3A0D
:104EC000004C2F43206D6174636820666F722073FD
:104ED0006F75726365205A30203D2025302E316673
:104EE0001E004E6F204C43206D6174636820666F16
:104EF000722074686973004E6F206E656564206669
:104F00006F72204C43206D6174636800537263209C
:104F10007368756E7400536572696573004C6F61D8
:104F200064207368756E7400533131204341424CE4
:104F300045005A30203D2025461E005646203D2083
:104F4000252E3266252520284C656E677468203D25
:104F50002025466D29004C656E677468203D20252C
:104F6000466D202856463D2564252529004C6F7343
:104F700073203D202546644220617420252E34464E
:104F8000487A00417474203D20254664422F313018
:104F9000306D20617420252E3446487A005331311B
:104FA000205245534F4E414E4345002571487A2CBF
:104FB000202546252B6A461E005331312053575277
:104FC0002042570066303A20252E3646487A20285F
:104FD00053575220252E3266290025643A3120206D
:104FE000252E3446202D20252E3446487A20204276
:104FF0007720252E3346487A0025643A31202065F3
:10500000646765206F666620737765657000513A46
:1050100020252E316600513A202D2D2D0025466485
:10502000422F64656300254664422F6F6374004E0F
:105030006F7420666F756E640046733D2571487A03
:10504000004C6D3D2546482020436D3D25464620B9
:1050500020526D3D25461E00513D252E33660046EB
:10506000703D2571487A202017463D256400437025
:105070003D25464600000000000040400000C040C2
:10508000000020410000A0414D414E55414C000020
:1050900041444D495400000014120200481A020015
:1050A000C0330700184F070040771B00389C1C00D6
:1050B000E067350020753800009E3900C0FB3900DC
:1050C000C0CF6A00A0636F00201D9A0070E09A00B4
:1050D000809FD500B0F6DA0020B21301C038150168
:1050E000406F4001104D470190CA7B0130517D0156
:1050F000003FAB01A02FC50180F0FA0280F9370311
:1051000000449508004DD2088047A1198074D21A36
:1051100000E6E849006D7C4D14120200481A0200B6
:10512000C0330700184F070040771B0080841E0023
:10513000E067350000093D0044565100C07E520032
:10514000C0CF6A00A0636F00201D9A0070E09A0033
:10515000809FD500B0F6DA0020B21301C0381501E7
:10516000406F4001104D470190CA7B0130517D01D5
:10517000003FAB01A02FC50180F0FA0280F9370390
:1051800000449508004DD20880733B0D403A690DEC
:105190008047A1198074D21A806DC335002850371A
:1051A00000E6E849006D7C4D14120200481A020026
:1051B000C0330700184F0700509E1B0080841E005C
:1051C000E0673500C0FB39004CA85100E4E2510013
:1051D000C0CF6A0000DD6D00201D9A0070E09A00CB
:1051E000809FD500B0F6DA0020B21301C038150157
:1051F000406F4001104D470190CA7B0130517D0145
:10520000003FAB01A02FC50180F0FA020075190321
:105210000044950880C8B3088047A11900DE391AF8
:1052200000E6E849006D7C4D14120200481A0200A5
:10523000C0330700184F0700509E1B0080841E00DB
:10524000E0673500C0FB39004CA85100E4E2510092
:10525000C0CF6A0000DD6D00201D9A0070E09A004A
:10526000809FD500B0F6DA0020B21301C0381501D6
:10527000406F4001104D470190CA7B0130517D01C4
:10528000003FAB01A02FC50180F0FA0200751903A1
:10529000801D2C04A0BE33040044950880C8B308C8
:1052A0008047A11900DE391A00E6E849006D7C4DFF
:1052B00014120200481A0200C0330700184F0700FA
:1052C00040771B0080841E00E067350000093D0028
:1052D00044565100C07E5200C0CF6A00A0636F00E8
:1052E000201D9A0070E09A00809FD500B0F6DA0089
:1052F00020B21301C0381501406F4001104D470125
:1053000090CA7B0130517D01003FAB01A02FC50148
:1053100080F0FA0280F9370300449508004DD20866
:1053200080733B0D403A690D00B108198074D21AA0
:10533000806DC3350028503700E6E849006D7C4D8C
:1053400014120200481A0200C0330700184F070069
:1053500040771B0080841E00E067350060823B00C0
:105360004CA85100E4E25100C0CF6A0000DD6D009E
:10537000201D9A0070E09A00809FD500B0F6DA00F8
:1053800020B21301C0381501406F4001104D470194
:1053900090CA7B0130517D01003FAB01A02FC501B8
:1053A00080F0FA0280F9370300449508004DD208D6
:1053B0008047A11900DE391A00E6E849006D7C4DEE
:1053C00014120200481A0200C0330700184F0700E9
:1053D00040771B00509E1B00E8D81B00389C1C0027
:1053E000E067350060A03600B0E037005842380072
:1053F000F07C3800A0B33800E824390090863900EA
:1054000098D83900480F3A00C0CF6A0000DD6D001F
:10541000201D9A0070E09A00809FD500B0F6DA0057
:1054200020B21301C0381501406F4001104D4701F3
:1054300090CA7B0130517D01003FAB01A02FC50117
:1054400080F0FA0280F937030044950880C8B30859
:105450008047A11900DE391A00131A4B006D7C4DEC
:1054600014120200481A0200C0330700184F070048
:10547000509E1B0080841E00E0673500C0FB390091
:10548000043D5000247F5200C0CF6A0000DD6D0053
:10549000201D9A0070E09A00809FD500B0F6DA00D7
:1054A00020B21301C0381501406F4001104D470173
:1054B00090CA7B0130517D01003FAB01A02FC50197
:1054C00080F0FA0200751903801D2C04A0BE33047D
:1054D0000044950880C8B3088047A11900DE391A36
:1054E00000E6E84940E5F94E14120200481A0200AD
:1054F000C0330700184F070040771B0080841E0050
:10550000E067350000093D0044565100C07E52005E
:10551000C0CF6A00A0636F00201D9A0070E09A005F
:10552000809FD500B0F6DA0020B21301C038150113
:10553000406F4001104D470190CA7B0130517D0101
:10554000003FAB01A02FC50180F0FA0280F93703BC
:1055500000449508004DD20880733B0D403A690D18
:1055600000B108198074D21A806DC33500285037F5
:1055700000E6E849006D7C4D0102030202010103CF
:105580000300000018600108285201081100000003
:1055900020600108B05201081200000028600108D4
:1055A000405301081000000030600108E854010871
:1055B00012000000346001081851010812000000B8
:1055C0003C600108605401081100000040600108BF
:1055D000A85101081000000048600108C0530108EC
:1055E00014000000506001089850010810000000ED
:1055F000FB00051F064000001056010821000000B6
:105600009C5701081F0000001059010821000000EC
:1056100014120200B818020000000000B8180200BE
:10562000481A020001000000C0330700783F07005D
:1056300000000000783F0700184F0700010000003D
:10564000509E1B00B00B1C0000000000B00B1C00A3
:10565000381F1C0001000000381F1C0080841E0041
:1056600002000000E06735005079360000000000BD
:105670005079360080EE36000100000080EE3600E2
:10568000C0FB3900020000004CA8510010B25100CC
:105690000000000010B25100F0E0510002000000D4
:1056A000F0E05100E4E2510001000000C0CF6A00C8
:1056B000006C6B0000000000006C6B0010936B002E
:1056C0000100000010936B0000DD6D00020000007F
:1056D000201D9A0050929A000000000050929A00FB
:1056E00070E09A0001000000809FD500F0B0D60065
:1056F00000000000F0B0D600082AD700010000002A
:10570000082AD700B0F6DA000200000020B2130128
:10571000981B140100000000981B1401185A140172
:1057200001000000185A1401C038150102000000E1
:10573000406F4001B080410100000000B080410195
:1057400018BD42010100000018BD4201104D470183
:105750000200000090CA7B01382C7C010000000090
:10576000382C7C01B86A7C0101000000B86A7C0119
:1057700030517D0102000000003FAB017050AC01D0
:10578000000000007050AC01E8ADAE010100000067
:10579000E8ADAE01A02FC501020000001412020006
:1057A000B818020000000000B8180200481A0200F1
:1057B00001000000C0330700783F07000000000030
:1057C000783F0700184F07000100000040771B00DA
:1057D000509E1B0001000000509E1B0080131C0007
:1057E0000000000080131C0080841E0002000000E6
:1057F000E06735005079360000000000507936002F
:1058000080EE36000100000080EE360000093D0009
:105810000200000044565100C07E52000200000009
:10582000C0CF6A00006C6B0000000000006C6B00D1
:10583000B8776B0001000000B8776B00A0636F00C1
:1058400002000000201D9A0050929A000000000003
:1058500050929A0070E09A0001000000809FD500ED
:10586000F0B0D60000000000F0B0D600082AD70043
:1058700001000000082AD700B0F6DA00020000009C
:1058800020B21301981B140100000000981B1401A2
:10589000185A140101000000185A1401C0381501EB
:1058A00002000000406F4001B08041010000000094
:1058B000B080410118BD42010100000018BD420145
:1058C000104D47010200000090CA7B01382C7C017A
:1058D00000000000382C7C01B86A7C010100000047
:1058E000B86A7C0130517D0102000000003FAB012D
:1058F0007050AC01000000007050AC01E0D2AF016C
:1059000001000000E0D2AF01A02FC501020000009D
:1059100014120200B818020000000000B8180200BB
:10592000481A020001000000C0330700783F07005A
:1059300000000000783F0700184F0700010000003A
:1059400040771B00B00B1C0000000000B00B1C00D7
:10595000381F1C0001000000381F1C0080841E003E
:1059600002000000E06735005079360000000000BA
:105970005079360080EE36000100000080EE3600DF
:1059800060823B00020000004CA8510010B25100A0
:105990000000000010B25100F0E0510002000000D1
:1059A000F0E05100E4E2510001000000C0CF6A00C5
:1059B00068316B000000000068316B0078586B00A4
:1059C0000100000078586B0000DD6D00020000004F
:1059D000201D9A0050929A000000000050929A00F8
:1059E00070E09A0001000000809FD500F0B0D60062
:1059F00000000000F0B0D600082AD7000100000027
:105A0000082AD700B0F6DA000200000020B2130125
:105A1000981B140100000000981B1401185A14016F
:105A200001000000185A1401C038150102000000DE
:105A3000406F4001B080410100000000B080410192
:105A400018BD42010100000018BD4201104D470180
:105A50000200000090CA7B01382C7C01000000008D
:105A6000382C7C01B86A7C0101000000B86A7C0116
:105A700030517D0102000000003FAB017050AC01CD
:105A8000000000007050AC01E0D2AF010100000046
:105A9000E0D2AF01A02FC5010200000025342E3254
:105AA0004625630000007FC07FC07FC07FC07FC0ED
:105AB0007FC07FC07FC07FC03F801F000E000400FA
:105AC00004000E001F003F807FC07FC07FC07FC0EA
:105AD0007FC07FC07FC07FC07FC00000FFE080200C
:105AE00086208E209620862086208620862086206E
:105AF0004F40208011000A000A001100208046401B
:105B00008E209620862086208620862086208F2044
:105B10008020FFE0FFE080208F2099A099A081A045
:105B200083208E20982098205F40208011000A005A
:105B30000A00110020804F4099A099A081A08320E5
:105B40008E20982098209FA08020FFE0FFE08020FA
:105B50009F20B1A0B1A081A0872081A0B1A0B1A059
:105B60005F40208011000A000A00110020805F4081
:105B7000B1A0B1A081A0872081A0B1A0B1A09F2039
:105B80008020FFE0FFE08020832087208F209B2063
:105B9000B320B320BFA083204340208011000A001F
:105BA0000A0011002080434087208F209B20B320D3
:105BB000B320BFA0832083208020FFE0FFE080206F
:105BC000BFA0B020B020BF20B1A081A081A0B1A013
:105BD0005F40208011000A000A0011002080404030
:105BE000BFA0B020BF20B1A081A081A0B1A09F2004
:105BF0008020FFE0FFE080209F20B1A0B020B720F0
:105C0000B9A0B1A0B1A0B1A05F40208011000A00EE
:105C10000A00110020805F40B1A0B020B720B9A0D9
:105C2000B1A0B1A0B1A09F208020FFE0FFE08020C4
:105C3000BFA0B1A081A0832086208C208C208C2046
:105C40004C40208011000A000A00110020804040D2
:105C5000BFA0B1A081A0832086208C208C208C2026
:105C60008020FFE0FFE080209F20B1A0B1A09F2016
:105C7000B1A0B1A0B1A0B1A05F40208011000A0086
:105C80000A00110020805F40B1A0B1A09F20B1A008
:105C9000B1A0B1A0B1A09F208020FFE0185E010854
:105CA0001C5E010849A9000815970008285E010834
:105CB0002C5E0108E5A70008159700083C5E010866
:105CC000EC630108DD940008E5940008445E0108D7
:105CD0004C5E0108359500088DAC0008545E010843
:105CE0005C5E0108359500088DAC0008685E01080F
:105CF000705E0108D9A600084DA70008785E01086B
:105D0000805E0108D9A6000879A700088C5E01080A
:105D10004C5E010815A7000879A70008985E0108E5
:105D20005C5E010815A7000879A70008A45E0108B9
:105D30004C5E01080DAF000865AC0008B05E0108BC
:105D40005C5E01080DAF000865AC0008BC5E010890
:105D50004C5E010825A70008C1A70008C85E01081D
:105D60005C5E010825A70008C1A700080600010025
:105D7000E900010006000C00E9000C000600170015
:105D8000E900170006002200E900220000000000E0
:105D9000000000000000000000030000C9A500088A
:105DA000B9AC0008020100006D9C000825B3000892
:105DB000020100006D9C000825B3000802010000EC
:105DC0006D9C000825B3000802010000C19A00087C
:105DD0009DA2000801030000E1980008D5BA000860
:105DE0000103000051A000084DB9000801030000A4
:105DF000AD9700084DAA00084C432D5348554E540A
:105E0000005854414C2D5345524945530000000061
:105E1000C0F0FCF0C00000004C494E00252E326658
:105E200020252B2E31661F004C4F4700252E316652
:105E3000644220252B2E31661F0000005265202B66
:105E400020496D0052202B206A5800002546252B42
:105E50006A461E0052202B204C2F430025461E2050
:105E6000254625630000000047202B206A420000E1
:105E70002546252B6A46530047202B204C2F4300F4
:105E80002546532025462563000000005270202B34
:105E9000206A5870000000005270202B204C2F43C5
:105EA00000000000522B6A58205348554E54000001
:105EB000522B4C2F432053482E2E0000522B6A5851
:105EC0002053455249455300522B4C2F43205345F4
:105ED000522E2E004C4F474D41470000252E326672
:105EE0002573000017252E33662573005048415353
:105EF0004500000017252E3266257300252E3446F6
:105F000025730000534D495448000000504F4C4148
:105F1000520000004C494E454152000017252E34D6
:105F20004625730053575200252E33662573000013
:105F30005245414C00000000252E366625730000B6
:105F400017252E3566257300494D41470000000096
:105F5000252E36666A25730017252E35666A257349
:105F600000000000252E33462573000017252E3330
:105F7000462573001E0000007C5A7C005A20706881
:105F800061736500252E316625730000470000000F
:105F90007C597C0052700000587000004373000070
:105FA000460000004C730000437000004C7000007D
:105FB00051000000252E346625730000527365726F
:105FC0000000000058736572000000007C5A736581
:105FD000727C000052736800587368007C5A7368C2
:105FE0007C00000053575220414E54004C4D522D1E
:105FF0003430300052472D323133000052472D38B3
:106000005800000052472D353800000052472D310E
:1060100037342F3331360000494152552052310078
:1060200049415255205232004941525520523300C5
:106030005553410043414E4144410000554B00003F
:106040004745524D414E59004A4150414E000000D3
:106050004155535452414C4941000000000000405A
:1060600000004040D45E0108DC5E0108E45E0108E7
:10607000E84D01080000E04000002041E5A70008CD
:10608000EC5E0108DC5E0108F45E0108385E010880
:10609000000080400000B44215970008607C0108B1
:1060A000FC5E0108FC5E0108147D010800008040D0
:1060B0005F708930A1960008045F010800000000AD
:1060C00000000000043D0108000000000000803FC7
:1060D000000000000C5F010800000000000000004C
:1060E000043D0108000000000000803F00000000A7
:1060F000145F0108FC5E01081C5F0108043D0108F3
:10610000000000000000003E49A90008245F0108CB
:10611000285F0108E45E0108043D0108000000005A
:106120000000803E61A90008305F0108385F010867
:10613000405F0108043D0108000080400000803EEF
:10614000DD940008485F0108505F0108585F0108AE
:10615000043D0108000080400000803EE5940008F6
:10616000105F0108645F01086C5F0108745F01083B
:10617000000000000000C8423595000800600108DA
:10618000645F01086C5F0108745F010800008040D3
:106190000000C8428DAC0008785F0108645F010808
:1061A0006C5F0108745F01080000000000004842B5
:1061B000FDA800087C5F0108845F0108F45E010807
:1061C000385E0108000080400000B44229A80008A1
:1061D0008C5F0108645F01086C5F0108DC780108CE
:1061E000000000000AD7233CD9A6000884780108E3
:1061F000645F01086C5F0108DC78010800008040E2
:106200000AD7233C4DA70008905F0108645F01088E
:106210006C5F0108DC780108000000000AD7A33C8D
:1062200039A90008945F0108645F01086C5F0108E8
:10623000745F0108000000000000C84215A70008B4
:10624000985F0108645F01086C5F0108745F0108D2
:10625000000080400000C84279A700089C5F010848
:10626000FC5E01081C5F0108A05F0108000080407F
:1062700077CC2B32E9AE0008A45F0108FC5E010870
:106280001C5F0108907B01080000804077CC2B3216
:10629000CDAE0008A85F0108FC5E01081C5F010884
:1062A000A05F01080000804077CC2B32A5A7000832
:1062B000AC5F0108FC5E01081C5F0108907B0108CF
:1062C0000000804077CC2B3289A70008B05F01081E
:1062D000B45F0108E45E0108043D0108000000000D
:1062E00000002041D5A80008BC5F0108645F0108D8
:1062F0006C5F0108745F0108000080400000C84224
:1063000025A70008C45F0108645F01086C5F0108ED
:10631000745F0108000080400000C842C1A7000867
:10632000CC5F0108645F01086C5F0108745F0108BD
:10633000000080400000C84269A80008D45F01083E
:10634000645F01086C5F0108745F01080000804011
:106350000000C8420DAF0008D85F0108645F010863
:106360006C5F0108745F0108000080400000C842B3
:1063700065AC0008DC5F0108645F01086C5F010820
:10638000745F0108000080400000C842A1A8000816
:10639000B05F0108B45F0108E45E0108043D010834
:1063A000000000000000204149A80008E45F010847
:1063B000285F0108E45E0108043D010800000000B8
:1063C0000000803EE9B10008736574204341424CEF
:1063D00045204C454E47544800000000736574202A
:1063E0004341424C45204C4F535300002546252B3A
:1063F0006A460000424D7AB00400000000007A00B6
:1064000000006C000000E0010000400100000100FD
:1064100010000300000000B00400C40E0000C40E11
:106420000000000000000000000000F80000E0078D
:1064300000001F00000000000000424752730000EF
:10644000000000000000000000000000000000004C
:10645000000000000000000000000000000000003C
:10646000000000000000000000000000000000002C
:106470002A002C019C00144A1A012C019C00144A89
:10648000B6012C012A00141100002C012A00140A64
:1064900000000000A0001E0644454C003C003E00E9
:1064A00058004E4F2043415244004552524F520033
:1064B0002E2E002D202575207C202575202D0025D1
:1064C000732F257300000000FFC080408040804093
:1064D000804080408040804080408040FFC0FFC0BE
:1064E0008020806080C08180A340B6409C4088406E
:1064F0008040FFC000001E0021004080804080409E
:1065000080408040408021001E0000001E002100CD
:106510004C809E40BF40BF409E404C8021001E00EA
:10652000FFE080208FA099A0B1A0B1A0BFA0B1A032
:10653000B1A08020FFE0FFE08020B1A0B1A0BBA00F
:10654000BFA0B5A0B5A0B1A08020FFE0010302016B
:1065500004020806100400006080010845E00008FD
:10656000F1DE0008000000006480010845E000083A
:10657000F1DE0008000000006880010885DE0008E8
:10658000FDDD0008030000006C80010839DD000813
:1065900039DC000803000000F8470108C1DB0008EF
:1065A000D9DB00080000000070800108A9DB0008AA
:1065B00000000000000000007480010800000000DE
:1065C00045DB0008000000007C800108000000009E
:1065D00075F1000804000000BC800108C4800108B7
:1065E000CC800108544F554348202573202A00547D
:1065F0004F5000424F54544F4D0025730A2002194A
:10660000252E34462573004341424C45204C454ECF
:10661000475448006D00452D44454C4159205325B1
:1066200064310A200219252E374673004A4F47204D
:10663000535445500A200219252E3371487A0052CE
:10664000454620504F534954494F4E0025730A2068
:106650000219252E3446005343414C450025730A48
:10666000200219252E344625732F446976004A4F9F
:106670004720535445500A20021925467300000054
:10668000000000007800480000006000300030008A
:10669000D466010830690108B8680108B0660108CD
:1066A000F86601081C67010894680108DC680108A5
:1066B0001000130A03000201120222030104110553
:1066C0002106000710082009320B3315230C30FF78
:1066D00031FF00001000130A03000201120222031E
:1066E000010411052106000710082009300F310EA2
:1066F000320D3314230C00001000130A03000201B2
:1067000012022203010411052106000710082009C6
:1067100030113110320B3315230C00001000130A16
:1067200003000201120222030104110521060007E1
:10673000100820093110320D3314230C30FF0000F3
:106740000000FC4D0108ED0F01080001044E010896
:10675000ED0F010800020C4E0108ED0F01080003C7
:10676000144E0108ED0F0108000430780108ED0F08
:106770000108000538780108ED0F0108000644788B
:106780000108ED0F0108010050780108B51001085B
:106790000400EF650108E90C01080600EF65010837
:1067A000E90C01080401F3650108E90C0108060180
:1067B000F3650108E90C0108010C57660108F10DA9
:1067C0000108060D57660108F10D010803003F6638
:1067D0000108510E01080600587801089D0E0108B5
:1067E000060044780108A50C010803006078010840
:1067F000F50E010802006C780108991001080100EB
:1068000078780108150F0108050007660108490F8F
:1068100001080000887801087D10010800009478C4
:106820000108651001080100A07801084D10010859
:106830000100AC780108A90F01080119B878010816
:1068400085EA0008011ACC78010885EA00080300EF
:10685000E0780108C50F01080700E8780108F10495
:1068600001080701EC780108F10401080702F0783B
:106870000108F10401080703F4780108F104010894
:106880000704E4780108F10401080705F878010815
:10689000F10401081000130A03000201120222038E
:1068A00001041105210600071008200930113112DA
:1068B0003213330B230C00001000130A03000201F3
:1068C0001202220301041105210600071008200905
:1068D0003316230C30FF31FF32FF00002801003156
:1068E00010322033303440355036603770388039BC
:1068F0009030015111572145315241545159615540
:106900007149814F9150024112532244324642470D
:106910005248624A724B824C925F032D135A23589D
:10692000334343565342634E734D831A931600000C
:106930001000130A030002011202220301041105D0
:1069400021060007100820093315230C30FF31FF02
:1069500032FF466F726D6174206572720025642F7C
:1069600025640054524143452025640002005880AC
:106970000108A1F70008000000000000000000006E
:106980000300B4800108D9D500080301B4800108D0
:10699000D9D500080303B4800108D9D50008030B3A
:1069A000B4800108D9D500080327B4800108D9D5DF
:1069B00000080383B4800108D9D500080000000056
:1069C00000006C6901084252494748544E455353F0
:1069D00020253364252520001A20555345204C4599
:1069E00056454C455220425554544F4E201B0000F2
:1069F0000100187901085C6A01080300147F01088E
:106A00009DFB00080100207F0108AC730108030012
:106A1000287F0108C1E700080200307F0108B9D2D1
:106A200000080300387F010879E300080300407F75
:106A3000010859E300080000000000006C6901082B
:106A400043414C3A202564700A20252E3646487A68
:106A50000A20252E3646487A000000000301887F70
:106A600001083DE800080302907F01083DE80008A6
:106A70000300987F01083DE800080304A07F010897
:106A80003DE800080303A87F01083DE80008020074
:106A9000B07F010815FD00080201B87F010815FD4F
:106AA00000080000000000006C690108533131202B
:106AB000285245464C29005332312028544852551B
:106AC000290000000204E07A01087D0901080000A5
:106AD000000000006C6901080200507901087D097E
:106AE000010802015C7901087D090108010068794B
:106AF0000108DC6B01080203787901087D090108AF
:106B0000010084790108BC6B010802029079010838
:106B10007D090108030098790108D9E900080100FE
:106B2000B0790108747301080000000000006C696E
:106B300001084E616E6F564E412D48203400534E71
:106B40003A20253038782D253038782D2530387882
:106B50002028257329005443584F203D2025714893
:106B60007A2028257329000216496E206D656D6F05
:106B70007279206F66204D61796102010054696D60
:106B8000653A203230253032642F253032642F258B
:106B900030326420253032643A253032643A253070
:106BA000326420284C5325632900426174743A20D2
:106BB00025642E2530336456000000000302F47A69
:106BC0000108C90B01080300087B010811FB00083C
:106BD0000000000000006C69010800000316BC7989
:106BE000010809FF00080315D079010809FF000812
:106BF0000317E079010809FF00080300F479010890
:106C000029FB00080306087A0108C90B01080307DD
:106C1000187A0108C90B01080100287A0108806C64
:106C200001080100307A0108386C010800000000FA
:106C300000006C690108000003007C7A0108A1E9EA
:106C400000080308887A0108C90B0108030A987A2A
:106C50000108C90B01080205A87A01087D02010894
:106C60000206B87A0108810C01080100D07A0108F7
:106C7000C46A01080000000000006C6901080000FF
:106C800002001C7B0108650B0108000000000000E9
:106C90006C6901080300D87C0108D5FA00080100DE
:106CA000E07C0108F46D01080100F47C0108806EAD
:106CB00001080300087D010879E10008010057661A
:106CC0000108087401080100187D010824770108F3
:106CD0000300247D010859FB000801003C7D0108E8
:106CE0007C7501080000000000006C6901080000CC
:106CF00003040C5F010835FD00080305145F01085B
:106D000035FD00080307305F010835FD0008030862
:106D1000485F010835FD00080316547E010835FD63
:106D20000008030D607E010835FD0008030E6C7E2F
:106D3000010835FD0008030F905F010835FD0008CC
:106D40000100307A0108546D0108000000000000C5
:106D50006C690108030C787E010835FD00080312F8
:106D6000807E010835FD000803138C7E010835FD87
:106D700000080310987E010835FD00080311A47E69
:106D8000010835FD00080314B07E010835FD000838
:106D90000315BC7E010835FD00080000000000005E
:106DA0006C6901080397C87E010835FD0008039847
:106DB000D47E010835FD00080399E07E010835FD09
:106DC0000008039AEC7E010835FD0008039BF47E61
:106DD000010835FD0008039CFC7E010835FD000814
:106DE000039D547E010835FD0008000000000000EE
:106DF0006C6901080300D45E010835FD0008030139
:106E0000EC5E010835FD00080302607C010835FDD9
:106E100000080303045F010835FD00080306245F32
:106E2000010835FD0008031EE45F010835FD000878
:106E30000313107E010809FF00080300287E0108E3
:106E400009E9000803140766010809FF000803099F
:106E50003C7E010835FD0008030A487E010835FD27
:106E60000008030B785F010835FD00080100307A47
:106E70000108F06C01080000000000006C690108C6
:106E80000380D45E010835FD00080381EC5E010833
:106E900035FD00080382607C010835FD000803838E
:106EA000045F010835FD000803840C5F010835FD0F
:106EB00000080385145F010835FD00080387305F73
:106EC000010835FD00080388485F010835FD00080A
:106ED0000100307A0108A46D0108000000000000E4
:106EE0006C69010825730A02192573000300E96E15
:106EF0000108FDD500080301E96E0108FDD5000871
:106F00000302E96E0108FDD500080303E96E0108DC
:106F1000FDD500080304E96E0108FDD5000803054E
:106F2000E96E0108FDD500080306E96E0108FDD5EC
:106F300000080307E96E0108FDD500080308E96EA3
:106F40000108FDD500080309E96E0108FDD5000818
:106F50000000000000006C69010800000100307BA7
:106F60000108947001080300407B010849E900080A
:106F700002FF507B0108CDE100080201607B01089F
:106F8000CDE100080100707B0108A46F0108030037
:106F90007C7B010811E300080000000000006C6920
:106FA000010800000200387C010891E60008020197
:106FB000407C010891E600080202487C010891E645
:106FC00000080203547C010891E6000802065C7C7C
:106FD000010891E600080000000000006C6901084B
:106FE0000300E96E010805FE00080301E96E0108CF
:106FF00005FE00080302E96E010805FE0008030310
:10700000E96E010805FE00080304E96E010805FEAB
:1070100000080305E96E010805FE00080306E96E95
:10702000010805FE00080307E96E010805FE0008D7
:107030000308E96E010805FE0008000000000000DA
:107040006C6901080300E96E010805FE00080301F0
:10705000E96E010805FE00080302E96E010805FE5D
:1070600000080309E96E010805FE0008030AE96E3D
:10707000010805FE0008030BE96E010805FE000883
:10708000030CE96E010805FE000800000000000086
:107090006C6901080300687C01082DD30008030116
:1070A000687C01082DD300080302687C01082DD3F9
:1070B00000080303687C01082DD300080304687CE2
:1070C00001082DD300080305687C01082DD30008B2
:1070D0000306687C01082DD300080307687C0108BB
:1070E0002DD300080200747C0108F9D200080300C7
:1070F0007C7C0108D5E300080000000000006C69FA
:10710000010800000300A673010835F70008030119
:10711000887B010835F700080306947B010835F7E2
:1071200000080307A47B010835F700080308B87BB3
:10713000010835F700080302C87B010835F700088D
:107140000303D87B010835F700080304EC7B010832
:1071500035F700080305007C010835F7000800003A
:10716000000000006C6901080300A673010835F7F0
:1071700000080306947B010835F700080312207C01
:10718000010809FF000803140766010809FF000849
:107190000000000000006C69010800000300A673F5
:1071A000010835F700080305007C010835F70008E1
:1071B0000000000000006C69010800000300A673D5
:1071C000010835F700080301887B010835F700083E
:1071D0000000000000006C69010800000300A673B5
:1071E000010835F700080307A47B010835F70008FC
:1071F0000000000000006C69010800000300A67395
:10720000010835F700080302C87B010835F70008BC
:107210000303D87B010835F700080304EC7B010861
:1072200035F700080318107C010809FF000800006A
:10723000000000006C6901080300A673010835F71F
:1072400000080308B87B010835F7000800000000BB
:1072500000006C690108000003008480010821D748
:10726000000803018480010821D7000803028480FC
:10727000010821D7000803038480010821D70008F2
:1072800003048480010821D70008030584800108D5
:1072900021D7000803068480010821D700080307CE
:1072A0008480010821D700080000000000006C69FC
:1072B0000108504155534500524553554D45000076
:1072C00003FFA47C0108FDD6000803008C800108A0
:1072D000FDD6000803018C800108FDD600080302DA
:1072E0008C800108FDD6000803038C800108FDD6C0
:1072F00000080000000000006C690108504F57456D
:10730000520219202025756D410000000204547FAF
:107310000108810C01080300687F010855E7000897
:107320000301687F010855E700080302687F010830
:1073300055E700080303687F010855E700080304C8
:10734000687F010855E700080305687F010855E7D5
:1073500000080306687F010855E7000800000000E8
:1073600000006C690108252E3646487A0A252E361B
:1073700046487A000319387A010809FF0008031A01
:10738000447A010809FF0008031B507A010809FF2D
:1073900000080300687A01082DE3000800000000DF
:1073A00000006C6901084F46460000000204747F2B
:1073B00001087D0201080300687F0108A9F70008A1
:1073C0000301687F0108A9F700080302687F01082C
:1073D000A9F700080303687F0108A9F70008030460
:1073E000687F0108A9F700080305687F0108A9F76D
:1073F00000080306687F0108A9F7000800000000E4
:1074000000006C69010800000300D87C010829E134
:1074100000080200BC7D010801E500080308EF65D3
:10742000010839FF0008030AF365010839FF000865
:10743000030C5766010839FF0008030E3F66010878
:1074400039FF0008030F5878010809FF00080311ED
:10745000C87D010809FF00080304E07D0108C90B8D
:1074600001080305F47D0108C90B01080300007E33
:10747000010879FB00080000000000006C690108A9
:107480000100987F0108D07401080200C47F010840
:107490007D0201080201D07F01087D02010802027D
:1074A000DC7F01087D0201080204E87F01087D02FB
:1074B00001080300FC7F0108C90B010803090880CB
:1074C0000108C90B01080000000000006C690108F8
:1074D00002021C800108810C010802002C800108B6
:1074E000810C0108020138800108810C01080204A6
:1074F00044800108810C0108020750800108810CBA
:1075000001080000000000006C6901080300187BFE
:107510000108FDE100080301187B0108FDE10008F6
:107520000302187B0108FDE100080303187B010832
:10753000FDE100080304187B0108FDE100080305D4
:10754000187B0108FDE100080306187B0108FDE136
:1075500000080307187B0108FDE100080308187BF9
:107560000108FDE100080309187B0108FDE100089E
:107570000000000000006C69010800000301487D64
:107580000108C90B010803005C7D010825E900081A
:107590000301687D010825E900080302687D0108F0
:1075A00025E900080304687D010825E900080305B2
:1075B000687D010825E900080306687D010825E9C2
:1075C00000080000000000006C6901080300FC4D89
:1075D000010809FF00080301044E010809FF000823
:1075E00003020C4E010809FF00080303144E0108B2
:1075F00009FF000803043078010809FF00080305AB
:10760000847C010809FF00080306987C010809FF33
:1076100000080300AC7C0108F9FA0008030BC07CE9
:107620000108C90B01080000000000006C69010896
:10763000434C4541520053544F5245000307948038
:10764000010809FF00080300A880010835D60008DA
:107650000301A880010835D600080302A8800108AC
:1076600035D600080303A880010835D600080304B6
:10767000A880010835D600080000000000006C69F1
:10768000010800000100FC780108946C0108010069
:10769000047901085C6F010801000C790108CC75C0
:1076A0000108010018790108F06901080100247936
:1076B00001080C73010802002C79010841FB000845
:1076C0000100347901088074010801003C79010847
:1076D000D86A0108030044790108F9E000080000B5
:1076E0000000000000000000030063690108A9E831
:1076F0000008030163690108A9E80008030263693F
:107700000108A9E80008030363690108A9E8000863
:107710000300087F01087DE8000800000000000069
:107720006C69010803006C7D010899E300080302FD
:107730007C7D0108EDE200080304907D0108EDE284
:1077400000080300A07D0108EDE200080300AC7D05
:107750000108A9D100080312207C010809FF0008D4
:107760000000000000006C6901084D4158494D556A
:107770004D004D494E494D554D004E4F524D414CD7
:107780000000000033006500C9002D0191010000D8
:107790002146696C65206372656174656420627955
:1077A000204E616E6F564E410D0A2320487A2053B9
:1077B00020524920522035300D0A00002575202521
:1077C0002066202520660D0A000000002146696C15
:1077D000652063726561746564206279204E616E14
:1077E0006F564E410D0A2320487A205320524920DB
:1077F000522035300D0A00002575202520662025F1
:10780000206620252066202520662030203020306C
:1078100020300D0A000000004D4158494D554D00E3
:107820004D494E494D554D005A45524F00000000FC
:107830004357204652455100465245512053544526
:10784000500000004A4F47205354455000000000AC
:10785000504F494E54530000452D44454C4159006A
:10786000533231204F4646534554000056454C4F45
:1078700043495459252500004341424C45204C4F73
:1078800053532064420000005443584F2032364D79
:10789000487A00005448524553484F4C4400000079
:1078A000424154204F464653455400004D454153F4
:1078B00055524520526C00005345542044415445D4
:1078C0000A5959204D4D204444000000534554208E
:1078D00054494D450A4848204D4D2053530000005F
:1078E0005254432043414C00533150005332500016
:1078F000424D50005449460042494E0044495350BD
:107900004C4159004D41524B455200005354494D92
:10791000554C55530000000043414C4942524154DC
:1079200045000000524543414C4C00004D45415339
:10793000555245005344204341524400434F4E4664
:107940004947000025730A53574545500000000081
:10795000544F5543482043414C000000544F554379
:1079600048205445535400004558504552540A533A
:10797000455454494E4753005341564520434F4EBA
:1079800046494700434F4E4E454354494F4E000031
:1079900056455253494F4E004252494748544E456E
:1079A00053530A20021925642525252500000000CF
:1079B000444154452F54494D450000005448524518
:1079C00053484F4C440A200219252E3671000000FE
:1079D0005443584F0A200219252E3671000000002A
:1079E00056424154204F46465345540A2002192519
:1079F000756D56004946204F46465345540A2002AD
:107A0000192564487A00000052454D454D424552C3
:107A10000A53544154450000464C49500A444953C6
:107A2000504C4159000000001B4446550000000026
:107A30001B204D4F524500005345542044415445AE
:107A4000000000005345542054494D4500000000FB
:107A50005254432043414C0A200219252B622E33F5
:107A60006670706D0000000052544320353132487A
:107A70007A0A204C65643220257300004D4F44453E
:107A80000A20021925730000534550415241544FBA
:107A9000520A200219257300555342204445564985
:107AA00043450A554944000044554D500A46495241
:107AB0004D574152450000004C4F414420434F4D2B
:107AC0004D414E440A205343524950540000000097
:107AD000434C45415220434F4E4649470000000069
:107AE000434C45415220414C4C0A414E44205245A2
:107AF00053455400434F4E4E454354494F4E0A2080
:107B0000021925730000000053455249414C20538F
:107B1000504545440A200219257500005245534539
:107B20005420414E440A454E544552204446550087
:107B300053454C4543540A4D41524B4552000000B9
:107B40005345415243480A200219257300000000A2
:107B50005345415243480A201A4C45465400000000
:107B60005345415243480A201B524947485400009C
:107B70004F5045524154494F4E53000054524143D7
:107B80004B494E47000000004C2F43204D415443C9
:107B9000480000004341424C450A20285331312916
:107BA000000000005245534F4E414E43450A2028E5
:107BB00053313129000000005357522042570A2008
:107BC00028533131290000005348554E54204C436E
:107BD0000A20285332312900534552494553204C3D
:107BE000430A2028533231290000000053455249EE
:107BF00045530A5854414C20285332312900000083
:107C000046494C5445520A2028533231290000007D
:107C100020526C203D20021925622E34461E0000A1
:107C200056454C4F4349545920462E0A20021925E7
:107C300064252525250000001B2053544152540083
:107C40001B2053544F5000001B2043454E544552B7
:107C5000000000001B205350414E00001B20452D0A
:107C600044454C41590000004D41524B455220259E
:107C700064000000414C4C204F46460044454C54A3
:107C8000410000004652455120535445500A2002FD
:107C900019256246487A00004A4F47205354455000
:107CA0000A2002194155544F000000005357454522
:107CB0005020504F494E54530A2002192575000098
:107CC0004D555445204F55545055540A4F4E205051
:107CD0004155534500000000545241434500000007
:107CE000464F524D41540A205331312028524546C7
:107CF0004C290000464F524D41540A205332312046
:107D000028544852552900004348414E4E454C0ADC
:107D100020021925730000005452414E53464F5221
:107D20004D00000049462042414E445749445448C2
:107D30000A2002192575487A000000004441544188
:107D400020534D4F4F544800534D4F4F54480A2035
:107D5000021925732061766700000000534D4F4FD4
:107D600054480A4F46460000782564005452414E5C
:107D700053464F524D0A2573000000004C4F5720C8
:107D8000504153530A494D50554C53450000000093
:107D90004C4F5720504153530A5354455000000054
:107DA00042414E44504153530000000057494E4455
:107DB0004F570A2002192573000000004155544F07
:107DC000205343414C450000533231204F46465327
:107DD00045540A20021925622E33466442000000F1
:107DE00053484F5720475249440A56414C55455332
:107DF00000000000444F5420475249440000000056
:107E000048414D2042414E44530A20021925730037
:107E10004341424C45204C4F53530A2002192562DE
:107E20002E334664420000004341424C45205459E1
:107E300050450A200219257300000000524553499D
:107E40005354414E434500005245414354414E4333
:107E5000450000005120464143544F5200000000AD
:107E6000434F4E44554354414E43450053555343AD
:107E7000455054414E4345005A2050484153450017
:107E80005345524945532043000000005345524991
:107E90004553204C00000000504152414C4C454C91
:107EA00020520000504152414C4C454C205800009B
:107EB000504152414C4C454C2043000050415241EE
:107EC0004C4C454C204C00005345524945532052E0
:107ED000000000005345524945532058000000005F
:107EE000534552494553207C5A7C00005348554E17
:107EF000542052005348554E542058005348554E74
:107F000054207C5A7C000000257320545241434584
:107F100000000000504F57455220204155544F005B
:107F2000534156450000000052414E4745000000B5
:107F300052455345540000004150504C5900000038
:107F4000454E48414E4345440A524553504F4E53C7
:107F5000450000004C4F41442046524F4D0A2053EB
:107F60004420434152440000456D707479202564DB
:107F7000000000005341564520544F0A205344202E
:107F800043415244000000004F50454E00000000A5
:107F900053484F52540000004C4F41440000000031
:107FA00049534F4C4E000000544852550000000009
:107FB000444F4E4500000000444F4E4520494E209E
:107FC00052414D00534156452053315000000000AE
:107FD0005341564520533250000000005343524550
:107FE000454E53484F540000534156450A43414CB7
:107FF0004942524154494F4E000000004155544FF0
:10800000204E414D45000000494D41474520464F17
:10801000524D41540A200219257300004C4F41442F
:108020000A53435245454E53484F54004C4F414428
:1080300020533150000000004C4F41442053325037
:10804000000000004C4F41442043414C0000000020
:1080500047554944450000001A204241434B000067
:108060007331700073327000626D70007469660065
:1080700062696E00636D647C6E7673006D647C74FF
:10808000787400002564487A000000002575206D92
:108090004100000053455420504F494E54530A208C
:1080A0000219256400000000256420706F696E7459
:1080B00000000000257520487A0000005369353320
:1080C000353100004D5335333531000053574335BA
:1080D0003335310049492A0008000000070000013B
:1080E000030001000000E0010000010103000100A5
:1080F00000004001000002010300030000006200D4
:1081000000000301030001000000058000000601DB
:108110000300010000000200000011010400010042
:1081200000006800000015010300010000000300CA
:1081300000000000000008000800080008004900D6
:108140002A000800F78008002A0049000800444679
:10815000553A20446576696365204669726D77619A
:10816000726520557064617465204D6F64650A54B2
:108170006F206578697420444655206D6F64652CC6
:1081800020706C6561736520726573657420646529
:108190007669636520796F757273656C662E000071
:1081A00041F80008CD0201089DFC000845FC0008CC
:1081B000BDED0008E1F000083D080108C107010815
:1081C0004755494445530020204661696C20777229
:1081D000697465202000564E415F253036785F2552
:1081E0003036782E25730025732E257300534420D6
:1081F000434152442053415645005550504552206A
:108200004C454654004C4F5745522052494748541C
:1082100000544F55434820544553543A204452414A
:10822000472050414E454C2C20505245535320423C
:108230005554544F4E20544F2046494E4953480000
:10824000253364202533642000000000004B00002B
:108250000096000000E1000000C20100008403005D
:108260000008070000100E0000201C0080841E0083
:10827000C0C62D00000000000004702C010800049E
:108280007C2C010800040000000000040000000035
:1082900002040000000002040000000000040000CE
:1082A00000001A07882C010828049C2C01080004EF
:1082B000000000000004000000000004010028008D
:1082C000B00100B1010AB40102B60302023BB701DA
:1082D000C6C0021715C10141C5030012803601282E
:1082E0003A01555101FF1100290000002888E84893
:1082F000FFFF000000000000900E493CB00AC93C9E
:108300002CC3163D2FFB483D742B7B3D05A9963DA4
:1083100080B6AF3D36BDC83D2EBCE13D73B2FA3DDF
:1083200086CF093E8340163EB6AB223EA2102F3EBA
:10833000CF6E3B3EC2C5473E0115543E135C603EC6
:108340007F9A6C3ECCCF783EC07D823E938E883E35
:10835000229A8E3E31A0943E86A09A3EE59AA03E97
:10836000128FA63ED47CAC3EEF63B23E2A44B83EA8
:108370004A1DBE3E15EFC33E53B9C93ECA7BCF3E30
:108380004136D53E80E8DA3E4F92E03E7533E63E18
:10839000BBCBEB3EEA5AF13ECBE0F63E275DFC3E1E
:1083A000E4E7003F3D9C033F824B063F9BF5083FBF
:1083B0006B9A0B3FDA390E3FCDD3103F2A68133F3B
:1083C000D9F6153FC07F183FC6021B3FD17F1D3F26
:1083D000CBF61F3F9967223F25D2243F5636273FD1
:1083E0001594293F4AEB2B3FDE3B2E3FBB85303FA8
:1083F000C9C8323FF304353F233A373F4268393F1B
:108400003B8F3B3FF9AE3D3F67C73F3F70D8413F91
:1084100000E2433F03E4453F65DE473F12D1493F59
:10842000F8BB4B3F029F4D3F1F7A4F3F3D4D513FA1
:108430004918533F31DB543FE595563F5348583F69
:108440006AF2593F1A945B3F532D5D3F05BE5E3F74
:108450002146603F98C5613F5A3C633F59AA643F3B
:10846000880F663FD86B673F3CBF683FA7096A3FEC
:108470000C4B6B3F5E836C3F93B26D3F9ED86E3F5B
:1084800073F56F3F0809713F5213723F4714733FF2
:10849000DD0B743F0BFA743FC6DE753F07BA763FBB
:1084A000C58B773FF853783F9812793F9DC7793F46
:1084B00002737A3FBE147B3FCDAC7B3F283B7C3FB1
:1084C000C9BF7C3FAC3A7D3FCCAB7D3F24137E3FA0
:1084D000B0707E3F6DC47E3F580E7F3F6D4E7F3F34
:1084E000AB847F3F0FB17F3F98D37F3F43EC7F3F0B
:0884F00011FB7F3F0000803FFB
:0884F8004484FE7F0100000036
:108500000040380000000800564E4F4364A3E111BC
:10851000E02E00007C019902100E7A0D0000820707
:10852000A401030000460000FFFF8410E73C0000A8
:10853000D69AFFE007FF07E0F81FF800001F1F00B2
:10854000F80087F0FFFF8410001FC6380000FFFF0F
:10855000FFFF630C1F00F80000180000000000007F
:1085600000000000000000000096000080BA8C01AE
:10857000000048420000000000000000D848010848
:10858000EC480108244901083849010860490108FC
:10859000704901088C490108C8490108EC490108E3
:1085A0001C4A01080000000001003101D101260031
:1085B00004710108BC710108FC710108FC7101081B
:1085C000FC7101089C71010868710108DC710108E7
:1085D00038720108847601080000000000000000E5
:1085E0000000000000000000FF000000DF5EF8FF58
:04000005080001A14D
:00000001FF
