:020000040800F2
:1000000000010020A1010008950C00088985000866
:10001000950C0008950C0008950C0008950C00083C
:10002000950C0008950C0008950C0008E5110008D7
:10003000950C0008950C0008950C0008950C00081C
:10004000950C0008950C0008950C0008950C00080C
:10005000950C0008950C0008950C0008311B010850
:10006000491B0108611B0108950C0008950C00084C
:10007000950C0008950C0008151B0108950C00084C
:10008000950C0008950C000851160108950C000805
:10009000950C0008950C0008950C0008950C0008BC
:1000A000950C0008950C0008950C0008950C0008AC
:1000B00099200008950C0008950C0008950C000884
:1000C000950C0008950C0008950C0008950C00088C
:1000D000950C00081D210008950C0008950C0008DF
:1000E000950C0008950C0008950C0008950C00086C
:1000F000950C0008950C0008950C0008950C00085C
:10010000950C0008950C0008950C0008950C00084B
:10011000950C0008950C0008950C0008950C00083B
:10012000950C0008950C0008950C0008950C00082B
:10013000950C0008950C0008950C0008950C00081B
:10014000950C0008950C0008950C0008950C00080B
:10015000950C0008950C0008950C0008950C0008FB
:10016000950C0008950C0008950C0008AD240008BB
:10017000950C0008950C0008950C0008950C0008DB
:10018000950C0008950C0008950C0008950C0008CB
:10019000950C0008950C0008950C0008950C0008BB
:1001A00072B6344880F3098840F20000CCF20000B7
:1001B0004EF63471CEF200010860BFF34F8FBFF3EB
:1001C0006F8F40F20000C0F2F0004EF68851CEF280
:1001D00000010860BFF34F8FBFF36F8F4FF0000037
:1001E000E1EE100A4EF63C71CEF2000108600620E6
:1001F00080F31488BFF36F8F00F012FD02F09CFAB9
:100200004FF055301C491D4A91423CBF41F8040B48
:10021000FAE71B49174A91423CBF41F8040BFAE741
:100220001849194A194B9A423EBF51F8040B42F83B
:10023000040BF8E700201649164A91423CBF41F8EA
:10024000040BFAE700F0F2FC00F0ECFC124C134D4A
:10025000AC4203DA54F8041B8847F9E707F0E4FFDF
:100260000F4C104DAC4203DA54F8041B8847F9E7F1
:1002700000F0DABC00030020000000200001002094
:10028000000100202079010800030020F003002075
:10029000F0030020749A0020A0010008A0010008CB
:1002A000A0010008A00100082DE9F04F2DED108AF3
:1002B000C1F80CD0C3689D46BDEC108ABDE8F08F34
:1002C000002383F311882846A047002000F042FF56
:1002D00000F0D0FE00DFFEE781F0004102E000BF49
:1002E00083F0004330B54FEA41044FEA430594EAF6
:1002F000050F08BF90EA020F1FBF54EA000C55EA31
:10030000020C7FEA645C7FEA655C00F0E2804FEA01
:100310005454D4EB5555B8BF6D420CDD2C4480EAE3
:10032000020281EA030382EA000083EA010180EA13
:10033000020281EA0303362D88BF30BD11F0004F61
:100340004FEA01314FF4801C4CEA113102D0404297
:1003500061EB410113F0004F4FEA03334CEA1333D2
:1003600002D0524263EB430394EA050F00F0A780EA
:10037000A4F10104D5F1200E0DDB02FA0EFC22FAE5
:1003800005F2801841F1000103FA0EF2801843FAD9
:1003900005F359410EE0A5F120050EF1200E012ACA
:1003A00003FA0EFC28BF4CF0020C43FA05F3C01808
:1003B00051EBE37101F0004507D54FF0000EDCF181
:1003C000000C7EEB00006EEB0101B1F5801F1BD32A
:1003D000B1F5001F0CD349085FEA30004FEA3C0C2E
:1003E00004F101044FEA445212F5800F80F09A8024
:1003F000BCF1004F08BF5FEA500C50F1000041EB28
:10040000045141EA050130BD5FEA4C0C404141EB2B
:10041000010111F4801FA4F10104E9D191F0000F52
:1004200004BF01460020B1FA81F308BF2033A3F1D5
:100430000B03B3F120020CDA0C3208DD02F1140CCC
:10044000C2F10C0201FA0CF021FA02F10CE002F107
:100450001402D8BFC2F1200C01FA02F120FA0CFC00
:10046000DCBF41EA0C019040E41AA2BF01EB045149
:10047000294330BD6FEA04041F3C1CDA0C340EDC47
:1004800004F11404C4F1200220FA04F001FA02F38A
:1004900040EA030021FA04F345EA030130BDC4F148
:1004A0000C04C4F1200220FA02F001FA04F340EA3D
:1004B0000300294630BD21FA04F0294630BD94F0EE
:1004C000000F83F4801306BF81F480110134013DD5
:1004D0004EE77FEA645C18BF7FEA655C29D094EA46
:1004E000050F08BF90EA020F05D054EA000C04BFC4
:1004F0001946104630BD91EA030F1EBF00210020AF
:1005000030BD5FEA545C05D14000494128BF41F04D
:10051000004130BD14F580043CBF01F5801130BDB1
:1005200001F0004545F0FE4141F470014FF000003C
:1005300030BD7FEA645C1ABF194610467FEA655CED
:100540001CBF0B46024650EA013406BF52EA03358F
:1005500091EA030F41F4002130BD00BF90F0000F7D
:1005600004BF0021704730B54FF4806404F13204B9
:100570004FF000054FF0000150E700BF90F0000F72
:1005800004BF0021704730B54FF4806404F1320499
:1005900010F0004548BF40424FF000013EE700BF69
:1005A00042004FEAE2014FEA31014FEA02701FBFF9
:1005B00012F07F4393F07F4F81F06051704732F02B
:1005C0007F4208BF704793F07F4F04BF41F4002182
:1005D000704730B54FF4607401F0004521F00041E0
:1005E0001CE700BF50EA010208BF704730B54FF06A
:1005F00000050AE050EA010208BF704730B511F06B
:10060000004502D5404261EB41014FF4806404F1A2
:1006100032045FEA915C3FF4D8AE4FF003025FEA28
:10062000DC0C18BF03325FEADC0C18BF033202EBAC
:10063000DC02C2F1200300FA03FC20FA02F001FA06
:1006400003FE40EA0E0021FA02F11444BDE600BFA9
:100650004FEA4102B2F1E04324BFB3F5001CDCF1E4
:10066000FE5C0DD901F0004C4FEAC0024CEA50701C
:10067000B2F1004F40EB830008BF20F0010070474B
:1006800011F0804F21D113F13872BCBF01F000404E
:10069000704741F480114FEA5252C2F11802C2F180
:1006A000200C10FA0CF320FA02F018BF40F0010001
:1006B0004FEAC1234FEAD32303FA0CFC40EA0C00B3
:1006C00023FA02F34FEA4303CCE77FEA625307D1F0
:1006D00050EA01331EBF4FF0FE4040F44000704727
:1006E00001F0004040F0FE4040F40000704700BFC1
:1006F00080F0004002E000BF81F0004142001FBFD7
:100700005FEA410392EA030F7FEA226C7FEA236CDF
:100710006AD04FEA1262D2EB1363C1BFD2184140D4
:1007200048404140B8BF5B42192B88BF704710F06A
:10073000004F40F4000020F07F4018BF404211F00D
:10074000004F41F4000121F07F4118BF494292EA75
:10075000030F3FD0A2F1010241FA03FC10EB0C00A1
:10076000C3F1200301FA03F100F0004302D549422E
:1007700060EB4000B0F5000F13D3B0F1807F06D3DB
:1007800040084FEA310102F10102FE2A51D2B1F1D3
:10079000004F40EBC25008BF20F0010040EA0300C8
:1007A0007047490040EB000010F4000FA2F1010275
:1007B000EDD1B0FA80FCACF1080CB2EB0C0200FAFF
:1007C0000CF0AABF00EBC25052421843BCBFD0404D
:1007D0001843704792F0000F81F4000106BF80F4C7
:1007E00000000132013BB5E74FEA41037FEA226C8A
:1007F00018BF7FEA236C21D092EA030F04D092F055
:10080000000F08BF0846704790EA010F1CBF002088
:10081000704712F07F4F04D1400028BF40F00040E5
:10082000704712F100723CBF00F50000704700F005
:10083000004343F0FE4040F4000070477FEA22622C
:1008400016BF08467FEA23630146420206BF5FEAFD
:10085000412390EA010F40F4800070474FF00003FD
:1008600004E000BF10F0004348BF40425FEA000CC4
:1008700008BF704743F0964301464FF000001CE06C
:1008800050EA010208BF70474FF000030AE000BFC2
:1008900050EA010208BF704711F0004302D5404200
:1008A00061EB41015FEA010C02BF84460146002072
:1008B00043F0B64308BFA3F18053A3F50003BCFA8D
:1008C0008CF2083AA3EBC25310DB01FA02FC63443A
:1008D00000FA02FCC2F12002BCF1004F20FA02F241
:1008E00043EB020008BF20F00100704702F1200234
:1008F00001FA02FCC2F1200250EA4C0021FA02F295
:1009000043EB020008BF20EADC70704753B94AB9D4
:10091000002908BF00281CBF4FF0FF314FF0FF3007
:1009200000F074B9ADF1080C6DE904CE00F006F8E2
:10093000DDF804E0DDE9022304B070472DE9F0475B
:10094000089E04468846002B40F085808A42154662
:1009500048D9B2FA82F24AB1C2F1200701FA02F391
:1009600020FA07F7954047EA030894404FEA154EEE
:10097000230CB8FBFEF71FFA85FC0EFB178843EA31
:10098000084307FB0CF1994209D9EB1807F1FF3036
:1009900080F0E380994240F2E080023F2B445B1AF2
:1009A000A4B2B3FBFEF00EFB103344EA034400FB99
:1009B0000CFCA44509D92C1900F1FF3380F0CB8041
:1009C000A44540F2C88002382C4440EA0740A4EB1A
:1009D0000C0400271EB1D4400023C6E90043394669
:1009E000BDE8F087002A53D0B2FA82F2002A40F024
:1009F000B680491B4FEA154E1FFA85F80127B1FB57
:100A0000FEFC230C0EFB1C1143EA014308FB0CF116
:100A1000994207D9EB180CF1FF3002D2994200F24B
:100A2000EC808446591AA3B2B1FBFEF00EFB101401
:100A300043EA044408FB00F8A04507D92C1900F14B
:100A4000FF3302D2A04500F2DC801846A4EB080474
:100A500040EA0C40BEE78B4208D9002E78D0002730
:100A6000C6E9000138463946BDE8F087B3FA83F796
:100A70007FB98B4202D3824200F2BD80841A61EBBF
:100A8000030301209846002EA9D0C6E90048A6E736
:100A9000FFDEC7F12005BB4022FA05FC4CEA030C3F
:100AA00001FA07F420FA05F821FA05F34FEA1C4E83
:100AB00048EA0404B3FBFEF9210C0EFB19331FFABC
:100AC0008CF841EA034309FB08FA9A4502FA07F257
:100AD00000FA07F10BD91CEB030309F1FF3080F09A
:100AE00088809A4540F28580A9F102096344A3EB0E
:100AF0000A03A4B2B3FBFEF00EFB103344EA034436
:100B000000FB08F8A04508D91CEB040400F1FF33F2
:100B10006BD2A04569D90238644440EA0940A4EB8D
:100B20000804A0FB02894C45C6464B4654D351D01D
:100B3000002E69D0B1EB0E0264EB030404FA05F554
:100B400022FA07F3FC401D43C6E90054002746E79C
:100B50003746304643E7184637E707461FE7C2F1F6
:100B6000200320FA03F7954001FA02F021FA03F37B
:100B70004FEA154E3843010CB3FBFEF71FFA85F818
:100B80000EFB173341EA034107FB08F38B4204FADB
:100B900002F407D9691807F1FF3C28D28B4226D905
:100BA000023F2944CB1A81B2B3FBFEF00EFB103397
:100BB00041EA034100FB08F38B4207D9691800F1B1
:100BC000FF3C10D28B420ED902382944C91A40EAA0
:100BD000074714E74145ABD2B8EB020E69EB0C02B4
:100BE00001381346A4E76046F0E7184695E76746E4
:100BF000D8E781467BE7384645E7ACF1020C2B4449
:100C000010E702382C4421E73746E8E6704700BF7A
:100C1000034613F8012B002AFBD1181A013870473C
:100C2000704700BF704700BFFEE700BFF0B4144F2D
:100C3000144D1548154B164907F1700C00269842C3
:100C400013D904391A4651F8044F42F8044B904224
:100C5000F9D8421ED21A22F003020432134404E0EF
:100C6000674505D10AE043F8046B9D42FBD8F7E7DE
:100C7000D7E90413D7E906051037E0E7F0BC704761
:100C8000FC200108749A0020749A0020749A0020B5
:100C9000107A0108FEE700BFFEE700BF38B5184C28
:100CA00000F004F900F07EF820468022154900F09B
:100CB000E3F9154B44F8180C144901610122002492
:100CC00002759C60D968124A12484FF6FF05294008
:100CD0000A43DA60C268104942F08072C2600A6852
:100CE000102542F0010220200A60DD7783F82200FF
:100CF00084F3118862B60948BDE8384000F0E2B9D3
:100D0000500500207C21010800ED00E000010020DA
:100D10000003FA05F0ED00E0001000E08421010876
:100D200072B6014B5862FEE7280500202DE9F04716
:100D30001B4D4FF080466C692A6A706AA368811A5D
:100D4000994205F1140900D21CE000274FF0200859
:100D50002168D4F80CA0134449452B62C1F80490D3
:100D60006961E76001D100F09DFA87F3118820697D
:100D7000D04788F311886C69706A2A6AA368811A5F
:100D80008B42E5D94C4509D013441B1A022B2CBFCA
:100D9000C0180230BDE8F04700F08ABABDE8F0871D
:100DA00028050020054B4FF0FF30002103F114020D
:100DB000C3E90701C3E90522704700BF28050020E9
:100DC000F8B51C4F3D46022955F8144F03614FF00A
:100DD000804338BF0221AC420646C260586A0AD13D
:100DE0003862C7E905660844C6E90044B160BDE859
:100DF000F84000F04FBA3D6AA3680844451BAB4277
:100E000003D900F055FA7C69A3689D4204D924688F
:100E1000ED1AA368AB42FAD36368C6E900431E60CB
:100E20006660B560A3684FF0FF325D1BA560FA6194
:100E3000F8BD00BF280500201B4B0268596981429C
:100E400010B40DD041680A600268143300249A423D
:100E50005160C46025D0816893680B44936020E0A2
:100E60001846002440F8142F82425060CC6003D111
:100E70005DF8044B00F016BA90688C68196A044457
:100E80004FF080409460406A421A944209D9091A8E
:100E90000B19022B2CBFC01802305DF8044B00F078
:100EA00007BA5DF8044B704728050020024B00226A
:100EB000C3E900339A60704728050020002281684A
:100EC000084B10B4044602751B689A688A42FBD22C
:100ED0005A682046C4E9003214605C605DF8044B37
:100EE000704700BF2805002008B5202383F3118830
:100EF000037D032B03D0042B05D043B90DE0836998
:100F000000221A6003E0D0E9003213605A604FF00B
:100F1000FF338361FFF7D2FF002383F3118808BDFD
:100F200000228168084B10B4044602751B689A6859
:100F30008A42FBD85A682046C4E9003214605C60DB
:100F40005DF8044B704700BF2805002038B50D4CF4
:100F50002569236828751A6822600121546023617D
:100F60001975EFF309822969643A914203D9064859
:100F7000FFF7D6FE236929461846BDE83840FFF73B
:100F800093B900BF28050020A421010830B54B1CEF
:100F900087B00FD00B4C0C4A2369054601A8FFF718
:100FA0000FFF2846FFF7D2FF049B33B101A8FFF7DC
:100FB00043FF02E0FFF7CAFF024C2369986907B0BC
:100FC00030BD00BF28050020E90E000870B5114DA6
:100FD00086682A6994688161A64203D8BDE870409A
:100FE000FFF76CBF04461046FFF768FF0123064673
:100FF0002C612375EFF309830269643B9A4202D99D
:101000000548FFF78DFE31462046BDE87040FFF7EA
:101010004BB900BF28050020A4210108044B1A6821
:101020001B6990689B68984294BF0020012070471C
:101030002805002038B50D4C236820691A68226005
:101040000121546019752361FFF76AFF0546EFF32C
:1010500009830269643B9A4202D90548FFF760FEA2
:1010600029462069BDE83840FFF71EB92805002051
:10107000A4210108FFF7DEBF022182608182704750
:10108000D0E9011330B4D0E90425C06843F8101C3E
:10109000A3F1840143F8141C43F8442C02210022DC
:1010A000074C03F80C1C03F80B2C43F8405C43F886
:1010B000180C43F8244CA3F1200030BC704700BF4B
:1010C000C1020008D0E90132934210B504D2552183
:1010D00003F8011B9A42FBD1202383F31188FFF709
:1010E000CFFF00210446FFF771FF002383F311882F
:1010F000204610BDF8B54518A842069E05D2044604
:10110000552704F8017BA542FBD1202484F31188E4
:1011100020394418A4F16407094D2061022144E9F3
:101120000936A182C4E9022744F8045C2046002164
:10113000FFF74CFF002383F311882046F8BD00BF62
:10114000C1020008024B1B6998610F20FFF7FEBE29
:1011500028050020202383F31188FFF7F3BF00BF89
:1011600008B50146202383F311880820FFF70EFFFE
:10117000002383F3118808BD69B1084B10B40246FF
:1011800044681B690420C3E90024236053605DF8B0
:10119000044BFFF7FBBE4FF0FF30704728050020DF
:1011A000026890420AD010B4146804600346636079
:1011B000104691615DF8044BFFF780BE704700BF99
:1011C00038B5036898420BD004460D461A68226071
:1011D000184654609D61FFF771FE23689C42F5D16B
:1011E00038BD00BF80B4094A536823F0010300AF43
:1011F0005360EFF30983683383F30988002383F393
:101200001188BD465DF8047B704700BF30EF00E0F9
:1012100098B5202300AF83F31188114B5B6813F45A
:1012200000631AD0F1EE103AEFF309840D4B4FF042
:101230008072DB6844F8083C44F84C2CA4F1680345
:1012400083F30988FFF7EAFE18B1074B44F8503CD6
:1012500005E0064B44F8503C01E083F3118898BD4B
:1012600000ED00E030EF00E0D1020008D4020008F9
:1012700008B500F0A9FE00F0DBFA00F08BFC00F0EE
:1012800073FB01F05BFABDE8084000F001B800BF55
:1012900000F018BF4FF0804300210222586319610B
:1012A000DA6070474FF080430022DA60704700BF79
:1012B0004FF0804358637047C36810B444691960A5
:1012C000816982680B44A342C36002F1010228BF16
:1012D000036A826028BFC3605DF8044B704700BF9B
:1012E00070B40432039D049C826103FB0216002249
:1012F0004661C0E90B54C0E90000C0E90311C0E930
:1013000007318260C0E9092270BC7047016A00227F
:10131000C0E903118260C0E909226FF00101FFF703
:101320004FBF00BF10B5FFF7C7FF0021BDE8104059
:10133000FFF736BF836810B504463BB123691A68CE
:1013400004331A44C4E90932002003E0FFF714FF14
:101350000028F3D010BD00BF10B4D0E90514036914
:10136000826823448B42036124BF036A0361013A0C
:10137000C36A82600022426213B15DF8044B1847D1
:101380005DF8044B704700BF70B52023054683F31A
:101390001188446A44B9FFF7CDFF064608B96C6A64
:1013A00002E084F311880BE014F8016BAA6A6C6206
:1013B000944202D32846FFF7CFFF002383F311881E
:1013C000304670BD2DE9F8439846044689461746D5
:1013D000202383F311880025616A29B941462046FC
:1013E000FFF7A8FFB0B9616AA36A7E1B5B1A9E4231
:1013F00028BF1E463246484610F04EFED4E9093258
:101400003344934235446362204601D3FFF7A4FF7F
:10141000AF42E1D8002383F311882846BDE8F88362
:10142000D0E90332934203D182680AB100207047A9
:10143000181D7047836823B1006950F8043B0B60A6
:1014400070471846704700BF10B4D0E9051403690F
:10145000826823448B42036102F1FF3228BF036A92
:10146000826028BF036100215DF8044BFFF798BE3E
:10147000D0E90332934210B5044601D1826832B9F3
:10148000A1691A1D0B44C4E90923002004E0FFF7F9
:1014900073FE08B9E368F3E710BD00BF10B5FFF7AE
:1014A0000BFFC36A0022426213B1BDE81040184727
:1014B00010BD00BF70B520230E46044683F311888B
:1014C000456A45B91146FFF7D3FF08B9656A02E0DE
:1014D00085F311880EE02E70D4E90932013393426E
:1014E000636204D3A16920460439FFF7D7FF0020C7
:1014F00080F3118870BD00BF2DE9F843984604467B
:1015000089461746202383F311880025606A28B98D
:1015100041462046FFF7ACFFC8B9606AA36A7E1B4C
:101520001B1A9E4228BF1E46324609EB050110F0E9
:10153000B3FDD4E909323344934235446362204613
:1015400003D3A1690439FFF7A9FFAF42DED8002316
:1015500083F311882846BDE8F88300BF38B5856855
:1015600055B9416A41B1C2680439891A06D0FFF7FA
:10157000A3FE4562012002E0002000E0084638BDDD
:10158000034630B40269C0695C69DD68411C013AF8
:10159000A1421A61D96128BF0022285C28BFDA6104
:1015A00030BC70478269036930B4C468551C01338C
:1015B00085610361A154D0E905329A4224BF00231A
:1015C000836130BC704700BF10B400240461C0E9DF
:1015D0000644C0E90000C160426183605DF8044BCD
:1015E000704700BF0022C0E9062202616FF00101CE
:1015F000FFF7E6BDD0E90432934207D210B5FFF7FA
:10160000D1FF0021FFF7CCFD002010BD4FF0FF30CF
:10161000704700BF38B50446202383F3118803695F
:1016200033B12046FFF7ACFFA36805462BB906E0AF
:10163000FFF7A2FD054610B9F3E7204698470023BF
:1016400083F31188284638BD2DE9F04F83B0054655
:1016500001938A469046202383F31188002737E0C0
:10166000A8EB07039C4228BF1C465CB3012C0AEB85
:10167000070306D12846FFF783FF0AF80700013762
:1016800020E0EE69D5F814B0E968ABEB06094C45EB
:10169000314406D21846224610F0FEFCEE6926447C
:1016A0000BE04A46184610F0F7FCA6EB0B06264462
:1016B00048443246E96810F0EFFC2B69EE611B1BD1
:1016C00027442B61AB680BB128469847B84509D928
:1016D0002C69002CC4D101992846FFF74DFD08B9AB
:1016E0002C69BDE7002383F31188384603B0BDE8B9
:1016F000F08F00BF70B520230E46044683F3118897
:10170000D0E904539D4206D231462046FFF74AFFF6
:10171000A3682BB905E01146FFF72EFD10B9F3E7DA
:1017200098470020002383F3118870BD026938B503
:1017300042B10446FFF724FF002105462046FFF78B
:101740002FFD01E04FF0FF35284638BD2DE9F04F61
:1017500083B0044601938B469146202383F311887E
:101760000027B84639E07D1BA9EB08039D4228BF3E
:101770001D4665B3012D0BEB080307D11BF80810BC
:10178000204608F10108FFF70DFF20E0A669E06898
:10179000A7EB060A5545304406D219462A4610F0F2
:1017A0007BFCA6692E440DE0194652460093F61BB9
:1017B00010F072FC009BE0682E4403EB0A013246F5
:1017C00010F06AFC2369A6612B44A8442361A36836
:1017D0000BB120469847C1450BD9D4E90457BD4207
:1017E000C1D301992046FFF7C7FC10B9D4E90457CB
:1017F000B9E7002383F31188404603B0BDE8F08FBA
:1018000008304FF0FF31FFF705BF00BF28304FF021
:10181000FF32FFF76FBF00BF08304FF0FF33FFF715
:1018200013BF00BF28304FF0FF33FFF78FBF00BF5B
:1018300000F0AEBC70B50C4B0360044601201546A9
:101840000B46207104F1480104F108004022FFF723
:10185000BBFE2B4604F1880104F128004022BDE8BC
:101860007040FFF7B1BE00BFB421010810B52023BE
:10187000044683F3118800F0B5FC02232371002392
:1018800083F3118810BD00BF10B5046BD4F83C2160
:1018900013681978042982B016D12179022913D14D
:1018A00011791A8901238B4013420DD101A904F14A
:1018B0003C00FFF7BFFD024630B1D4F83C01019B6C
:1018C0000179006800F0B6F902B010BD38B5D0F863
:1018D0003C311A681178042901D0012017E0017900
:1018E0000229FAD15979548901238B401C40F4D143
:1018F00005460830FFF794FD0028EED0D5F83C31BE
:10190000024659791868402300F080F9204638BD16
:10191000006BFFF7DBBF00BF08304FF0FF31FFF770
:1019200033BD00BFD0F83C311B681B78042B04D1B9
:101930003C304FF0FF32FFF7BDBD6FF00100704744
:1019400008304FF0FF33FFF73DBD00BFD0F83C310A
:101950001B681B78042B04D13C304FF0FF33FFF79A
:10196000CBBD0020704700BF704700BF10B582B0EC
:1019700001230D490D4A019004460160037100F1F5
:101980007001009208304022FFF7AAFC084B009338
:10199000019404F1B40104F13C0002234022FFF75A
:1019A0009FFC02B010BD00BFD4210108111900082E
:1019B000891800080B68202282F311880A7903EB4A
:1019C000820290624A79113243F822008A7912B178
:1019D00003EB8203986202230371C0F83C110023D9
:1019E00083F31188704700BF10B504460830FFF735
:1019F0008DFC04F13C00BDE81040FFF787BC00BF40
:101A000010B504460830FFF781FC04F13C00FFF7F5
:101A10007DFC2046BDE81040FFF758BF90F87430B9
:101A200003F06003202B13D190F87530202B0FD3D7
:101A3000212B02D9222B06D00AE0064B836607230E
:101A4000C366012070470023C0E91A3301207047A4
:101A50000020704700030020D0F83C21136819785B
:101A600004291FD1017902291CD111791A89012376
:101A70008B40134216D130B500F13C0583B00446CB
:101A80002846FFF76BFD58B101A92846FFF7D2FCA5
:101A9000D4F83C41019B21790246206800F0CAF845
:101AA00003B030BD704700BFF0B500EB810383B0D9
:101AB0009C6A3CB30E460546202282F311881F46DD
:101AC000DB685B691B683C3413B12046FFF7BCFC44
:101AD000204601A9FFF7AEFC024628B13146284650
:101AE000019B00F0A7F80AE0FB6859691B8A0968A6
:101AF000994204D131462846134600F09BF8002352
:101B000083F3118803B0F0BD113110B550F82140B6
:101B1000B4B1202383F31188D4F83C21136852799F
:101B200003EB8203DB689B69596819B104F1080073
:101B3000FFF7F8FB2046FFF7C9FE002383F3118867
:101B400010BD00BF704700BF10B50021044600F073
:101B5000A1FD2046002100F08BFD63681B6813B1D6
:101B6000052120469847062384F8643010BD00BF45
:101B700010B5B0F8763080F87E30044600F08EFB69
:101B800063681B6813B10121204698470323237023
:101B900010BD00BF00F056BB01230022037042605D
:101BA00000F12C0300F1480143F8042B8B429A61A9
:101BB000FAD18260704700BF38B50446202383F312
:101BC000118800254160C0E90355C0E90555C0E909
:101BD0000755C0E9095500F03BFB0223237085F34C
:101BE000118838BD10B4536900EB8104E2601BB169
:101BF00000241C605C609C6093691BB100221A6029
:101C00005A609A605DF8044B00F052BBF0B400EBF0
:101C100081044789D4F80CC00124DCF818508C40AA
:101C20003C4300274481AA60C5E90037F0BC00F0BE
:101C3000EBBB00BFF0B400EB81040789D4F80CC003
:101C40000124DCF814508C403C4300270481AA6036
:101C5000C5E90037F0BC00F0E9BB00BF70B5022356
:101C6000002504460370C567C0E90255C0E9045564
:101C7000C0E90655C0E90855856280F8645000F057
:101C80006BFB63681B6823B129462046BDE87040A2
:101C9000184770BD42681368052101700BB103211C
:101CA00018477047426813680421017003B1184750
:101CB000704700BF38B50446002580F8645000F135
:101CC000740200F085FB636825679B682BB994F864
:101CD000743013F0600F06D0A6E020469847002825
:101CE00040F0A780F3E703F01F03012B94F8752061
:101CF00055D013B1022B55D096E0092A00F29480FA
:101D0000DFE802F0050B920B921F2592363C04F19E
:101D10007C030220C4E91A308CE0B4F87630012B41
:101D200040F08280B4F87C3023F002039BB2032A97
:101D300008BF43F00203A4F87C300023C4E91A333F
:101D40007DE00023564A2267C4E91A3377E0B4F8ED
:101D500076106268B4F8783055682046CAB2090A2D
:101D6000A847002860D0D0E90003C4E91A3061E038
:101D700004F17F030120C4E91A305BE0626894F843
:101D8000763084F87F30002B136814BF04220322BE
:101D90002270002BD1D0022120469847CDE7002A9F
:101DA00042D110E0B4F8783003F00F0103F0800363
:101DB0000C2A39D8DFE802F00C22382238383838BB
:101DC000383838380700374BA3660220E06631E028
:101DD000C9B2204613B100F0EDFA01E000F0DCFAE0
:101DE000012802D0022805D01EE02F4BA366022056
:101DF000E0661FE02D4BC4E91A301BE0B4F8760012
:101E000090B989B1012AC9B2204606D113B100F0B8
:101E10006BFC92E700F050FC8FE713B100F03AFC46
:101E20008BE700F025FC88E72046BDE83840FFF747
:101E30008BBEE06EB4F87A30834238BFE36620236D
:101E400083F3118894F97430002BE36E12DA43B1F6
:101E5000A26E00212046FFF7EDFE012384F86430D6
:101E60001AE01A4619462046FFF7D0FE032384F8ED
:101E7000643011E043B1A26E00212046FFF7C6FE98
:101E8000042384F8643007E01A4619462046FFF719
:101E9000D1FE052384F86430002383F3118838BD14
:101EA000711B0008FC210108F8210108F421010838
:101EB00038B590F864300446062B3AD8DFE803F0D2
:101EC00035041E35352E3500C36EB0F87A209342A6
:101ED00014D2C268128AB3FBF2F502FB15356DB954
:101EE000202383F311882B462A462946FFF7A2FEBA
:101EF00085F31188022384F864301AE0202383F3E9
:101F0000118800231A4619462046FFF77FFE00235A
:101F100083F31188032384F864300AE0036F03B16C
:101F20009847002384F8643003E0BDE83840FFF7A9
:101F30000BBE38BD90F86420062A29D838B5012395
:101F4000934013F067051ED1DA06044602D41B073E
:101F50000ED41CE0202383F311882B462A46294601
:101F6000FFF768FE85F31188052384F864300EE0DE
:101F7000C3689B695B6853B9036F03B1984700233B
:101F800084F8643003E0BDE83840FFF7DDBD38BDBC
:101F9000704700BF430910B49B0000F1604404F592
:101FA000614403F16043090103F5614300F01F0040
:101FB0000122C9B284F8001302FA00F0C3F88001CC
:101FC0005DF8044B186070470E4B0F489A6A4FF04B
:101FD000FF31002210B499629A621C6919611A617A
:101FE000DC68D960DA60DA695DF8044B42F080524F
:101FF000DA619A6942F001029A61036843F02003B2
:102000000360704700100240000001401F4A13683F
:1020100043F00103136013689807FCD553681B490C
:1020200023F003035360536853604B6813F00C03B1
:10203000FBD10868154A00F0F90008604B600B6896
:1020400043F480330B6013689903FCD5104B536045
:1020500042F210113023D162136313680B4943F02D
:10206000807313600B689B01FCD50A4B074A122052
:1020700018604B6843F002034B60536803F00C0395
:10208000082BFAD1136B1363704700BF0010024096
:1020900000041D07002002404FF080431A69920798
:1020A0000DD510B500241C61202383F31188FEF7A1
:1020B0003DFE84F31188BDE81040FFF7A9B8FFF793
:1020C000A7B800BF0F4A1048D36970B443F00103AA
:1020D000D36181684FF080430022012441F0010167
:1020E00040F2CF264FF0FF3581609E620221DD6213
:1020F0001C209A615A63DA605A605C611C6070BC93
:10210000FFF748BF00100240002004E0024A1368B5
:1021100043F080031360704700380140F8B51A4E51
:10212000D6F8C8402768E5692562202383F3118823
:10213000AA0608D50836A18C3046C9B2FFF75AFA6C
:10214000E569AB06F7D43E0610D528060ED50F4E2E
:102150003046FFF7EBFA002880B203DA27F080035D
:10216000236003E02085E5692906F1D47A0604D5C9
:102170006B0644BF27F040072760002383F31188D4
:10218000BDE8F840FFF744B86C0500209405002036
:1021900010B5094C094A20460021FFF74BFB084ABD
:1021A000084BC4F8C820C4F8CC3002212520BDE873
:1021B0001040FFF7EFBE00BF6C0500200D210008A6
:1021C0000038014000A24A04D0E932321868B2FB5C
:1021D000F1F120F001001860D9601A6842F00102A4
:1021E0001A60704770B561B1D1E90135CA680968F4
:1021F00043F4967343F0010345F0400542F00102B9
:1022000006E04FF4164140F22D13012244F240053E
:102210000479012C07D1094CA04204D1084EB469BD
:1022200044F48044B461D0F8C8406560A260236083
:10223000FFF7CAFF4FF0FF33236270BD6C0500202B
:10224000001002400148FFF7A7BC00BF3C06002079
:1022500038B50378012B19D10D4A9042044610D1AC
:102260000C490D4DCA6942F40002CA614A202B6430
:102270000D21FFF78FFE03214B20FFF78BFE00237C
:102280002B642046BDE83840FFF7E8BC38BD00BFEE
:102290003C06002000100240005C004090F87E30B8
:1022A000024A43F08003D364704700BF005C0040E3
:1022B00000EB810370B4DD682B6813F0030308D0D2
:1022C000022B09D9032B0CBF4FF4C0644FF40074E8
:1022D00003E04FF4007400E000241E4B6E691B6D98
:1022E00003F1804303F5C04303EB01126EB12B8A67
:1022F00000265660D0F88060013323F00103334498
:10230000C0F8803044F020041660AB69B3B16B8A2A
:102310003E2B05D95D1E6D1145F02005013301E00E
:1023200001335D10AD02D560D0F8805023F0010379
:102330002B44C0F8803044F4005495608B0003F1C6
:10234000804303F5B84321431A681A6070BC1960D2
:10235000704700BF005C004041680D4BC96870B415
:1023600000294FF080054FF000011965094C5964B0
:1023700008BF4FF41C46DD6418BF4FF41E464025CD
:102380001E64C0F88050C46070BCFFF791BF00BFEE
:10239000005C004000220108054B53F8210010F4B6
:1023A000405004D0B0F5805F0CBF01200220704780
:1023B000005C0040054B53F8210010F0300003D0C2
:1023C00010280CBF01200220704700BF005C0040B5
:1023D0000C4B1B6D03F1804303F5C04303EB01116C
:1023E00010B48B6803F1005303F540535B00D3E94D
:1023F0000040D3E90213148050809180D3805DF8AF
:10240000044B7047005C0040890001F1804101F5F8
:10241000B8410B6823F4904323F0700383F44053D6
:1024200043F4004343F080030B60704700EB8100EE
:10243000F0B4C2681C4B5569148A1B6DAF68D5E9AE
:102440000006801B844203F1804328BF044603F545
:10245000C04303EB0112601C4008136854600ED0A7
:1024600003F1005303F540535B00B21E03EB800001
:102470003A4432F8027F43F8047B8342F9D1890061
:1024800001F1804101F5B84134440B686C6023F4DC
:10249000F04323F0400383F0300343F4004343F060
:1024A00080030B60F0BC7047005C00402DE9F04FEA
:1024B0006C4B5C6CE243660587B05A6402D56A488F
:1024C000FFF7CCFB250507D5664A6748136C43F038
:1024D00008031364FFF7DEFBE0040AD5614B9A6C36
:1024E000110406D41A6C604822F008021A64FFF73F
:1024F000D9FBA20507D5DFF870B1DBF80430DB6843
:102500000BB158469847230406D5DFF85CB1DFF8D5
:102510005CA1DFF8509104E007B0BDE8F04FFEF792
:1025200077BE04F00F02930003F18043961C03F57D
:10253000B8430BEB8601E70618684D6819681DD48F
:102540006869D0E9000401EA0A0141F400418442CB
:10255000196004D211464448FFF768FF7CE0BBF8DD
:102560000830AC680121914023EA0103ABF8083040
:10257000002C71D011463C48A0476DE001EA0A01E9
:1025800041F0800104051960D1B203D56B6836486B
:10259000984761E0D9F85000D5F818E000F1804084
:1025A00000F5C04000EB0210DEF80840D0F808C08B
:1025B000C0680394DEF804700290C0F309080CF1BF
:1025C00000540398019704F54054384464005FEACE
:1025D000580705940490039708D0023800EB470C85
:1025E00054F8047B20F8027F6045F9D10298C007B7
:1025F0000AD50598039C074657F82400049F07F85E
:102600001400DEF8040001900198DEF80040404418
:10261000A042CEF8040002D2688A404510D90BEBE4
:102620008606BBF80A307468012000FA02F2E468FA
:1026300023EA0203ABF80A3074B10B48A0470BE061
:102640001A6822F4904222F0700282F4405242F45E
:10265000004242F080021A60D9F8444023043FF55A
:1026600060AF59E7005C00403C0600200F07FFFF09
:10267000890001F1804101F5B8410B6823F49043D2
:1026800023F0700383F4805343F4004343F080034A
:102690000B607047890001F1804101F5B8410B687A
:1026A00023F4F04323F0400383F0100343F400438A
:1026B00043F080030B607047890001F1804101F510
:1026C000B8410B6803F44053B3F5405F0BD00B687F
:1026D00023F4904323F0700383F4005343F4004346
:1026E00043F080030B607047890001F1804101F5E0
:1026F000B8410B6803F03003302B0BD00B6823F488
:10270000F04323F0400383F0200343F4004343F0FD
:1027100080030B60704700BF80B4054B00AF1B689F
:1027200083F30888034B1B68BD465DF8047B18479C
:1027300000D8FF1F04D8FF1FFFF768BC014B112210
:102740001A6070470020024084460B30F0B4054602
:1027500000E00023B1FBF2F602FB1617092F8CBF35
:10276000372430243C44E4B20F4605F8014D31468D
:102770000BB1013BEED19742EBD2401B60440CF809
:10278000014B604502D015F8014FF8E7F0BC7047E7
:10279000092970B51C4B0E46A8BF0926FCEEC07A6D
:1027A00053F82630B8EE677A06EE903A30EE470AD4
:1027B000F8EE666AB6EE007AA0EE267A0D46BCEE1A
:1027C000C77A17EE104AA34205D8E41A17EE903ADA
:1027D000013307EE903A00230A2217EE901AFFF712
:1027E000B3FF03467DB1094A928A12F4807F14BF79
:1027F0002C232E2300F8013B214633460A22BDE854
:102800007040FFF7A1BF70BD30220108080300200F
:102810000389012B06D943685A1C42601970038949
:10282000013B0381002070472DE9F04F2DED028B15
:1028300000248BB0202306468B469046CDE9014309
:102840009FEDB08ADFEDB08A03E02B19019300E021
:1028500001941BF8011B002900F00283252901D1F6
:10286000002407E0019A336801329B6801923046E8
:102870009847EEE75B461BF801ABBAF12D0F02D18A
:1028800044F00204F6E7BAF12B0F02D144F004043D
:10289000F0E7BAF1300F02D144F01004EAE7BAF1E0
:1028A0006A0F02D144F08004E4E7BAF1200F02D1AC
:1028B00044F02004DEE7BAF1620F02D001330025B4
:1028C00002E044F48074D5E7AAF13002D2B2092ABA
:1028D00041469B4605EB850006D9BAF12A0F08D17F
:1028E00051F8042BD2B2884602EB400513F801AB35
:1028F000EAE7BAF12E0F14D100271BF801ABAAF1B9
:102900003003DBB2092B424607EB870106D9BAF147
:102910002A0F09D152F8043BDBB2904603EB410782
:10292000EBE744F040040027AAF14403342B00F203
:102930002C82DFE813F06C002A0230012A022A02FE
:102940006C002A022A022A022A022A021C022A02F5
:102950002A022A022A022A021A022A022A0235001E
:102960002A022A022A022A022A022A022A022A0207
:102970002A022A0237006C002A0230012A022A02A7
:102980006C002A022A022A022A022A021C022A02B5
:10299000A0002A0243002A021A022A022A02350053
:1029A0001022E5E158F8043B8DF8103024F01004B3
:1029B00001230DF1100A0DF11107EDE158F804ABF8
:1029C00024F01001BAF1000F04D16006DFF844A131
:1029D00006D412E062069AF8003000F13D8209E068
:1029E00047F6FE70574617F8012FAAEB070303447A
:1029F0003AB908E0002B00F0D481781E002FF1D105
:102A0000CFE10133EFD10C46A7EB0A03C4E158F83C
:102A1000041B00290ADA2D2344F0080449428DF8EA
:102A200010300DF111000DF1100916E0670707D500
:102A30002B238DF810300DF111000DF110090CE071
:102A4000A00607D520238DF810300DF111000DF1EF
:102A5000100902E00DF110094846220644BF6A231E
:102A600000F8013B0A220023FFF76EFECA46074624
:102A7000A0EB090390E1434653F8042B0393002F86
:102A800040F0DB814FF0030C4FF00E081F49A1FB13
:102A90000230C00800EB8003A2EB43033033DBB20B
:102AA000092A8DF81D3037D9894644F6241E4FF087
:102AB000000A0DF11D070CE01EF0010F07D04FF0CA
:102AC000200307F8023C0AF1010A023F00E00F462A
:102AD0001046A9FB0032D20802EB8203A0EB4303AD
:102AE0003033DBB209284FEA5E0E07F8013C07F1EC
:102AF000FF31E1D8064A0DF11E0E12F80AA0AEEB26
:102B0000010E0FE000007A446F12833ACDCCCCCC9A
:102B10001C220108282201084FF0010E4FF0200A64
:102B20000DF11D010DF11009CE444A46202B01F193
:102B300001000CF001070AD11FB10CF0FE0C2E238E
:102B400006E01CF0020F03D1881C4B7800E02FB97F
:102B5000B8F1000F08F1FF3107DB884602F8013BAE
:102B6000724502D003780146E0E71CF0020F02F143
:102B7000010708D0BAF1200F05D01346202203F830
:102B8000022B3A461F4682F800A0DDF80C80A7EB26
:102B90000903CA4600E1E30504D558F8043B00EEFA
:102BA000103A0AE008F1070828F00708F8E80201DF
:102BB000FDF74EFD00EE100A0346B5EEC00AF1EE39
:102BC00010FA0DD5B1EE400A2D2244F0080410EEA3
:102BD000103A8DF810200DF111000DF1100916E0DA
:102BE000600707D52B228DF810200DF111000DF193
:102BF00010090CE0A10607D520228DF810200DF158
:102C000011000DF1100902E00DF1100948462206ED
:102C100048BF6A2223F0004348BF00F8012BB3F1FC
:102C2000FF4F09D10746192307F8023B2022A7EBE3
:102C30000903CA464270AFE0630604D5BAF1460FF5
:102C400007D0092779E0BAF1460F76D10FFA87FA53
:102C500001E00327BA46B4EEC80AF1EE10FA0EDB23
:102C600020EE280A814B04E013F8012F20EE280AF9
:102C7000FAB1B4EEC80AF1EE10FAF5DA19E0F7EE9F
:102C8000007AB4EEE70AF1EE10FA19D520EE080A40
:102C9000774B04E013F8012F20EE080A22B1B4EEBE
:102CA000E70AF1EE10FAF5D4B4EEE80AF1EE10FA04
:102CB00006DD13F8013C23B1013F0FFA87FA00E06B
:102CC0000023FCEEC07A17EE902A632A04D9AAF1F9
:102CD000020A0FFA8AFA05E0092A84BF0AF1FF3ACC
:102CE0000FFA8AFABAF1000F039305DA0021FFF711
:102CF0004FFD039B07461CE05146FFF749FD039B30
:102D00000746BAF1000F14D010F8012C302A05D173
:102D1000411E0F4611F8012D302AFAD05549898AF3
:102D200011F4807F14BF2C212E218A4208BF07F1A5
:102D3000FF3733B107F8013B03E03946FFF728FDC1
:102D40000746E00600D41CE017F8013C302B84F065
:102D5000100405D17A1E174612F8013D302BFAD027
:102D60002E2B08BF07F1FF370BE00A2200E00822F4
:102D70000DF1100958F8041B48460023FFF7E4FC46
:102D80000746A7EB0903CA4606E08DF810A0012309
:102D90000DF1100A0DF11107ED1A07D4E10607D461
:102DA00001E00C4657462023029303E0002501E092
:102DB00030230293A2072FD414F02C0F16D0E30671
:102DC00014D5019A33681AF8011B9B68013230460A
:102DD000019298470AE0DDF808902C46336849468E
:102DE0009B6830469847013CF8D12DE0002DF2D188
:102DF0000FE0019CD146336819F8011B9B683046EF
:102E0000984709EB0403B945A3EB0A03F3D31C4627
:102E100005E0BA45EDD31CE5BA45EAD3019C002D87
:102E20003FF416ADDDF808902F46336849469B689D
:102E300030469847013FF8D107E50E2FA8BF0E276F
:102E4000B8464FF0010C21E6019BBA452B44019393
:102E500038BF2546CDD3FCE4002B7FF4C1ADA0E7FD
:102E600001980BB0BDEC028BBDE8F08F1E2201086B
:102E700059220108080300200CB430B50C1E85B09F
:102E800012DD09AB0B4D02901A460899ADF80C40C3
:102E900001A8CDE90035FFF7C7FC029B0022844260
:102EA0001A7002DC601E00E0002005B0BDE8304072
:102EB00002B0704764220108024400F8011B9042EE
:102EC000FBD1704710B5024410F8013B11F8014BDB
:102ED0009042A3EB040301D0002BF5D0184610BD9F
:102EE000C3690239023B8B4283BF4389006B01FBFC
:102EF0000300002070470000024600F10B01002093
:102F0000C30143EA500312F8010B50FA83F38A42DB
:102F1000D8B2F5D170470000417800230131490152
:102F20001A46022A05D1032201329142F9D81846E5
:102F3000704710B5845C04EBC334A4B204EB5303B4
:102F40009BB20132914203D9022AF3D10322F8E75E
:102F5000184610BD03685A1C02601878A0F161037E
:102F6000192B01D8203870477F2803D9024B184409
:102F700010F8800C704700BF74220108F0B585B0CE
:102F80000546019114461E4614F0FF0F07D001A814
:102F9000FFF7E0FF08B900203EE0013CF4E72B78A2
:102FA000002B35D1002C33D0012035E02A2B0FD057
:102FB00002A8FFF7CFFF074603A8FFF7CBFF874222
:102FC00001461ED1002FEFD0029B1B783F2BEDD185
:102FD000002EE0D00022029B581C029019785B78EA
:102FE0003F290CBF013242F480723F2BF3D02A2BD1
:102FF000F1D0731E0399FFF7C1FF0028D4D1039BC2
:10300000197801A8FFF7A6FF002CC4D00029C2D070
:10301000019B02950393D7E705B0F0BD02687AB132
:10302000134613F8011B1F2908D93A29F9D1911C1D
:103030008B4205D11278302A02D1036000207047FC
:103040004FF0FF307047000038B50D4610B9092029
:10305000002311E003680446002BF8D01A78002AF8
:10306000F5D08188DA889142F1D158780EF03AF89B
:1030700010F00100EBD123682B6038BD38B50D4648
:1030800040F26231144602F0A1F9FF2806D9012C62
:1030900009D9030A2B706870022407E028B12CB10B
:1030A0002870012402E0002400E00446204638BDD8
:1030B0002DE9F8430025D0F800808D76836B002B36
:1030C00000F0C78098F80030042B0C46064645D126
:1030D0002B462E464027D8F8102092F82310A942FC
:1030E00021D97F2F03D93F23A37601261FE0F906BC
:1030F00008BF02370135D05B02372BB900F52052EB
:1031000092B2B2F5006F0CD306F11A01C6F120029B
:10311000214440EA0340FFF7B1FF0028E3D0064412
:1031200000200346D7E7002BDDD1002EDBD026445C
:103130000023B3766373D8F810301A7902F03701A0
:103140002173D20658BFD3E90E019A89628144BF28
:1031500000200021C4E90001DB8979E0C36C013360
:1031600025D0A9462F46D8F80C30585BB8B1B9F134
:10317000000F05D100F520539BB2B3F5006F0BD3C0
:1031800007F11A01C7F12002214440EA0940FFF784
:1031900075FF28B10744002002358146E3E7384631
:1031A000B9F1000F18BF0020204400238376F26B92
:1031B0000023551E18462E2615F8011F202900F160
:1031C00001000CD0052908BFE521092804D10B2BEB
:1031D00002D8E71801337E73E718013379730B289F
:1031E000EAD1E11800204873A17E31BB33B16FF002
:1031F0000C0604F10D000825361B0BE03F23A376D7
:10320000012114E09BB22E2B0FD0A3F1410119290B
:1032100006D90373311810F8013B002BF2D106E0F8
:10322000117B0D42F5D02033F3E71025F1E721445F
:1032300000238B76137B03B96373D37A03F03F03C8
:103240002373D369236000236360D38A6381138B64
:103250002381BDE8F883000038B50546002435F821
:10326000020B80B102F0EEF8630880B203EBC433C6
:10327000C2B212FA83F39BB2000A00EB530000EBD8
:10328000C33084B2EBE7204638BD000001380A4461
:1032900011F8013B00F8013F9142F9D1704700005D
:1032A000436B8B60D0E90E23C1E9042390F82130F1
:1032B00003F00203CB710023CB61704770B500F1BE
:1032C0003C060546826B4078012331460DF052FFE3
:1032D00088B9A96BAB6A2A6AE870CB1A9342044694
:1032E0000AD2AB78022B07D10A4401233146687811
:1032F0000DF040FF00E00124204670BD38B5836B1F
:103300008B4216D0C37804460D4673B92A46012372
:1033100004F13C0160780DF0F1FE002816BF4FF07B
:10332000FF3500200120A56304E0FFF7C7FF08B9BF
:10333000ECE7002038BD000038B50023C3704FF023
:10334000FF3383630446FFF7D9FF002848D1B4F860
:103350003A524AF655239D4207D10B22234904F1E4
:103360003C00FFF7AFFD00283CD094F83C30EB2B3D
:1033700003D01833DBB2012B2BD84AF655239D42DC
:1033800006D108221A4904F18E00FFF79BFD60B3B5
:10339000B4F84730B3F5007F1BD194F84930C3B17E
:1033A0005A1E1A4215D1B4F84A3093B194F84C30F1
:1033B000013B012B0DD8B4F84D3053B1B4F84F3068
:1033C0007F2B03D8E36DB3F5803F02D3B4F85230BE
:1033D00053B94AF6552085420CBF0220032004E071
:1033E000042002E0012000E0002038BD0123010894
:1033F0000D2301082DE9F0478C1E416BC4F3C8086A
:1034000001EB14314FF0010904F0070409FA04F448
:10341000054616461F46E4B2284601F1010AFFF7A9
:103420006DFF00BB05EB080292F83C30234214BF4D
:1034300001210021B94218D06340013E82F83C309E
:1034400085F8039012D0640014F0FF04EAD108F16B
:103450000103B3F5007F4FF001044FF0000851461F
:10346000DAD09846DEE7012000E00220BDE8F087D0
:10347000012940F289802DE9F8430668F3698B42FF
:1034800040F284803378013B0C46032B7ED8DFE882
:1034900003F00229374701EB5105B16A304601EBD1
:1034A0005521FFF72BFF10B14FF0FF3072E06F1C7A
:1034B000B16AC5F30805354401EB5721304695F84C
:1034C0003C50FFF71BFF0028EED1C7F308073E442E
:1034D000E30796F83C0045EA00204CBF0009C0F322
:1034E0000B0057E0B16A304601EB1421FFF706FFED
:1034F0000028D9D1640004F4FF742644B08F49E059
:10350000B16A304601EBD411FFF7F8FE0028CBD1A9
:10351000A40004F4FE742644F06B20F0704039E0FF
:10352000D0E9048958EA0903C17901D0836803B955
:1035300061BB826875890229A4EB02020DD118F1E2
:10354000FF3349F1FF315B0A43EAC153B3FBF5F3A3
:103550009A421BD81CD0601C1CE0032902D183694D
:103560009342F8D8C3699BB9B16A304601EBD411D4
:10357000FFF7C4FE002897D1A40004F4FE7426448B
:10358000F06B20F0004005E001207047012001E0D1
:103590006FF00040BDE8F883F8B504682378042B89
:1035A0000CBF4FF080524FF400128A4201D8022023
:1035B00039E0CA060E46FAD10546826829636AB91F
:1035C000022B06D82389B3EB561FF0D9E36AAB630D
:1035D0001AE0E36AC271002BF4D01A4667897F02B1
:1035E000BE4211460CD32846FFF742FF431C024659
:1035F00018D00128DBD9E3698342D8D9F61BEFE75D
:103600002046FFF76DFCA863AB6B6A63002BCED03E
:1036100003EB56233C34C6F308063444AB63EC6337
:10362000002000E00120F8BD01296AD92DE9F84306
:10363000C3698B4205460C4665D90378013B1646A3
:10364000032B60D8DFE803F00239454501EB510751
:10365000816A01EB5721FFF751FE002854D114F085
:10366000010407F1010905F13C08C7F3080708D078
:1036700018F8073003F00F02330103F0F00313438F
:1036800000E0F3B208F80730A96A0123EB7001EB00
:1036900059212846FFF732FEB0BBC9F3080914B11F
:1036A000C6F3071606E018F80920C6F3032622F031
:1036B0000F02164308F8096020E0816A01EB14212B
:1036C000FFF71CFE00BB640004F4FF742C44A687C3
:1036D00014E0816A01EBD411FFF710FEA0B92B466C
:1036E000A40013F83C2B042A04F4FE7405D01A59E4
:1036F00026F0704602F0704216431E510123EB7013
:1037000002E0022070470220BDE8F88370B504464D
:103710000E461546E36973B1F21A012B02F101015D
:1037200020688CBF02322A46FFF77EFF20B9E3698A
:10373000013BE361EEE7184670BD000001292DE969
:10374000F843046801D8022075E0E3698B420D4616
:10375000F9D9064617460AB9A94628E02378042B6A
:1037600002D1C379022BF7D04FF0FF323946204601
:10377000FFF75AFF0028EFD05DE00128E3D0B0F159
:10378000FF3F2CD02378042B2BD1D4E90632023A08
:10379000934205D20133A361237943F001032371DE
:1037A0006A1C424525D1E3694345454606D9294669
:1037B0003046FFF75DFE80460028DED12378042BDB
:1037C00038D123E0F37953BBB468BC4230D02146F2
:1037D0003046FFF74DFE0128B5D9431C1AD1012010
:1037E00029E0002229462046FFF71EFF0028CCD002
:1037F00021E02378042B07D10023A2EB09024946DC
:103800002046FFF7F7FDB0B9C146CCE7002FD9D16C
:10381000F7710FE0631C83420446D6D00AE0032B05
:1038200008D1B368BB4205D8B2691344BB4201D387
:103830000223F3710020BDE8F8830000C379032B55
:1038400012D18168836970B50446CD18A94208D0A9
:103850004E1C32462068FFF7E7FE31460028F5D0BF
:1038600004E00020E07101E00020704770BD00001E
:103870002DE9FF4800230B600F461546FFF7CEFBEE
:10388000061EC0F2F980B14B53F82640002C00F020
:10389000F5803C60237805F0FE056BB160780DF093
:1038A00021FCC70708D4002D00F0E48010F00400CC
:1038B00000F08D810A208AE1F0B20023237060704D
:1038C0000DF08AFBC60700F1DB800DB14107F1D492
:1038D00000212046FFF730FD02281BD1D4F8023228
:1038E0000093D4F812320193D4F822320293D4F820
:1038F000323203936E46002556F8041B29B1204648
:10390000FFF71AFD012801D80CE003200135042D32
:10391000F2D158E1042801D1012058E1012801D950
:103920000D2054E10128A16B0AD104F1470304F1F1
:103930007C0213F8015B002DF2D19A42F9D1A1E08B
:10394000B4F84730B3F5007FEAD1B4F8526006B955
:10395000266E94F84C002662431E012BA070DFD81F
:1039600094F84950ABB26381002BD9D06B1E2B4227
:10397000D6D1B4F84DC0A4F808C01CF00F0FCFD1B9
:10398000B4F84F3003B9E36DB4F84A20002AC7D029
:1039900006FB00FE02EB1C177744BB42C0D3D81BCA
:1039A000A842B0FBF5F3BBD369488342B8D84FF6C1
:1039B000F570834240F20081032502330A440F442C
:1039C000032DE3616162A262276308D1B4F8662027
:1039D0005CEA0202A4D1A26EE2629B000EE0BCF19E
:1039E000000F9DD07244022DE2624FEA43021BBFDA
:1039F000D21803F00103134603EB520303F2FF1343
:103A0000B6EB532F8CD34FF0FF33C4E90533032DAE
:103A10004FF08003237122D1B4F86C30012B1ED1FA
:103A200001312046FFF76AFCC8B9B4F83A22207188
:103A30004AF655239A4212D1E26B464B9A420ED176
:103A400003F1FF53D4F8202203F5005320339A42A8
:103A500005D1D4F82432A361D4F8283263613E4AF8
:103A60002570138801339BB21380E3803B4BE360E6
:103A70003B4B23610020AAE00B20A8E00C20A6E02D
:103A80000320A4E0B4F8A430B3F5807F7FF448AFFE
:103A900094F8A830092B7FF443AFD4E9212312EB2B
:103AA000010B43F1000CBCF1010F08BFBBF1000F8B
:103AB000BFF436AFD4F89000206294F8AA00A0704A
:103AC00001287FF42DAF94F8A96000FA06F6B0B291
:103AD000608100283FF424AFD4F8987021488742D1
:103AE0003FF61EAFB81CE061D4F89400D4F88C30D7
:103AF0006162B6B208447E431944206300238019F2
:103B0000A16243F100018C4508BF8345FFF408AF73
:103B1000D4F89C30E3622E467DB96389B3427FF6C8
:103B2000FFAEE16A2046FFF7DBF981192046FFF777
:103B3000E5FB00287FF4F0AE0136631993F83C30C2
:103B4000812B11D02035C5F30805E5E74C0700208F
:103B5000F5FFFF0F5252614150070020540700202B
:103B6000CC060020FDFFFF7F04F13C0635446D6963
:103B7000012D7FF6D5AEE369AB427FF6D1AE628907
:103B8000216BAB1E03FB02136363A16A204601EBAA
:103B9000D511FFF7B3FB00287FF4BEAE05F07F031D
:103BA00056F823305A1C03D00135AB42EDD0B7E6AE
:103BB000C4E90533042552E740F6F575AB428CBFE6
:103BC00002250125F9E604287FF4AAAEA4E604B094
:103BD000BDE8F0882DE9F84F07460568884631B9F9
:103BE0006E69A6B1EB69B34298BF012610E0FFF7FA
:103BF0003FFC0128044601D80124DBE0421C00F010
:103C0000BB80EB69834200F2D580464600E0012686
:103C1000AB690BB90024CDE02A78EB69042A5CD1AA
:103C2000A6F10209023B994528BF4FF00009CA4698
:103C30004FF0010B696B284601EB1A31FFF75EFB71
:103C400038BB0AF00703EA690BFA03F3CAF3C801A9
:103C5000DBB2023A6818544690F83C000AF1010AB7
:103C6000924500EA030002D25B00DBB204E04FF0B1
:103C7000000A4FF40071534608B902340DE0D145F3
:103C80000AD0002BE6D10131B1F5007FD2D2012359
:103C9000E0E74FF0FF3400E00024631E033300F23E
:103CA000898001231A4621462846FFF7A3FB0228F4
:103CB000A2D0012860D0B8F1000F02D10223FB711D
:103CC00065E0FB79022B5AD1731CA3425FD0BB681D
:103CD000F61A0323BE61FB7151E0464515D1741CF1
:103CE0009C4228BF022421463846FFF7C1FB012829
:103CF00082D0431C40D038B16B69012B05D9EA69E9
:103D0000934238BF1E4600E0ACB93446EB6901343B
:103D1000A34203D8012E7FF67DAF02242146384608
:103D2000FFF7A6FB38B101283FF466AF013023D07E
:103D3000B442EBD16EE74FF0FF3221462846FFF741
:103D400073FCB0B9B8F1000F05D0224641462846B1
:103D5000FFF76AFC68B9D5E90632023A93429CBF84
:103D600003F1FF33AB612B796C6143F001032B71DD
:103D700020E001287FF440AF4FF0FF341AE008F153
:103D80000102A242FB6908D12BB10133FB6100287B
:103D90007FF432AFDFE70223F8E70BB90123FB61C1
:103DA000224641463846FFF7B1FC0028E1D1012305
:103DB000FB61D0E72046BDE8F88F0000F8B5C37876
:103DC00004460D467BB929462046FFF789F804F1E1
:103DD0003C06A06307464FF4007200213046FFF70F
:103DE0006BF800250DE0FFF769FA0028EBD0012001
:103DF0000EE001237A19314660780DF0BBF918B94D
:103E0000013563899D42F4D36089401B18BF0120AE
:103E1000F8BD00002DE9F8430568076B2B78042BEB
:103E20000CBF4FF080534FF400132037BB429CBFB0
:103E300000238363836B002B47D0C7F308088946B0
:103E40000446B8F1000F3AD1416B0133836331B9B5
:103E50002B89B3EB571F32D80023A36335E06B895E
:103E6000013B13EA57232AD1FFF702FB012806463C
:103E700001D802202CE0421C01D1012028E0EB698E
:103E8000834216D8B9F1000FE6D0616B2046FFF7E8
:103E9000A1FE0646D8B10128EBD0431CEDD0014667
:103EA0002846FFF78BFF0028E7D1E37943F00403AE
:103EB000E371666331462846FFF712F8A0633C358C
:103EC00045442763E563002002E0042000E007206A
:103ED000BDE8F8832DE9F04105460068A96B066945
:103EE000FFF70CFA044600285AD1E96B0B78852BB2
:103EF00055D120223046FFF7C9F9777801377F0185
:103F0000A7F16003B3F5007F49D821462846FFF7A3
:103F100081FF0428044642D0002841D1A96B2868BB
:103F2000FFF7ECF9044600283AD1E96B0B78C02B77
:103F300035D12022B018FFF7A9F996F823300F22C7
:103F40002C33B3FBF2F3B7EB431F28D34FF04008F9
:103F500000212846FFF75EFF042804461FD0F8B969
:103F6000A96B2868FFF7CAF90446C8B9E96B0B7852
:103F7000C12B14D1B8F17F0F04D8202206EB080022
:103F8000FFF784F908F120084745E1D8B8F1800F20
:103F900006D83046FEF7C0FF7388834200D0022463
:103FA0002046BDE8F0810000F8B50E460021074626
:103FB0000568FFF7F1FA00BB0446B96B2846FFF726
:103FC0009DF9D0B92A78FB6B042A1B7803D1DB4317
:103FD000C3F3C01305E0E52B1ABFB3FA83F35B0903
:103FE00001231BB10134B44201D109E01C46012177
:103FF0003846FFF70FFF0028DFD0042808BF07204E
:10400000F8BD000003682DE9F0411E690546304601
:10401000FEF782FFE96C708028467778FFF7BCFADC
:104020004FF001080446B4B9A96B2868FFF766F998
:10403000044680B920223146E86BFFF727F92B6848
:1040400083F803803FB121462846FFF7E3FE203680
:104050000446013FE7E7022C28BF0224E0B2BDE896
:10406000F0810000C16C4B1C2DE9F041044605684D
:10407000066B03D14FF0E508012717E0FFF78CFA34
:104080000028F7D01BE02A78E36B042A09BF1A78CE
:1040900083F8008002F07F021A70EF70236BB34246
:1040A0000DD200212046FFF7B5FE28B9A16B2846A6
:1040B000FFF724F90028E6D0042808BF0220BDE855
:1040C000F08100002DE9F843FF27D0F80080054675
:1040D0003C4604264FF6FF79A96B002977D040466D
:1040E000FFF70CF90646002875D1E86B0378002B22
:1040F00070D098F80020042A10D1852B5FD12B6B4B
:10410000EB642846FFF7E6FE0646002863D1D8F8A0
:1041100010301B7903F03F03AB715EE0C27AE52BF0
:1041200002F03F02AA7149D02E2B47D022F0200185
:10413000082943D00F2A36D1590605D503F0BF040C
:104140002B6B477BEB6401E0A34237D1437BBB423F
:1041500034D1428B92BB0378D8F80C60DFF880E052
:1041600023F040030D21013B4B4301211EF801CBFD
:1041700030F80CC031B1162B20D826F813C0614698
:10418000013301E0CC4519D101320D2AEED102787C
:10419000520605D521B1162B10D8002226F813207F
:1041A000013CE4B20BE02CB9FEF7A6FEB84201D107
:1041B000002612E04FF0FF33EB640EE0FF240021F5
:1041C0002846FFF727FE0646002885D003E0002E8C
:1041D000EED000E004260023AB633046BDE8F88350
:1041E000F42201082DE9F04F002187B00546076849
:1041F000FFF7D2F98346002840F0D0803B78042BAB
:1042000029D1F868FFF728F880462846FFF75AFFBB
:10421000002840F0B4803B6993F82390B9F1160F61
:10422000F3D89B8C4345F0D1044640264C4500F022
:10423000AB80F10608BF02363B69985B01F002F9DA
:10424000FB68824633F8140001F0FCF88245DCD1AB
:1042500002360134EAE74FF0FF33CDE902304FF088
:10426000FF0AEB64D046A96B3846FFF747F80028F1
:1042700040F08580EC6B2678002E00F08280E27A98
:10428000E52E02F03F03AB716CD0120702D50F2B65
:1042900068D101E00F2B52D195F84B30580667D406
:1042A000710606D52B6B94F80DA0EB6406F0BF06E3
:1042B00001E0B0455AD1637B534557D1638B002B46
:1042C00054D194F80080D7F80CB0DFF8DC90049655
:1042D00008F03F0808F1FF334FF00D0808FB03F822
:1042E00001212646019519F8010B345A91B1B8F114
:1042F000160F3AD8204601F0A5F805903BF81800B3
:1043000001F0A0F80599814208F101052DD121465F
:10431000A84603E04FF6FF739C4226D1214B9945F6
:10432000E1D13446019D2378049E5A0603D511B18C
:104330003BF81830D3B9013E5FFA86F818E0B8F1BF
:10434000000F04D12046FEF7D7FD504524D095F844
:104350004B30DB0706D40B2205F140012046FEF767
:10436000B1FDC8B1029BEB6400E0019D4FF0FF0876
:1043700000212846FFF74EFD00283FF474AF834626
:104380000CE04FF0040B09E024B2FB6833F8143062
:10439000002B7FF43AAF01E0DDF80CB0584607B0CF
:1043A000BDE8F08F01230108F42201082DE9F04F48
:1043B00090F84B5015F0A00599B040F09481066834
:1043C000F36833F815200AB10135FAE73378042B86
:1043D000044640F090800F230E35B5FBF3F5A91C81
:1043E000FFF7E2FD8246002840F08381236B05F150
:1043F00000650135A3EB4515E379E5645A0748D517
:1044000023F00403E3712046FFF718FA002840F078
:104410006D814FF0FF32616B2046FFF777F900287E
:1044200040F06481A368002B33D023680293236A91
:104430000493636A8DF80F30A16ACDF824A023F0AD
:10444000FF0302A8CDE9063A1591FFF7A5F8002869
:1044500040F04C8102A8FFF73DFD002840F0468166
:10446000D4E9042370894FF40071E1FB0023316922
:10447000C4E90423C1E90E23C1E90A23E37943F027
:10448000010381F8213002A8FFF7BCFD002840F0AD
:104490002D81D6E90354402200212046FEF70CFD71
:1044A000852300212370C02384F8203001200A4690
:1044B00040234FF0C10E8C465F1C04F803E004F863
:1044C00007C0CEB2023320B135F8120008B1013274
:1044D000D2B2E0520233DF06F5D135F81270013165
:1044E000002FE9D1B31C84F8232063702846FEF71F
:1044F000B3FEA084FDE000F140070C22394602A87B
:10450000FEF7C4FE9DF81330DB0770D54023DFF8BB
:10451000EC8184F84B304FF001090B2202A9384698
:10452000D6F80CA0FEF7B2FEB9F1050F14D9AAF126
:1045300002024B4632F8021F79B1102001F0010C43
:104540000CEB430313F4803F18BF83EA08030138E0
:104550004FEA5101F2D1EDE74B460DF1070007227A
:1045600003F00F0C0CF13001392988BF0CF1370131
:10457000013A4FEA131E00F8011903D00F2B01D99D
:104580007346EDE718AB13447E2104F13F0003F8B6
:10459000601C014600239A420DD011F801CFBCF1F6
:1045A000200F03F1010E06D07346F4E720210133FA
:1045B000072BC15407D8072AF8D818A9114401328B
:1045C00011F8601CF3E72046FFF70CFE38B909F13B
:1045D0000109B9F1640FA0D14FF0070A89E004285E
:1045E000824640F086809DF8133084F84B309DF869
:1045F00013309B0705D50C350D23B5FBF3F50135BD
:1046000000E0012529462046FFF7CEFC824600281F
:104610006FD1013D19D1A16B3046FEF76FFE824686
:10462000002866D101462022E06BFEF745FC0B22F4
:104630003946E06BFEF72AFE94F84B30E26B03F04C
:10464000180313730123F37053E0216B2046A1EB91
:104650004511FEF7A1FF824600284AD13846FEF7F1
:104660004BFC4FF6FF798046A16B3046FEF746FEC5
:10467000034600283CD1E36BD6F80CE0DFF880A0BD
:1046800083F80D804FF00F02E9B24FF00D0CDA7293
:104690004A1E0CFB02F2187358838446484518BF23
:1046A0003EF812001AF801BB0CF1010C18BF0132E0
:1046B00023F80B00002808BF4846BCF10D0FEDD1D0
:1046C000484502D03EF812200AB941F04001197065
:1046D0000123F37000212046FFF79CFB034638B905
:1046E000013DC1D197E74FF0060A02E0824600E0A3
:1046F0009A46504619B0BDE8F08F00BF2110010066
:10470000F422010838B5C37804461BB92378032B7B
:104710002BD103E0FEF7D2FD78BBF7E72379012B1D
:1047200023D104F13C054FF4007200212846FEF726
:10473000C3FB4AF65522A4F83A22104AE26302F17A
:10474000FF5202F500522032C4F82022A269C4F8B8
:1047500024226269C4F82822626A60780132A26366
:1047600029460CF007FD00232371002211466078D2
:104770000CF04AFD003018BF012038BD5252614193
:104780002DE9F04F85B00368029304468A4611F87C
:10479000013B2F2BFAD05C2BF8D00021A160E16106
:1047A0009AF800301F2B75D88023204684F84B30B0
:1047B00005B0BDE8F04FFEF7EFBE002B40F0B9802A
:1047C0002E2900F0B68032F8021D2E2901D0013EBC
:1047D000F9D10B22202104F140004FF00008FEF730
:1047E0006BFB4FF008095A464746CDF804A0A34694
:1047F00032F813005C1C002800F0FE80202800F036
:104800009E802E2800F09880C845C0F09C80B9F1A9
:104810000B0F40F09B80DDF804A05C4645F00305DB
:104820004FF00B0994F84030E52B04BF052384F8C2
:104830004030B9F1080F04BFBF00FFB207F00C030E
:104840000C2B40F0DD8045F0020584F84B502046EB
:10485000FFF7C8FC94F84B30002840F0E2805A077C
:1048600000F1FD80A379DB0640F1F280029B19780C
:10487000042940F0DD80A36823622369E27923F0F4
:10488000FF0313436362E36CA362029B2146186932
:10489000FEF706FD2368D3F80CB000261AF8010BCA
:1048A00050B340F2623100F0B9FD002800F0CE8034
:1048B0001F2821D92F2811D05C280FD07F2806D897
:1048C000684B13F8012B12B19042FAD1BEE0162EBC
:1048D00000F0BC802BF816000136DFE75246137853
:1048E0002F2B924602F10102F9D05C2BF7D01F2B3F
:1048F0008CBF0025042500E004250BEB46033EB1E8
:1049000033F8022D202A01D02E2A01D1013EF6E7EC
:1049100000230BEB46022BF81630002E00F0968099
:104920003BF81310202903F101007FF446AF034642
:10493000F6E745F0030546E7B44200F08B8045F00A
:104940000305234654E7B4420DD183E0B44202D0BC
:1049500045F0030550D8BF00FFB234464FF00B09B5
:104960004FF00808EDE77F2824D940F26231039226
:1049700000F02CFD10F0800F45F0020A039A04D0DD
:1049800000F07F00384B185C12E0FF2810D909F1C5
:10499000FF33984503D345F00305C846D1E70BEB39
:1049A0000803010A83F8401008F1010855461CE08D
:1049B000554628B12D4B13F8011B29B18142FAD17C
:1049C00045F003055F2010E0A0F141039BB2192BD5
:1049D00002D847F0020708E0A0F161039BB2192B4F
:1049E00003D8203847F0010780B20BEB080308F129
:1049F000010883F84000A4E7DDF804A05C4611E755
:104A000007F00303032B3FF41EAFAE073FF51DAFC6
:104A1000F80748BF45F01005790748BF45F008057D
:104A200013E704281BD113F0040F08BF052016E07C
:104A3000029B226B3C33C2F30802134403295A8BB6
:104A400004BF9B8A42EA0342A26023E7062006E0F5
:104A5000052004E0B9F10B0F7FF47DAFDBE605B074
:104A6000BDE8F08F16230108742201081F230108F6
:104A70001FB5CDE9001003A814460391FEF7CEFA46
:104A8000002812DB0B4B53F820200AB100211170D3
:104A9000019A0AB10021117043F820203CB1002294
:104AA00001A96846FEF7E4FE02E00B2000E0204684
:104AB00004B010BD4C0700202DE9F0479AB00191D9
:104AC000002800F0318102F03F060446174603A992
:104AD000324601A8FEF7CCFE0546002840F02081B2
:104AE000039B0199049304A8FFF74AFE20B99DF99E
:104AF0005B30002BB8BF062017F01C0F7BD058B1DD
:104B0000042840F00D8104A8FFF750FC002840F075
:104B1000078146F008060AE09DF8163013F0110FE1
:104B200040F0FB80780700F1F480390774D5039BCF
:104B30001A78042A31D1186923602146FEF7B0FBA8
:104B4000039B18691E2200210230FEF7B5F9039B72
:104B500018691A2200212630FEF7AEF9039B1A6964
:104B6000202111711F690CF035FA039BB8601B6995
:104B7000012283F8212004A8FFF744FA002840F01E
:104B8000CF80A168002947D002462046FEF7D6FD17
:104B9000A368039A013B53613BE00CF01BFA139BA3
:104BA000039AC3F80E00C3F8160011785F8B03292F
:104BB00004BF998A47EA01472021D972139900233B
:104BC0004B831078CB61032808BF8B820123D370FD
:104BD00017B3D2F838803946002204A8FEF7AEFD9C
:104BE000002840F09D8041460398FEF787FB039B19
:104BF000013F5F610DE0002840F092809DF8163083
:104C0000DA0600F18880BF0706D5D80700F1858055
:104C100002E0002840F08480039A936BA364139B06
:104C2000E3643107117848BF46F0400604290FD1EC
:104C3000069B2362089B9DF81710106923F0FF0361
:104C40000B436362179BA3622146FEF729FB0AE030
:104C500003295A8B04BF998A42EA0142A260DB69A8
:104C6000236100236361039B2360DB88A380002111
:104C70000022002304F1500AC4E90E2384F83060B6
:104C80004FF4007284F8311061645046FEF714F955
:104C9000B2064AD5D4E9046756EA070345D0039B18
:104CA000A168B3F80A80C4E90E674FEA48284FF0BC
:104CB0000009B94508BFB0450DD22046FEF7D8FB24
:104CC000B6EB080667EB09070128014605D9431C26
:104CD000EFD1012002E0002000E002202164F8B9B9
:104CE000C6F30802034613431FD0DDF80C8040468C
:104CF000FEF7F6F898B1720A42EAC75202446264BB
:104D00000123514698F801000CF0F8F968B1012030
:104D100006E0082004E0042002E0072000E0022072
:104D200000232360054600E0092528461AB0BDE8A7
:104D3000F08700002DE9F04F9B4687B000238A469C
:104D4000CBF8003005A904461746FEF77DF9054665
:104D5000002840F0B58094F83150002D40F0B0802C
:104D600094F83030D90740F1AA80D4E90E31D4E963
:104D70000420B2EB030860EB01090023994508BF4A
:104D8000B84538BF474604F150090295002F00F09E
:104D90009480D4E90E01C0F308030093002301932B
:104DA000DDE9002313436CD1059B5B895A1E430A3E
:104DB00043EAC153134015D150EA010201D1A06862
:104DC00005E0216C03932046FEF752FB039B01286C
:104DD00001D8022502E0421C03D1012584F831509C
:104DE0006EE02064DDF81480216C03934046FEF7EA
:104DF00077F80028EDD0039BB7F5007F03EB0006A2
:104E000020D37D0AB8F80A2098F801005919914278
:104E100088BFD51A2B46324651460CF06FF9002850
:104E2000DBD194F93030002B0ADA606C801BA84289
:104E300006D24FF4007249460AEB4020FEF726FAEC
:104E40006D022BE0626CB2421AD094F93030002B24
:104E50000DDA0123494698F801000CF08BF900287F
:104E6000BBD194F8303003F07F0384F830300598DC
:104E700001233246494640780CF040F90028ACD175
:104E80006664A16BC1F30801C1F50075BD4228BF7E
:104E90003D462A4649445046FEF7F8F9DBF8003013
:104EA0002B44CBF80030D4E90E23501943F1000114
:104EB0007F1BAA44C4E90E0168E7029D00E00725B4
:104EC000284607B0BDE8F08F2DE9F04F87B01546B2
:104ED0000293029A00238B46136005A90446FEF74D
:104EE000B3F88246002840F0DB8094F831A0BAF194
:104EF000000F40F0D58094F830309A0740F1CE8012
:104F0000059B1B78042B03D0A36BEB4200D3DD433E
:104F100004F15009CDF80CA00DB3D4E90E23C2F36F
:104F20000801009100210191DDE90001014340F0F9
:104F300087800599B1F80AA0510A0AF1FF3A41EABF
:104F4000C3511AEA010A23D1134303D1A06878B9E7
:104F5000014600E0216C2046FEF73CFE40B994F883
:104F60003030DDF80CA043F0400384F8303097E097
:104F7000012802D14FF0020A03E0431C04D14FF094
:104F8000010A84F831A08BE0A368206403B9A06013
:104F900094F93030002B0EDA0598626C40780123CA
:104FA00049460CF0E7F80028E9D194F8303003F0D6
:104FB0007F0384F83030059E216C3046FDF790FF6A
:104FC0000028D7D0B5F5007F0AEB000724D34FEABD
:104FD0005528738970780AEB08029A4288BFA3EBC0
:104FE0000A0843463A4659460CF0C4F80028C6D190
:104FF000616CC91B41450CD24FF400720BEB41218F
:105000004846FEF743F994F8303003F07F0384F804
:1050100030304FEA482826E0636CBB420FD0D4E919
:105020000423D4E90E01994208BF904207D201231C
:105030003A46494670780CF061F800289FD16764C1
:10504000A06BC0F30800C0F50078A84528BFA846AB
:10505000424659464844FEF719F994F8303063F057
:105060007F0384F83030029B029A1B68434413602C
:10507000D4E90E23D4E9040112EB080643F100073A
:10508000B94208BFB0423CBF30463946A5EB0805DF
:10509000C344C4E90E67C4E904013DE74FF0070AC1
:1050A000504607B0BDE8F08F70B598B001A904462E
:1050B000FDF7CAFF002840F0888094F830305A0687
:1050C00040F183801B060FD50198626C4078012364
:1050D00004F150010CF04EF8002875D194F83030EE
:1050E00003F07F0384F830300BF074FF054601981D
:1050F0000378042B45D12046FEF7A0FB002864D19D
:105100004FF0FF32216C2046FEF700FB00285CD1F7
:1051100023680293236A0493636A8DF80F3023F0A7
:10512000FF03CDE906300990A16A159102A8FEF7A8
:1051300033FA002849D102A8FEF7CCFE002844D15A
:10514000019E3269137943F020031371E3793269C8
:1051500043F0010382F821303169A3684B63D4E93D
:105160000423C1E90E23D4E904234875C1E90A23C5
:105170003369CD60186102A8FEF744FF28BB01988F
:1051800019E0A16CFEF7BAF8F8B9E36C0198DA7A85
:1051900042F02002DA72A26821685A830978032952
:1051A00004BF120C9A822269DA610022C3F81650F9
:1051B0005A820123C370FFF7A5FA94F8303023F028
:1051C000400384F8303000E0012018B070BD0000CA
:1051D00013B50446FFF768FF28B901A92046FDF77B
:1051E00033FF00B9206002B010BD00001FB501916F
:1051F000002840D00446002203A901A8FEF738FB8E
:10520000002835D1039B236001992046FFF7B8FAA7
:10521000002832D194F94B30002B1FDBA379DB0639
:1052200001D4052024E0039A117804290ED1A36843
:1052300023622369E179106923F0FF030B43636262
:10524000E36CA3622146FEF72BF807E0E26B03292B
:10525000538B04BF928A43EA0243A360039BDB881B
:10526000A38000212046FEF797F90428D9D038B151
:105270000023236004E0092002E00428D1D0F7E7EE
:1052800004B010BD13B501A90446FDF7DDFE00B959
:10529000206002B010BD000073B50D4601A90446A0
:1052A000FDF7D2FEB0B925B901462046FEF774F9E4
:1052B00010E02046FEF706FF10F0FB060AD1294653
:1052C0002046FDF7F5FE31462046FEF7A3FD0428F3
:1052D00008BF002002B070BDF8B506460C4601F1CB
:1052E0001A0721463046FFF7D7FF054650B94CB1A3
:1052F000A37E3BB1024604233946306DFDF73EFEE6
:105300000028EED02846F8BD10B5BCB002220190AE
:1053100003A901A8FEF7ACFA002854D1039B019918
:10532000109310A8FFF72CFA00284CD19DF98B3070
:10533000002B47DB9DF84630DA0701D5072042E015
:10534000039B04931A78042A05D104A91869FDF770
:10535000A7FF069C06E01F9B032A5C8B04BF9B8A69
:1053600044EA03449DF84630DB0604D410A8FEF757
:1053700079FED8B127E0039B269328941B78042B51
:1053800007D1DDE90823CDE92A239DF817308DF8F0
:105390009F30002126A8FEF7FFF8A0B926A8FEF747
:1053A00091FE0028CAD004280DD1DFE71CB903986C
:1053B000FFF7A8F907E00246214604A8FEF7BEF968
:1053C00008B9F4E706203CB010BD00007F2801D8E2
:1053D00080B27047B0F5803F18D240F262339942F4
:1053E00014D110B40C4900234FF4826203E0802BE7
:1053F0000AD031F8022F82429CB203F10103F6D1A8
:1054000004F1800080B203E0002001E0002070473A
:105410005DF8044B704700BFD82501087F280DD9DF
:1054200040F26233994208D1FF2806D800F10040CB
:10543000034B803833F8100070470020704700BFDE
:10544000D8250108B0F5803F4ED2284A284BB0F548
:10545000805FF0B441F67D512CBF1346612186B2C6
:1054600004331F4600293CD08E423AD333F8022C35
:10547000D4B26518A8424FEA122228DA082A30D896
:10548000DFE802F005090F1215181B1E2100411A52
:1054900033F8116025E0711A01F00103F61AB6B273
:1054A0001FE0103EB6B21CE0203EB6B219E0303E1E
:1054B000B6B216E01A3EB6B213E00836B6B210E045
:1054C000503EB6B20DE0A6F5E356B6B209E004339D
:1054D00012B133F8041CC4E707EB440337F8141087
:1054E000BEE73046F0BC7047704700BF1C2501087E
:1054F0002823010808B5202383F311880348FCF70B
:10550000ABFA002383F3118808BD00BF8407002095
:1055100038B50C46202383F31188022902D00329D1
:105520000ED010E005460A4A0121FCF75BFB284635
:105530002146084AFCF756FB0748FCF761FA02E0EF
:105540000548FCF751FA002383F3118838BD00BFEA
:10555000502F01086C2F010884070020164B174AB2
:1055600017491B681268096870B4164E13440B4340
:10557000304606F1180503F01F040A2C34BF302210
:105580003722224420F8022F5B09A84243EAC16374
:105590004FEA5111EFD10C4840F21A311A22002380
:1055A000C0F8DC6FA0F8E01FA0F8D82FA0F8DA3F11
:1055B00070BC00F6D8707047ACF7FF1FB4F7FF1F40
:1055C000B0F7FF1F4C9A00206C8A0020022913D0EC
:1055D000032904D001290A4818BF00207047032A74
:1055E00005D1084B9B8A5B0502D5FFF7B7BF05D8ED
:1055F000054800EBC2007047044870470020704720
:10560000EC2F01080803002044300108A02F0108F6
:1056100030EE010AF0EE007AA0EEA70AF5EE007A6D
:1056200020EE270A704700BF002A50D001390B1A1C
:1056300000FB03F002FB00F000FB02F007EE900A13
:1056400001FB01F1B8EE677A07EE901AF8EE676A8F
:105650009FED202A9FED203A9FED204A9FED205A92
:105660009FED206ADFED201ADFED202ADFED203AE2
:10567000DFED204ADFED205AC7EE267AB7EE000AAA
:10568000F0EE426AB5EE007AE1EEA76AE6EEA72AEE
:10569000F0EE436AE2EEA76AE6EEA73AF0EE446A5D
:1056A000E3EEA76AE6EEA74AF0EE456AE4EEA76AE3
:1056B000E6EEA75AF0EE466AE5EEA76AA6EEA77AEE
:1056C000F0EE406AE7EE876AA7EEA60A7047B7EEEB
:1056D000000A70474EE534269998052D2215293386
:1056E000B4A29138398EE33CD4CBA022C400AB29BC
:1056F000221529302E740136398EE33A054B1B688A
:1057000010B41C6824680A460146184623465DF812
:10571000044B18478063002030B42C4D6C8B002C58
:105720004BD005EBC4042A4605F6585105F5CF5376
:10573000F7EE002A93ED007A92ED343AD1ED016A4A
:10574000D2ED353AD1ED005AD3ED017A73EE474AE6
:1057500037EE437A33EEE76A35EEA24A77EEE37A24
:1057600032EEE55A67EE265A012826EEC66A64EE46
:10577000A64A67EE043A67EEA66AE7EE845A08D1B5
:10578000F0EE466AF0EE645AE7EE056AE7EE855AF7
:1057900008E0B0F1FF3F12BF73EEE66A76EEE36A0F
:1057A000F1EE655A0832A242C3ED006AC3ED015A18
:1057B00001F1080103F10803BCD1AB8C23F0040311
:1057C00043F04003AB8430BC704700BFF8080020B2
:1057D000084A08B5138B03F00101814209D023F078
:1057E000010303432820138306F008F9024B00222B
:1057F0001A7708BDF8080020080300202DE9F04FB3
:105800002DED028B061E85B0154601DB574C98E046
:10581000564CD4F80CA08A45894680F09180B4F8A3
:105820002280276908F1FF388F421FFA88F801D8D3
:10583000464686E0A7EB0A07A1EB0A003A4600239A
:10584000A0FB0801FBF762F80646A6FB0723F11749
:1058500007FB01334FEA580112EB010B43F1000C37
:105860001FFA88F2002358466146CDE902BCCDE913
:105870000023FBF74BF8DDE902128346781842F16A
:105880000001DDE90023FBF741F80AEB0B0291452B
:105890008244A0EB0B0054D060B1A9EB020307EEE9
:1058A000103A07EE900AB8EE477AF8EE677A87EE7C
:1058B000278A01E09FED2E8A104603F03DF9074646
:1058C000504603F039F9B84201D1731C15E048463F
:1058D00003F032F9B84208D1002E32DDF7EE007A3B
:1058E000334638EE278A013E07E0B04529DDF7EE62
:1058F000007A38EE678AB31C013604EBC60604EB67
:10590000C3042B1D2C35D6ED347A94ED347A37EE62
:10591000677AE7EE087A43ED017AD6ED357A94EDB1
:10592000357A37EE677A06F68846E7EE087A04F6A7
:10593000884417EE902A43F8082BAB42E3D110E0DD
:1059400000262B1D04EBC6042C35D4F8D02043F8D8
:10595000042CD4F8D42043F8082B9D4204F6884444
:10596000F3D105B0BDEC028BBDE8F08FF808002044
:105970000000000010B52DED028B82B0044601A995
:105980006846D4ED008A94ED018A0CF0E5F9DDED6E
:10599000007ADDED016A28EE677A67EEA87AA6EE56
:1059A000A87AE6EE887A84ED007AC4ED017A02B036
:1059B000BDEC028B10BD00BF012818D108B50868E6
:1059C0000B4902F09BFE28B90A4A137843F04003C2
:1059D000137006E0012804D1064A137823F040032F
:1059E00013704FF48D70BDE8084006F007B870479B
:1059F00038320108A803002000283ED002283CDCF1
:105A00001E4B9B8A5B0738D470B5022890B00D46B8
:105A10000CD148681A4C02F0D7FD1A4A04FB00F476
:105A200004F2E734A2FB0434A40901E044F6206444
:105A30002E68154D3046FBF7EBF8314602462346FB
:105A400005F12000FBF782FE234602220F49104E8B
:105A500005F12000FBF77AFE03E033680C481B6871
:105A600098474022694623462846FBF7EDFD6946E4
:105A700002460028F1D110B070BD70470803002025
:105A8000A0860100D34D621074050020503B010830
:105A900084070020022838B509D108680D4602F0B5
:105AA00079FD04B2686802F075FD02B202E04FF0C1
:105AB000FF32144621460220BDE838400AF082BD7C
:105AC00002280FD138B508680C4602F063FD054680
:105AD000606802F05FFD29B202B2BDE838400120E3
:105AE0000AF070BD704700BF0AF04CB908B52DED43
:105AF000048BB0EE419AB0EE608A38EE098AF0EE7F
:105B0000408A20EE810A38EE288A20EE280AB0EE7C
:105B1000C00A0CF07BF9B5EEC08ABDEC048BF1EE47
:105B200010FA48BFB1EE400A08BD00BF0C494A8BCD
:105B3000AAB140F2911303FB002310B440F688444D
:105B4000002201EBC30304FB001080ED340AC0F80F
:105B5000D42008309842F8D15DF8044B7047704764
:105B6000F80800200828044B024628BF082210200D
:105B70001A7005F043BF00BF8C630020014B1878FA
:105B8000704700BF8C630020024A137823F00103A2
:105B900013707047A8030020FFF7F6BF084A11787A
:105BA00081F0010303F0FB03C807137006D5054914
:105BB000898A090544BF43F002031370704700BF90
:105BC000A8030020080300200FB400B5074B186895
:105BD00083B028B105AB1A4604990193FCF724FE63
:105BE00003B05DF804EB04B0704700BF8063002091
:105BF00038B505220D4902F09FFD0D4B80B20528F6
:105C0000188004D90B48FFF7DFFF00240CE050B1E7
:105C1000094C0A48054D296802F070FD20B154F87E
:105C20000A0F0028F7D10024204638BD2463002045
:105C30007C6300207830010890380108703001083A
:105C4000022870B51DD02648264C274DFFF7BCFF13
:105C5000002634F8023FDA08580900F0F800190469
:105C600002F4E052024301F478015B030A439BB261
:105C700031461A4328460136FFF7A6FF202EE8D109
:105C80002DE008680C4602F09FFC83B21F2B0646ED
:105C900025D8606802F098FC0546606802F094FC24
:105CA000ED00430103F4F853606805F460451D43BB
:105CB00002F08AFC030C03F0F80360681D4302F055
:105CC00083FC0A4BB6B2C0F3423003EB46060543F1
:105CD000F58340F21A30BDE8704005F08FBE70BD0C
:105CE000C031010824030020DC3101080803002032
:105CF00001490248FFF768BF64300108883801088D
:105D000038B5064C216839B1054D2846FFF75CFFD0
:105D100054F8041F0029F8D138BD00BF7C030020CF
:105D20008838010838B50948094C0A4DFFF74CFF7F
:105D300009492846FFF748FF54F80A1F0029F8D1FF
:105D40000648BDE83840FFF73FBF00BF603201089A
:105D5000903801086C32010870300108503B01088E
:105D6000012808B507D0074B07495A680748BDE81E
:105D70000840FFF729BF086802F026FC014B586075
:105D800008BD00BF0803002028360108503601086E
:105D90002DE9F041071E43D048DDDFF89880244EFE
:105DA0000C1F0025414654F8040F02F0A7FC0728F9
:105DB00036D8DFE800F004080C131A1F262B012048
:105DC000FFF706FD28E00020FFF702FD24E0338BFB
:105DD00023F0060343F0020333831DE0338B23F0EB
:105DE000060343F00403338316E0338B23F00603EA
:105DF000338311E0338B23F0180343F0080333831C
:105E00000AE0338B23F01803338305E0338B23F050
:105E1000180343F0100333830135AF42C2D105E0CC
:105E200004490548BDE8F041FFF7CEBEBDE8F0816A
:105E3000F8080020B837010898370108012808B58C
:105E400006D0064B0648198BBDE80840FFF7BCBEDC
:105E5000086802F09FFB014B188308BD080300206F
:105E6000EC330108022816D138B50C460C492068DD
:105E700002F044FC051E08DB606802F0A5FBC1B21D
:105E8000A8B2BDE838400AF0B3B805490548BDE8F6
:105E90003840FFF799BE02490248FFF795BE00BFA0
:105EA00048330108EC310108012808B507D0084B38
:105EB00008491A780848BDE80840FFF785BE086819
:105EC00002F082FBBDE80840C0B2FFF74BBE00BF46
:105ED0008C630020A835010850360108012808B558
:105EE0000BD108680D4902F009FC30B90C48FFF7E6
:105EF0006BFEBDE808400AF065B80A48FFF764FE8B
:105F0000BFF34F8F0849094BCA6802F4E06213439C
:105F1000CB60BFF34F8F00BFFDE700BF1034010817
:105F2000143401083434010800ED00E00400FA05DF
:105F3000012808B507D0074B07495A6E0748BDE846
:105F40000840FFF741BE086802F03EFBBDE808408C
:105F500002F0CABD080300200C36010850360108C3
:105F600008B50BF005FBBDE8084001460148FFF706
:105F70002BBE00BF80380108012811D108680A49EA
:105F800008B502F0BBFB002804DBC0B2BDE8084046
:105F900005F076BD04490548BDE80840FFF714BE8A
:105FA00001490248FFF710BE10330108F83201081A
:105FB000012813D108B5086802F006FB062806D8A8
:105FC0000BF084F91020BDE8084005F017BD06224B
:105FD00005490648BDE80840FFF7F6BD062202491C
:105FE0000248FFF7F1BD00BF4834010850340108F2
:105FF00010B90B48FFF7E8BD38B5044608680D46F0
:1060000002F0E2FA012CCCBF69680021022C0246A2
:10601000CCBFA8680020BDE8384009F007BA00BF2F
:106020008033010800B50D4883B0FFF7CDFD09F0BE
:1060300085FE0B490B48B1F912300093B1F91030CD
:10604000B1F90E20B1F90C10FFF7BEFD40F21A3085
:1060500003B05DF804EB05F0D1BC00BFC436010805
:1060600008030020F03601082DE9F041274C284BA9
:10607000C02222802688E0B0012836B2C3F800D0C2
:1060800008D1086802F086FA224B10F1FF3018BFE1
:1060900001201880002002F0D9FE1F4B1F485B8BA7
:1060A0001F4902334FF080429BB2526A038023881B
:1060B0001BB2C832002B0A6004DD30BF23881BB23C
:1060C000002BFADC002E10DC1DE035F9021BFFF777
:1060D0007BFD0C2C03D14046FFF776FD0024B54232
:1060E000384604F10104F0D10DE00E48BDF900106E
:1060F000DFF8348007460DEB4606FFF765FD0DF12E
:1061000002050124EBE760B0BDE8F081784800208B
:10611000744800207A48002008030020B868002056
:106120009061002028320108503B0108012802D06C
:106130000A48FFF749BD08B50868094902F0DEFAC8
:1061400020B10848BDE80840FFF73EBD0BF042F91A
:106150000548BDE80840FFF737BD00BF183101080A
:1061600040310108483101085C31010808B50BF0E5
:1061700067F80248BDE80840FFF726BD643401080F
:1061800010B5012205490648FEF772FC044610B11D
:106190000448FFF719FD204610BD00BF5831010823
:1061A000309800200C350108012802D00B48FFF779
:1061B0000BBD10B50C46FFF7E3FF70B9246820460D
:1061C000FFF7A2F8064A074B2146002818BF1A46D7
:1061D000BDE810400448FFF7F7BC10BD24350108A6
:1061E0001C350108203501084435010830B5012867
:1061F00083B003D01848FFF7E7FC2BE004460D6896
:10620000FFF7BEFF30BB294622461448FEF754FC78
:10621000054618B11248FFF7D7FC1BE0114C0421CA
:10622000D4F8843B00936846FFF768FA019501E0D3
:10623000FFF764FA01AB4FF4007221460748FEF7FE
:1062400079FD20B9019B20461946002BF0D1034867
:10625000FEF7BEFF03B030BD7C350108E09500209D
:10626000983501086C8A002030B5A7B004460D4669
:10627000FFF786FF50BB14B1012C03D005E0144B8F
:10628000249306E02B68249303E01248FFF79CFC5C
:106290001CE010A81049FEF7A9FF08B90F4C07E051
:1062A00010A8FEF7EFFF11E0DDE90023FFF78CFCFB
:1062B000694610A8FFF710F80DF11A010028EFD178
:1062C0009DF81A302046002BEED1E9E727B030BD0B
:1062D0005435010858350108583101087435010852
:1062E0002DE9F043354B364D1E6887B006F07F34FC
:1062F00024F0FE4404945F68032805EA07058846F5
:10630000059512D12F49D8F8000002F0F7F90028BE
:106310003ED1D8F8040002F057F90446D8F8080036
:1063200002F052F9014620462DE0022830D12649DC
:10633000D8F8000002F0E2F98146B9F1060FD8F86A
:10634000040006D102F066F907B0BDE8F0430BF097
:1063500085BA02F039F9B9F1000F19DB632817D8B3
:106360001A4B1B4AA3FB0013DB0803EB830112F853
:106370000920A0EB410006A90A4440EA031002F8F4
:10638000080CDDE9041007B0BDE8F0430BF0FAB9E2
:10639000C4F3062206F07F060B490391240CCDE9D5
:1063A0000042029607F03F03C5F30422290C094876
:1063B000FFF70AFC07B0BDE8F08300BF00280040EB
:1063C0003F1FFF006C360108B83E0108CDCCCCCC95
:1063D000F43A010870360108012808B507D0074BC8
:1063E00007499A680748BDE80840FFF7EDBB086811
:1063F00002F0D0F8BDE8084002F05CBA08030020C3
:10640000A433010850360108012802D00748FFF7DD
:10641000DBBB08B5086802F0D7F8FFF7B5FB044B03
:10642000D97FBDE8084002F09FBB00BF40320108A1
:10643000F80800202DE9F043012883B013D1086843
:1064400002F0A8F8062805D91A4803B0BDE8F043C1
:10645000FFF7BABB012809DC174C184E40F68843F9
:1064600003FB00440AE0144C144E07E0023840F6E7
:10647000884404FB00F4114ED0343444738BB3B120
:106480000F4F00252068FAF78BF880466068894630
:10649000FAF786F84B46CDE9000142463846FFF749
:1064A00093FB738B0135AB4204F10804EADC03B0C3
:1064B000BDE8F083083201087C480020F80800207D
:1064C0002032010810B50446102005F097FA094B58
:1064D000042CDA7F28BFFF24A24209D0064ADC77C9
:1064E0001378DB0704D42046BDE8104002F05EBC00
:1064F00010BD00BFF8080020A8030020012808B53F
:1065000006D0074B0748D97FBDE80840FFF75CBBC2
:10651000086802F03FF8BDE80840C0B2FFF7D2BFFC
:10652000F8080020C43301082DE9F04F85B040235E
:1065300008212B48ADF80E30FFF7E0F802210DF1ED
:106540000E00FFF7DBF82748DFF8A480BDF80E1037
:10655000A0F11E06FFF7D2F8A8F14009002409F1C6
:10656000020BCA4608F2BE3527460020CDF800804F
:1065700001234FF4F07239460AF04AFA1A4800F142
:10658000010C06EB440330F8021FDB8B8B4209D071
:10659000164B002402E00134202C05D033F8022FE2
:1065A0008A42F8D1E3B201E000242346A8420CF865
:1065B000013FE6D14FF4F07259460D4802F0FAF867
:1065C00081B20346013702315046A9F80030FFF787
:1065D00095F8B7F5A07FC8D105B0BDE8F08F00BF32
:1065E000443B010826030020AA8A0020240300203F
:1065F000AC8A0020002801DDFFF796BF70B50B4D77
:1066000082B000242E46022321464FF4F07200206F
:1066100000951C440AF0FCF94FF4F0613046FFF796
:106620006DF8B4F5A07FEED102B070BD6C8A002089
:1066300070B40F490F4A104B4C8B1E88508B157F3E
:10664000002364F3080360F35123547F908A0B4ABC
:1066500066F3954365F3985364F35F634D688C6804
:106660004969136555659465D16570BC10667047BE
:10667000F8080020080300206E9A0020002800403F
:10668000F8B5224D2A8892B2002A3DD04FF08043BF
:106690001F495B6A09685B1A002B35DB1D491E4CDC
:1066A000498B10F0020F01F10101A4F1C00008BFF5
:1066B0000446914202DA02F0AFFC03E0602120467A
:1066C00002F022FC154B164FB3F900003E68154945
:1066D00004EB4000021D0024C4300B881BB20BB930
:1066E00074B10CE00B8832F9044C013B04321BB24C
:1066F00082420B8026F8024B4FF00104EDD13E6040
:106700002B88013B9BB22B80F8BD00BFB8680020EE
:106710009061002008030020546200207A48002085
:106720007448002078480020034BC0F308024FF45F
:1067300081605A8305F062B908030020012808B57A
:1067400004D1086801F040FF80B215E0022815D19D
:10675000086801F039FF83B2B3F57A6F08D8072BC8
:1067600008D94FF47A60B0FBF3F0013880B203E04F
:10677000002001E040F2FF10FFF7D6FF054B06486E
:10678000598B4FF47A624B1CB2FBF3F2BDE8084020
:10679000FFF71ABA08030020B83001084FF47A63F3
:1067A0000130B3FBF0F0704730B4094A094C0A4B92
:1067B0000A49256812881B680C6803FB00535108BE
:1067C00004FB001030BCB0FBF2F01844704700BF6F
:1067D000F0080020F4080020E8080020EC08002061
:1067E0002DE9F04F764F774C7A8B23882DED028B75
:1067F0009A4295B004D9002800F0CB8121B9B6E1C6
:10680000002323800028F9D16F4B97ED2A0ADFED92
:106810006F7A02904FF000529A6120EE270A0D46DF
:106820000BF00EFC1120B0EE408A0AF061FA798B71
:106830002088814240F2928105F00303009305F025
:1068400040034FF0000A05F0010905F00208C826D0
:1068500004932B46D346CDF804A04D46B246994644
:106860004646FFF7A1FF009B80465BB1F97F02F02F
:106870007BF9049B834613B92388039302E04FF00E
:10688000FF330393002D61D0002002F0DFFA4FF0B8
:1068900080424F4B516A5A8B4E484F4B5144023203
:1068A000594492B219F0200B01601A8000F06B81FC
:1068B0000AAA414603980593FEF7A0FF059B1A8894
:1068C00092B2002A00F0558130BF1A8892B2002A95
:1068D000FAD106A802F058FBBBF1000F34D0DDED71
:1068E000076A9DED0B4A9DED0C5A9DED066ADDEDA4
:1068F0000A7ADDED0D5A9DED0E7ADDED0F4A76EE4A
:10690000C46A36EE676A66EE857AA6EE057A4FF0BF
:106910000A0BE6EE257AA6EEE57A77EEA47A26EE65
:10692000A75A67EEA75A67EEC67AE7EE075AA6EEB1
:10693000075AE6EE877AC5EE256A87EEA57ACDED91
:10694000066A8DED077A01E04FF00A0B002E00F089
:106950008480012002F07AFA4FF080421C4B516A89
:106960001C485A8B1C4B8A440AEB0B010232016013
:1069700009F0210192B220291A801BD10AAA4146AE
:1069800003980593FEF73AFF059B13E008A802F071
:10699000FBFADDED087A9DED097AF1EE677AB1EE4A
:1069A000477A19F0200FCDED087A8DED097A54D091
:1069B00014E030BF1A8892B2002AFAD1E6E700BF8D
:1069C000F80800208E61002000080048E3C8EB3D75
:1069D0000803002090610020B86800209DED125A45
:1069E0009DED116ADDED136ADDED105ABB8C77EE7B
:1069F000C57A37EE667A67EE866A27EE066AE7EEB4
:106A0000256A5B0567EEA57AB0EE667A37EEC65A60
:106A1000CDED096A8DED085A1FD59DED0D4ADDEDCE
:106A2000076ADDED0C3ADDED064AF7EE005AE4EEBA
:106A3000265A66EEA36AE3EEE45AE4EE246A76EEA2
:106A4000677A27EE256A27EE267AA6EEA76AA5EED4
:106A5000257A8DED096A8DED087A2388B3F5C87F14
:106A600042D8ADB119F0040F0BD007EE908A97ED24
:106A7000270AF8EE677A06A827EE800AFEF77AFF63
:106A80002388474A0698079902EBC30318605960A8
:106A900056B319F0080F0AD007EE908AB8EE670ACD
:106AA000D7ED287A08A820EE270AFEF763FF19F031
:106AB000100F9DED087ADDED097A07D027EE087AF0
:106AC00067EE887A8DED087ACDED097A2388344A0D
:106AD00003F2911102EBC30303F68C4302EBC102F4
:106AE00082ED007AC3ED007A2E4B1B780BB1029B2E
:106AF0001BBB2D4B20885A8B7B8B262A15D90199DD
:106B0000C0EBC0085A1E08EB881898FBF2F8A8EBF7
:106B10000102002A09DD143108460123002109F091
:106B2000E7FF20887B8BCDF80480013080B298424B
:106B300020804FF0000AFFF494AEDDF804A0BAF113
:106B4000000F00D108E002200AF0D2F852460123DB
:106B50000021142009F0CCFF798B2088134B081AF0
:106B60004FF40052B0FA80F040099A6113E00846F1
:106B700011E006A802F008FAB1E606A802F004FA4D
:106B80004FF00A0BE2E61A8892B2002A7FF49CAE1C
:106B9000F3E7208038E615B0BDEC028BBDE8F08F3E
:106BA0007C4800201B8A00200803002000080048C1
:106BB0002DE9F04FB44B2DED088B9B8A1E068BB050
:106BC00002D5012009F05EFF09F00EFD06F0B8F9CC
:106BD000AE4BDFF81083DFF81093DFF810A3DFED82
:106BE000C49ADFEDABBA9FEDABBADFEDABAA9FED78
:106BF000ABAA5B0003F58052043203F5805309927F
:106C0000089304F0E3FEB8F82430D8ED277AA44ABC
:106C1000DD0554BF40F0030040F02300F5EE407A5C
:106C2000D8ED287A12781FFA80FB9C0548BF4BF0FC
:106C3000400B9C4BF1EE10FAF5EE407AD8ED2A7A33
:106C40001B7818BF4BF0040BF1EE10FAF5EE407A0A
:106C500018BF4BF0080BF1EE10FA18BF4BF0100BF9
:106C6000980710D022B101F029FF8D4A002313703C
:106C700059460120FFF7B4FD8A4A137823F0020336
:106C80000746137031E0804B9B8AC3F3C0249442C3
:106C900003F4006307D013B101F0F4FE01E001F04A
:106CA0000DFF7F4B1C7030BF00271EE0BAF80000BC
:106CB000D9F8003001383146984700212846C9F8F4
:106CC0000040FAF76DFAD9F80030002BEED1754A82
:106CD0001378144663F07F03137009F033FC2378B4
:106CE00003F07F03237047B9C0E1D9F80030002BCF
:106CF000EDD06D4E6D4D0024D8E76D4B1B7823B958
:106D0000B8F81830D90755D558E05F4B694D9A8AC5
:106D1000694B6A4CCDE902BB12F0020F08BF1C465A
:106D2000029BDA070BD4029BC3F34F030293644B1D
:106D300005F68845AB42F3D1DDF80CB0E0E75C4BDB
:106D40001F780123013FBB40002B0193EBDD0026A0
:106D5000B8F81A3095ED000AD5ED018A022B04D857
:106D6000019B0136B342F3D1DDE72F464FF0010B13
:106D700097ED028A97ED041A97ED039AF0EE480A10
:106D8000A04797ED051A87ED020AD7ED030AB0EE8A
:106D9000680AA047B8F81A3087ED030A0BF1010B17
:106DA000013B9B45F0EE498AB0EE480A07F108071F
:106DB000DEDBD5E7012004F021FE57E103F00605F4
:106DC000022DB8F81A4001D0042D06D1620092B20B
:106DD000019201220594069203E00022CDE90522EA
:106DE000019413F0180204D0102A0CBF0D270027BD
:106DF00000E00627334903F01E0343EA44130A88E0
:106E00009BB29A4200F09480042D0B8072D107FB54
:106E100007F307EE903AF8EEE77AB5EE007A67EE00
:106E2000877AB7EE001A9FED284ADFED284A9FEDDA
:106E3000285ADFED285A9FED286ADFED286ADFED3A
:106E4000282AF0EE4B3AB0EE6A3AEBEEA73AA3EE00
:106E5000A73AF0EE4A3AE3EE273AA3EEA74AE4EE69
:106E6000274AA4EEA75AE5EE275AA5EEA76AE6EE52
:106E7000276AA6EEA77AF0EE416AE7EE876AA7EEE8
:106E8000A61A21EE221A4CE0080300206C8A00208A
:106E9000D4CBA0224EE53426C400AB299998052D09
:106EA0008C610020A8030020286300208463002058
:106EB0008C6300207C480020ED5A00081156000821
:106EC0008C6100208E630020221529302215293381
:106ED0002E740136B4A29138398EE33A398EE33CF0
:106EE00000000044F8080020386300207C63002084
:106EF000000000001FED021A7CB1059E029534448B
:106F00003546019E28463A463146FEF78DFB01354F
:106F1000AC4231EE001AF5D1029D022D08BF31EED0
:106F2000011AB7EE007AC7EE017A624BC3ED007A20
:106F3000614BCDE902B3029BDB070AD4029A039BA3
:106F4000520802925D4A03F688439A420393F2D1B3
:106F500030E7B8F81A3004935BB3564A039C92EDBD
:106F6000001ADDF814B0564DDB0007931E19584681
:106F70003A460199FEF758FB94ED007AD4ED017A78
:106F800020EE010A083427EE007A67EE807AA642E6
:106F900085ED007AC5ED017A0BF1010B05F10805CD
:106FA000E5D1049BB3F5007F07DB069B002B64D083
:106FB00012E0049B07931A4600E0049A404B07999D
:106FC0000B440132B2F5007FC3ED009AC3ED019A84
:106FD00003F10803F5D1E8E7049B012B57DD394B9A
:106FE000079ADDE90845A3F108010A44E11A186887
:106FF0000860D3ED017AE91A0833F1EE677A9A4214
:10700000C1ED007AF2D142E02F4BA21E03F108003D
:1070100000EB820219EE900A43F8080B9A42F9D16C
:107020003FE0B8F8183003F00603042B2CD10129F7
:107030002ADD244BA3F1080202EBC101D3ED007A53
:1070400013ED027A77EE877A17EE902A43F8082B31
:107050009942F3D118E00399194A0023013352F8F9
:10706000040B41F8040BA342F8DB67E74FF4807090
:1070700004F0C4FC04F014FDC3E5012110480AF03B
:10708000E1FDB8F81A406400002CE4D156E7012174
:107090000B480AF0D7FDB8F81A104C00012CB3DCED
:1070A000BFE7B8F8183003F00603042BD3D1012949
:1070B000BFDCD0E7BC6800207C4800208C61002049
:1070C0006C8A0020748A0020708A002070B5084DF8
:1070D0006B8B63B1074E0024A0B2FFF765FB01463E
:1070E0003046FEF771FD6B8B0134A342F4DC70BDBA
:1070F000F8080020643601082DE9F047A64C84B05A
:10710000638BADF80830831E022B03D9A348FEF72A
:107110005BFD3DE1074608680E4601F055FA8046E2
:10712000706801F051FA0546B8F1000F02D008B1BD
:10713000804503D99A48FEF747FD29E1022F00F068
:107140001A81B06801F040FA80B2431E9BB2B3F5D9
:10715000C87FADF8080003D99248FEF735FD17E166
:107160000022042F6083ADF80A2004D08E4F84469D
:107170003A78032116E0F0688B4F01F025FA3A784F
:10718000BDF808C081B21307ADF80A100CF1FF3347
:1071900048BF41F08001608B48BFADF80A109BB238
:1071A000C1F34101A68C22F00802F6053A7005D51C
:1071B000BDF80A20120758BF41F02001D4ED277A0C
:1071C00094ED287AF5EE407AF1EE10FA0BD0BDF886
:1071D0000A20D70612D4B5EE407AF1EE10FA41F04B
:1071E000040109D10AE0B5EE407AF1EE10FA05D0BB
:1071F000BDF80A20D60601D441F00801D4ED2A7A60
:10720000F5EE407AF1EE10FA05D0BDF80A209206AC
:1072100058BF41F01001E268904540F0A980226912
:10722000954240F0A580628C824240F0A180A5EB9F
:1072300008055E48B5FBF3F203FB125505605C4898
:10724000A4F81AC05B4E5C4C03808B073260C4F814
:10725000008002D00020FFF7C3FAFEF795FCBDF8CE
:107260000A30002B00F0948013F080040AD1BDF89E
:107270000820002A00F08C80504DDFF84CA1504FC0
:10728000504E34E002210DF10A00FEF737FA0221D8
:1072900002A8FEF733FABDF80830002B78D0474D2E
:1072A0000024BDF80A30DF0709D5A0B2FFF77CFA49
:1072B0000421039003A8FEF721FABDF80A309E07C7
:1072C00004F1010405D508212846FEF717FABDF898
:1072D0000A30580704D5082105F68840FEF70EFA53
:1072E000BDF80830A34205F10805DADC50E0D90703
:1072F00008D5A0B2FFF758FA01465046FEF764FCE5
:10730000BDF80A309A0704F1010410D52868F9F78E
:1073100047F9804668688946F9F742F94B46CDE956
:10732000000142463846FEF74FFCBDF80A305B07C5
:1073300012D505F688431868F9F732F905F68C433B
:10734000804618688946F9F72BF94246CDE90001D5
:107350004B463846FEF738FC3046FEF735FCBDF8A4
:107360000830A34205F1080512DDBDF80A30BEE77A
:1073700041F040015BE7BDF808C00B4F608B3A78E5
:1073800000210CF1FF33ADF80A109BB2032109E78D
:1073900004B0BDE8F08700BFF8080020843401087D
:1073A000BC340108DC340108A8030020EC080020EC
:1073B000F0080020E8080020F40800207C480020A5
:1073C00004350108503B01080035010810B5064C92
:1073D000237843F008032370FFF78EFE237823F011
:1073E0000803237010BD00BFA8030020014B1868DC
:1073F000704700BFE8080020421C1BD0F8B50E4DB6
:107400006B8B8B4215D904460B348FB205EBC40449
:1074100038460E46FFF7C8F963886060B34208D06B
:10742000184603F01BFE67802020BDE8F84004F0FA
:10743000E5BAF8BD704700BFF80800202DE9F84311
:10744000324C3349668B334F3348D4E90159013EFE
:10745000A9EB050207EE902A07EE106AF8EE677AAC
:10746000B8EEC77A2DED028B87EE278AB3B20B8078
:10747000B2FBF3F103FB1123284A3B600160156066
:10748000A0460027D8F85C3013B9B8F85A1011E0BC
:107490009D4231460DD25A1B07EE902AF8EE677ACC
:1074A000994568EE277A05D9FDEEE77A17EE901A2E
:1074B00000E0002138460137FFF79EFF082F08F152
:1074C0000808DFD14946284603F05CFCE3689D428A
:1074D00014D12269A38C914511D1618B628C9142A8
:1074E0000DD10FE040F21B40A38404F087FABDECFD
:1074F000028B0B4B00221A80BDE8F883A38C43F467
:107500000073EFE723F400739BB2EBE7F808002069
:10751000F0080020EC080020E8080020F408002013
:107520008E61002010B509F039FF0446FFF786FF91
:10753000034B93F8210004F0A3FA204610BD00BFCE
:10754000F8080020012815D108B5086801F03CF8BA
:10755000062807D8FFF7E6FF58B10948BDE80840FC
:10756000FEF732BB062207490748BDE80840FEF790
:107570002BBB08BD062203490348FEF725BB00BF0D
:10758000F433010808340108503401081528074B6A
:1075900038BF152040F2911188425A8B28BF084607
:1075A000824202D05883FFF749BF7047F808002095
:1075B00008B5FFF743FF034A137843F00103137044
:1075C00008BD00BFA80300202DE9F041044688B99A
:1075D0003F4D404E95F85830013433B1EB6DB5F85E
:1075E0005A2021463046FEF7EFFA082C05F108052F
:1075F000F0D16BE00D46222004F000FA36492868ED
:1076000001F07CF800281BDB314AB0FA80F3012836
:107610004FEA53134FF0FF3018BF0020507782F825
:10762000583082F8603082F8683082F8703082F822
:10763000783082F8803082F8883082F8903045E0E7
:10764000286800F0A7FF471E072F064605D92249E4
:107650002248BDE8F041FEF7B7BA012C0ED11C4D0F
:107660001C4806F10A0805EBC802314653685288E7
:10767000FEF7AAFA6F7705F8384027E016496868E0
:1076800001F03CF810B1012807D012E0104B0A3687
:1076900001225F7703F8362018E00D4B93F91D2087
:1076A0000A360021BA4203F836100FD1FF225A776A
:1076B0000CE0074C0A36012304F83630686800F005
:1076C00069FF01463846FFF797FE6777BDE8F0810E
:1076D000F80800208C320108B43201089832010801
:1076E00007289DBF024B03EBC000C06D0020704710
:1076F000F8080020022870B503D8B1F5167F1AD318
:1077000014E0052812D1454B588B1A8B5D6801385F
:10771000540601FB00F1424804D42944814228BFA9
:10772000014620E0814228BF014640E03C4B99429F
:1077300028BF194601E04FF41671062862D8DFE829
:1077400000F0040F1A3351615900344B1A8B9868BA
:10775000596022F0400288421A8353D2996051E066
:107760002E4B1A8B5D68996022F040028D421A837D
:1077700048D9596046E02948294D048BD0E90132A7
:1077800001326D1AD21AA1F51673AB4228BF2B46EF
:107790005208934228BF134644F04002CC1A1944C1
:1077A0000283C0E901412DE01C4B1A8B5D689E6885
:1077B0001B4805F00104490804EB550404EB56048A
:1077C00001F51675AC42A0EB010038BF2C46A04273
:1077D00028BF2046441A42F0400208441A83C3E9F5
:1077E00001400FE00D4B1A8B596042F04002996046
:1077F0001A8307E0094B4FF48060BDE8704059617F
:1078000004F0FCB8FFF71AFE064A1378590704D5AE
:1078100023F0040343F00103137070BDF808002047
:1078200000BBEEA0A803002030B9294929484B8BA2
:10783000D1E90112FEF7C8B9032844DC00282DE97C
:10784000F04104460D4604DD086800F0BDFE064622
:1078500000E00026012C04DD686800F0B5FE074654
:1078600000E00027032C04D1A86800F0ADFE044618
:107870000FE0022C0CD176B92868174900F03EFFC2
:10788000431C18D0394680B2BDE8F041FFF732BF43
:1078900000242EB100E0002431460020FFF72AFF2B
:1078A0001FB139460120FFF725FF54B1A0B2BDE852
:1078B000F041FFF76BBE08490848BDE8F041FEF70C
:1078C00083B9BDE8F08104490448FEF77DB900BFE3
:1078D000F8080020B8350108943E0108C4350108B5
:1078E000044BD3E903015A8C5A83C3E90101FFF722
:1078F000A5BD00BFF8080020042842D82DE9F041BA
:10790000204CD4E902126368658B934234D122691A
:10791000914231D1628CAA422ED1A38C1A49E27FC6
:1079200084F8202000EB400040000A18174D095A47
:107930005088AF7E92F80580167903400B43262FBE
:10794000A3849CBF27236B83B8F1000F0CBF0121D8
:1079500002210020FEF744FF40F688420C4902FB5A
:10796000064002FB0811D0300AF096FB6F8310200E
:10797000BDE8F04104F042B8C4E903316584002356
:10798000CCE77047F8080020983001080803002071
:107990007C48002038B56C4DAC8C14F0010004D14B
:1079A0009FED6A0AFEF7C2F8AC8CE10605D49FEDA4
:1079B000670A0420FEF7BAF8AC8C04F00603062B25
:1079C0004DD1688B50B924F0020444F020044FF0EC
:1079D000FF30AC84FDF7A0FEAC8C61E05A4A05EBA9
:1079E000C00002F6585302F5CF51D1ED005A93ED85
:1079F000007AD1ED014AD3ED017A92ED344A92ED4D
:107A0000355A77EE256A37EEA46A76EEC46A36EE0A
:107A1000456A77EEE47A76EEC46A36EE456A37EE6A
:107A2000657A67EEE65A26EE275A67EEA77AE6EE03
:107A3000075A08329042A6EE875A01F1080103F175
:107A40000803E7EE077AB0EE656A86EE277AC5EEA0
:107A5000275A03ED017A43ED025AC6D1B3E7A207D4
:107A600012D53B4940F6884288180AF015FB24F0ED
:107A700002049FED360AAC840120FEF757F801207E
:107A8000FDF74AFEAC8C0BE0630709D59FED2F0A8A
:107A90000120FEF74BF84FF0FF30FDF73DFEAC8CB8
:107AA00020072CD5698B31B924F0080444F08004F8
:107AB000A4B2AC842BE0274B03EBC10103F6884250
:107AC00093ED016AD2ED016A93ED007AD2ED005A8E
:107AD00076EE667A37EE657A67EEA77A76EEC66A54
:107AE000E7EE077A0833083287EE276A86EEA77A30
:107AF00003ED026A03ED017A8B42E1D1D4E721065E
:107B000005D4B7EE000A0320FEF710F8AC8C62062D
:107B100005D4B7EE000A0220FEF708F8AC8CA306E5
:107B200005D49FED0A0A0120FEF700F8AC8C0A4B41
:107B300044F480744FF6FF72AC841A804FF4826074
:107B4000BDE8384003F05ABFF808002000000000EC
:107B500050160020602F00206E9A0020F8B5A0B9C2
:107B60002C4D2D4F2D4E0446AB8C2341DB0704D505
:107B700057F824103046FEF727F80134092CF3D1CA
:107B80002748BDE8F840FEF71FB80D46102003F067
:107B900035FF2868234900F0B1FD082833D8DFE815
:107BA00000F0050A0F14191E22282E000020BDE83F
:107BB000F840FFF7A1BE0120BDE8F840FFF79CBEEA
:107BC0000220BDE8F840FFF797BE0320BDE8F8406B
:107BD000FFF792BE0420BDE8F840FFF78DBEBDE878
:107BE000F840FFF7D7BE0B4A938C43F4807393841D
:107BF0000FE0084A938C23F48073938409E0054BCB
:107C000000229A8405E007490748BDE8F840FDF7DF
:107C1000DBBFF8BDF8080020FC3A0108D0300108AD
:107C2000503B0108E8300108D4300108064B074AF0
:107C300000EB400003EB800393F82A3003F00103CC
:107C400052F82300704700BFF8080020CC3E01081E
:107C5000084B00EB400003EB800301F0010193F8B7
:107C60002A208A4204D0212083F82A1003F0C6BEBD
:107C7000704700BFF8080020054B93F91C108142A3
:107C8000024603D0A0201A7703F0B8BE704700BFA9
:107C9000F8080020084B00EB400003EB8003D3ED15
:107CA0000B7AF4EE407AF1EE10FA04D0A12083EDC5
:107CB0000B0A03F0A3BE7047F8080020084B00EB46
:107CC000400003EB8003D3ED0C7AF4EE407AF1EE42
:107CD00010FA04D0C12083ED0C0A03F08FBE704768
:107CE000F808002070B5164B00EB400503EB850348
:107CF000044693F829608E4202F0010509D193F8F9
:107D00002A30AB421AD029462046BDE87040FFF722
:107D10009FBF0C4E83F82910C1EBC10306EB83060D
:107D200096ED040AFFF7CAFF204696ED050AFFF715
:107D3000B1FF40F2034003F061FEE4E770BD00BF15
:107D4000F8080020B854010808B5144B00EB4002B5
:107D500003EB820282F82810C1B1187711E093F882
:107D600034203AB993F8402032B993F84C300320CC
:107D70002BB906E0012002E0022000E00846FFF7F0
:107D80007BFF0220BDE8084003F038BE93F82820AE
:107D9000FF201877002AE2D0F0E700BFF8080020A3
:107DA0002DE9F043044685B038BB614D614F624E0A
:107DB00095F82830DBB1002195F8290003F02EF961
:107DC00095F82A3003F001038046286B57F823907A
:107DD000F8F7E6FBCDE90201E86AF8F7E1FB4B466C
:107DE000CDE90001424621463046FDF7EDFE013463
:107DF000042C05F10C05DBD197E00D464F492868AE
:107E000000F07CFC88B9012C0FDD4D49686800F05A
:107E100075FC002840F08280044620460021013491
:107E2000FFF792FF042CF8D17FE0286800F0B2FB46
:107E30000328064669D8012C14D13D4C00EB4003C1
:107E400004EB8304002194F8290003F0E7F894F888
:107E50002A30384C03F001030246314654F82330EF
:107E6000384856E03649686800F048FC10B90146C9
:107E700030461BE03449686800F040FC071E1ADBFE
:107E8000022C07DC2A4B06EB460203EB820393F835
:107E90002A0004E0A86800F07DFB012835D80246DE
:107EA00039463046FFF71EFF3046012105B0BDE8D8
:107EB000F043FFF749BF2549686800F01FFC002820
:107EC00007DB1B4B06EB460603EB860383F82B0010
:107ED0002BE0022C29DD1E49686800F00FFC10B170
:107EE000012809D011E0A86800F094FB304605B0E5
:107EF000BDE8F043FFF7CEBEA86800F08BFB30462C
:107F000005B0BDE8F043FFF7D9BE114B0F4A0E494B
:107F1000104805B0BDE8F043FDF756BE286800F0F4
:107F200039FB032806469DD9EFE705B0BDE8F0838D
:107F3000F8080020CC3E0108183701082C3701084A
:107F40003037010834370108EC370108BC3201082A
:107F50007434010840370108084B263003EB8003D6
:107F6000D3ED017AF4EE407AF1EE10FA04D020203D
:107F700083ED010A03F042BD704700BFF8080020FE
:107F800070B5061E1ADD0D461749286800F0B6FBCD
:107F9000431C044604D1286800F03CFB002404E0A4
:107FA000022E0CD1286800F035FBDFED107A204658
:107FB00020EE270ABDE87040FFF7CEBF00240C4832
:107FC000DFED0C7A00EB840090ED277A67EE277ADC
:107FD00017EE900AF8F7E4FABDE8704002460B4647
:107FE0000548FDF7F1BD00BF30320108CCBC8C2B39
:107FF000F8080020A5D4685324370108094A92F9EB
:108000001C30591C0AD003EB430302EB830393F8A3
:108010002A3002EB830292ED270A70479FED020A95
:10802000704700BFF808002000000000064BD3EDA9
:108030002A7AF4EE407AF1EE10FA04D0202083ED93
:108040002A0A03F0DBBC7047F8080020012810B5AD
:108050000BD0094BD3F8A800F8F7A2FABDE81040FE
:1080600002460B460548FDF7AFBD086800F0D2FA9E
:10807000BDE81040FFF7DABFF808002024370108F8
:10808000104B114A11491B681268096870B4104EF0
:1080900013440B43304606F10C0503F01F020A2A75
:1080A00034BF30243724224400F8012B5B09A84256
:1080B00043EAC1634FEA5111EFD1002333730448FF
:1080C00070BC7047ACF7FF1FB4F7FF1FB0F7FF1F7E
:1080D0001463002008B5FFF7D3FF034A0146BDE84B
:1080E00008400248FDF770BD643001087032010895
:1080F00038B50E4BD3F83C311B681B78042B0ED1DE
:1081000015460C460E21FDF7F9FA29462046FDF7E3
:10811000F5FA06210648BDE83840FDF7EFBA054AF2
:10812000137823F04003137038BD00BF840700208C
:108130004C3B0108A8030020024B01460248196687
:10814000FAF742B8080300206C050020012808B5A2
:1081500006D0094B0948196EBDE80840FDF734BD4B
:10816000086800F031FAB0F5967F38BF4FF496708A
:10817000BDE80840FFF7E0BF080300206C380108A5
:108180000F4B1B78042B10B50E4C00D008E0A38ACF
:108190000D485B0702D5F9F727FC01E0F9F730FC41
:1081A0000A48F9F71FFA0A48F9F71CFAA08A0649A3
:1081B000084A094B10F0040F08BF0B46136010BDAE
:1081C0003C060020080300208407002094050020BE
:1081D00074050020806300206C05002010B50C4C55
:1081E00000232360FDF704FD40B103891B0705D57B
:1081F000084A43681088084901389847074A084BDD
:10820000918A084A11F0040F08BF1346236010BD7D
:10821000806300207C630020286300200803002086
:108220006C050020840700202DE9804887B0F9F70D
:108230001FF8F8F733FDAF4AAF4F5369AF4CB04E5C
:1082400043F00103536109F0CDFB09F0D1FA09F0C5
:108250003DFB0FCF04F128050FC50FCF0FC597E8E1
:108260000F0085E80F000FCE04F158050FC50FCEA3
:108270000FC50FCE0FC596E80F00DFF8F0C2C4F8A7
:1082800000C085E80F00DFF8E8C29E4D9E4A9F4F70
:108290009F48C4F8AC7000264CF250314FF48C4328
:1082A000A4F89830C4F89C600023C4F8A060C4F817
:1082B000A460C4F8A860C4F8B0706160C4E906C5E1
:1082C0002062E160A260C4E90423A38408F0D6FF21
:1082D000904D00B129E0AB8A5E0626D58E4F3E6DEB
:1082E00026B3C6F3834006280CD809F057F848B9DE
:1082F0007B6DB96DFA6D6360C6F30803A1606261BE
:10830000638302E0002009F049F8C6F34661C6F332
:108310008252814B69772A771B6EC6F3482043F05F
:108320004003AB82FEF700FA02E0002009F036F8C5
:10833000FFF784F894F82100784F794EDFF83492F3
:10834000DFF834A203F09CFB09F09EF900F03CFD3D
:10835000A86800F0AFFA734B7348C3E90033F9F72C
:1083600005FB72497048F9F725FB2B6E7048002415
:1083700002A9CDE90234CDE90444F9F777FA286E71
:10838000FFF7DAFE4FF0904801220C214FF09040A9
:1083900009F078FB4FF08053C8F8183042F21070A3
:1083A000F8F7DEFE63493846F9F706FC40F2027240
:1083B00040460C2109F066FBFFF7E2FE08F044FCA2
:1083C00000F034FD44F62060F8F7CAFEC0215A4898
:1083D000DFF8A88109F090FA204608F0FDFD574823
:1083E00009F044F90094564B56487F224FF4A5619A
:1083F000F8F780FEAB8A5C0706D43B78042B03D0E9
:108400005148F8F7ADFEF5E75048DFF874B1FDF7D5
:10841000DBFB5046FDF7D8FB002426E09DF8083032
:10842000082B01D07F2B07D1FCB104214046013C31
:10843000FDF764F9A4B218E00D2B09D15846FDF7F9
:10844000C3FB002336483355FDF7D2FBD8B943E0D0
:108450001F2B0AD93E2C08D8012102A8FDF74EF99E
:108460009DF8083033550134A4B2D9F800000368F0
:1084700001225B6802A998470028CFD144F620600A
:10848000F8F76EFE2FE003894268580703F00201F7
:108490000BD52F4890F90000002806DAB1B12D491C
:1084A0000B7843F004030B7010E003F0010321B1DB
:1084B0002848017841F0040101703BB1264B19486E
:1084C0001A604FF0FF31F8F757FE0CE0234B2449B8
:1084D00018880138904706E0224B19680B7813B1D1
:1084E0002148FDF771FBAB8A5B0792D43B78042BE4
:1084F00086D18EE700100240C43A0108F808002037
:10850000843A01080000FFFF00E9A435000048425A
:10851000FF00910108030020002800403C060020D5
:108520003C6300208463002084070020882F01081A
:108530006C050020902F0108946100204128AA00BA
:10854000B16B000890630020A0860100203B010869
:10855000A80300201B8A0020386300207C630020D1
:1085600028630020246300203C3B0108544E4F4305
:108570000000910180630020343B01089430010821
:10858000503B0108FEE700BF08B5EFF30980FFF795
:10859000F9FF00BF10B5027803462D2A04BF01334E
:1085A00001211A7818BF00212B2A08BF01330020AF
:1085B0000A2413F8012B303A092A02D804FB0020C0
:1085C000F7E701B1404210BD027803462B2A08BFED
:1085D00001331A78302A0DD15A786F2A05D0782ABB
:1085E00005D0622A06D1022102E0082100E0102114
:1085F000023300E00A21002013F8012B303A102A40
:1086000084BF22F02002073A8A4202D201FB0020F6
:10861000F2E7704738B503782D2B044665D1012564
:1086200001342046FFF7B6FF00EE100A204614F88A
:10863000013BA3F13002092AF8D903F0FD032C2BEA
:10864000B8EEC00A14D1DFED2C6A2246B7EE007AEC
:10865000104612F8013B303BD9B2092908D807EE81
:10866000903A27EE267AF8EEE77AA7EE870AEFE748
:108670000378B3B303F0DF02452A05D10130FFF7D9
:1086800089FF002816DC1CE0472B0ED04D2B0ED0A6
:108690006B2B0ED06D2B16D0752B17D06E2B18D0E0
:1086A000702B1ED16FF00B0015E0092002E00620B0
:1086B00000E00320F2EE047A013820EE270AFBD115
:1086C0000FE008D10DE06FF0020004E06FF005004C
:1086D00001E06FF00800DFED087A013020EE270A94
:1086E000FBD13DB1B1EE400A04E02B2B4FF0000569
:1086F00097D195E738BD00BFCDCCCC3D70B50022F9
:108700000B46451E1C4615F8016F14F8011B7C2909
:1087100008BF00218E4202D1234656B1F2E713F87A
:10872000014B24B17C2C1946F9D10132E8E74FF016
:10873000FF32104670BD00002DE9F0430346DFF81C
:108740005480DFF854E0002081461C78FCB1202CD6
:108750001BD0092C19D0222C06BF01337546454683
:108760009042B8BF41F82030013080B21C46234609
:1087700014F8017B5FB16E1E16F801CFBCF1000F3B
:10878000F5D0BC45F8D183F800900133DDE7BDE8B2
:10879000F08300BFD63E0108D43E010800238B427F
:1087A00006DA30F8132052BA20F813200133F6E726
:1087B000704700002DE9F043074600204FF0FF34DA
:1087C0000346934231DAA2EB030EBEF1800FA8BF3D
:1087D0004FF0800E03F1010C17F8038076463B44FE
:1087E000AEEB0605013E03D013F8019FC145F7D05B
:1087F000631C01D0012D02DD0446013000E000259C
:10880000461C01F800802DB1AC446D420D554FF06F
:10881000FF3407E0331B023BDBB27F2B0B5528BF35
:108820004FF0FF3430466346CBE7BDE8F0830000ED
:108830007047000002680B68F0B5E2B1B3FBF2F4D8
:108840001B4FBC4217D802FB14331BB3B2FBF3F629
:1088500006FB04F50135BD421CD8BE464FF0010CA5
:1088600000271DE0B3FBF2F605FB0644744502FB4E
:10887000163305D901E00027012507600D6016E0D9
:1088800007FB06CC43B1B2FBF3F606FB0455754576
:1088900006D901E04FF0010CC0F800C00C6006E002
:1088A00003FB162206FB0C77002ADBD1E5E7F0BDBF
:1088B000FFFF0F0010B50549054A00230B70136038
:1088C000044600F0E3FA034B9C6010BDC76800202B
:1088D000C8680020080300200A460146602008F00E
:1088E000DFBE00BF70B584B01C0BC2F30345A1F519
:1088F00000718DF8040024F00F04180A2C43160AA6
:108900008DF80630C1F301454BBA8DF805000921F9
:1089100001A88DF80C208DF80A408DF80B608DF8B9
:108920000750ADF80830FFF7D7FF04B070BD00BFA7
:10893000F0B5124C83B0646E0899154604FB01F43F
:10894000DB01002643EA526107462246E80133462E
:10895000F7F7DCFF01A90546684600920194FFF78E
:1089600069FFDDE900239A4202D1009601353246C3
:108970002946F8B2FFF7B6FF03B0F0BD08030020A8
:10898000F0B585B017460A9C8DF806300646180BE0
:108990001B0AB1F500714FEA04141E4A8DF8053028
:1089A00020F00F00C7F3034340EA030008BF44F080
:1089B0000C04C1F3014312F806C08DF80A001C43F1
:1089C0003A0A4BBA01A809219DF82C508DF80C7079
:1089D0008DF804C08DF80740ADF808308DF80B20F5
:1089E000FFF77AFF17B145F00C0501E045F04C05A3
:1089F000094CA35DAB420AD006F110030221684680
:108A00008DF801508DF80030FFF766FFA55505B0D1
:108A1000F0BD00BFA8400108C46800202DE9F04364
:108A200085B0DDE90C65C5F10704A4F1200702FA61
:108A300007F7A340C4F120013B4322FA01F10027CC
:108A4000194380463B4602FA04F03246F7F75EFFD0
:108A500003A9044602A802929DF838900396FFF7F6
:108A6000E9FEDDE902239A4202D1029701343A4637
:108A7000CDE9005921464046FFF782FF05B0BDE829
:108A8000F08300BF00B583B040F2037301A8022158
:108A9000ADF80430FFF720FF04210548FFF71CFF65
:108AA0000449054A00230B70136003B05DF804FB12
:108AB000A4400108C7680020C868002000B583B042
:108AC0004FF60303022101A8ADF80430FFF704FFBD
:108AD0000349044A00230B70136003B05DF804FBE4
:108AE000C7680020C868002070B4A0F1B772084EB3
:108AF000084B094D094C0A49A2F55852B24288BFA9
:108B000018460023686623700B6070BC704700BF76
:108B100000093D0080BA8C0108030020C7680020CE
:108B2000C8680020024A034B52F820201A607047A0
:108B300098400108C0680020094A0A4B30B4146804
:108B40005D6800218AB202EB4203013154F8233000
:108B5000132B98BF6B438342F4D3104630BC70474D
:108B6000C0680020080300202DE9F04F04468DB0B6
:108B7000002800F00781864BDFF824A2D3F800908C
:108B8000DAF80820D9F80C3082188342079209D805
:108B9000804B98420D460AD9FFF7CEFF002305937C
:108BA000C6B207E0072305930126002502E004234F
:108BB00005930226784B1A78AA420AD0DFF8E4819E
:108BC000DFF8E4B11D70002388F80030CBF80030E6
:108BD0000AE0DFF8D4B1DBF80030A34200F0D38024
:108BE000DFF8C08198F8003006EB4607BF009E42D0
:108BF00009EB07020ED003EB430309EB8303118952
:108C00001B898B4206D0517A107A00F02DF9604B07
:108C10001A683A449379032D03F00F014FEA1313B6
:108C20000691089305D9D37903F00F051B09099321
:108C300000E0099592F80490B9F1010F04D0B9F160
:108C4000020F43D0002087E098F800305779B342F4
:108C500018D04B460022F9011A20FFF743FE4B467D
:108C600000224FF480512220FFF73CFEDAF8642006
:108C70004A4B0093202100235201CDE9013102200B
:108C8000FFF7CCFE099BDAF864C00293089BA7FBB0
:108C90000301ACFB00230CFB0133079805990191FC
:108CA00000900020FFF7BAFE069BDAF864C0029538
:108CB000A7FB0301ACFB00230CFB0133059901204A
:108CC000CDE90041FFF7AAFE0A2045E0089B517953
:108CD0000093079B0791A1FB03231A20A1FB049A91
:108CE000FFF726FE069B00934A4653462220FFF7D5
:108CF0001FFE274B98F800201B6802EB42021F441E
:108D000003EB82037A795B79934216D00799099B2A
:108D100001930022059B0093CF01104639460123A1
:108D2000FFF72EFE45F02005059A009201233946F3
:108D3000019518460022FFF723FE059B0193174972
:108D4000069B202001FB03F102904A460220534675
:108D50000091FFF763FE0C2098F80030B3420ED06C
:108D60004FF4C870F8F7FCF94AF6B1430BA802219A
:108D7000ADF82C30FFF7B0FD88F80060C820CBF8C4
:108D8000004001E000E00A200DB0BDE8F08F00BF18
:108D9000C068002040420F00CC68002000127A001A
:108DA00008030020C7680020C8680020044B1B7817
:108DB000834204D0034B01461868FFF7D5BE7047C5
:108DC000CC680020C868002038B50C4B02245D1C1C
:108DD00021462846FFF780FD2B192C5D002CF6D18B
:108DE000074B084A93F86C10074B52F821201A6081
:108DF00021460648BDE83840FFF7B6BEAC40010842
:108E00000803002098400108C068002080BA8C0147
:108E100038B5044600EB41050222214618201444CF
:108E200008F03EFCA542F7D138BD00BF08B51B21B4
:108E30000448FFF7EDFF04210348BDE80840FFF7B1
:108E4000E7BF00BFBC400108044101080449054BCD
:108E50000522002808BF1946182008F021BC00BFD1
:108E6000F4400108FC40010800B583B03B238DF8B5
:108E700005008DF80610032201A918208DF8043092
:108E800008F00EFC03B05DF804FB00BF30B507EE40
:108E9000900A2DED048BB8EEE79ADFED187A184CA6
:108EA000DFED188A29EE279AB6EE008A29EE088AA5
:108EB00083B004F1C005B0EE480A01A9684608F085
:108EC0004BFF9DED007ADDED017A27EE287A67EE03
:108ED000A87ABDEEC77AFDEEE77A17EE103A238046
:108EE00017EE903A043424F8023CAC4238EE098A7A
:108EF000E1D103B0BDEC048B30BD00BF3EC3AE3644
:108F0000F06800200078FF462DE9F04FDFF864C0DC
:108F1000DFF864B0DFF86490DFF86480DFF864E0C5
:108F2000490804384FF0000A0AF1010A51455BF87C
:108F3000042B50F8043FD9E90076C3FBA276D8E9A8
:108F40000054C3FBB254C9E90076C8E90054DCF808
:108F50000070DEF80060DCF80440DEF80450C3FB6B
:108F60009274C3FB8265CCE90074CEE90065DBD85E
:108F7000BDE8F08FD0680020F0680020E86800208D
:108F8000E0680020D868002010B51F4B2DED048B41
:108F90000446D3E90001F7F77BFC07EE900AF7EEF1
:108FA000008A88EEA78A194BD3E90001F7F770FC15
:108FB000174B07EE900AD3E9000127EE889AF7F7DE
:108FC00067FC144B07EE900AD3E9000167EE889A1C
:108FD000F7F75EFC07EE900A27EE888AB0EE697A12
:108FE000F0EE687AA9EE087AE9EE097AA9EE698AC4
:108FF000C7EE276A88EE277ABDEC048BC4ED006AC1
:1090000084ED017A10BD00BFD0680020D868002030
:10901000E0680020E868002030B40848084D094C9A
:10902000094900220023C5E90023C4E90023C0E95F
:109030000023C1E9002330BC704700BFE86800206E
:10904000D8680020D0680020E068002001FB01F310
:1090500000FB003345F6D822934246DC45F6A812C1
:10906000934244DC002942D00029B8BF494210B4E1
:109070004FF498729824002804FB01F102FB10328F
:1090800020DB4B280FDDC1F5B5440C341444982C7B
:1090900031D9E42404FB103404F535540634002C93
:1090A00027DB4C2C27DDA2EB410404F5B5445834F2
:1090B000B4F5987F1FD9982404FB10344C3418D48D
:1090C000982C18DDA2EB810202F5B6427032B2F59F
:1090D000187F10D94C2202FB1030A0F532502E38E8
:1090E000E4288CBF0020012006E00020704701200A
:1090F0007047002000E001205DF8044B704700BF7E
:10910000F0B5D042059E38D4CC1836D4202CA8BF58
:109110002024002920DAD31DDB0801FB136600217F
:109120001AE0344613F0070F04BF14F8011B26465B
:109130004C0011F0800F00EB0305E1B205D01F2DAC
:109140009CBFBCF8004027F8134001339342E8D19C
:10915000403777450FD110E0A1420EDA074BDFF818
:1091600020C01B6800EB411100EB441403EB4107E6
:1091700003EB440E00210023D3E7F0BDB8690020C3
:109180006A8A002040095209904230B44FEA5111D6
:109190004FEA53130CD1994201D002460AE0154A16
:1091A000012332F811408340234322F811301EE09E
:1091B000054601D815460246AD1A01350124AC40DA
:1091C000013C994204FA02F409D80BE0028801310B
:1091D0008DB222439D4220F8022BF7D907E00A46C0
:1091E000194613460348A4B200EB4100EEE730BC39
:1091F000704700BFCC6900202DE9F0471C4E0C469B
:10920000318830F824C0174649008AB24FEA8408F2
:10921000BC4505469A46328000EB080903D1B9F8EF
:109220000230534502D042F0010232809307114EC2
:1092300000D113E004B911E0B9F802307188308828
:109240006246A8F10408FFF79DFF05EB080335F817
:10925000080059883A465346FFF794FF55F82430E2
:10926000336025F82470A9F802A0BDE8F08700BF9C
:10927000BE690020C8690020121A10B4541C0122D3
:10928000A240013A994202FA00F00BDC074C01338C
:10929000092904DC34F81120024324F8112001319B
:1092A0009942F5D15DF8044B704700BFCC690020AE
:1092B00091ED000A704700BF91ED010A704700BFB1
:1092C0000D4B00EB400003EB800393F829301E2B7D
:1092D0000FD10A4B1B780BB1094B00E0094BD3EDC2
:1092E000007AF5EE407AF1EE10FA0CBF0120002072
:1092F00070470020704700BFF8080020B4690020C4
:10930000606A0020B0690020D1ED005AD1ED017AE9
:10931000DFED0A6A9FED0A6AB7EE007A37EE657AEA
:1093200067EEA77A67EE266AE7EE077A86EEA70A67
:1093300030EE460AB0EEC00A704700BF0000C842D7
:109340000000484209494B8BD1E90112013B00FB67
:1093500003F307EE903A531A00EE103AFAEEEB7A66
:10936000B8EE400A87EE800A704700BFF808002078
:1093700008B5FFF7E7FF074B9FED077A93F89930A1
:1093800007EE903AF8EEE77A67EE877A27EE800AE2
:1093900008BD00BFF808002092FAB6498842D4BF41
:1093A00000200120704700BF8842ACBF0020012090
:1093B000704700BF30EE000A002370EE007A21EE05
:1093C000671AA0EEA01AB5EEC01AF1EE10FA02D597
:1093D000436003607047B1EEC11A31EE607AF1EE7E
:1093E000600AC7EE007A30EEC11AC0ED007AC1EE15
:1093F000007AC0ED017A7047B4EEE00AF1EE10FA9F
:10940000CCBF012000207047B4EEE00AF1EE10FA64
:109410004CBF012000207047084B00F2911203EB73
:10942000C20203EBC00303F68C4393ED000AD2EDB6
:10943000007A20EE000AA7EEA70A70477C480020B9
:10944000074B03EBC00200F2911002F68C4203EBD3
:10945000C00392ED000AD3ED007A80EE270A704730
:109460007C480020024B03EBC00090ED010A7047DE
:109470007C4800201A4A70B5548B051C18BF012582
:10948000013C201AD2E901634FEA457218BF01205E
:10949000521B01EBC20201EBC001D2ED017A91ED4A
:1094A000010AD2ED006A91ED007A60EE270A20EE03
:1094B000660AE7EE260A28449B1BA7EE270A94FBC0
:1094C000F0F4B3FBF4F408F051FD9FED067A07EEDB
:1094D000904A20EE070AF8EE677A80EE270A70BD00
:1094E000F8080020610B363BD1ED000A91ED010A2E
:1094F00008F03CBD08B580B2FDF756F907EE100A3A
:10950000DFED037AB8EE470A20EE270A08BD00BF58
:10951000DB0FC94008B5FDF747F907EE900AB8EE32
:10952000670A08BD08B5FDF73FF907EE900AB8EEE7
:10953000670ADFED037A20EE270AB1EEC00A08BD04
:109540005F7089300CB430B501F10B032A2B85B064
:109550000ED81F280CDC09AC084D02900B462246A1
:109560000899039301A8CDE90045F9F75DF900E0FA
:10957000002005B0BDE8304002B070473C41010812
:109580002DE9F04F2DED028B424C434A89B0054640
:109590000E46FFF7D7FF94ED018AB5EE408AF1EE53
:1095A00010FA71D0A068DFF80491DFF804A1F6F793
:1095B000F7FFCDE9020118EE100AF6F7F1FF06F108
:1095C0000C07CDE90001354A39462846FFF7BAFFB6
:1095D00004F10C0804F1140BB8EC018AF9EC017ADF
:1095E000B5EE408AFDEEE77AF1EE10FACDED077A9E
:1095F00007F10C0721D0D8ED018AF5EE408AF1EE93
:1096000010FA1AD078EEC87A17EE900AF6F7C8FF6B
:10961000CDE9040118EE900AF6F7C2FFCDE9020188
:1096200018EE100AF6F7BCFF079B1D4ACDE90001B2
:1096300039462846FFF786FF05E0079B5246394624
:109640002846FFF77FFFD845C6D1D4ED077AF5EE5F
:10965000407AF1EE10FA06F130060BD017EE900AC0
:10966000F6F79EFF0F4ACDE9000131462846FFF785
:1096700069FF09E00C4A3146284609B0BDEC028B6F
:10968000BDE8F04FFFF75EBF09B0BDEC028BBDE84F
:10969000F08F00BFE06900200D4401081844010864
:1096A0002E440108624401086A440108B0540108CC
:1096B0004D440108F0B52DED028B414C414A85B077
:1096C00007460E46FFF73EFFD4ED017AF5EE407AED
:1096D000F1EE10FA0BD017EE900AF6F761FF0C3698
:1096E000CDE90001384A31463846FFF72BFF94EDAB
:1096F000058AB5EE408AF1EE10FA06F10C0511D09C
:10970000324B1868F6F74CFFCDE9020118EE100A4B
:10971000F6F746FF2E4ACDE9000129463846FFF705
:1097200011FF17E0D4ED027AF5EE407AF1EE10FA6F
:109730000FD0284B17EE900A93F899300293F6F762
:109740002FFF254ACDE9000129463846FFF7FAFEEA
:1097500000E035462068F6F723FFCDE902012069D5
:10976000F6F71EFF05F10C06CDE900011B4A314654
:109770003846FFF7E7FE94ED028AB5EE408AF1EE37
:1097800010FA18D02068F6F70BFF9FED157AD4ED8C
:10979000047A67EE877ACDE90201C7EE887A183538
:1097A00017EE900AF6F7FCFE0E4ACDE900012946B5
:1097B0003846FFF7C7FE05B0BDEC028BF0BD00BF19
:1097C000E06900207C43010886430108606A0020AC
:1097D0008F430108F8080020AA430108C14301088B
:1097E0000000C842D7430108F7B516461A46054699
:1097F0000C46FFF7A7FED6ED007AF5EE407AF1EEC3
:1098000010FA0CD017EE900AF6F7CAFE04F10C0716
:10981000CDE900011C4A39462846FFF793FED6EDF4
:10982000017AF5EE407AF1EE10FA0CD017EE900ABC
:10983000F6F7B6FE04F11807CDE90001124A3946E1
:109840002846FFF77FFED6ED047AF5EE407AF1EE7A
:1098500010FA17D017EE900AF6F7A2FE04F12407CB
:10986000CDE90001094A39462846FFF76BFE7069C9
:10987000F6F796FE3034CDE90001054A2146284628
:10988000FFF760FE03B0F0BDAD6701087144010849
:109890007A440108F0B52DED028B5B4C5B4A85B034
:1098A00005460F46FFF74EFED4ED017A9FED587A3C
:1098B000F4EEC77AF1EE10FA00F1A28094ED0E8A70
:1098C00017EE900AF6F76CFEB5EE408AF1EE10FA4C
:1098D00007F10C06CDE9020131D018EE100AF6F7B7
:1098E0005FFE4C4ACDE9000131462846FFF72AFECB
:1098F000E06BF6F755FE07F11806CDE900010323EA
:10990000454A31462846FFF71DFE206CF6F748FE13
:1099100007F12406CDE9000106233F4A31462846D7
:10992000FFF710FE606CF6F73BFE07F13006CDE95D
:1099300000013A4A31462846FFF704FE09E0206854
:10994000F6F72EFE334ACDE9000131462846FFF7EF
:10995000F9FDD4ED027AF5EE407AF1EE10FA06D177
:10996000D4ED087AF5EE407AF1EE10FA48D00323F0
:109970002B4A06F118012846FFF7E4FD0623284A82
:1099800006F124012846FFF7DDFD264A06F13001E5
:109990002846FFF7D7FDD4ED087AF5EE407AF1EED0
:1099A00010FA06F10C0705F12A000FD0D4ED0E7A5B
:1099B0001D4A1E4BF5EE407AF1EE10FA18BF134621
:1099C00039461B4AFFF710FF05F17E00D4ED027AFD
:1099D000F5EE407AF1EE10FA12D0D4ED0E7A154A77
:1099E000154BF5EE407AF1EE10FA18BF1346134A04
:1099F000394605B0BDEC028BBDE8F040FFF7F4BE80
:109A000005B0BDEC028BF0BDE0690020D242010838
:109A1000000048C2DD420108EE420108014301088E
:109A2000074301080F430108AC420108B542010891
:109A3000006A0020BF420108C9420108E86900200D
:109A40002DE9F0412A4F86B03A6888460646FFF76E
:109A500079FD7B6808F10C043D464BB9BB6873BBCC
:109A6000244A2146304606B0BDE8F041FFF76ABD02
:109A7000214A21463046FFF765FDF869F6F790FD6B
:109A8000CDE904017869F6F78BFDCDE9020138696B
:109A9000F6F786FD08F11804CDE90001174A2146C2
:109AA0003046FFF74FFD386AF6F77AFD08F12404D7
:109AB000CDE90001124A21463046FFF743FDAB686D
:109AC00093B1EA68009204F10C010E4A3046FFF7A8
:109AD00039FDA869F6F764FD1834CDE900010A4A9A
:109AE00021463046FFF72EFD06B0BDE8F08100BFED
:109AF000E0690020834401088D4401089544010871
:109B0000AC440108B3440108C24401082DE9F04FF8
:109B1000614C2DED028B02EB420504EB85048BB00A
:109B200094F82950169F1E2D00F2B0804FEAC50B05
:109B3000DFF880A107901046ABEB05020AEB82022A
:109B40001E46D2E901938846B7F1FF3F18BF9946F8
:109B5000FFF7B6FB70B1514B514A1C78514B079837
:109B6000002C08BF1A460BB0BDEC028BBDE8F04FCD
:109B7000FFF7E8BC94F82A004B49936940F6884205
:109B800002FB0012089202EBC6024BB30993114686
:109B9000304698477B1CB0EE408A0ED010EE103A4B
:109BA00023F00042B2F1FF4F07D00899099B01EB67
:109BB000C7013046984738EE408AABEB05050AEB03
:109BC000850A18EE100ADAF80C300293F6F7E8FC72
:109BD0004A46CDE9000141460798FFF7B3FC55E03E
:109BE000032D42D194F82B90B9F10C0F4ED82F4889
:109BF000089200EB0910D0E9023A11464568304658
:109C00009847089A3046114610EE104AD04741F264
:109C1000505343FA09F313F00103B0EE408A12D017
:109C20003046FFF767FCB5EEC08AF1EE10FA07D5B3
:109C300028EE000AFFEE007A87EE808A462302E0D3
:109C400088EE008A4823049318EE100AF6F7A8FC61
:109C5000CDE902012046F6F7A3FC2A46CDE9000132
:109C600041460798FFF76EFC10E011463046099315
:109C70000892FFF71DFB089A0D4D114610EE104A91
:109C8000FFF71AFB099BB0EE408ADCE70BB0BDEC96
:109C9000028BBDE8F08F00BFF8080020B4690020F7
:109CA0001C580108305801087C480020F050010879
:109CB00040580108B85401082DE9F0472DED048BF8
:109CC00004883A4F82B006462046F0EE409A894614
:109CD000154698468847B4EEE90AF1EE10FAB0EE60
:109CE000408ACCBF4FF0010A4FF0000AF0EE408AE4
:109CF0007B8BA34216D92046C847F4EEC09AF1EEFA
:109D000010FA4CBF012300235345B0EE409A06D110
:109D10002C44B0EE688AA4B2F0EE408AE8E77B8B70
:109D2000A34202D89FED220A3AE0641BA4B2214666
:109D300040463480FDF760FB79EE480A38EE098A28
:109D4000F6EE007AB0EE680A38EEE91A684660EE80
:109D5000A70A98EE270AFFF72DFBDDED008AF5EE46
:109D6000C08AF1EE10FA06DDF7EE007AF4EEE78A2B
:109D7000F1EE10FA01D4DDED018A0135204608BF6D
:109D8000F1EE688AFCF710FD08EE100AFDF72EFBD5
:109D900007EE900AB8EE480AF8EE677AA7EEA80A2E
:109DA00002B0BDEC048BBDE8F08700BFF8080020CE
:109DB0000000000038B5194B002403F130001D46A7
:109DC0001A4692F828100C3201B101349042F8D1B1
:109DD0001348002193F85820083302B1013198420A
:109DE000F8D18C42B8BF0C46FEF708F9B5EE400A30
:109DF000F1EE10FA01D1022308E0D5ED2A7AF5EE52
:109E0000407AF1EE10FA0CBF0223042323440133FD
:109E10005B1003EB830003EB400038BDF808002023
:109E2000380900202DE9F0431B4D1C4A85B08046BF
:109E30000E46FFF787FB95F8483023B12C460027E4
:109E4000DFF8609008E0164A06F10C01404605B0C4
:109E5000BDE8F043FFF776BB95F84830BB4204F10C
:109E60000C0415DD54F8040CF6F79AFBCDE9020159
:109E700054F8080CF6F794FBCDE900010C3654F8C1
:109E80000C3C4A4631464046FFF75CFB0137E3E7AE
:109E900005B0BDE8F08300BFE0690020F143010890
:109EA00083440108FF430108B5EEC00AF1EE10FA41
:109EB00044BFBFEE007A87EE000A30B585B04CBFD4
:109EC0004623482315460C46029307EE900A9FED61
:109ED0000A7AF8EE677A67EE877AC0EE277A17EE8D
:109EE000900AF6F75DFB054ACDE9000129462046B8
:109EF000FFF728FB05B030BDDB0FC940F04E01086D
:109F00002DE9F0432DED028B83B0284FDFF8A890A8
:109F1000ADF80610B0EE408A04469046064600258D
:109F2000B7EC010A38EE400A2DB9B8F1FF3F0CBF7B
:109F30000123022301E04FF0FF33424649460DF171
:109F40000600FFF7B9FE0135042DA6EC010AE7D1A2
:109F5000D4ED027AF5EE407A0023F1EE10FA636157
:109F600023611ED094ED030AB5EE400AF1EE10FA1B
:109F700017D007F097FFB0EE408A94ED020A07F081
:109F800091FF9FED0B7A38EE400AB0EEC00AC7EEA3
:109F9000007A9FED087AC4ED047AC7EE007AC4ED2A
:109FA000057A03B0BDEC028BBDE8F083CC44010818
:109FB000F234B8419ECEDD40E9A500082DE9F04716
:109FC000284B294FDFF8A4A02DED028B80460020FE
:109FD0000D46002A08BF1F4688470126F0EE408A3A
:109FE0000024BAF81A309E4210DA1FFA86F9484661
:109FF000A847F0EE680AB0EE408AB847002818BFBC
:10A00000F0EE488A18BF4C460136EAE71CB3013B24
:10A010009C4220DA601E80B2A8F80040A847601C6D
:10A0200080B2B0EE408AA847B4EE408AF1EE10FA52
:10A0300011D0B0EE007A70EE487AA8EEC78A67EECB
:10A04000A77A38EE008AB2EE000A28EE008A87EE80
:10A05000887A78EEC78AB0EE680ABDEC028BBDE85C
:10A06000F08700BF09940008F9930008F808002061
:10A0700037B5002501222E49ADF806500DF1060036
:10A08000FFF79CFFDFED2B7A2B4CB4EEE70AF1EEE5
:10A0900010FA84ED010A43DBBDF806102846FDF7EF
:10A0A000ABF9BDF80600FCF77FFB07EE900AF8EE6F
:10A0B000677A204617EE903A4FF0FF3240F8203B87
:10A0C000BDF8061094ED010AFFF71AFF0122BDF852
:10A0D000061094ED010A04F10800FFF711FF94ED5A
:10A0E000027AD4ED086A67EE267AF5EE407AF1EE50
:10A0F00010FAC4ED0E7A13D0F1EEE77A37EE667AF5
:10A1000094ED096AD4ED036A84ED0F7A76EEC66A9F
:10A11000C4ED0E7AC4ED106AC7EE876AC4ED116A09
:10A120000623072202210020FFF7A6F803B030BD66
:10A13000E9A50008000048C2E069002070B52DEDD7
:10A14000028B404C404B4149236082B000260122E3
:10A1500001A8ADF80460FFF731FFBDF80410002935
:10A160006BD0B1EEC00AB7EE008A88EE007A384DA7
:10A17000D5ED1A7A37EE487A77EEA77A67EE877AC6
:10A18000F5EEC07AF1EE10FAC4ED077A55D43046F8
:10A19000FDF732F9BDF80430ADF80630B0EE480AEC
:10A1A00001234FF0FF322B490DF10600FFF784FD2C
:10A1B000B5EE400AF1EE10FAB0EE408A3DD0BDF89F
:10A1C0000430ADF80630012202232249BFEE000A16
:10A1D0000DF10600FFF770FDB5EE400AF1EE10FA42
:10A1E0002BD0D4ED076A95ED1A7AF0EE007AF0EEF6
:10A1F000665AE7EE275A30EE486A28EE008AB1EE3A
:10A20000C88AFCEEC87AC4ED017ADFED137A26EE37
:10A21000275A68EE277A85EE857A27EE888A67EED8
:10A22000277A28EE258A84ED047AC6EE085A87EE4E
:10A23000A67AC4ED055A84ED087A02B0BDEC028B13
:10A2400070BD00BFE06900200C41010819940008AE
:10A250000803002041940008DB0FC9402DE9F04FAE
:10A2600047681F2F85B000F38480163901EB810801
:10A2700001EB4801414B13F801E00EF0070ECEF15F
:10A28000080E7A1C12EB0E0F02D57744476070E07F
:10A29000826812F10C0BF8D44FF0FF35CEF1200498
:10A2A00005FA04F47D19A24652D5C7F1010900252B
:10A2B00050E0334E039036686D0003EB0108403DDB
:10A2C000C2F10101002306EB82160A32CDE9017EBC
:10A2D000884457469C4696464846AA4600E094461F
:10A2E00008EB04027445BDBF126812BA3A4000225E
:10A2F000002C05DA00E0009A0134A34530D134E0A7
:10A3000043EA0C031343990841EA53010B434FEA14
:10A310005C0508B1854083400AEB0601002BEBD0B9
:10A320000092002D03DA174AB2F8009004E0002BE7
:10A3300004DA154AB2F85290A1F800900231B14205
:10A340004FEA43034FEA4505D5D0002BE9D1D2E7C8
:10A350004FF00009541E5C4597DA1F2CA9DD94E7E5
:10A36000202C06F140066346B9D1DDE9017E039851
:10A370008BE7002005B0BDE8F08F00BFCC2A0108B4
:10A38000B86900206A8A002008030020024B03EB12
:10A39000C00090ED010A70477C4800202DE9F3478A
:10A3A0003B4D814668680C46F6F7FAF8394ACDE924
:10A3B0000001214648460C34FFF7C4F81F2C63DC2B
:10A3C000B5F93830002B01DA334A01E007D1334ABE
:10A3D0002146484602B0BDE8F047FFF7B3B8304A1F
:10A3E0002146484609F14608FFF7ACF809F18C0709
:10A3F0002C4A21464046FFF7A5F82B4A214638460D
:10A40000FFF7A0F8AA460026BAF93830B3423BDD80
:10A410000C341F2C38DC95ED020AB4EE400AF1EE44
:10A4200010FA0AD6B5EE400AF1EE10FA05D022462F
:10A430004946DAF80000FFF737FD95ED030AB4EE60
:10A44000400AF1EE10FA0AD6B5EE400AF1EE10FA23
:10A4500005D022464146DAF80000FFF725FD95EDCC
:10A46000040AB4EE400AF1EE10FA0AD6B5EE400A3C
:10A47000F1EE10FA05D022463946DAF80000FFF76F
:10A4800013FD01360C35BFE702B0BDE8F08700BF11
:10A49000E069002015430108364301084B430108D9
:10A4A000604301086A4301087143010891ED007A95
:10A4B000D1ED017ADFED0A6A9FED0A6AF7EE005AE4
:10A4C00037EE257A67EEA77A67EE266AE7EE077A17
:10A4D00086EEA70A30EE460AB0EEC00A704700BF0B
:10A4E0000AD7233D0AD7A33C08B5FFF7DFFFF7EEF5
:10A4F000007A87EE800A08BDD1ED017A91ED007AED
:10A50000DFED066A67EEA77A27EE266AE7EE077A9E
:10A5100086EE270A30EE660A704700BF0000C84288
:10A52000D1ED017A91ED007ADFED076AB7EE006AAE
:10A5300037EE067A27EEA70A67EEA67AA7EE070A95
:10A5400087EE800A704700BF0AD723BD08B5FFF722
:10A55000E7FFFFEE007A87EE800A08BD08B52DED13
:10A56000028BFFF7F3FFB0EE408AFEF7C3FF88EEE1
:10A57000000ABDEC028B08BD08B52DED028BFFF77C
:10A58000CFFFB0EE408AFEF7B5FF88EE000ABDECC3
:10A59000028B08BDD1ED017A91ED007ADFED056AFD
:10A5A00027EEA70A67EEA67AA7EE070A87EE800ACB
:10A5B000704700BF0000C8C291ED010AD1ED007ADA
:10A5C00020EE000AA7EEA70A07F09EBC054908B5D1
:10A5D00001EBC001FFF7F0FFFEEE007A20EE270A44
:10A5E00008BD00BF7C480020034B00F2911103EB33
:10A5F000C101FFF7E1BF00BF7C48002091ED010AD7
:10A60000D1ED007A60EE000AB7EE007AE7EEA70A15
:10A6100030EE000A77EE600A07F0A8BC91ED017AEF
:10A62000D1ED007A67EE076AE7EEA76A77EEE67A81
:10A6300087EE270AB0EEC00A704700BFD1ED017A5D
:10A64000D1ED006A9FED0A0A67EEA77AB7EE007AAD
:10A6500037EE667AB0EE676AA7EE076AE6EEA67A8C
:10A6600086EE277AB1EEC77A27EE000A704700BF60
:10A670000000C842D1ED017AD1ED006A67EEA77AF9
:10A68000B7EE007A37EE667AB0EE676AA7EE076A31
:10A69000E6EEA67AB3EE090A87EE867AB1EEC77ABD
:10A6A00027EE000A704700BFD1ED017A91ED006AF4
:10A6B00027EEA77AF7EE006AA6EE067A77EEA77A7B
:10A6C00036EEC77A87EE870AB0EEC00A704700BF41
:10A6D000D1ED017A91ED006A9FED0B0AB7EE007A99
:10A6E00067EEA77A76EE076A37EE467AB0EE676ACB
:10A6F000A6EEA66AE7EE077A86EE277AB1EEC77A6B
:10A7000027EE000A704700BF0000484208B5FFF777
:10A71000DFFFF7EE007A87EE800A08BD91ED010AAF
:10A72000D1ED007A20EE000AA7EEA70AB1EEC00A2A
:10A73000704700BF08B5FFF7F1FFDFED097AB4EE0F
:10A74000E70AF1EE10FA08DCF7EE007A30EE277A2D
:10A7500077EEC07A87EE270A01E09FED020A08BD76
:10A76000A4707D3F0000807F024901EBC001FFF72C
:10A77000E1BF00BF7C48002070B506462DED048B7C
:10A780000846F0EE406A0C46FFF7EEFFB4EEE60A2C
:10A79000F1EE10FA3DDAB0EE406A013E511C03D1F1
:10A7A000B4FA84F35B0903E0B442B4BF002301238D
:10A7B0007BBBA518ADB22846FFF7D6FFF4EEC06A02
:10A7C000F1EE10FA03D9B0EE406A2C46E6E7B4EE9B
:10A7D000460AF1EE10FA1CBF76EEC66A30EE460A63
:10A7E000204614BF86EE809A9FED0C9AFEF792FEEB
:10A7F0002846B0EE408AFEF78DFE2046F0EE408AF5
:10A80000FEF788FE38EEC00AA0EE098AB0EE480ACC
:10A8100001E09FED020ABDEC048B70BD000000005A
:10A820002DE9F04188072DED028B00F0EF807C4B85
:10A830007C4893F91D205E8B511C16BF03EBC202AE
:10A840001446B2F85A400021202207F033FC022EB1
:10A8500040F2DC80631C18D10020FFF785FF002543
:10A86000F0EE406A01221046FFF77EFFF4EEC06A68
:10A87000F1EE10FAC8BF154602F1010292B2C8BF4C
:10A88000F0EE406A9642EED125E0A2B2964209D897
:10A89000721E92B206E074B90134072CFBD1AA42B1
:10A8A00019D02A461046FFF75FFF6FF00504F0EE5F
:10A8B000406A1546EFE7A718BE42EDD9BFB2384649
:10A8C000FFF752FFB4EEE60AF1EE10FA44BF3D4640
:10A8D000F0EE406AE0E75449524C01EBC5012846CE
:10A8E000FEF712FD2580B0EE408AFEF713FE2846E3
:10A8F00084ED010AFFF738FF4FF0FF3284ED020AC2
:10A9000029463046B0EE000AFFF736FF012284EDFB
:10A91000030A29463046B0EE000AFFF72DFF4FF03C
:10A92000FF3284ED050A29463046B0EE080AFFF7EB
:10A9300023FF012284ED040A2946B0EE080A3046BE
:10A94000FFF71AFF94ED037A84ED060AB5EE407A1C
:10A95000F1EE10FA06D0D4ED057AF5EE407AF1EE7C
:10A9600010FA0FD194ED047AB5EE407AF1EE10FAB8
:10A970004CD0B5EE400AF1EE10FA47D0F0EE407A36
:10A98000012200E0002267EE276A77EEC77A274BA4
:10A99000F1EEE66AF5EEC07A03EB8203F1EE10FA0F
:10A9A000C4ED016A93ED007A2CD9B5EEC08AF1EEC0
:10A9B00010FA27D9B7EE006A37EE465A37EE067A14
:10A9C000C5EE075A9FED1A7A65EEA55A38EE075A7A
:10A9D00038EE477A65EE854A27EE477A36EE656AA5
:10A9E000A5EE247AC7EE065AF5EEC05AF1EE10FA3B
:10A9F00008D9F1EEE55A67EE887A66EEA56A86EE2A
:10AA0000A77A01E09FED0B7A84ED077ABDEC028B0B
:10AA100004230B2202210020BDE8F041FEF72CBCEC
:10AA2000F8080020E06900207C480020B0540108AC
:10AA30000000484200000000D1ED006AD1ED017A2B
:10AA4000B7EE007A37EE667A27EEA70AF3EE096AC8
:10AA5000A7EE070A67EEA67A87EE800A704700BF66
:10AA6000D1ED017A91ED006ADFED076AB7EE007A69
:10AA700037EE467A27EEA70A67EEA67AA7EE070A10
:10AA800087EE800A704700BF0000C84237B5754C9A
:10AA900094F91D00FCF724FE002800F0E18094F9F1
:10AAA0001D30714A9FED714A106004EBC30482EDC2
:10AAB000014AB4F85A506E4C04EBC50421462846AE
:10AAC000FEF722FCF6EE007AB4EEE70AF1EE10FA99
:10AAD000F0EE405AB0EE445A40F2B580FFF72AFE3D
:10AAE000DFED644AB4EEE40AF1EE10FA40F2AE8013
:10AAF000FFF7B6FF80EE257ADFED5F7AB4EEE77AF6
:10AB0000F1EE10FAF0EE406A80F2A08065EEA44A01
:10AB10000025F4EEC44AF1EE10FA0EDDDFED577AAF
:10AB2000F4EEE75AF1EE10FA07D5F1EE406A15613E
:10AB30009560C2ED036A01238BE025EEA56AF4EE71
:10AB4000C55AF0EE464AF1EE10FAE6EEA64A76EE67
:10AB5000A63A06DA65EE857AF4EEE74AF1EE10FAE7
:10AB600037DD684624EE851A63EE850A35EE650A00
:10AB7000FEF720FCDDED007A956036EEA77AB0EEA8
:10AB8000463A27EEA74AA7EE073A556124EE074A50
:10AB9000C2ED047A84EE037AF4EEC55A37EE677A92
:10ABA000DDED017A82ED037A36EEA77A27EEA74A29
:10ABB000A7EE076A24EE074AF1EE10FA84EE067A51
:10ABC000C2ED077A37EE677A82ED067A40DA022123
:10ABD00000E00021E5EEC54A4C006318284C6846A9
:10ABE000B0EE641AF0EE630AB7EE000A04EB8304D9
:10ABF000FEF7E0FB9DED007AA56076EE877A84EDA6
:10AC0000017A9FED207A656175EEC55A27EE875A65
:10AC100067EEA77A8B1CE5EEA57A1BB285EE276A54
:10AC2000DDED017A84ED006A76EEA76AC4ED047A60
:10AC300026EE877A66EEA66AE5EEA56AC7EE267A64
:10AC4000C4ED037A05E04FF0FF3302E0002300E09B
:10AC5000022313870221042307220020FEF70CFBA6
:10AC600003B030BDF8080020E06900200000484231
:10AC70007C480020CDCC8C3F0000C84200005C42E4
:10AC8000E869002000401CC5044908B501EBC0017B
:10AC9000FFF7E6FEB0EEC00A08BD00BF7C4800200A
:10ACA00008B52DED028BFFF7DBFEB0EE408AFEF714
:10ACB00021FC88EE000ABDEC028B08BD08B52DED25
:10ACC000028BFFF7CDFEB0EE408AFEF713FC28EEB4
:10ACD000000ABDEC028BFFEE007A87EE800A08BD09
:10ACE000D1ED006A91ED017AF7EE007A77EEE67A1F
:10ACF00027EE077AF3EE096AA7EEA77A67EEA67A3F
:10AD000087EE870A30EE660A704700BF0138C3B28B
:10AD1000082B9DBF00EB4000024B53F82000024877
:10AD2000704700BFD8490108B07001080138C3B2AC
:10AD3000082B08D8054B00EB400003EB800003898B
:10AD40000B80406870470020704700BFD849010859
:10AD5000431E082B0FD8094B094A034410B413F8BB
:10AD6000013C013B02EBC30452F83300A3880B8083
:10AD70005DF8044B70470020704700BFCC490108C4
:10AD80004C4A0108F8B50D1A2FD11D4A1D4B1580EC
:10AD90001D8033E0B5FBF3F2132A02D903EB8304E1
:10ADA0000CE0072A01D95C0008E01C46A6FB0473EE
:10ADB000032A4FEAD30301D80139EBD1B0FBF4F3F6
:10ADC0004EF2803604FB13002A460023A0FB060146
:10ADD000F5F79CFD0B4B0A4F18802A46A4FB060191
:10ADE0000023F5F793FD388008E0074B074C084E29
:10ADF0006A0AA3FB0232D2090A21D7E7F8BD00BFD5
:10AE0000C4690020C2690020834B040000CA9A3B39
:10AE1000CDCCCCCC044B1B78052B9ABF034A52F8FF
:10AE200023000348704700BFB4690020A441010813
:10AE3000DC440108044A13780133DBB2052B88BFD8
:10AE400000231370704700BFB46900204D4B82B0DF
:10AE50001B780190002B00F08C80013BDAB2042AB1
:10AE600000F28B80484AD2ED006AF5EEC06AF1EE3E
:10AE700010FA40F2828007EE900AF8EE677AF5EE5B
:10AE8000C07AF1EE10FA78D99FED406A9FED407AD2
:10AE9000404A67EE867AC3EBC303F4EEC77A5B00E1
:10AEA000F1EE10FA02EB030005D8D35A9FED3A7A7F
:10AEB00000EE103A17E09FED396AF4EEC67AF1EE33
:10AEC00010FA0BDA9FED366AF4EEC67AF1EE10FA5C
:10AED0002DDD344A9FED346A01230DE083899FED17
:10AEE000337A00EE103AB8EEC00A67EE877AF1EED8
:10AEF000E77A60EE277A35E0B8EEC67A591CF4EEB0
:10AF0000C77AF1EE10FA0CDC294A32F8132007EE6A
:10AF1000102A5B00B8EE466AB8EE477AC1189A1C50
:10AF200007E00B4632F8021B06EE101AE4E7014672
:10AF30000222B1EEC77AF1EEE77AB1EEC66A36EEDA
:10AF4000476A37EEC77A0B88825AC7EE065AD21A7A
:10AF500007EE902AB8EEE77A07EE903AF8EEE77A35
:10AF6000E5EE877A9FED090A26EE800A20EE270A91
:10AF700005E0104B93ED000A01E09FED0F0A02B0CF
:10AF8000704700BFB4690020606A002017B7D1384D
:10AF9000000034435C410108610BB63B00909C45C6
:10AFA0000000B44352410108C6020000EE4B513983
:10AFB0004C410108B06900200000000008B52DEDEB
:10AFC000028BFFF7ABFB80B2B0EE408AFBF7ECFBE5
:10AFD000FFF73CFFDFED0E7A20EE270A07F030F88E
:10AFE000DFED0C7A28EE000AB4EEE70AF1EE10FA73
:10AFF00008DCF7EE007A30EE277A77EEC07A87EE3B
:10B00000270A01E09FED040ABDEC028B08BD00BFDA
:10B01000E3C86B3EA4707D3F0000807F032804D10D
:10B020004FF4F0730B41DB0705D4044BC0EBC000B9
:10B0300053F8200070470248704700BFB854010819
:10B04000E4440108014B000118587047F050010812
:10B05000014B1878704700BFC069002070B5154CCF
:10B06000154D04F1300605EB800594F828300C34BA
:10B07000DBB1698828881C2934BF01236FF00D03D8
:10B08000194411F10D0300F1050248BF01F12C0331
:10B0900005380029B8BF1F310028B8BF1F30521132
:10B0A0005B1149114011FEF7E7F8B44205F244651F
:10B0B000DBD170BDF80800206C6A002070B50D4C23
:10B0C00004F1400594F858301BB1B4F85A00FFF76A
:10B0D000C5FF0834AC42F5D1FEF76CFE031EB8BFC5
:10B0E0001F3300215B1108460E22BDE87040FEF7B9
:10B0F000C3B800BFF8080020F0B52DED028B634CFB
:10B100000025032883B0C4E9015500F0828004289B
:10B11000064600F08180022840F0B4805C4F5D4B11
:10B120005D49ADF804502A4601A82360FEF746FFAA
:10B13000B1EEC00A97ED1A7AF7EE007A20EE077AA0
:10B1400037EEC00A30EE000AC7EE007AF5EEC07A9C
:10B15000F1EE10FAC4ED077A00F18C80BDF804100E
:10B160002846FCF749F9D7ED1A7AD4ED076ABDF8FD
:10B170000430ADF80630B1EE007AB0EE676AA6EEA4
:10B18000876A01234FF0FF324449C7EE868A0DF1EA
:10B190000600B1EE680AFEF78FFDB5EE400AF1EE4B
:10B1A00010FAB0EE408A65D0BDF80430ADF8063034
:10B1B000012233463949B0EE680A0DF10600FEF768
:10B1C0007BFDB5EE400AF1EE10FA53D030EE487A2E
:10B1D00028EE000AB1EEC00AFCEEC07AD4ED076A90
:10B1E000C4ED017AC0EE077AC4ED087ADFED2C7A5F
:10B1F00067EE275A60EE277A86EEA56A27EE800A68
:10B2000084ED046A20EE260AC7EE007AC4ED057AC2
:10B2100030E0FEF793FF2DE0FEF790FF214B1E4933
:10B2200023602A460DF10600ADF80650FEF7C6FE73
:10B23000BDF80610F1B10320FCF7DEF8BDF80600FA
:10B24000FBF7B2FA6368984214D307EE903AB8EE6F
:10B25000677AD4ED057AA060C01A27EE277A07EE48
:10B26000900AF8EE677AE06077EEA77AC7EE276A71
:10B27000C4ED066A0423072202210020FDF7FCFF2B
:10B28000FFF71CFF03B0BDEC028BF0BDE0690020AE
:10B29000080300204C52010819940008419400084A
:10B2A000DB0FC940555201082DE9F8433D4E96F990
:10B2B0001C506A1C2DED028B6FD096F91D00431CAB
:10B2C0006BD0394B93F86E30022B3BD105EB450523
:10B2D00006EB8505354A95F82930C3EBC30302EB2D
:10B2E00083039F69002F58D095F82A50304A738BFA
:10B2F00040F6884101FB05250BB34FF000089FED98
:10B300002D8A444629462046B84710EE103A23F0CD
:10B310000042B2F1FF4F05F1080509D0F0EEC07A06
:10B32000F4EEC87AF1EE10FA44BFB0EE678AA04698
:10B33000738B0134A342E5DC96F91D0000E09846CA
:10B34000414624E01C4A1D4C1D4940F2446707FB5E
:10B350000525728B6F88012B0CBFA0468846012AF9
:10B3600012D902354FF00009012435F8241038466F
:10B37000C04710B135F82470A146738B0134A34245
:10B38000F3DC96F91D0001E04FF000094946BDECE1
:10B39000028BBDE8F843FCF72FB8BDEC028BBDE88B
:10B3A000F88300BFF808002008030020B854010803
:10B3B0007C480020CAF249716C6A0020A9930008F9
:10B3C0009D9300082DE9F047DFF87C8198F91C5027
:10B3D0006B1C00F0AA8098F91D30013300F0A580A5
:10B3E000534B93F86E30022B04460E4659D105EBB1
:10B3F000450508EB85054F4A95F82930C3EBC30393
:10B4000002EB8303D3F81890B9F1000F00F08D80A0
:10B4100095F82A70484B40F6884202FB073707EB45
:10B42000C001C847B8F81A30344410EE105A9C4294
:10B430007BD207EBC4012046C84710EE103A07EE56
:10B44000905A23F00042B2F1FF4FF5EEC07A25F09A
:10B45000004120D0B1F1FF4F1DD0F1EE10FAB5EE52
:10B46000C00A4CBF01210021F1EE10FA4CBF0122AD
:10B47000002291420FD0F0EEC07A07EE105AB0EEE3
:10B48000C77AF4EEC77AF1EE10FAC8BFA41B98F998
:10B490001D00214645E0B8F81A2034441D46944268
:10B4A000C6E7264A2648274940F2446707FB052598
:10B4B00005EB8402012B0CBF81468946A4195788ED
:10B4C00033D4B8F81A309C422FDA023535F82410FC
:10B4D0003846C84720B935F82470A41908D524E0A7
:10B4E000B8F81A309C42B8BF4FF0FF3A06DB1CE0B8
:10B4F000B8F81A30A342E9DC17E01C46394635F8A3
:10B500002400C847331930B9B8F81A2035F8247028
:10B510009342A246F1D3BAF1FF3F06D098F91D003D
:10B520005146BDE8F047FBF767BFBDE8F08700BFB5
:10B5300008030020B85401087C4800206C6A0020F1
:10B54000A99300089D930008F808002010B440F269
:10B55000446404FB00F0084C00EB81010819095B0E
:10B5600040885DF8044B1B1A521A13FB03F310B208
:10B5700000FB0030704700BF6C6A0020124B2DE9C1
:10B58000F047B3F81A80B8F1000F18D04FFA82F9DB
:10B5900007B20EB200244FF461754FF0FF3AA1B22A
:10B5A00033463A464846FFF7D1FFA842B8BFA24605
:10B5B00004F10104B8BF05464445F0D101E04FF065
:10B5C000FF3A5046BDE8F087F808002070EE017A97
:10B5D000B6EE007AF0EE606AD7EE876A31EE401A76
:10B5E00066EEA17A21EE070A20EE210AA7EEA10A53
:10B5F00030EE200A704700002DE9F74F354A5368B6
:10B60000834263D89768B84260D8568B0191FF1A7D
:10B6100006F1FF39C41A4FF0000B5B463A46A4FB13
:10B620000901F5F773F9033E431EB342B8460546D8
:10B6300000934BD84FEA590632460023E7FB00231C
:10B6400016461F464A465B4630463946F5F75EF9D0
:10B65000824618EB06004BEB07014A465B46F5F7BE
:10B6600055F9B0EB0A000CD0A4EB0A0407EE904A9F
:10B6700007EE100AF8EE677AB8EE477A87EE876A27
:10B6800001E09FED156A154B00996A1C03EBC2029D
:10B6900003EBC50503EBC10392ED001AD5ED000ADB
:10B6A00093ED000AF0EE461AFFF790FF019981ED45
:10B6B000000A93ED010A92ED011AD5ED010AFFF798
:10B6C00085FF019B012083ED010A00E0002003B00B
:10B6D000BDE8F08FF8080020000000007C48002042
:10B6E00073B504460D46104669461646FFF784FFBB
:10B6F000034678B10C20094960430C180E50694686
:10B700002846FDF701FE694684ED010AFFF7A8F916
:10B7100084ED020A184602B070BD00BFE069002047
:10B7200030B52DED028BCB0783B03CD50024234DE3
:10B730009FED238AADF8064001224FF0FF332946E2
:10B74000B0EE480A0DF10600FEF7B6FAFCEEC07A3C
:10B7500017EE902A7AB1BDF806102046FFF7C0FF19
:10B7600000B10134BDF80630062C03F10103ADF839
:10B770000630E1D114E09CB922461249ADF80640EA
:10B780000DF10600FEF71AFCBDF8065045B128463B
:10B79000FBF70AF8294602462046FFF7A1FF0446B8
:10B7A000094B83F848400523072202210020FDF7BA
:10B7B00063FD03B0BDEC028B30BD00BF8DA300085C
:10B7C0000000000089AC0008E06900202DE9F84382
:10B7D0002DED088B9FED338A0446894690461E4620
:10B7E0000025B0EE489AF0EE488AF0EE48AAF0EE56
:10B7F000489AF0EE48BAB0EE48AAA5421ADAAFB2BB
:10B800003846C8473846B0EE40BAC0476BEE0B7AB0
:10B810002BEE007A3AEE0BAA7BEE80BA79EEA79A6D
:10B820007AEE87AAABEE279A0135EBEE078AA7EEF0
:10B83000A78AE2E707EE904AF8EEE77AF1EE696A46
:10B840008AEE276A8BEEA77AC9EEA74AB1EE4AAA1A
:10B85000F0EE497AE6EE867AEAEE07AAE6EE878A05
:10B86000EAEE069AA6EEA48A6AEEE75A67EEE76A5F
:10B87000E8EEA95A68EEE78AE8EE296AE8EE2A8A35
:10B8800085EEA65AC8EEA67ABDEC088B86ED025A64
:10B89000A6EE677AC6ED017AA4EEC57A86ED007A47
:10B8A000BDE8F883000000007FB5CC070D464BD5FE
:10B8B0009FED3C0A3C4C3D4984ED010A0023ADF864
:10B8C00006300DF106004FF0FF33012284ED020A2D
:10B8D00084ED050AFEF7F0F9FCEEC07A344E17EE5F
:10B8E000900A58B39FED337A334BF8EE677AC7EE80
:10B8F000276A93ED007AB5EE407AF1EE10FA06D0A1
:10B90000C7EE267A84ED027AC4ED057A09E096F84E
:10B91000993007EE903AF8EEE77A67EEA67AC4ED32
:10B92000027A02A94008FFF767FE38B102A9002099
:10B93000FFF796F8B0EEC00A84ED010A1F4B204ACB
:10B940002049708BFFF742FFA80723D0184B93F9CB
:10B950001D20511C1ED003EBC203B3F85A00FAF7A6
:10B9600023FF07EE900A104BB8EE677ADFED167AE8
:10B9700083ED007A93ED086A27EE277AD3ED077AF4
:10B98000F1EEC76AE6EE267AD3ED096AE6EE877A2B
:10B99000C3ED047A0423072202210020FDF76CFC8A
:10B9A00004B070BD00000000E0690020659400084C
:10B9B000F808002092FA3649606A0020FC690020ED
:10B9C000CDA50008259500085F708930044B054A15
:10B9D00093F8213003EB430312F82300704700BFB4
:10B9E000F8080020E0510108024A034B108019803A
:10B9F000704700BFAC030020AA030020024A13884E
:10BA000018431080704700BF646A0020F8B5124EDA
:10BA1000012435788440254207D025EA0404347097
:10BA20000220BDE8F840FFF7E9BF0C4A92F91C304C
:10BA3000591C0FD00A4F528B0A4927F8102040F2A8
:10BA40004462043002FB00102C4302FB031106F099
:10BA500023FB3470F8BD00BFC0690020F808002047
:10BA6000686A00206C6A002008B50B2009230E22AA
:10BA70000021FDF701FC0C20BDE80840FFF7BEBF28
:10BA8000082808D8044A054B82F82100FF2202202A
:10BA90001A70FFF7B3BF7047F8080020BC69002098
:10BAA0002DE9F04FB74B2DED068B1B885805ABB039
:10BAB00003D5FAF7BDFDB34B1B88D90740F1D580FC
:10BAC000DFF804A3DFF804B39FEDAFAA9FEDAF9AB0
:10BAD000DFEDAF9AFFF7F2FA5446CDF814A094F8D0
:10BAE000283033B9AB4B0C349C420BF2446BF6D18B
:10BAF000ABE0059B94F829105A8B94F82A80A6484D
:10BB0000D4ED0B7A01238B4023F00045013A40F637
:10BB1000884625F018051FFA82F906FB0808002D53
:10BB20004DD0C9EE278A9D48069403429C4B9D4800
:10BB300090FBF2F2C1EBC10103EB81014FF0000574
:10BB4000D1F818A02F464FF4B02694ED0C7AB0EE41
:10BB5000698AA7EE498A5446924618BF38EE288A69
:10BB6000F1EE688AA8B208EBC00164B1A04710EEFC
:10BB7000103A23F00042B2F1FF4F13D0F0EE487AB2
:10BB8000E8EE807A01E0F0EE487AFDEEE77A17EE13
:10BB9000903AB3F5987FA8BF4FF4987323EAE37304
:10BBA0009BB200E0002301353946320C5846AFB253
:10BBB000FDF722FBB9455644D4D2069C92E713F018
:10BBC000180F8FD08AEE276A2946F6EE006AABB2CC
:10BBD00008EBC303D3ED007A93ED017AF0EE665AD9
:10BBE000E6EE275A58460135F0EE657AF0EE665AD1
:10BBF000E6EE075AFDEEE77ABDEEE57A17EE902AFB
:10BC000017EE103A96B206F1E802E336C3F1980354
:10BC1000B6B292B29BB2B6F5E47F0FFA82FC1FB2C5
:10BC200005D3BCF1050FB4BF05224FF4E672B3F59E
:10BC3000987F04D9002FB4BF00234FF49873FDF709
:10BC4000DBFAA9B28945C2D24CE7DDF814A0BAF8F4
:10BC500018301A0601D5FFF727FB534C2378242010
:10BC600043F001032370FFF7C9FE504B1B883BB91B
:10BC7000444A002313802BB0BDEC068BBDE8F08F47
:10BC8000404B1C88A30506D5002005F031F804F0D0
:10BC9000D3FF3C4B1C88A70709D5454B4FF6FF72D5
:10BCA000A3F1140123F8022D8B42FBD119E0A60663
:10BCB00003D5FFF703FA334B1C88650605D5002230
:10BCC000114610460923FDF7D7FA200609D5394B4E
:10BCD0009B8AD90605D509230E2200210D20FDF7E8
:10BCE000CBFA14F0E60F00F03287DFF8DCA09AF808
:10BCF0002100082813D8BAF81830DA070FD42E4BD1
:10BD0000294C00EB400203EB82039A6802B904E07D
:10BD10005B782178194200D0904700232370274A8E
:10BD2000224B11881B881F311F335B114911189357
:10BD30008AB29BB231B9224B1F931D4B1F9900222F
:10BD400000F0FDBE013B9BB21D49DFED108A9FED67
:10BD50001DAA1F91013A013392B25B010132CDE974
:10BD600011135201002717920597119A32F8023BDE
:10BD70000893119263BB059B179A20339342059356
:10BD8000F3D1DAE7646A002000001843000018428B
:10BD900000409843280900207C48002040000040D3
:10BDA000B85401080000C701BC690020AC030020A2
:10BDB000E069002008030020E0510108AA030020E8
:10BDC000CC69002092FA364AF80800206C6A0020FC
:10BDD000189B002BCFD0059AC2F59773591CC2F15E
:10BDE00002031BB21A93C2F5987314911993490177
:10BDF000C2F15003002615911693B346089BDB074A
:10BE000040F19086B44B05991A88B44B1B88A2EB7D
:10BE10000B02591A1F2A0692079101F30E801F295F
:10BE200006DD002A40F37E8620238024079308E065
:10BE3000069B002B40F37686079B002B40F372860F
:10BE40009C00A74B0B931D4604F070FDA549EA8B9F
:10BE5000086003461033099003EB041142EA0242E2
:10BE600043E9042243E9022210339942F8D19E4B60
:10BE70000D93002203F130050A9301244FF4F0766C
:10BE800093F8281079B193F8291004FA01F00329E6
:10BE900042EA000207D193F82B1046FA01F1CF07CE
:10BEA00058BF42F000420C33AB42E9D122F00043CC
:10BEB0000B9923F018030C934C8C13B9100764D41E
:10BEC000B1E00B99894B898A1D88894B11F0200FAD
:10BED00009991F8805EBCB15A5EB8115A5F52070F9
:10BEE0000E900698ABF1050C0CEB000A079814BFF6
:10BEF0004FF0020E4FF0010E4FEA4E1563464FEA27
:10BF0000401940F2C71807E0079B05990998069D5C
:10BF10005F184FF026091BE0B3F5E47F05D301332A
:10BF20009A4501F10201F7D1EEE753B1434508D03C
:10BF30000E9800EB8116B6FBF7F007FB10607F2828
:10BF4000EDD8002021F8104028444845FADBE6E708
:10BF5000B1F5987F05DD01318F4200F14000F7D146
:10BF6000ACE7644E4B08A6FB0363DB0809FB131325
:10BF7000002BF0D10CEB0308B8F5E47F38BF20F8B4
:10BF800013407344AB42F5DBE5E7002A24DA099B52
:10BF9000CBEBCB7A03EB4A0A059BA3F19809079BED
:10BFA00003EB0908069BABF1E8050AF5E87A5F198F
:10BFB00010E049463046FDF749F808B12AF8164026
:10BFC0000136B742F5D109F10109C8450AF1400A25
:10BFD00000F094802E46ECE7059BDDF82480CDF838
:10BFE00038B0A3F19806079B03EB0609069BCBF13B
:10BFF000E807FB1AC346B84627461C4610E0284609
:10C000003146FDF723F8013D08B1AAF80070AC42B3
:10C010000AF1020AF3D10136B1450BF1400B58D0B9
:10C020004546DA46EBE7D10668D5099BCDF83CB02A
:10C03000CBEBCB7003EB4000059BA3F19802079B71
:10C0400013440E93069BABF1E80500F5E87003EB93
:10C05000050A45F6A81840F27D3EAB462FE003FBEB
:10C060000361A94222D841451ED8EBB1E2B1714526
:10C070001CD940F2B939494516D940F633694945CA
:10C0800014D9B94210D993420ED063450CD042F274
:10C09000210949450AD942F2D709494504D9A1F5F0
:10C0A00065510939F12901D820F8134001339A4527
:10C0B000D5D10E9B0132934200F140001CD002FB0F
:10C0C00002F65B4645F6D82540F6AB67C2F1000C98
:10C0D000C5E7DDF838B011E0AC030020AA0300206A
:10C0E00008030020B8690020F8080020C269002079
:10C0F000C4690020F31ACA6BDDF83CB00C9B002B1E
:10C1000000F008810B9B0DF18E0193F86D00FEF796
:10C110000DFE1390002800F0FD800A9B1B8BDA07B0
:10C1200000F1F880079A14998A42134640F3F2808E
:10C1300019998A42D4BF02F1FF33199B1B930A9BC2
:10C140009C68D3F804801D94A04580F0E3800B9B8D
:10C1500024A993F86D00B3F850302193FEF7F8FD51
:10C16000BDF88E502090A4EB080A002D00F0D2807C
:10C170001B9B5B011C9300230F93099B40331E9371
:10C18000069B013B1093BDF83C30139A02EBC302AF
:10C190005768B84506D90F9B01330F939BB29D4258
:10C1A000F1D8B7E0139A1D9C52F83360B442C0F046
:10C1B000B180464538BF464640F2C719A6EB080095
:10C1C000A74252464FF00003A0FB090128BF2746B3
:10C1D000F4F79CFBA7EB0803441D5246A3FB09019F
:10C1E0000023F4F793FB069B0530A0EB0B0098426D
:10C1F000109BA4EB0B04A8BF184624EAE474A042E9
:10C20000C9DB1B9B149A934204DABDF890300E935D
:10C21000C3B92EE0159B099A241A61001C181C9BB7
:10C220001844931C03EB44034232219C023902EB75
:10C230004000CA1822F8024B9342FBD14033984287
:10C24000F7D1E2E7DDF880900C970025ABB203EB65
:10C25000430309EB83077C68B44205D201350E9A8B
:10C26000ABB29A42F2D804E059F823000C9B9842F2
:10C2700002D9BDF88E508EE7B0422CBFC8EB00004B
:10C28000C8EB060040F2C713A0FB0301524600238F
:10C29000F4F73CFB0C9B40F2C7119C4294BFC8EBE7
:10C2A0000403C8EB03035246441DA3FB0101002312
:10C2B000F4F72CFB069B0530A0EB0B009842109B7B
:10C2C000A4EB0B04A8BF184624EAE474A042C5DB23
:10C2D0001B9B149A9342C1DB3B7AB14A32F813108C
:10C2E0001C9A159B001BE3181444099A02EB4303A4
:10C2F0001E9A0130400002EB4404C7181A4622F887
:10C30000021B9742FBD140339C42F6D1BDF89030DE
:10C310000E93A3E7A34BDFF8B0821B78DFF8ACA243
:10C3200003F001031093069B5B440420139304E085
:10C33000A8F24468AAF10C0A3846042800F1FF3735
:10C340000AD09AF8583013B97B1CF1D1AFE00A9BA0
:10C350005A8B013A0AD1F7E7109B002BE8D0924B99
:10C360001A88013A002A40F07C85E1E7FCF7A8FF33
:10C370000028E9D100F07FBD139C83185B1038F8CA
:10C3800023108C42CCBF18461A46431C9342F4DB60
:10C39000104600231918491038F82140A345CCBF96
:10C3A0000B460846591C8142F4DB8049934231F820
:10C3B00017100C9100DBC7E708EB820208EB830340
:10C3C0000E921988059D58889E88DC88B1EB0B0178
:10C3D000A0EB0502A6EB0B06A4EB050507D5002E86
:10C3E00080F23B850E9A04339A42EAD1ACE7002AE8
:10C3F00003DA002D80F22C85F4E71F2901DD1F2EC2
:10C40000F0DC1F2A01DD1F2DECDCA04205D914460B
:10C4100008462A46314625460646A1EB060CBCF1E5
:10C42000000FC8BFA6EB010CA5EB020ECCBF4FF06E
:10C43000FF394FF001091EEB0C0F4CBF0CEBDC7009
:10C440000EEBDE704010002AC0F1000003DB520149
:10C4500004460CE020468445BABF4944A0EB0E04D4
:10C4600004468645F6DD0132A4EB0C04F2D106EB5E
:10C4700045150F9500E004461F2901EB020004D882
:10C48000099E35460C9E25F810600F9D8542A9D067
:10C49000A445BABF4944A4EB0E002046A645EADDF8
:10C4A0002032B2F5806FA0EB0C00E4DB9AE70B9B27
:10C4B0009B8ADE0605D43E4EDFF810A1CDF824B0ED
:10C4C00042E0BBF5C27FF6D90A9A92F91C00451CDE
:10C4D000F1D000EB400302EB8303012293F8291013
:10C4E0008A4012F0180FE6D13249D3ED0C7A93ED61
:10C4F0000B9AB2EE008ACBF5D2740A4238EE678A04
:10C5000024B205D0B7EE007AC7EE097A38EE278A52
:10C51000063080B204F0E0FB274D1A9EF7EE009A39
:10C5200069EE087A38EE698A17EE900AF4F738F85F
:10C53000CDE90001314626362A46204636B2FDF7BF
:10C5400001F81F2EECDDB6E79AF8583033B91B4BD3
:10C550003836B3420AF1080AF6D167E0A6F11C03A7
:10C56000BAF85A500C93164BDDF8349003EB85055E
:10C570004FF0000899F828304046002B4CD0FCF7CB
:10C580009FFE002848D109992B886A885B1A059973
:10C590001B2AA2EB01041BD80134374609491AE0D3
:10C5A000444A0108C0690020686A00203403002062
:10C5B0004C4F010840000040D44101080C510108D3
:10C5C0006C6A0020144F01087C830020F8080020CA
:10C5D0000C9FB6490E3C9A1D2A2A04F10E001BD866
:10C5E0002D2819D808F1060080B2A3F1050B0E9191
:10C5F00004F072FB0E9900910E230B22214658463F
:10C60000FCF77EFD1A2004F067FB58460097214690
:10C610000E230B22FCF774FD08F10108B8F1040F9A
:10C6200009F10C0905F24465A4D190E7DDF824B0C6
:10C63000FDF7C0FB059B834200F305820A9991F93F
:10C640001D305C1C00F0FF8191F91C000E90421C13
:10C6500000F0F98101EBC30391F91E20B3F85A30C1
:10C660001093013200F0D780831D4FF000089BB279
:10C670008F4FCDF830B045460F938B4697F8583022
:10C6800008F1010405F1010A002B58D0894A0F98DE
:10C6900032F8286002EB8803B3F80290059BA9EBFF
:10C6A00003090C9BF61A04F017FB9BF91D30AB42F3
:10C6B00007D10B9B1B7F23B97F4A49463046FCF7C5
:10C6C00041FF7E4A49465346F01DFCF73BFFB7F851
:10C6D0005A3009932846FBF703F8BBF818100346B5
:10C6E000C80506F11A0214D59BF91D00A84210D006
:10C6F0001B931392FAF7F4FF1B9B139A83428CBF90
:10C700001B1AC31A494610466D4AFCF71BFF109DC1
:10C7100006E0104649466B4AFCF714FF4FF0FF3520
:10C72000012004F0D9FA099B0095494606F18E00D4
:10C730000E9AFDF7EBF908F10203A0461C46554698
:10C74000082D07F1080799D164100A9A0599DDF8B8
:10C7500030B004EB840304EB4304138B0134641AFC
:10C76000D905164600F12D8192F91D3092F91E204F
:10C77000934200F0268106EBC201013200920133A0
:10C78000B1F85A50504A2146CBF1FD00FCF7DAFED1
:10C79000338BDB073746CBF5917616D497F91D001E
:10C7A000FAF79EFF054697F91E00FAF799FF8542B2
:10C7B0002CBF281A401B00902CBF2B232D23304662
:10C7C000424A2146FCF7BEFEFBE0109F3846FCF7CC
:10C7D000B9FD2846B0EE409AFCF7B4FD3846B0EEFD
:10C7E000408AFCF7C5FD2846F0EE406AFCF7C0FD24
:10C7F00076EEC07A17EE900AF3F7D2FE79EE487A19
:10C80000CDE9020117EE900AF3F7CAFE304ACDE9EE
:10C8100000013046D2E00026254D3446254995F8E2
:10C820002830A01D01EB860280B206F1010A002B20
:10C830007AD0059BB2F8028031F82670A8EB030885
:10C8400004F04AFA0A9B93F91C30A7EB0B07A342AA
:10C8500007F1210904D1184A41463846FCF772FE17
:10C860002046FBF7E3F941460246F81DFCF76AFE55
:10C8700095F82900174AD5ED0B7ADFF860C0164FFE
:10C8800095F82B10C0EBC00302EB8303A0F1030E5D
:10C89000B7EE007ABEF1010FF4EE477ADA681FD8DE
:10C8A000F1EE10FA18BF67461BE000BFF84E010812
:10C8B000F8080020C0510108DC410108E0410108EE
:10C8C000E4410108EC410108F4410108FC41010880
:10C8D00004420108B8540108D0300108C8410108D9
:10C8E000BF4FFEF79BFB099017EE900A0292F3F7F9
:10C8F00057FE3A46099BCDE9000141464846FCF700
:10C9000021FEC0EBC000871C012004F0E5F94F4474
:10C910004FF0FF3300933846109B41462246FDF707
:10C92000F5F8B31C56469A460134042C05F10C0563
:10C930007FF474AF4FEA6A0303EB830403EB440212
:10C940000B9B541C1B7F059AA41A2BB9A54A2146A0
:10C95000CBF1FD00FCF7F6FD0A9DA34A95F91D30C9
:10C9600021460133CBF58270FCF7ECFD2B8B2A4678
:10C97000D807CBF58E7505F101050AD492F91D0093
:10C98000FAF7AEFE994A034621462846FCF7DAFD3F
:10C9900017E0109F3846FCF7D5FC10EE106AFCF744
:10C9A000E7FC10EE100AF3F7FBFDCDE9020130467B
:10C9B000F3F7F6FD8E4ACDE9000128462146FCF743
:10C9C000C1FDFBF71BFBB5EE400AF1EE10FAB0EE2D
:10C9D000408ACBF1180523D00A9B93F8993007EED3
:10C9E000903AF8EEE77A0B9B67EE8A7A1B7F67EE48
:10C9F000807A042B17EE900A0CBF18262026F3F736
:10CA0000CFFDCDE9020118EE100AF3F7C9FD334658
:10CA1000CDE90001774A21462846FCF793FD0B3407
:10CA20000A9BD3ED2A7AF5EE407AF1EE10FA0AD09D
:10CA300017EE900AF3F7B4FD6F4ACDE900012146E5
:10CA40002846FCF77FFD0A9A92F82130082B11D86E
:10CA5000118B11F001010DD1684A03EB430302EB86
:10CA600083035C6834B1152004F04EF91699CBF1BC
:10CA70000F00A047CBF10603252B03D9069B202BE3
:10CA800031D148E05E4EDDF834800024182598F856
:10CA90002830F6EE007A03B398F8293045FA03F30C
:10CAA000D9071AD498ED0C7A059BE7EE287AFDEEAB
:10CAB000E77A17EE907AC7F59877FF1AFB1C242BBC
:10CAC0000BD8A01D80B204F007F90096B91E05230B
:10CAD0000622CBF10000FCF713FB0134042C08F113
:10CAE0000C08D4D1CAE7474B07991A68069B5D002A
:10CAF000481E02F140032A4408E031F8027B24F882
:10CB0000027FB142F9D12A444033013803D0941E48
:10CB10005E191946F1E7DDE9062305990BF10F00CF
:10CB200003F0C4FF089B5B0808933FF424A9129B01
:10CB30000BF1200B9B457FF461A9FFF71CB923F88B
:10CB4000022D9942FBD103F0A9FF2F4B1C8822072D
:10CB500040F1B6802D4C237F022B04D0032B4FF0E5
:10CB6000200503D000E01825202600E0182600212B
:10CB70000120DFF8ACA004F0C7F80F2340F2311118
:10CB80004FF4F072002003F0B3FFBAF81810CB078F
:10CB900060D4DAE901239A4208D11D49019200913B
:10CBA0002B461C4A40F233110F2016E04F0639D4B1
:10CBB000194901922B460091164A40F233110F2079
:10CBC00004F046F9DAF80830144A0193009233462B
:10CBD000104A40F233114FF4A37004F039F95DE0CC
:10CBE000BC410108DC41010810420108EC41010888
:10CBF00004420108184201082C420108E0510108D2
:10CC000064520108B8690020646A0020080300200B
:10CC10004C420108404201085042010858420108B4
:10CC2000F80800205B0803EB520302F001021344F2
:10CC3000994A019300922B46984A40F233110F20F3
:10CC400004F006F9DAE90123954900919A1A019254
:10CC50003346BDE7934A9AF8993040F233110F20DA
:10CC600004F0F6F8BAF81A50013D2846FCF76AFBC2
:10CC700010EE106AFCF77CFB10EE100AF3F790FC44
:10CC8000CDE902013046F3F78BFC874ACDE900017C
:10CC900040F233114FF4A37004F0DAF8122004F0DC
:10CCA0001BF8608BF9F77AFDBAF81A3000937F4AC7
:10CCB000034640F23311CE2004F0CAF87C4B1C88A6
:10CCC000E0067BD500211820DFF804A204F01CF850
:10CCD0000F2264216E23002003F00AFFBAF82420FB
:10CCE000D1052AD5734B43211B888DF890104FF640
:10CCF000FF718B4203F1300008BF2A238DF89100A9
:10CD00004FF0000008BF8DF891309305ADF8920008
:10CD100006D5172003F0E0FF63238DF8903002E082
:10CD2000012003F0D9FF24AA6421002004F090F828
:10CD3000012003F0D1FFBAF824205F4C022304F154
:10CD400024076426134206F10B050AD02246294621
:10CD5000002004F07DF806F11603BAF824202E46D0
:10CD60001D460434A74201D06388EBE7D7059AF843
:10CD70001F3008D59AF820209A4204D0182003F0DA
:10CD8000ABFF9AF81F304D4A032B9ABF19335B0053
:10CD900061232946002004F05BF8F8F7EFFE044613
:10CDA00000B909E0012003F097FF234606F12101B5
:10CDB000434A002004F04CF83D4B1C88E5057EF505
:10CDC00057AF04F0D5FB051E7EF752AF40F6E340A7
:10CDD00000218542D4BF0D200C2003F095FF394B74
:10CDE000249325A941F204020423812600E003468E
:10CDF0009C0703F1010001D10E7005E09542B4BF1C
:10CE00008124BD240C70643AB2F5486F01F1010130
:10CE1000EDDC2AAAD418104424A98122FF2503336B
:10CE200000919BB200F8182C0221082204F8165C2D
:10CE3000032003F07FFFFEF71BBF079B1F2B4FF064
:10CE4000200306937EF7F8AF07938024FEF7F9BF1F
:10CE50001F293FF7D4AAFFF7D8BA002ABFF6D1AAF4
:10CE600014E0194B33F817300C93C8BF00233FF779
:10CE7000A3AAFFF75DBA9AF85930144941FA03F3AF
:10CE800013F001033FF491AAFFF776BA002DBFF625
:10CE9000BCAAFFF7A7BA00BF6042010840420108E0
:10CEA000684201087042010888420108984201085E
:10CEB000646A00206E9A002018410108A44201080B
:10CEC000A8420108003C3CFF34030020E7FFFF7F3D
:10CED000F8080020421C2BD008B500F10B02154BBE
:10CEE00013F8321019B393F91D10814204D112487E
:10CEF000017841F00201017003EBC2035888FEF78C
:10CF0000ADF8FCF757FF031EB8BF1F3300215B11BC
:10CF10000E220846FCF7B0F9084A138823F02003D4
:10CF200043F004031380BDE80840FEF7B9BD08BD17
:10CF3000704700BFF8080020BC690020646A002028
:10CF400008B540F21B30FEF759FDBDE80840FEF77A
:10CF5000A7BD00BF4FF090431869074B9B8A1B0683
:10CF600000F00E0006D5C0F34003B3EBD00F18BF9E
:10CF700080F00A00704700BF0803002030B50E4C57
:10CF8000238B03F01805082D08D0102D09D0002D93
:10CF90000A4D0B4A0CBF10202A4604E0094A002023
:10CFA00001E0094A082009B14A6003E023F01803B0
:10CFB0000343238330BD00BFF8080020BC5F010895
:10CFC000B26B0108AA6B0108A26B0108F0B5042836
:10CFD0000746104EA8BF042706EBC70256F83730A5
:10CFE0000B60536836F837E05488958892F806C08D
:10CFF0004B6004280CDD04380A22B0FBF2F313FB6B
:10D0000005E502FB130313FB0CF323440D804B8057
:10D01000F0BD00BFC45801080A4A0B4B11880B4AE7
:10D020001B88128891424FF01E0008D1B3FBF0F22A
:10D0300000FB123080B213B1002808BF1E2003305D
:10D04000704700BFE4890020E68900201C8A002088
:10D05000044B002013F8012B1AB12E2A01D0013005
:10D06000F8E77047F089002001230A2101FB03F251
:10D07000824201D21346F9E75A00824204D803EBF8
:10D080008303834288BF134618467047054A938C32
:10D0900003F480639384044B4FF6FF7210201A80D0
:10D0A000FEF7ACBCF80800206E9A002008B5064BCD
:10D0B0001A7F824206D018774FF48560FEF79EFCF7
:10D0C000012000E0002008BD080300200B4B0022D7
:10D0D00083F8582083F8602083F8682083F8702054
:10D0E00083F8782083F8802083F8882083F89020C4
:10D0F0000220FF229A775A77FEF780BCF8080020BA
:10D100002D4B93F91D2069B1824201D1042305E022
:10D1100000F10B0213F832300BB10123CB70013058
:10D120004860704770B51C4600F10B03054614F8C3
:10D13000330058B1AA420CD104F833100220FF2367
:10D1400094F91E506377FEF759FC02E0012204F8BF
:10D1500033206DB294F91D20A2776B1C65770CD13A
:10D16000002116480B4610F833600EB15DB2012164
:10D170000133082BF7D101B1657794F91D00824284
:10D1800002D1FF23A37701E0013210D1002294F9EC
:10D190001E100A4D134615F833601EB198421CBF8D
:10D1A00059B201220133082BF5D102B1A177202019
:10D1B000BDE87040FEF722BCF808002050090020AE
:10D1C00038B5104C4FF08045696A2368CB1AB3F527
:10D1D000FA6F03D8C820F3F7C3FFF5E7FFF7BAFEED
:10D1E000094A21601388108020EA03039BB2C3F32D
:10D1F00080001A0748BF40F010009B0748BF40F06E
:10D20000200038BD088A0020048A00202DE9F0475C
:10D21000DFF884801E4F1F4E4FF0804AC1464FF406
:10D220007A70DAF82440D8F80050F3F799FFFFF746
:10D2300091FE3A88651B4CF24F3182EA00038D4221
:10D240009BB201D941071DD413F004031CD18242C3
:10D2500004D03880C9F80040184616E04CF250332C
:10D260009D42DCD93368A342D9D212F0020F0CBF21
:10D270000020602004F6B834130748BF40F0500087
:10D28000346002E0042000E00120BDE8F08700BF28
:10D29000048A00200C8A0020088A00202DE9F0472B
:10D2A000DDF820A09AF8025015F0070406460F4654
:10D2B0009046994637D015F0100F14BF0F2010205C
:10D2C00003F016FD304623464246394603F010FC73
:10D2D00015F0400F14BF0F20102003F009FD304659
:10D2E0004B462246394603F003FC15F0800F14BF6D
:10D2F0000F20102003F0FCFC06EB0800001B4B463F
:10D300002246394603F0F4FB15F0200F14BF0F201E
:10D31000102003F0EDFC07EB090123464246091BF0
:10D32000304603F0E5FB9AF800109AF8010003F08C
:10D33000EBFC2B070AD46200A9EB02033919A8EB16
:10D3400002023019BDE8F04703F0D2BBBDE8F08718
:10D35000044A1378D90704D583F00103137004F04D
:10D3600069B97047648A002070B50F4D00222846C5
:10D37000012104F087FB4FF09046402207214FF037
:10D38000904004F07FFB01244023AC6122462846F4
:10D39000B361002104F076FB224630460621BDE849
:10D3A000704004F06FBB00BF0004004861B1074B40
:10D3B0005B8B10B583420CBF03230223CB700C465A
:10D3C000F9F7ECF9606010BDF9F7AEB90803002079
:10D3D00038B50C4AC5B261B192F86D20824214BFD3
:10D3E00002230323CB7028460C46FDF78FFC6060B8
:10D3F00038BD82F86D5040F20240BDE83840FEF77B
:10D40000FDBA00BF08030020074B33F8100041B1FC
:10D41000064B5B8B486083420CBF03230223CB7017
:10D420007047FAF7B3B800BFBC6B0108F8080020DA
:10D43000F0B5041E8DB042DB04238DF80930214B7A
:10D4400093F90030A34204D105238DF808306123FD
:10D4500003E003238DF8083091231B4F8DF80A3029
:10D460003B686400587823449D78184B03EBC00157
:10D4700033F830308A882E0902FB0636CB8849887B
:10D4800005F00F0503FB051502A90091B0B2A9B282
:10D49000FFF704FF3B681C44E078FF280FD05B785F
:10D4A00033B905F1190206F1340103F069FD06E014
:10D4B000022305F10D0206F1120103F0EBFC0DB0A1
:10D4C000F0BD00BFE8030020EC890020C45A010829
:10D4D00051B1074BDB7F83420CBF03230223013092
:10D4E0004000CB7048607047C0B2F8F7EBBF00BF98
:10D4F000F80800204FF47A6300FB033041B1054B7C
:10D500009B68486083420CBF03230223CB707047A3
:10D51000FBF7D0B9080300202DE9F347164F8146E9
:10D52000002507F5807601AB4FF4807239464846F6
:10D53000F7F700FCD8B9019BCBB1DFF83C8004467B
:10D540008246019BA342EED918F8013B0D2B06D170
:10D5500005F806A03046FAF741FE002505E01F2B2E
:10D5600003D97F2D9CBFAB5501350134E9E700207D
:10D5700002B0BDE8F08700BF6C8A002007B54FF409
:10D58000802201AB4FF00061F7F79EFC03B05DF81D
:10D5900004FB000007B543F67C7201AB0249F7F7C4
:10D5A00093FC03B05DF804FBF8080020D3B5D1E983
:10D5B0000067002343F67C729F4208BF964201D069
:10D5C0000F481BE004226B460DEB02010446F7F7FF
:10D5D000B1FB0028F4D10B4B019A9A42F0D12046BE
:10D5E0006B4643F678720849F7F7A4FB0446002817
:10D5F000E6D14FF6FF70F9F795FF204602B0D0BD97
:10D60000965D0108544E4F43FC0800202DE9F74F6A
:10D610003B4C8B4601AB682221468146F7F78AFBDB
:10D62000002869D1228844F649139A4264D1638A5A
:10D63000B3F5F07F60D1E38BB3F5A07F5CD1E28ED0
:10D6400048F205039A4257D10546002601AB022253
:10D6500069464846F7F76EFB9DF900709DF801108A
:10D66000A155002F82463A4606F1010804EB060355
:10D6700009DD01AB04EB08014846F7F75BFB07EB5C
:10D680000806824607E00132012A02D003F8011F92
:10D69000F9E7A8EB0706B6F5B46FD7DB184E002202
:10D6A000304681784778174B490103EAC72301F4D4
:10D6B000F851194310F8033B23F0070343EA5713CB
:10D6C00001320B43B2F5F07F26F8023BE9D129463F
:10D6D00001230020013503F0FDF9B5F5A07F02D04C
:10D6E000BAF1000FB1D00BF11A0240F21F11002065
:10D6F00003F0AEFB002000E0034803B0BDE8F08F6C
:10D700006C8A002000E0FFFF965D0108F0B585B04F
:10D7100003AB68222B492C4D0646F7F7D5FB07468D
:10D72000112003F0E5FA0024002F48D121463846A5
:10D73000009501234FF4F07203F06AF9224940F298
:10D74000DF1035F81020130A43EA02239BB21A0AAD
:10D7500002F0F802802A88BF42F0070281F81D26F5
:10D76000DA0802F0FC02DB00DBB2802A88BF42F05C
:10D770000302802B88BF43F00703013881F81F366E
:10D78000431C81F81E26A1F10301DAD14FF4B462E3
:10D7900029460E48FBF70EF803AB024603902946D4
:10D7A0003046F7F791FB0123214607461A4640F21F
:10D7B000DF10013403F09CF9B4F5A07FB4D13846F2
:10D7C00005B0F0BDFC7401086C8A0020EC8A0020D2
:10D7D0002DE9F3411E4C0E4601AB7A222146074645
:10D7E000F7F7A8FA78BB638AB3F5F07F2BD1E38A09
:10D7F000B3F5A07F27D1A38B102B24D140F23F1586
:10D8000001AB4FF4707221463846F7F793FA4FF4A4
:10D81000F07180462046FAF7C1FF294601234FF4F4
:10D82000F072002003F056F915F1FF3502D3B8F17C
:10D83000000FE5D006F11A0240F21F11002003F09C
:10D8400007FB002000E0034802B0BDE8F08100BF04
:10D850006C8A0020965D0108F0B585B003AB7A2292
:10D860001649174E0746F7F72FFB0546112003F020
:10D870003FFA40F23F14F5B901234FF4F07221460C
:10D880002846009603F0C4F84FF4F0710C48FAF7FC
:10D8900085FF03AB4FF4707209493846F7F714FB64
:10D8A0000123214605461A4640F2DF1003F020F915
:10D8B00014F1FF34DFD2284605B0F0BD4858010806
:10D8C0006C8A00202DE9F04F97B0CDE902020025C7
:10D8D000DFF83CA1DFF83C81A9462C462E4605AB7B
:10D8E0004FF4807251460298F7F724FA002865D168
:10D8F000059B002B62D00746059ABBB29A42EED92F
:10D9000013F80A300D2B4FD13C480023335410221A
:10D9100006A9FAF711FF0128019043DD0698037864
:10D9200003F0FD03212B3DD0FAF74EFEB4F5C87F7E
:10D93000054602D8324B984201D932485BE0002CB0
:10D9400008BF81460798FAF765FEE60008EB060B6C
:10D9500008988BED000AFAF75DFE039B8BED010A38
:10D96000012B04F2911313D1019A032A10DD0998B7
:10D970000193FAF74FFE019B0A9808EBC30383ED6E
:10D98000000AFAF747FE0BF68C4282ED000A07E028
:10D99000464408EBC30306F68C4600221A60326048
:10D9A0000134A4B2002607E01F2B05D97F2E03D82F
:10D9B0001249721C735496B201379DE7D4B1F8F73F
:10D9C000E3F8114B002249460020C3F89C20C3F81D
:10D9D000A0205C83F9F78EFE29460120F9F78AFE24
:10D9E0000A4A1378012043F004031370FEF706F887
:10D9F000002000E0204617B0BDE8F08F6C8B0020BF
:10DA000000BBEEA0965D0108F8080020A8030020E6
:10DA10006C8A00207C4800202DE9F0478AB08146BE
:10DA200009AB2A2221B92249224FF7F74DFA03E028
:10DA30002149224FF7F748FA214CDFF88C80214E1C
:10DA40000025B8F81A30AB422EDD083460BBA8B20E
:10DA5000F8F7AAFE04F6844382461868F2F7A0FDA0
:10DA6000CDE9060104F5486301351868F2F798FD21
:10DA7000CDE9040154F8040CF2F792FDCDE902015E
:10DA800054F8080CF2F78CFD5346CDE900013A46F4
:10DA900080213046F5F7F0F909AB0246099031468E
:10DAA0004846F7F711FACCE70AB0BDE8F08700BFA7
:10DAB000C86B0108F46B0108046C0108306C0108A4
:10DAC0007C4800206C8A0020F80800202DE9F04FE7
:10DAD000534BDFF860811A78524B53F822408DB0D7
:10DAE000834601260027002C00F087800123BB40DD
:10DAF00013EA0B0F75D004238DF80930FF238DF83E
:10DB00000B30494B1B78012B09D1484B93F900305E
:10DB1000BB4204D105238DF80830612303E00323C1
:10DB20008DF8083091238DF80A302378032B0DF1FE
:10DB3000080A16D100238DF81030D4F806303BB90E
:10DB4000039BD4F80220202104A8F5F795F906E0FC
:10DB50005146607898479DF81030002BF0D004AD06
:10DB600001E0D4F80250CDF800A01FFA86F95B223C
:10DB7000B8F80030494640F28510FFF78FFB9DF959
:10DB80000B20002A15DBB8F8001029480B391623A2
:10DB900002FB030301EBD171009309EB61010B233D
:10DBA0004FF4C5701A4689B203F0C4F84FF4CC7034
:10DBB00001E04FF4C6706B1E012113F8012F1AB15A
:10DBC0000A2A08BF0131F8E7B8F800306FF00A02FE
:10DBD00002FB013101EBD1712A4606EB610103F032
:10DBE00037F9A37A01370BB10A3400E02469B8F899
:10DBF0000030102F1E447FF476AFB6F5987F0BDC13
:10DC0000002003F075F8C6F5987301335B223146A6
:10DC100040F2851002F06CFF0DB0BDE8F08F00BF40
:10DC20001A8A0020D4030020658A0020E80300201F
:10DC30001C590108AE03002071B1084B08481B783D
:10DC4000084A13F0010F6FEA030308BF024603F00E
:10DC500001034A60CB707047F7F7A0BFA80300200C
:10DC6000F8660108F2660108114A92F91C30581C46
:10DC70001DD039B108469A1D00F8082B20210D4A05
:10DC8000F5F7FAB810B418460C210130042808BF83
:10DC9000002001FB002494F828401CB15DF8044BDF
:10DCA000F9F7EABF9842F0D15DF8044B704770472E
:10DCB000F8080020A15D0108104A92F91C00431CDD
:10DCC00002D1C9B10E4B0AE00C2303FB002393F8E9
:10DCD0002A2031B10B4B0C48002A18BF03464B6079
:10DCE000704793F8291040F2BF130B41DB0703D5AF
:10DCF00082F00101F9F7ACBF704700BFF8080020BF
:10DD0000BC5F0108EC5E0108F75E010810B50A4C23
:10DD100094F91D3004EBC303012808BF0121B3F9B6
:10DD20005A0018BF4FF0FF31FDF74CFB238B23F057
:10DD30008003238310BD00BFF8080020074B53F871
:10DD4000200041B1064B1B6E486083420CBF032389
:10DD50000223CB707047FAF7EFB900BF6C76010869
:10DD60000803002010B5064A137813F0010406D109
:10DD700083F00103137003F043FC024B1C7010BDD1
:10DD8000648A0020638A0020044AD2E901325808DC
:10DD900000EB520003F0010318447047F80800201C
:10DDA000F0B51E4B1E4CB3F9005024781D4BB3F94F
:10DDB00000300CB105602EE01B4CB4F90C60B4F9D6
:10DDC0000E70AD1B40F2BF126A43B4F91050AD1B88
:10DDD00092FBF5F2DD1B40F21F136B43B4F91250B6
:10DDE000A48A103240F2DF16B242A5EB070593FB7E
:10DDF000F5F340F23F1503F11003A8BF3246AB42E2
:10DE000022EAE272A8BF2B46240623EAE37344BF4A
:10DE1000B21AEB1A02600B60F0BD00BF168A002038
:10DE2000638A0020188A002008030020074A138B09
:10DE300039B103F0060398420CBF03230223CB70D1
:10DE4000704723F00603034313837047F80800204C
:10DE5000054A138B19B1C3F3C013CB70704783F01D
:10DE600080031383704700BFF8080020074B41B1BF
:10DE70009B681B0245BF0123CB70054B054B4B60D4
:10DE800070479A6882F400029A6070470028004048
:10DE9000E66701088D5A0108064A938C19B1C3F34D
:10DEA0008023CB70704783F4806310209384FDF748
:10DEB000A5BD00BFF8080020064A938C19B1C3F332
:10DEC0000023CB70704783F4807310209384FDF798
:10DED00095BD00BFF80800200B4A08B5138B39B177
:10DEE000DB0745BF0123CB70084B094B4B6008BDD6
:10DEF00083F0010308461383FFF7D8F80A20BDE832
:10DF00000840FDF77BBD00BFF8080020E667010868
:10DF10008D5A0108064A138B19B1C3F30023CB7045
:10DF2000704783F4807320201383FDF767BD00BF23
:10DF3000F808002030B58FB004460D4602A9FFF75F
:10DF400045F8032C07D11D4B1B8813F0010F0CBFA4
:10DF500003230D2300E003238DF8103004238DF8F4
:10DF60001130174B93F900309C420CBF612491246F
:10DF70000DB944F0080404AB0093BDF80C209DF8E3
:10DF80000E30BDF80A10BDF808008DF81240FFF7FA
:10DF900085F985B19DF80E10BDF80A40BDF808005E
:10DFA0009DF80F300B3901EBD1712A4604EB61016A
:10DFB000184402F04DFF0FB030BD00BFE2890020D1
:10DFC000E8030020002801DBFFF7B4BF7047000022
:10DFD00008B509490320FFF7ADFF08490020FFF706
:10DFE000A9FF07490120FFF7A5FF06490220BDE868
:10DFF0000840FFF79FBF00BFEC580108F058010828
:10E00000F2580108F458010810B50C4C2378A3B15C
:10E0100040F2311140F2D110FDF7E6FC2378012BDC
:10E0200001D1FDF721FD2378023B012B03D840F2FB
:10E030001A30FDF7E3FC0023237010BD658A002031
:10E040002DE9F0415B4C94F91C305A1C2DED048BEA
:10E0500000F0AC800C2202FB0343574993F829706F
:10E060001C2202FB0712D2F81880B8F1000F00F052
:10E070009D8093F82A60514B40F6884202FB063699
:10E08000002506EBC5012846C04710EE103A23F0E4
:10E090000043B3F1FF4F00F0898075B1F4EE408A80
:10E0A000F1EE10FAB4EE408A48BFF0EE408AF1EE8D
:10E0B00010FAC8BFB0EE408A03E0F0EE408AB0EE3E
:10E0C000408A638B0135AB42DBDC78EE289AB4EEF4
:10E0D000688AF6EE007AF1EE10FA69EEA79AB0EED1
:10E0E000679AF7EE007A06D078EEC88A9FED348AF8
:10E0F00028EE888A0AE0B5EE408AF1EE10FA23D0C5
:10E10000B0EEC88A9FED2F7A28EE078A9FED2E6A1F
:10E11000B0EE487AF7EE008AF2EE046AB4EEE77ADF
:10E12000F1EE10FA04D527EE267A68EE868AF5E736
:10E130009FED256AB4EEE67AF1EE10FA08DB27EEE1
:10E14000067A68EEA68AF5E7B0EE008AF0EE678AF6
:10E15000B5EE007A28EE078AF4EEC88AF1EE10FADE
:10E1600002DD68EE898AF7E7184B94F91C003B4101
:10E17000DB0748BF79EEE79AB0EE680AF9F78AFD47
:10E18000C9EEA87A94F91C00B1EE000A77EE897AFC
:10E19000FDEEE77AF8EEE77A30EE670AF9F78EFDE2
:10E1A000BDEC048BBDE8F041FFF72EBFBDEC048B46
:10E1B000BDE8F081F8080020B85401087C48002030
:10E1C000CDCC8C3F9A99993FCDCCCC3D40000040BE
:10E1D00070B52E4C064694F91D00F9F781FA002817
:10E1E00053D00546062E4CD8DFE806F00404040799
:10E1F0004B4B2A00014630461FE094F91E00411C9B
:10E2000003D094F91D30834208D1FFF7BDFD85424C
:10E2100034BF401B281A410003200EE0F9F760FAD2
:10E22000044690B3854202D92B461C460546294632
:10E230000020F9F75FFA21460120F9F75BFA20E0A8
:10E2400094F91C305A1C1CD00C2202FB03431049C9
:10E2500093F82A5094F91D3004EBC30304EB8504B2
:10E26000B3F85A0040F688436B4303EBC0031944EC
:10E27000FBF700F9D4ED277A284630EE270AF9F7A4
:10E280006BFEBDE87040FFF7BFBE70BDF808002010
:10E290007C48002061B3F0B585B005460C4603F01C
:10E2A00043F80746E0B1D0ED027AF8EE677A04F160
:10E2B000080617EE900AF2F773F9CDE902017868C3
:10E2C00007EE900AF8EE677A17EE900AF2F768F90F
:10E2D000094ACDE9000120213046F4F7CDFD00E0E8
:10E2E0006560064B1B88AB4204D10123E37001E05B
:10E2F000F9F718B905B0F0BDA66701086E9A0020BD
:10E300007FB51C4DAB8C13F0FF0F30D00C4603F4DF
:10E31000007311B3002B14BF1723032304F8083B29
:10E32000D5ED047A6E8CF8EE677A17EE900AF2F764
:10E3300037F9CDE90201E86807EE900AF8EE677A4E
:10E3400017EE900AF2F72CF93346CDE900010A4A9C
:10E3500020212046F4F790FD09E043B1F9F7C0FA17
:10E3600095F8200004B0BDE87040F8F7ABB804B0F1
:10E3700070BD00BFF8080020805E010838B5054672
:10E380000A4C41B10A4A14F81030928C1A420BD050
:10E390000123CB7008E0074B04EB45041980F9F723
:10E3A000ABFA054B62781A7038BD00BFA05901085E
:10E3B000F8080020048A0020E803002069B138B57D
:10E3C00004460D46FCF744FE054A064B204110F07A
:10E3D000010F08BF13466B6038BDFDF717BB00BFC8
:10E3E0006E6A0108686A010830B4154C0C2202FB01
:10E3F0000042034692F8282091B172B1821D0A7042
:10E40000104A92F90020824204BF05220A7094F952
:10E410001C20824204BF0122CA704B6030BC70478E
:10E4200032B194F91C10814202D030BCF9F724BCFF
:10E43000B2FA82F14909184630BCF9F785BC00BF31
:10E44000F8080020E803002010B521B10C46FCF7C5
:10E45000E1FC606010BDFCF7EDFC2320BDE810403E
:10E46000FDF7CCBA61B138B50D460446F7F786FB27
:10E4700080B284420CBF03200220E8706C6038BD7B
:10E48000C0B2F7F76FBB000070B5134A0D4692F8A3
:10E490006E3089B1022B84BF002382F86E3092F86F
:10E4A0006E600E4C36B12046F2F7B2FB01300444E8
:10E4B000013EF7E76C6070BD0133DBB2022B94BF05
:10E4C00082F86E3082F86E10FCF7EEFE4FF480603A
:10E4D000BDE87040FDF792BA08030020506C0108B7
:10E4E0000B4A92F86C3039B1032B28BF0023094A3C
:10E4F00052F823304B6070470133DBB2022B94BFDC
:10E5000082F86C3082F86C1092F86C00FAF70ABB53
:10E51000080300201C5A010870B5274D6C7F09B113
:10E520004C6070BD0321042002F0EEFB2823A122E1
:10E530008C219C2002F0DCFA2346204A1F4E9321B6
:10E54000B82002F085FC1E4AA221A32002F080FC24
:10E55000FEF736FE10F0300F034622D0DA0648BF31
:10E5600005349B0601D5053C03D4642CA8BF642464
:10E5700000E00024234632469321B82002F068FCD4
:10E5800004EB441000F52F7080B203F0AFF944F6AD
:10E590002060F2F7E5FDFEF739FE03460028DDD1E5
:10E5A000D6E70128D4D140F202406C77FDF726FA75
:10E5B000BDE87040FFF728BD08030020065E010893
:10E5C000185E010800297ED13F4AF3B413683F4C1E
:10E5D00003F07F3323F0FE43009352683C4B13401B
:10E5E0000193234614F8012BD2B10131303A0629A8
:10E5F00004F8012CF6D11A785C7899781D7944EAF0
:10E600000214DA7842EA0112597941EA0511E4B2BA
:10E61000D2B2C9B219281C705A70997038D104E06E
:10E620005A5401310629FBD1E5E70AB9012202E07B
:10E63000122A01D912225A705F7809B901221EE00C
:10E640007800244A4FF03B0CC0F12006B0F12005C1
:10E6500022FA00F20CFA06F658BF4CFA05F542EA27
:10E66000060258BF2A4302F003021C320A20B2FB02
:10E67000F0F500FB152242EA05128A4200DA9A7090
:10E680009B788DF806408DF805708DF8043014E005
:10E69000232C84BF23201870592A84BF59225A7012
:10E6A000592984BF59229A701A788DF802205A7815
:10E6B0009B788DF801208DF80030DDE9001002B064
:10E6C000F0BC03F05FB8704700280040F0890020DC
:10E6D0003F1FFF00CCEE0B00834B2DE9F3411D687B
:10E6E000824E05EB4000C4783046F2F791FA6A7822
:10E6F00003463546002A40F0C2800146A4F10D00D1
:10E70000092830D8002B00F0EA8002281CD8FEF738
:10E710009FFC0C3C04EB4404A4B223180C2BC4BF94
:10E72000C0F10C04A4B2054400216B782A7803B12F
:10E730000AB9A970302305F8012F013CA4B205F8ED
:10E74000013C002CF1D1BEE0A4F11003032B00F238
:10E75000BA80674B019302AB1C4414F8143C735409
:10E7600031444A70AFE0634A10784FF0C062024112
:10E7700012F0010614BF06270C270C2C04D1002B25
:10E7800000F0AD80591E2DE00B2C19D12A782D2ACE
:10E7900008D129460C22487801F8010B013AFAD138
:10E7A000591E1FE005F10C0212F8010C02F80109D4
:10E7B0009542F9D12D22BB422A7013DA591C11E07F
:10E7C000BB420FDA092C02DC3034EC5409E00A2C8D
:10E7D00008D1FEF73DFC814204D10C2F02D12E233B
:10E7E0006B54013100236B5486B9FEF731FC0325CD
:10E7F00090FBF5F505EB4505401BC0F1020044F622
:10E80000241545FA00F020F0010500E054251421FC
:10E81000132002F079FA354E4FF0620816F8017BAA
:10E820003FB32E2F02D12D010A2708E02D2F03D14F
:10E8300025F003050B2702E0303F092FEED805F045
:10E8400001039C0023445B009C1C22464444404638
:10E85000162340F22511A4B202F04AF9214640F2F3
:10E860002512F8B210346D0802F08AFB1FFA84F802
:10E87000D4E716231C2240F2251140461EE0162C38
:10E8800001D160B31FE01A2C02D140B3421E04E054
:10E8900012281ABF3454421C0246002314211320AC
:10E8A000AB5402F031FA022340F2251231210F4815
:10E8B00002F07CFB16230E2240F2251102B0BDE8C7
:10E8C000F04102F015B90B4B0B4A1B780A2101FBF2
:10E8D0000323D3F8062012B100215878904702B0E4
:10E8E000BDE8F041FFF790BBEC890020F0890020E3
:10E8F0006D756E70E9890020845B010801282DE99F
:10E90000F041214E07D196F9000000283ADBBDE81E
:10E91000F041FFF7E1BE1D4C22681578013D96F9E4
:10E920000030D4F800801F46002100F0200E4FFA7E
:10E9300085FC00F01002BEF1000F05D0013B5BB278
:10E94000002BB8BF6346012132B101335BB2AB4249
:10E950004FF00101C8BF002308EB4300C078FF2837
:10E96000E9D001B133703846FEF762FD96F9000038
:10E97000FEF75EFD42F21070F2F7F2FBFEF746FC86
:10E980000028CCD1BDE8F081E8030020EC8900200C
:10E99000F8B5FEF7DDFC042002F0DCFDB0F5FA6FFF
:10E9A0002E4E3ED92E4C4FF48033A36140F6030225
:10E9B00007214FF0904003F065F8042002F0CAFDF3
:10E9C0004FF090450223A36101224FF40003AB6195
:10E9D00011460746204603F055F801220721284634
:10E9E00003F050F800221146204603F04BF840F6A1
:10E9F00003020621284603F045F8032002F0AAFD91
:10EA00000446FEF7B1FC042002F0A4FDB0F5FA6F55
:10EA100003D9144B1C80144B1F800023337001203A
:10EA200003E03078431E58425841104B1A78824216
:10EA300013D04FF080420E49526A30B10968521A21
:10EA400042F20F718A4207D900E00A60002818706C
:10EA50000CBF0320022000E00020F8BD638A0020E4
:10EA600000040048168A0020188A0020148A00201A
:10EA7000108A002008B5FFF78BFF0328FBD108BDE3
:10EA8000F7B506460F46012000211C46154602F048
:10EA90003BF902F0D1F80C4B009309231A46394692
:10EAA000304602F047F92B46084A9A21B12002F07D
:10EAB000CFF9FFF7DFFF064B1B882380054B1B8830
:10EAC000638003B0F0BD00BF64750108285A0108D7
:10EAD000168A0020188A002070B5214B214A1D6833
:10EAE0006B7832F83340844238DC02EBC30253883F
:10EAF0008B4233DC001BCB1AD1889288B0FBF2F03A
:10EB00002A46B3FBF1F303F00F0343EA001312F8B4
:10EB1000021BDBB20024A14220DD12F8140098424F
:10EB200001D00134F7E705EB4405EB78FF2B15D056
:10EB30000D4D95F9006060B22870FEF779FC304603
:10EB4000FEF776FCFFF796FF2046FF232B70FEF7BB
:10EB50006FFC2046BDE87040FFF7BEBD70BD00BF32
:10EB6000EC890020C45A0108E8030020074B1A78FA
:10EB7000074B53F82230002033B19A7A0AB10A3396
:10EB800000E01B690130F7E7704700BF1A8A0020D8
:10EB9000D403002008B5FFF7E9FF0C4B93F90020E0
:10EBA000002A01DAFF2202E0824201DB421E1A70D3
:10EBB0001028A8BF1020082840F23113B8BF082041
:10EBC000B3FBF0F0024B188008BD00BFE803002043
:10EBD000AE03002010B50D4C39B194F821308342BA
:10EBE0000CBF03200220C87010BDC0B2FCF748FF64
:10EBF000074B94F821101A78064B53F82110064B56
:10EC0000BDE8104043F82210FFF7C4BFF808002009
:10EC10001A8A0020B0030020D403002008B5074A58
:10EC200013784BB1013B01461370FFF7B3FF19B1E5
:10EC3000BDE80840FFF7E8B908BD00BF1A8A002008
:10EC40000020FFF7EBBF00007FB519B306460C4666
:10EC500002F06AFB0546D8B1D0ED027AF8EE677A89
:10EC6000083417EE900AF1F79BFCCDE902016868C1
:10EC700007EE900AF8EE677A17EE900AF1F790FC2B
:10EC80000C4ACDE9000120212046F4F7F5F80EE00A
:10EC900066600CE002F01AFB48B90120FFF7BEFFE6
:10ECA0004FF4826004B0BDE87040FCF7A7BE04B02A
:10ECB00070BD00BFA667010808B5084B01224FF4DC
:10ECC000BB7040F231111A70FCF78EFEFFF762FF45
:10ECD0004FF0FF30BDE80840FEF7F8BE658A00201F
:10ECE000C30706D5654B1B78012B00F0C680FFF7E4
:10ECF000E3BF2DE9F041624A157F0346042D00F27F
:10ED0000BA80DFE805F003B8333378005D4C94F93E
:10ED10001D20511C00F0AF800B3214F83220002A65
:10ED200000F0A980082594F91D0004EBC0029F069D
:10ED3000B2F85A1044BFA1EBD50121EAE171DE0619
:10ED400006D5638B01EBD5018B42D8BF03F1FF31B0
:10ED5000F8F752FB94F91D00FEF7BCF8FEF756FADF
:10ED60000135ADB203460028DDD184E0454A108B61
:10ED70005169022D00F0400003F01006904603F0A8
:10ED8000200707D110B95468054615E0FEF7FCFFCF
:10ED9000044611E0946870B15368E41AA9B926B129
:10EDA000A0000130FEF760F90446A7B1601EFEF72F
:10EDB0005BF904460FE0012541B9D8E90130C01ADA
:10EDC0008008FEF751F9014600E0032506B10C4426
:10EDD00017B1641A00E00325FEF718FA0028FBD1EA
:10EDE000294BA4F516729A4245D821462846BDE81B
:10EDF000F041F8F77FBC234A92F91C10D2ED297A32
:10EE0000481C1BBF0C2000FB0121002091F82A00A8
:10EE1000F5EE407A02EB8001F1EE10FA03F01002F9
:10EE200091ED270A03F0200319D1B5EEC00ADFEDFA
:10EE3000177A9FED177AF1EE10FAD8BFF0EE477A05
:10EE40002AB1B7EE007A37EE877A20EE070A63B16F
:10EE5000B7EE007A77EE677A20EE270A05E00AB16E
:10EE600030EE270A0BB130EE670AF9F775F8FEF7B6
:10EE7000CDF90028FBD1BDE8F0817047658A0020FC
:10EE800008030020F8080020A8B8EEA0CDCC4C3E26
:10EE9000CDCC4CBE2DE9F8432D4E05460C4601F174
:10EEA0001A0801F1190721462846F6F7F5F9002856
:10EEB0004AD1A37E002B47D0237BDB0603D53378D2
:10EEC000002B42D0EFE73B4601465A7803F1010C94
:10EED00032B1183B1B1B2E2A08BF19466346F4E7C4
:10EEE0000029E0D02A6D8E46137818F80EC07C2BCE
:10EEF000ACF1410908BF0023B9F1190FA3F1410991
:10EF000098BF0CF1200C5FFA89F998BF5FFA8CFC6E
:10EF1000B9F1190F04D82033DBB2634510D001E0FA
:10EF200063450CD0134693F800C01A460133BCF178
:10EF3000000FB8D0BCF17C0FF5D18E4602E023B1B2
:10EF40000EF1010E0132CFE70420BDE8F88300BFC7
:10EF5000C0890020054B1A78032A9CBF01321A7021
:10EF60001A78034B43F82200FFF714BE1A8A0020D8
:10EF7000D403002039B1064B93F91C305A1C05D03C
:10EF800006330B7070470348FFF7E4BF704700BFBC
:10EF9000F8080020206B010819B1034B5B8B4B6014
:10EFA00070470248FFF7D6BFF8080020746A0108CE
:10EFB00019B1034B1B6E4B6070470248FFF7CABF85
:10EFC000080300204469010819B1034B9B684B609A
:10EFD00070470248FFF7BEBF08030020986601088B
:10EFE000034B93F82120034B53F82200FFF7B2BFE5
:10EFF000F8080020B003002039B1054B10B5588B3C
:10F000000C46F7F7CBFB606010BD0248FFF7A2BFCC
:10F0100008030020C05D010841B110B5054B93F80D
:10F020006D000C46FBF772FE606010BD0248FFF7F2
:10F0300091BF00BF080300202C630108084651B1AE
:10F04000074BDB7FFF2B09D001335B00054A2021F2
:10F050000830F3F711BF0448FFF77CBF704700BFCB
:10F06000F80800203C6701080067010808B51A4B42
:10F070001A781A4B53F8223010F1FF3007D3002BC7
:10F08000FAD09A7A0AB10A33F6E71B69F4E70BB3B0
:10F090001A78022A08D0032A0CD0012A10D1D3F8FA
:10F0A0000600FFF757FF0BE0D3F8062042B158786F
:10F0B000904705E0D3F8062012B100215878904718
:10F0C000074B1B78012B05D14FF0FF30BDE80840FE
:10F0D000FEF7FCBC08BD00BF1A8A0020D403002044
:10F0E000658A0020B0F5C37F38B51CDB114B0139B0
:10F0F0001C8891FBF4F4FFF739FDA04213D90E4DA3
:10F1000095F900002C70012303FA00F0A340184386
:10F11000FEF7DCFCFFF7AEFCFF232B702046BDE8BA
:10F120003840FFF7A3BFFFF7A5FCBDE83840FEF766
:10F130006BBF00BFAE030020E803002070B501469E
:10F14000FFF714FD11F0010F85B2194C01D1012612
:10F150000CE094F9000083B2AB4203D3BDE87040E9
:10F16000FEF752BFBDE87040FFF780BF94F9003052
:10F17000CA0606FA03F044BF013323708B0602D59A
:10F180002378013B237094F900309AB2AA42E5D269
:10F1900006FA03F31843FEF799FC42F21070F1F7F8
:10F1A000DFFFFEF733F801460028DFD170BD00BF56
:10F1B000E803002010B50446F8F7ECFB0020FFF749
:10F1C0002DFD24B90248BDE81040FFF7C3BE10BDB5
:10F1D000EC6701082DE9F3412E4F97F91C305A1CBA
:10F1E00055D020F08004A4B2C0F3C01581B30C2226
:10F1F00002FB0372BC4692F82900A04205D192F8A6
:10F200002A20AA4204BF0122CA700C2000FB03C0BE
:10F210000E4690F82B7020463946FBF7FFFE032C74
:10F220008046706033D115B940F2FF1201E041F61B
:10F2300007623A41D3072AD53846FBF703FF434616
:10F240000090154A202106F10800F3F715FE1EE094
:10F25000032C14D10C2202FB037292F8291003290B
:10F260000DD192F82A20AA4209D10C4B0C48002A51
:10F2700018BF184602B0BDE8F041FFF76BBE2A4642
:10F280002146184602B0BDE8F041F8F72BBD02B0A8
:10F29000BDE8F081F80800202463010884640108B7
:10F2A00020640108104A92F91C3091B110B55C1C21
:10F2B0001BBF0C2404FB0323002393F82B30834251
:10F2C0000CBF03230223CB700C46FBF7BBFE606030
:10F2D00010BD591C07D00C2101FB032383F82B0020
:10F2E0002220FCF78BBB7047F8080020F8B5274BAD
:10F2F0001A78022A48D00021044602220846244EE9
:10F300001A70FCF771FB0A203470224D224F4443DF
:10F3100022482C5D50F8240038602148FF240470F6
:10F320002048002404703B681B789C4204DA204685
:10F33000FEF77EF80134F6E71421132001F0E4FC17
:10F3400020234FF4F0724FF49071002001F0D0FBB5
:10F3500033780A2202FB0353D3F802200123511E03
:10F3600011F8010F18B10A2808BF0133F8E70B2183
:10F370005943203101EBD1714910C1F5A0710A2028
:10F38000BDE8F84001F064BDF8BD00BF658A00200B
:10F39000E9890020845B0108EC890020D45A010827
:10F3A000E8030020F0890020062804D1084B1B7FC9
:10F3B000042B08BF102041B1064B0A2202FB00308B
:10F3C000D0F806301BB140781847FFF78FBF704761
:10F3D00008030020845B0108124A92F91C30B3F143
:10F3E000FF3F1DD010B40C2404FB032393F8292005
:10F3F0000123934013F0180F01D0A0420DD10A4A07
:10F400001A4032B10123834013F4A85F1CBF0130BE
:10F4100080B25DF8044BFFF7C7BF5DF8044B70473F
:10F42000704700BFF808002004003C0070B58CB0A5
:10F4300040F20343ADF8083000230C4615468DF822
:10F440000A3080B102AB06460093B4223C237821F7
:10F450009620FDF723FF32467D21A02001F0F8FC25
:10F460000220FCF7CBFA8CB10121042001F04CFC06
:10F470002623AE228B21992001F03AFB22469921C6
:10F48000AA2001F0E5FC0220FCF7B8FA0D4C6C4311
:10F490004FF47A7304F2E734B4FBF3F441F28833A7
:10F4A000002D08BF1C462046F1F75AFE3DB9FDF776
:10F4B00087FE012803D0FFF76BFA0228F3D10CB0C6
:10F4C00070BD00BFA08601002DE9F0430122B3B05A
:10F4D00006464A494A48F5F7CBFA40B14FF4FA627A
:10F4E00048494948FFF7A2FFFEF78EFD83E0474BEE
:10F4F000474A1B78474F1B013946D35830931CA805
:10F50000F5F774FE0028E9D1741EC4EB04146400FE
:10F510000320A5B201F0ECFB3C782CB11DB93E49AB
:10F520000420FEF707FD0124DFF8F880DFF8F890EB
:10F530000CA91CA8FFF7AEFC18BBAC4218DB05F108
:10F540001D03A34214DB9DF83C30C5F10407DB0624
:10F55000274408D523210DF14A034A4603A8F3F7AF
:10F560008BFC03A901E00DF14A013846FEF72AFDA4
:10F57000B8F800300134002BDAD005F11E03A342A5
:10F58000D6D11CA8F5F77EFEB8F8003063B9A8F80C
:10F59000004034B1A3B21D331E22B3FBF2F39BB281
:10F5A00000E001231D4A1380641B1D2C0FDC201D6D
:10F5B00003A9FDF70BFD9DF81230BDF81020BDF832
:10F5C0000E10BDF80C0001F093FA0134EDE714239E
:10F5D0004FF4F0724FF49671002001F089FAFEF7B3
:10F5E000F7FC0E4B0E4A1B88009340F23111334654
:10F5F000DB2001F02DFC33B0BDE8F083BC5F0108D7
:10F6000030980020F6580108FE580108E9890020CA
:10F61000AC590108C0890020045901081C8A002047
:10F6200007590108E6890020155901082DE9F04124
:10F630002E4D4FEA011805EB08028AB05768002FDB
:10F6400050D02B4B1B780E46044633B1D368DB07F2
:10F6500003D5FEF7D9FCFCF723FA55F8082002ADD4
:10F6600084B924490B684968019203F07F3323F081
:10F67000FE430093204B214A0B4028462021F3F7FC
:10F68000FBFB06E0009223461D4A20212846F3F7A3
:10F69000F3FB01221B491C48F5F7EAF9044668B957
:10F6A0000B2229461948F5F707FA044630B93146C6
:10F6B0001648B84704461548F5F78AFD144B1B78E1
:10F6C000012B01D1F6F76AFA124913484FF4FA6296
:10F6D000002C08BF2946FFF7A9FE0A20FCF78EF987
:10F6E000FEF792FC0AB0BDE8F08100BFAC590108FA
:10F6F000658A0020002800403F1FFF00F7750108C1
:10F7000008760108BC5F010830980020E0950020D1
:10F71000E8890020E87501080E76010810B5104B45
:10F72000104A1B7803F00103044613700BB1F6F77F
:10F7300035FA0D4B022C9B8A03D113F4007F18BFBE
:10F740000324DB0705D5E1B20020BDE81040FFF738
:10F750006DBF04F11C00BDE81040FFF7C7BD00BF3E
:10F76000A8030020E8890020080300202DE9F04FBD
:10F770002DED028B87B0A0F10F03DFF80CB20493DC
:10F780004FF4617306460D46059101934FF0FF3823
:10F7900000245F469BF82830F3B163B2DFF8E8A19C
:10F7A00003934FF000099AF8583073B1BDF9143043
:10F7B000BDF91020BAF85A100398FBF7C7FE019B59
:10F7C0009842BCBFCDE90104C84609F10109B9F16D
:10F7D000080F0AF1080AE6D10134042C0BF10C0BD6
:10F7E000D8D1B8F1FF3F36D0674B93F91D20424581
:10F7F0001CBF9A7783F81D803B8B002023F0800389
:10F800003B83FDF753FC0298F8F736FA05A904A8E4
:10F81000FEF7C6FADDE9040197F91C200F38FBF763
:10F82000ADFE011E0EDB97F91D0007EBC003B3F818
:10F830005A30994206D0F7F7DFFD97F91D00FDF722
:10F8400049FB03E041F28830F1F78AFCFFF7A0F8AA
:10F850000328DBD192E0B5F5987F16DBA6F1CE0345
:10F86000782B05D8FFF706F90220FFF757FF85E050
:10F87000B5F5987F2DD0444B1B8BDA0729D4B6F50C
:10F88000A37FB4BF0224032404E01D2D21DCEF2E4E
:10F890006CDD0024FFF7EEF82046FDF707FC00289A
:10F8A0006CD1032C09D0042C11D0022C66D1364B1C
:10F8B000188B401100F0020006E0334B1B8B13F055
:10F8C000400F14BF20460120FFF710FD56E00F2027
:10F8D000FAE72D4A92F91C40631C3ED00C2303FB2F
:10F8E000042393F82920032A37D00A3E142E34D853
:10F8F000B5F5997F31DA4B2DD3ED0C7A93ED0B0AE8
:10F90000B6EE007A02DC37EE878A19E0972D04DC28
:10F9100030EE000AB8EE008A07E0E32D0EDC20EEA0
:10F92000070ABAEE008AB0EE007AA7EE878AF0EEF8
:10F93000487AB1EE008A37EE888A01E037EEC78A4E
:10F940002046F8F7A7F92046B0EE480AF8F7B6F9CE
:10F9500044F62060F1F704FC10E0FFF78BF80B4B46
:10F960001B78012B0AD0FFF7A7F907E0F8F746FB51
:10F97000B5EE400AF1EE10FA8BD08BE707B0BDEC84
:10F98000028BBDE8F08F00BFF8080020658A0020D8
:10F9900019B9C1B20148FFF749BE7047F08900208C
:10F9A0002DE9F04FABB0032825D8DFE810F00400B4
:10F9B00004002A011C00954B198830B94A1E92B2E6
:10F9C0001A805AB9924A128807E091484A1C008866
:10F9D00092B290421A8001D201221A801888814284
:10F9E00000F011810AE18B4A138883F00103138030
:10F9F000FEF7EEFA07E1854D874E2C8832881E23EC
:10FA0000013C043803FB0404A3B29A42374640F297
:10FA1000E780012281498248F5F72AF8002840F062
:10FA2000DF80804A1378904663B154B9794B1B88C4
:10FA300013F0010340F0E780012013703380288029
:10FA400034E0013CDFF8F4A1774D2B7875491B01B8
:10FA500014A85AF803302893F5F7C8FB002840F0A3
:10FA6000BF80264604A914A8FFF714FA10B90EB1F6
:10FA7000013EF7E714A8F5F705FC002E40F0B08032
:10FA8000644B9DF81C201B88D20603F0010311D59E
:10FA9000002B40F0B8800DF12A03644A614821210F
:10FAA000F3F7EAF9594B3E8001201880604BFF22A2
:10FAB0001A70A3E07BB198F800300DF12A003BB139
:10FAC0000090584B5B4A5C484321F3F7D5F95A48FC
:10FAD000F5F71AFC84E02B78584A02EB0313D3F8AD
:10FAE00008B0BBF1000F7BD03146012001F00CF9CA
:10FAF00098F800300DF12A094BB14321CDF8009060
:10FB0000484B4C4A4C48F3F7B7F94B4900E049469B
:10FB100001224B48F4F7D0FF002861D12A784848E9
:10FB200004A9D84783464648F5F752FB2B78434A49
:10FB300002EB0313DE6806F00206BBF1000F0AD0E9
:10FB400001F07AF8002E14BF64224FF4FA6249469D
:10FB50005846FFF76BFC002E42D0DFF8E8B0A14614
:10FB6000FDF72EFBC6065ABF80F0200646F340166E
:10FB7000012610F0010F18BF0226FEF709FF013819
:10FB800080B201280FD803A902A8FEF709F9029B49
:10FB90009F2B05DDB3F5A07FB4BF0226012600E050
:10FBA0000026FEF767FF5846F8F742FE98F8002057
:10FBB0003B880AB9013B00E0023B1EB9013C48BF4B
:10FBC0001C460AE0012E04D101349C42C8BF002427
:10FBD00003E0022E04D0A146C2E7A145FBD034E7E2
:10FBE0000C4A1388D9070CD5002123F00103398072
:10FBF00013800F49054BFF2008701888FFF764FC3D
:10FC000001E0FEF701FA2BB0BDE8F08FE489002097
:10FC10001C8A0020E2890020E6890020BC5F0108E0
:10FC200030980020C0890020E9890020296301085C
:10FC3000E803002013590108208A0020AC5901086C
:10FC4000E0950020A0BB0D002DE9F74307460E46C6
:10FC50001B4DFDF7E1F995F90080814600244C45E4
:10FC60002BDC69462046FDF7B1F9BDF80020BA4209
:10FC70000DDCBDF804301344BB4208DDBDF80220A2
:10FC8000B24204DC9DF806301344B34201DC013477
:10FC9000E5E760B200212870FEF794F900214046A4
:10FCA000FEF790F9FEF7E6FEFF23204600212B70B9
:10FCB000FEF788F92046FFF773FE03B0BDE8F08336
:10FCC000E80300200128F8B51B4C07D194F9000087
:10FCD000002830DBBDE8F840FFF762BE0546FDF7BF
:10FCE0009BF900270646AA0694F9000005D5431E95
:10FCF0005BB2002BACBF23702670EB0606D52378D1
:10FD000001335BB2B342D4BF2370277094F9003043
:10FD1000834207D00021FEF755F9002194F9000035
:10FD2000FEF750F942F21070F1F71AFAFDF76EFA89
:10FD300005460028D7D1F8BDE803002070B50E4C69
:10FD40000E4AA38A03F08003002B4FF00C0113BF6F
:10FD500010230C230225002523440846FEF790FEBD
:10FD6000AB1D04EB4303064A40F22B1140F2CB10CB
:10FD7000BDE87040FEF784BE080300201B76010832
:10FD80002676010810B5002186B0012000F0BCFFE6
:10FD900000F052FF194A1A4C40F235110F2001F0C1
:10FDA00057F8FDF70DFAC30726D4FEF7F1FD022838
:10FDB000F7D103A902A8FDF7F3FF039B00932246A6
:10FDC000029B1E210A2001F043F841F28830F1F72E
:10FDD000C7F905A904A8FDF7E3FFDDE90423DDE980
:10FDE000020100F0CBFE049B0293059B0393FEF7F8
:10FDF000CFFD0328E1D1D4E706B010BD327601086B
:10FE0000617601082DE9F04786B0042800F2B6803B
:10FE1000DFE800F00306099DA500FFF78FFFADE0C6
:10FE2000FFF7B0FFAAE00021012000F06DFF00F015
:10FE300003FF0522032311465548564F01F0B6F83B
:10FE40009026242457F8045B6DB17608F10704F17D
:10FE5000050301D51C46F8E70D342A462146052046
:10FE600000F0F6FFEEE74C4BDFF85091D3F8088036
:10FE7000D3E90067F8F704F90097CDE9018033462C
:10FE8000464ADFF83C81464F04F10D01052000F0A1
:10FE9000DFFF444A444992F86C30032B28BF00230B
:10FEA000052051F823300093536E404A04F11A01A3
:10FEB00000F0CEFF3E4A40F233114FF4AA7000F03A
:10FEC000C7FF04F1340AFEF763FD0228AEB255D035
:10FED000FDF776F9C20751D44FF47A60F1F740F993
:10FEE000730701D00135EEE701F002FC064601F090
:10FEF00015FCD9F8203003F44073B3F5807FC6F3C6
:10FF0000074CC6F3072E0CBF45234923C0F3072235
:10FF1000C1B2F6B2CDE90021CDE904634246C0F397
:10FF200007435146CDE902CE052000F091FF01F0D4
:10FF30001FFB4FF47A72B0FBF2F302FB1302009244
:10FF400004F141013A46052000F082FFCAE701F0C2
:10FF500077F9012006B0BDE8F047FEF75FBE01F07B
:10FF600039FABFF34F8F1349134BCA6802F4E062AA
:10FF70001343CB60BFF34F8F00BFFDE7FEF744F89C
:10FF800040F21A3006B0BDE8F047FBF737BD00BFBE
:10FF9000725F010880030020ACF7FF1F7E5F01083D
:10FFA000EA5F0108080300201C5A0108965F010857
:10FFB000A75F010800ED00E00400FA050010024010
:10FFC000BD5F010808B5FDF7C3F90021012000F06D
:10FFD0009BFE00F031FE044A1421052000F038FF9A
:10FFE000BDE80840F2F798BB76750108FFF7EABF55
:10FFF00038B5154C01238340A28A9BB211B922EA7D
:020000040801F1
:10000000030303E001290CBF13435340A382A38AD7
:10001000934218D00D4A062303FB00230546988817
:10002000FBF7ECFC022D0AD0072D0CD1A08AC0F3FF
:10003000C01000F027FDBDE83840FBF731BDBDE83A
:100040003840F8F79DB838BD0803002094760108C1
:10005000B9B102460D4838B5062303FB02031D68FB
:100060000B4B988A104100F001000DB9C8700BE0ED
:100070000C4620B12846F0F7CBFD01300544656001
:1000800002E00221FFF7B4BF38BD00BF947601083B
:100090000803002038B50F4D2B78032B19D0002111
:1000A00004460846FBF7A0FC03232B700A4B0B4ABF
:1000B0001C70002313700A4A01201080094A138023
:1000C000094AFF211170094A1380BDE83840FFF743
:1000D000FBB938BD658A0020E9890020C08900206D
:1000E000E4890020E6890020E8030020E28900205E
:1000F000022805D1034B9B8A13F4007F18BF03200D
:10010000FFF7C8BF080300200148F8F783BA00BF13
:10011000F089002013B50E4CA1B1D4ED297AF5EE8B
:10012000407AF1EE10FA11D017EE900A01F10804AE
:10013000F0F736FA074ACDE9000120212046F2F710
:100140009BFE03E0FFF7E0FF84ED290A02B010BD3B
:10015000F8080020B25A0108F0B52DED048B394A99
:10016000DFED398A92F91C40384D0C2303FB04243F
:1001700094ED0C7A94F82970D4ED0B7AB2EE008AE3
:1001800078EEC78A38EE478A3D4185B0064668EE6C
:10019000A78A28EE278A05F0010529B3002818BF91
:1001A000B0EE688A1DB1F7EE007A38EE278A284A49
:1001B0002848294C1C2303FB0722002E18BF0446A5
:1001C000D368029318EE100A01F10805F0F7E8F978
:1001D0002346CDE90001214A20212846F2F74CFEB2
:1001E00005B0BDEC048BF0BD1446FFF78DFFB0EEFB
:1001F000409A1DB1F7EE007A30EE679A002E18BFD4
:10020000F0EE498A08BFB0EE498A38EE680AF4EE8B
:10021000007A20EE270AF4EE488AF1EE10FA18BFB1
:1002200088EE809A94F91C00F7F734FD94F91C00CD
:10023000B1EE490A05B0BDEC048BBDE8F040F7F71C
:100240003DBD00BFF8080020000000004000004055
:10025000B8540108375A0108335A01083E5A0108B8
:1002600030B5134B85B093F91C40C9B10C2000FB8D
:100270000434104A94F8293001F108051C2101FBCF
:100280000323DB680293E06AF0F78AF90A4B0B4A12
:10029000CDE9000120212846F2F7EEFD05B030BD82
:1002A000FFF732FF204605B0BDE83040F7F7F2BC5B
:1002B000F8080020B85401089B5A0108A15A010807
:1002C00037B50F4890F91C4089B10C2303FB040497
:1002D00001F10805206BF0F763F90A4B0A4ACDE9F2
:1002E000000120212846F2F7C7FD03B030BDFFF71B
:1002F0000BFF204603B0BDE83040F7F7DFBC00BF7E
:10030000F8080020835A0108905A010873B5134A6F
:1003100092F91C30581C1BBF0C2000FB0323002447
:1003200093F82A4091B102EB840201F10805D2F85A
:100330009C00F0F735F9661CCDE900013346084A08
:1003400020212846F2F798FD02B070BDFFF7DCFED1
:10035000204602B0BDE87040F7F7FEBDF808002067
:100360005A5A010808B521B1054BD3F8A8304B60A3
:1003700008BDFFF7C9FEBDE80840F7F757BE00BF4C
:10038000F808002010B50C4631B1FDF7FDFCFAF776
:100390005DFD84ED010A10BD054B1970FFF7B4FE39
:1003A000044B2320BDE8104083ED000AFBF726BB79
:1003B000B4690020B06900201FB5134CB9B1D4ED69
:1003C000007AF5EE407AF1EE10FA1AD00F4B029354
:1003D00017EE900A01F10804F0F7E2F80C4B0D4A11
:1003E000CDE9000120212046F2F746FD09E0FFF7A4
:1003F0008BFE232084ED000A04B0BDE81040FBF71B
:10040000FDBA04B010BD00BF606A0020585A010850
:100410004B5A01083E5A010810B5054C11B1A36EA4
:100420004B6003E0FFF770FE84ED1A0A10BD00BFB9
:100430000803002010B529B10C4601F02FFA84ED15
:10044000010A10BDFFF760FEBDE8104001F006BADA
:100450000148F8F7B9B800BFF089002010B5F1B134
:1004600006280C460AD1134B5B690BB304F1080054
:10047000114A2021BDE81040F2F7FEBC052817D133
:100480000C4AD2E90113528B5B1A013AB3FBF2F327
:1004900007EE903AF8EE677AC4ED017A08E0044678
:1004A000FFF7D6FF01462046BDE81040F7F722B916
:1004B00010BD00BFF8080020705A010810B5044CA8
:1004C00011B1238B4B6002E0FFF7C2FF208310BD08
:1004D0000803002010B5044C11B163684B6002E0C2
:1004E000FFF7B6FF606010BD0803002008B519B122
:1004F000044B5B6E4B6008BDFFF7AAFFBDE80840E8
:10050000F8F7F2BA0803002010B5054C19B194F8B9
:1005100099304B6003E0FFF79BFF84F8990010BD12
:10052000F808002008B519B1054B5B8B4B6008BD7E
:10053000FFF78EFFBDE8084080B2F7F727B800BF8D
:10054000F808002013B5144C2378DA0708D5FCF717
:1005500037FE28B1114B1A78114B53F832309847B7
:1005600023789B0711D5FEF713FA013801280CD820
:1005700001A96846FDF714FC084B1A78084B03EBF9
:10058000C203DDE900015B689847FDF7EBFB002340
:10059000237002B010BD00BF1B8A0020658A0020B6
:1005A000C8750108024A137843F0010313707047BD
:1005B0001B8A0020024A137843F00203137070472D
:1005C0001B8A0020054B1870481C1CBF044B198067
:1005D000531C1CBF034B1A80FFF7ECBF638A00203B
:1005E000168A0020188A002008B500F065FF01F087
:1005F000C3FA0121084601F0CFFA0121022001F0DF
:10060000CBFA0121032001F0C7FAFCF7ADFE01F09F
:10061000F9FA08480A2101F009FBFDF7A3FB064B94
:10062000587F00EB401000F52F70BDE8084001F046
:100630005DB900BF000400400803002005494B6875
:10064000002BFCD1044A0B605368002BFCD11360D3
:10065000704700BF300002401C000240074A936808
:100660001B06FCD4064940238B61136823F0380332
:1006700003434FF000601360886170470030014011
:1006800000040048034A93689B07FCD5024B18708E
:10069000704700BF003001400C30014089B14B1E53
:1006A0009BB210B40133074A074CC11893689B07EB
:1006B000FCD510F8013B23708842F7D15DF8044B5C
:1006C00070477047003001400C30014070B40C4C52
:1006D000A3681D06FCD40B4B0B4D094C4FF4800650
:1006E0009E614FF400069E612870A3681B06FCD42F
:1006F000044B80249C61104670BCFFF7CFBF00BF45
:1007000000300140000400480C300140044B054A11
:10071000FF2119709368DB07FCD5014B18787047EF
:100720000C3001400030014010B5074CA3681B0697
:10073000FCD4064B4FF400629A61FFF7E7FF236891
:1007400023F03803236010BD00300140000400484E
:1007500030B44C1EA4B201340749084A04444FF097
:10076000FF350D709368DB07FCD50B7800F8013B73
:10077000A042F6D130BC70470C300140003001403F
:10078000064A074900E00B789368D807FBD49368C2
:100790001B06F8D4024B1B78704700BF00300140A5
:1007A0000C30014070B54FF080440646656AFFF793
:1007B000E7FFFFF7ABFFFF2804D0636A5B1BB34280
:1007C000F7D3002070BD00BF10B504460846FFF700
:1007D00059FF134B4FF4007041F29101DC601A464F
:1007E000586019605368002BFCD11360FF20FFF79D
:1007F00049FFFF20FFF746FFFFF7C2FF6424FFF722
:1008000085FFFF2803D1013CF9D1204606E000F026
:100810001F00A0F10500B0FA80F0400910BD00BF34
:1008200030000240F0B54FF0804483B00746666A5E
:10083000FFF7A6FF42F20F75FFF768FFFE2805D00D
:10084000636A9B1BAB42F7D9002016E00C4A0D4BA4
:100850000D4CD7604FF4007141F2110041F2810557
:1008600051601560DC6059601860FFF7E7FE0DF11C
:1008700006000221FFF76CFF012003B0F0BD00BFAE
:100880001C000240300002401077010830B502061B
:1008900083B004460D4606D44CF25030FFF782FF79
:1008A000FF2807D02EE000217720FFF7EFFF012877
:1008B000F2D939E004F07F03280E290C2A0A402CD3
:1008C0008DF804508DF800308DF801008DF802107D
:1008D0008DF8032018D0482C1ED00123062168462D
:1008E0008DF80530FFF7DAFE4C2C01D1FFF70EFF33
:1008F000FFF746FF6424FFF709FF030614D5013C08
:10090000F9D111E0FF200FE09523062168468DF80C
:100910000530FFF7C3FEEBE78723062168468DF815
:100920000530FFF7BBFEE3E703B030BD034B0448DF
:100930001B78DB0203F4006318447047678A0020C9
:100940006C8A0020024A012102443620FFF7BEBE15
:100950000C770108F0B583B017460C461D46BDF86C
:100960002060FFF76BFE0744013F40EA074040BAB2
:100970002544691E44EA0144009064BA04216A4691
:100980002A200194FFF7A2FE01AA04212B20FFF7E1
:100990009DFE0022F0B21146FFF798FE03B0F0BDB5
:1009A0002DE9F04186B02C24009415461C46804663
:1009B0000F460C9EFFF7CEFF124B134ADE6004FB7E
:1009C00005F041F291515860196013785B0615D516
:1009D00015FB04F25200314640F60D230B4EADF8E4
:1009E0000E8092B202A8ADF81070ADF81250ADF8BA
:1009F00014400296ADF80C30F7F77AFB06B0BDE86C
:100A0000F08100BF30000240A803002062756C6BCB
:100A1000F0B583B0164E089D2E2400941F46144650
:100A2000FFF798FF336823F0380343F0080333607F
:100A3000FFF7A6FEFFF76AFE0E490F4ACD6014FBD2
:100A400007F35B009BB241F211000C4C4B6041F28A
:100A500081050D60D46053601060FFF7EFFD3368CF
:100A6000074A23F0380340213360916103B0F0BDA1
:100A7000003001401C0002403000024010770108A5
:100A80000004004808B5FFF7D9FD002814BF022074
:100A90000020BDE80840FFF755BF00BF024A536879
:100AA000002BFCD1136070473000024030B583B09A
:100AB00004461D46FFF73AFF2B4600902046FFF7FD
:100AC0006FFF034A137883F00103137003B030BD46
:100AD000678A002010B582B0044C0094FFF760FFD5
:100AE00002B0BDE81040FFF7D9BF00BF6C8A0020FC
:100AF0002DE9F04186B02C24009415461C4688460A
:100B00000746FFF727FF194A194BD36004FB05F18D
:100B100079B14FF6FF7E41F211567145084628BF64
:100B20007046506016605368002BFCD1091A1360A0
:100B3000F3D1104B1B785B0614D5DFF83CC00C4991
:100B4000ADF80E7040F60D23022202A8ADF8108019
:100B5000ADF81250ADF81440CDF808C0ADF80C3027
:100B6000F7F7C6FA06B0BDE8F08100BF30000240DA
:100B7000688A0020A803002066696C6C2DE9F04F9C
:100B8000824287B006469146CDE9031306DA18463D
:100B90000A46334603904E4604929946049B0399B5
:100BA0005F1A48BFCF1AA6EB09084CBF4FF0FF33BE
:100BB000012317EB080F059309D508EBD8756D10C5
:100BC0006D42DFF86CB0194CDFF868A004E007EB69
:100BD000D7756D106D42F4E72C230093C6F5F072C3
:100BE000012303993046FFF7B5FE00E01D46A368D8
:100BF0009B07FCD5BBF80030AAF80030B14503D103
:100C0000DDE9033293420DD04545C6BF0136EB1BEB
:100C10002B46AF42EADDA3EB0805059A039B13447C
:100C20000393D9E707B0BDE8F08F00BF0030014063
:100C30006A8A00200C300140002108464FF4A0735E
:100C40004FF4F072FFF754BF1D481E4B82691E49D6
:100C500042F4805270B582611C4E1D4C002540F25A
:100C600007321D601A6041F203725A60B160A160E0
:100C70001A68184C4FF090464FF0004142F0400285
:100C80001A604FF4FA70B161F0F76AFA4FF400435A
:100C90004FF4FA70B361F0F763FA29460120A21C01
:100CA000FFF714FD637802331C44C820F0F758FAAC
:100CB000207808B16178F2E7BDE87040FFF7BCBF6B
:100CC00000100240003001400C3001403000024072
:100CD0001C000240DC760108034B044A03EB400091
:100CE000C38B1380704700BF080300206A8A00206E
:100CF000034B044A03EB4000C38B1380704700BFD3
:100D000008030020688A0020074B084A03EB4000D4
:100D100003EB410110B4064CC08BCB8B20801380B9
:100D20005DF8044B704700BF08030020688A00206C
:100D30006A8A00202DE9F04FDDF824C063B3184D16
:100D4000184CB5F80080B4F800E0DFF85CA04FF074
:100D500000094D464FEA420B1BE057460024664609
:100D600014F0070F08BF16F8015B04F1010408BF77
:100D7000B44615F0800F14BF76464646A2424FEAAD
:100D8000450527F8026BEAD1DA4409F101099945D2
:100D900002D0002AE1D1F8E7BDE8F04FFFF79ABE94
:100DA000688A00206A8A00206C8A0020163800EBCE
:100DB000800330B500EB4303094DEC5C04F00704FD
:100DC00083B0C4F10804A4B22B4492B288B2009359
:100DD00011460B232246FFF7ADFF204603B030BD7E
:100DE000CC2A0108838A9BB1012B06D1154B164AE8
:100DF00003EB4101CB8B138007E0022B05D1114B94
:100E0000124A03EB4101CB8B13800023838216E04F
:100E1000082901D8818212E00A29026904D14368B5
:100E20000B32C0E903320AE010B504460846E16817
:100E3000FFF7BCFFE3681844E060002010BD00200D
:100E4000704700BF08030020688A00206A8A0020DB
:100E50000CB470B58CB010AC0D4654F8043B079040
:100E600019460990002308950A95094E01942246D7
:100E700002AD06A8CDE902330593ADF82C300496F7
:100E80000695F1F7D1FC0CB0BDE8704002B0704798
:100E9000E50D010816382DE9F04F00EB800400EB5A
:100EA0004400334D334E2C5C334FB6F800E0334EE4
:100EB000B7F8008004F0070489B0C4F108041FFAF1
:100EC00084FC13FB03F4451902960CFB04F01EB2DC
:100ED0007700CDE905124200039207FB0CF2009265
:100EE00005F10B020796019504922DE0019ADDF8B9
:100EF000089092F800B04FF0000A09EB07015C4639
:100F00004E46002514F0800F14BF7046404632460E
:100F100022F8020B8A42FBD101356400AC45E4B2F1
:100F20003E4402EB0701EDD10AF1010A009A9A450D
:100F30009144E2D1DDE902210A440292019A049926
:100F400001328A42019202D0002BCFD1F6E7079DF1
:100F500003FB0CF405EB8503DDE90501224605EBF7
:100F60004303FFF7B7FD204609B0BDE8F08F00BF8F
:100F7000CC2A01086A8A0020688A00206C8A002036
:100F800010B5094B00EB800482B000EB440403EB86
:100F9000840392B288B20093114616231022FFF701
:100FA000C9FE02B010BD00BFD8260108F8B50C4636
:100FB000017869B1054617461E4608463346214664
:100FC0003A46FFF767FF15F8011F04440029F4D1E2
:100FD0002046F8BD00F0B8BB002863D170B53E4B89
:100FE0003E4E4022307082B09A610A24FFF78EFB99
:100FF000013CFBD13820FFF731FB21464020FFF7B1
:1010000045FC012803D0FFF78FFB012061E04FF47E
:10101000D5714820FFF73AFC0128054623D1042169
:101020006846FFF795FB2E4B009A9A4203D0EAE7F9
:10103000F0F796F800E064244FF08041E920FFF7D4
:1010400025FC88B3013C4FF47A70F1D132E00421E1
:101050000DEB0100FFF77CFB019B13F0400F14BF69
:101060008A24822419E02146E920FFF70FFC012899
:1010700094BFE9254125642401E0F0F771F80021CF
:101080002846FFF703FCE0B1013C4FF47A70F4D13D
:1010900010E0E92D0CBF81248324FFF745FB347059
:1010A000002016E00120704701467A20FFF7EEFB92
:1010B0000028CCD0FFF738FB3078B0FA80F0400938
:1010C00007E04FF400715020FFF7E0FB0028E0D06C
:1010D000F0E702B070BD00BF00040048668A00203F
:1010E000000001AA28B9044B1878B0FA80F0400932
:1010F00070470120704700BF668A0020F8B5A0BB8A
:101100001C461B4B1E7835062FD517460D46FFF79C
:10111000A5FA330758BF7F02012C39460AD1512066
:10112000FFF7B4FBF0B92846FFF77CFB80F0010421
:10113000E4B217E05220FFF7A9FB28B1003418BF32
:1011400001240FE005F500752846FFF76BFB18B981
:10115000003418BF012401E0013CF3D100214C20F0
:10116000FFF794FBFFF7E0FA00E003242046F8BD08
:10117000668A0020F8B500283ED11C46214B1E7817
:10118000370639D5750639D417460D46FFF766FA86
:10119000330758BF7F02012C39460BD15820FFF787
:1011A00075FB30BB2846FE21FFF70EFB80F00104E3
:1011B000E4B21EE05920FFF769FB28B1003418BFE4
:1011C000012416E005F50075FC212846FFF7FCFA1E
:1011D00000B905E046F2A810FFF7E4FAFF2803D0B3
:1011E000003418BF012401E0013CEBD1FD20FFF7E2
:1011F00049FAFFF799FA02E0032400E002242046AE
:10120000F8BD00BF668A002010B598B90B4B93F962
:101210000030002B0EDA0C46FFF720FA0CB1042444
:1012200005E044F62060FFF7BDFAFF28F7D1FFF78D
:101230007BFA00E00324204610BD00BF668A002030
:101240000B4B0C4A10B519461A6003F16C000024D0
:10125000814202EBF47402D051F8042FF8E77422B3
:10126000034905481C6700F097FB002010BD00BF34
:1012700008030020564E4F4300F803080F4B104957
:101280001A688A4214D110B50E4C0020191DA142D3
:1012900002EBF07002D05A680B46F7E707490B6F74
:1012A000834208D17422084800F0F6FE002004E0D2
:1012B0004FF0FF3070474FF0FF3010BD00F80308CB
:1012C000564E4F4370F803080803002006281FD825
:1012D000114938B5114B124C0B600A460025A24249
:1012E00003EBF57502D052F8043FF8E7044643F6E5
:1012F0007873800300F10060CD5000F50E3043F6A6
:101300007C72054900F048FB064B00201C8038BD6C
:101310004FF0FF30704700BFF8080020544E4F4395
:101320006C4800206E9A0020062829D8F0B4184F87
:1013300097F800C081034CFA00F301F1006213F04A
:10134000010302F50E321FD11468124DAC421AD1BE
:10135000114E0E4411460D1DB54204EBF37302D03D
:101360004C682946F7E743F67871515899420AD1FB
:10137000012303FA00F040EA0C0C87F800C003E0F8
:1013800000221046704700221046F0BC704700BF94
:101390006C9A0020544E4F43787702084FF6FF7244
:1013A00038B50A4D90422A800CD00446FFF7BCFFA6
:1013B00050B1014643F67C7205482C8000F06CFE6B
:1013C000002002E0002000E0012038BD6E9A0020DD
:1013D000F808002030B4064B064C074800224FF6B0
:1013E000FF751A7025804FF4E43130BC00F0AABAC2
:1013F0006C9A00206E9A002000380208036803608F
:1014000070B40023961E01F00F04436002EB440405
:1014100003621A460163C360334623F8022FA342D6
:10142000FBD11025836843F00403836032460368D0
:10143000590702D483685B07F9D432F8021F036CA2
:10144000A2420B441380F2D1013DEBD136F8023FAA
:101450001B09A6423380F9D170BC7047064A074881
:10146000D36843F08003D360D3685B0602D40138AD
:10147000FAD170470120704700280040FFFF0300A9
:1014800010B50C4C236A03F00303032B11D0236A1D
:1014900043F01903236244F62060EFF761FE236AEC
:1014A0009A0706D4636A43F001036362636A9B0789
:1014B000FCD510BD0010024021494A6938B54FF0F3
:1014C000A04342F0805200244FF080504A619C605B
:1014D00098609A6842F000429A609A68002AFCDBA1
:1014E0009A6842F001029A604FF0A0421368D9074F
:1014F000FCD5144B144C4FF4FC4500204FF08051A8
:1015000055619461986099609A6842F000429A60CF
:101510009A68002AFCDB99680A4A41F00101996047
:101520001368DB07FCD5084B4FF4FC4151611220D6
:1015300093610221F0F72EFD044B054A9A6038BDF5
:1015400000100240000100500000FC0700030050A2
:101550000000410100B583B0810101AA0348FFF7F3
:101560004DFFBDF8040003B05DF804FB000100501E
:101570004FF080431C4A596A13681C48CB1A8342B7
:1015800025D910B51A4B116082B001AA19491C88DF
:101590004FF0A040FFF732FFBDF80410164BBDF826
:1015A000062041F6C81000FB01F0000B04FB00F020
:1015B000B0FBF2F000B26328188004DD0F4B1B8BE8
:1015C000184400B201E04FF0FF3002B010BD0A4BEA
:1015D000B3F90000632804DD084B1B8B184400B2EC
:1015E00070474FF0FF307047EC0300201FA1070049
:1015F000BAF7FF1F41240100709A00200803002061
:101600000A4B0B4A196810B44FF0FA601960802435
:101610004FF480715C6018621963DA609A685DF853
:10162000044B42F004029A60704700BF0001005072
:1016300000158000054A9368590706D5936843F062
:10164000100393609368DB06FCD4704700010050E0
:10165000054A08B5136813601B0601D5FEF7AAFFFB
:10166000BDE80840EFF7D4BD00010050054B1A68F3
:1016700022F001021A6018611A6842F001021A6031
:10168000704700BF00540040034A0448D36943F444
:101690000013D361FFF7EABF001002406450540109
:1016A00030B4124DAB691C04FCD4130443EA40036C
:1016B00028680E4C43F0007343F4005340F00100DF
:1016C00028600A446B60A36913F0110FFBD0A36973
:1016D000DB0602D50020206005E011F8013BA36283
:1016E0009142F0D1012030BC704700BF005400404F
:1016F000074B08481B68084A00EA530002EAD30275
:1017000003F00F33104423F070631844704700BF98
:1017100000280040383838000E0E0E00074B0848ED
:101720005B68084A00EA530002EAD30203F00F3371
:10173000104423F070631844704700BF0028004035
:101740001808780006021E0010B5FFF7D1FF014609
:10175000FFF7E4FF0304C1F34604CA0803F47F0360
:10176000234302F4FF524909134301F4FF214203CA
:101770001943C0F3074002F0FF531943143041EA04
:10178000406010BD10B50446FFF768FE10B1044B71
:1017900019605C60024AD36823F08003D36010BDF7
:1017A00000280040104A38B51368104C43F4807389
:1017B0001360FFF765FE226A236A12F0020F14BF5E
:1017C0004FF401454FF4024503F40343AB4209D003
:1017D00000234FF4803222622362FFF751FE236A16
:1017E0001D43256238BD00BF00700040001002405C
:1017F00038B5FFF7D7FF154B1B6A13F4407324D09D
:10180000134A1449144C5320CA2555625062D068BB
:10181000B3F5807F18BF2146C30602D513698B42FA
:101820000FD0FFF71BFE30B1094B002080229860DB
:10183000DA6019611961064AD36823F08003D36026
:1018400003E0D36823F02003D36038BD00100240CA
:1018500000280040FF007F00E70327000C4AD36800
:10186000DB0313D49FED0B7ADFED0B7AE0EE077A02
:10187000FDEEE77A17EE903AB3F5806F06D8C3F520
:10188000FF73013348F2FF110B40D363704700BF71
:1018900000280040BD37863F00C0FF43094ADFED06
:1018A0000A7AD36BD26BC3F30803120454BF5B42B2
:1018B000C3F5007300EE103AB8EEC00A20EE270A16
:1018C000704700BF002800400024743F0549064AC5
:1018D000CB6943F00053CB61136843F4803313604A
:1018E000704700BF0010024000740040014B586177
:1018F000704700BF0074004038B504460D460E2006
:101900000321F0F747FB0B4B0B490C485D6043F29A
:10191000A7529960DC601A60C269094B002142F449
:10192000804201254FF45B64C26119605D601962F9
:10193000DC6138BD440002400C3800400010024019
:1019400000380040114B124A014410B48842114C37
:101950005C605A6016D2DA68012AFCD01A6942F03B
:1019600002021A6158611A6942F040021A61DA688B
:10197000012AFCD01A6900F5006022F002028142BF
:101980001A61E8D85DF8044B704700BF00200240A0
:10199000AB89EFCD2301674570B516460C4611465D
:1019A0000546FFF7CFFF760818D00D4B214604EB14
:1019B0004604DA68012AFCD01A6931F8020B42F0B9
:1019C00001021A612880DA68012AFCD01A69A14252
:1019D00022F0010205F102051A61EAD170BD00BFD3
:1019E000002002401C481D4A41691D4B41F4FC0186
:1019F00070B441614FF0904100201A4E1A4C48607B
:101A00008E60CC604FF6DF144C61184D184C0862A4
:101A10004D620C60174C184D50606FF00F064FF67A
:101A2000FF719660D5605161146204F12A4404F597
:101A3000A124124D556204F29F2414604FF0FF352B
:101A40000F4C58604FF080629D60DC60596170BC43
:101A5000186258621A607047001002400004004883
:101A6000000800480000FFFFAA0101A870E70E006F
:101A700000FCAA6A00505500505555554400555079
:101A8000555555014368F0B401258D40C2F38004DB
:101A90008C4023EA0503234343604E0003238568FB
:101AA000B340DB43C2F3C1041D40B4402C43846007
:101AB000C468C2F341151C40B54001F00707254337
:101AC00002F00304BF0004FA06F60F24C2F3C312A7
:101AD000BC40022EC56002FA07F2C1F3C0016FEAF2
:101AE00004040BD100EB81010D6A2C4022430A62F1
:101AF0000268134043F00203036009E005682B40CD
:101B000000EB8101334303600B6A1C4022430A62ED
:101B1000F0BC7047054B1868586010F4704F03D044
:101B2000C0F30330F4F7ACBD704700BF00000240C3
:101B3000044A536903F00203536113B10120FEF715
:101B400031BD704700040140044A536903F00403A7
:101B5000536113B10220FEF725BD70470004014018
:101B6000044A536903F00803536113B10320FEF7DD
:101B700019BD70470004014008B506210720F0F7A1
:101B800009FA06210820F0F705FA06210920BDE828
:101B90000840F0F7FFB900BF0F2870B412D88308CF
:101BA0009B0003F1804303F5803300F003029400AF
:101BB0009D680F26A640C1F3031225EA0605A24040
:101BC0002A439A600E4A012300F01F0003FA00F036
:101BD0009368C443CD074CBF034323409360084A36
:101BE000D36889074CBF03432340D360044B196873
:101BF000084318605A6822405A6070BC704700BFA2
:101C0000000401400649074ACB6910B443F00203BF
:101C1000054CCB612020946250605DF8044B704706
:101C200000100240000400403F19010010B40139C7
:101C3000012400220523C162446142625DF8044B25
:101C4000036070472DE9F0470022044640F2FF1779
:101C500001E00132083492FAA2F3DB0D96B2B342EE
:101C600000EBC30508D923682E6826602B606368E3
:101C70006E6866606B60ECE7BE42EAD14FF009091E
:101C80004FF4807E0125DFF8CCC04EE007F07F03E3
:101C9000C3F180020CEB83030CEB820293ED005A3C
:101CA000D2ED004A3B0649D4013677441FFA86FA42
:101CB00009B9B1EE455A0AEB050292B200EBCA032C
:101CC00000EBC204D4ED017AD3ED006AD4ED005AE2
:101CD00025EE677AA5EEA47A76EEC76A67EEA47A57
:101CE000C4ED006A93ED006AD3ED016AE5EE857AF2
:101CF00036EE077A76EEE76A83ED007AC4ED016A84
:101D000093ED017A2A4477EE277A1FFA82FABAF520
:101D1000007FC3ED017ACED3B045B7D16D00B9F1E4
:101D20000109ADB24FEA5E0E0FD005F1FF387746DC
:101D300000269FED075AF7EE004AB7E7F1EE457A25
:101D4000B0EE645AF0EE674AAEE7BDE8F08700BF38
:101D50000000000014770108FDEEC07A70B4F8EEC0
:101D6000E77A284B30EE670A0122B5EEC00AF1EEA1
:101D700010FA44BFF7EE007A30EE270ADFED227A40
:101D800020EE270AFCEEC07A17EE904A04F07F0599
:101D9000C5F1800603EB8606F8EE675AD6ED007AA9
:101DA000C5F17F0603EB860696ED006A03EB850618
:101DB00096ED007AD6ED016AE30930EE650A36EE5B
:101DC000676A76EEC76A02FA03F313F00A0FE6EECB
:101DD000007AA6EE807A05D0F0EE476AB0EE677A18
:101DE000F0EE667A13F0060F18BFF1EE677A13F083
:101DF0000C0F18BFB1EE477A80ED007A70BCC1EDD0
:101E0000007A7047147701080000004410EE103A81
:101E100013F0FF4F23F000410FD1C9B39FED1D7A9E
:101E20001D481E4A60EE077A17EE903A23F00041F3
:101E3000A0FB010102EB510205E01748184AA0FB84
:101E4000010102EB510203F00043134307EE903A05
:101E500027EEA77AF0EE006A27EE277AB0EE406A06
:101E6000F0EE475AE0EE265AA7EE266A85EE867A0D
:101E700067EE277A27EEA77A27EE277AB0EE476A31
:101E8000A0EE266AA7EE260A86EE007A27EE270A3B
:101E9000704700BF0000804BABAAAAAAF2195126D6
:101EA000F219512A10EE103A002B1EDDC3F3160270
:101EB00042F07C5207EE102ADFED0D6ADFED0D4A8D
:101EC0009FED0D5A9FED0D0ADFED0D5A77EE266A54
:101ED00007EE903A84EEA66AF8EEE77AA7EE850A56
:101EE000A7EE650A30EE460A70479FED060A704776
:101EF0005643B43E721A993F1872B133A836ACC239
:101F0000C4E4843F000080FF10EE103A002B1EDD79
:101F1000C3F3160242F07C5207EE102ADFED0D6A81
:101F2000DFED0D4A9FED0D5A9FED0D0ADFED0D5AC5
:101F300077EE266A07EE903A84EEA66AF8EEE77A24
:101F4000A7EE850AA7EE650A30EE460A70479FEDB8
:101F5000060A7047F45AB43E0F4FA640C6A8C034D4
:101F600041FABAC39A4E9040000080FFF0EEE07A4A
:101F7000F5EE407AF1EE10FAB0EEC07A10EE902A4B
:101F800010EE103A04D1B5EE407AF1EE10FA44D0DA
:101F9000F4EEC77AF1EE10FA1CD5C7EE876ADFEDD2
:101FA000204A9FED205ADFED205A9FED206A9FEDD9
:101FB000207A9FED200A66EEA67AA7EEA45AE5EEF7
:101FC000275AA5EEA76AA6EE277AF0EE477AA6EE84
:101FD000C70A17E0C7EE276A9FED115ADFED115AC5
:101FE0009FED116A9FED117A9FED110A66EEA67AB8
:101FF000E7EE855AA7EEA56AA7EE867AA7EE870ACE
:1020000020EE260A002ABCBFDFED0B7A37EEC00AAD
:10201000002B04DAB1EE400A70479FED080A7047C2
:1020200009E0983F95219CC06B2825418B6697C19C
:10203000092765420000B44200003443000000005C
:10204000DFED147A20EE270A10B4BDEEC00A43F289
:10205000D14010EE102A02F17E52C2F3CF11C1EB33
:10206000C10404EBC41400EBA43043F6DE5301FBBF
:1020700000F003EBA04301FB03F39B13A3F59D3397
:10208000623B01FB03F302EBE32200EE102A5DF852
:10209000044B70473BAA384B0A44914200F1FF338E
:1020A00000D1704710B511F8014B03F8014F914270
:1020B000F9D110BD02440346934200D1704703F8A2
:0420C000011BF9E720
:1020C40047656F6D004172697468000055534200A2
:1020D40053455249414C0000444F5420272E2700B9
:1020E400434F4D4D4120272C27000000424D500006
:1020F4005449464600000000107A0108749A0020F2
:10210400749A0020749A0020107A010800000000DC
:102114000000000000000000107A01080000000028
:102124000000000000000000107A01080000000018
:102134000000000000000000107A010800000010F8
:102144000000001000000010107A010800000000D8
:102154000000000000000000107A010800000000E8
:102164000000000000000000107A010800000000D8
:1021740000000000000000006D61696E00000000B6
:102184009C210108F0030020280500200100000024
:10219400990C00080000000069646C6500000000F0
:1021A400737461636B206F766572666C6F77000081
:1021B40025180008191800080D180008011800084F
:1021C400000000000000000000000000000000000B
:1021D4004D190008411900082519000819190008AB
:1021E40000000000000000000000000000000000EB
:1021F40000000000010000000000000000000000DA
:10220400B51C0008B11E0008351F0008400040003E
:10221400C0060020C0060020206B4D475450455A8C
:1022240059000000286E756C6C2900000100000044
:102234000A00000064000000E8030000102700000A
:10224400A086010040420F008096980000E1F50549
:1022540000CA9A3B6D1D6E7066617A7900000000B9
:102264000000000000000000112800080000000029
:10227400808182838485868788898A8B8C8D8E8FE2
:10228400909192939495969798999A9B9C9D9E9FD2
:10229400808182838485868788898A8B8C8D8E8FC2
:1022A400B0B1B2B3B4B5B6B7B8B9BABBBCBDBEBFB2
:1022B400C0C1C2C3C4C5C6C7C8C9CACBCCCDCECFA2
:1022C400D0D1D2D3D4D5D6D7D8D9DADBDCDDDEDF92
:1022D400909192939495969798999A9B9C9D9E9F82
:1022E400F0F0F2F2F4F4F6F6F8F9FAFBFCFDFEFF76
:1022F40001030507090E10121416181C1EEB769024
:102304004558464154202020004641543332202071
:1023140020002A3A3C3E7C223F7F002B2C3B3D5B35
:102324005D00000061001A03E0001703F8000703D2
:10233400FF0001007801000130013201060139017A
:1023440010014A012E017901060180014D0043026A
:102354008101820182018401840186018701870150
:1023640089018A018B018B018D018E018F019001FE
:102374009101910193019401F6019601970198014D
:1023840098013D029B019C019D0120029F01A00137
:10239400A001A201A201A401A401A601A701A70111
:1023A400A901AA01AB01AC01AC01AE01AF01AF01BF
:1023B400B101B201B301B301B501B501B701B8016F
:1023C400B801BA01BB01BC01BC01BE01F701C001E7
:1023D400C101C201C301C401C501C401C701C801CF
:1023E400C701CA01CB01CA01CD011001DD01010001
:1023F4008E01DE011201F3010300F101F401F40185
:10240400F8012801220212013A020900652C3B025C
:102414003B023D02662C3F02400241024102460259
:102424000A015302400081018601550289018A0193
:1024340058028F015A0290015C025D025E025F0243
:1024440093016102620294016402650266026702FA
:10245400970196016A02622C6C026D026E029C0165
:10246400700271029D01730274029F017602770269
:10247400780279027A027B027C02642C7E027F025B
:10248400A60181028202A9018402850286028702D2
:10249400AE014402B101B20145028D028E028F02E7
:1024A40090029102B7017B030300FD03FE03FF03C7
:1024B400AC0304008603880389038A03B103110370
:1024C400C2030200A303A303C4030803CC03030051
:1024D4008C038E038F03D8031801F2030A00F90357
:1024E400F303F403F503F603F703F703F903FA031D
:1024F400FA033004200350041007600422018A0404
:102504003601C1040E01CF040100C004D00444010B
:1025140061052604000000007D1D0100632C001EDF
:102524009601A01E5A01001F0806101F0606201F50
:102534000806301F0806401F0606511F0700591FD2
:10254400521F5B1F541F5D1F561F5F1F601F08062D
:10255400701F0E00BA1FBB1FC81FC91FCA1FCB1F85
:10256400DA1FDB1FF81FF91FEA1FEB1FFA1FFB1FFF
:10257400801F0806901F0806A01F0806B01F04004D
:10258400B81FB91FB21FBC1FCC1F0100C31FD01F2F
:102594000206E01F0206E51F0100EC1FF31F010005
:1025A400FC1F4E2101003221702110028421010000
:1025B4008321D0241A05302C2F04602C0201672CAF
:1025C4000601752C0201802C6401002D260841FFB0
:1025D4001A03000010041104120413041404150453
:1025E40016041704180419041A041B041C041D04FB
:1025F4001E041F04200421042204230424042504AB
:1026040026042704280429042A042B042C042D045A
:102614002E042F043004310432043304340435040A
:1026240036043704380439043A043B043C043D04BA
:102634003E043F04912592259325022524256125F6
:102644006225562555256325512557255D255C258D
:102654005B251025142534252C251C2500253C2517
:102664005E255F255A255425692566256025502554
:102674006C25672568256425652559255825522527
:1026840053256B256A2518250C25882584258C253A
:102694009025802540044104420443044404450435
:1026A40046044704480449044A044B044C044D04BA
:1026B4004E044F0401045104040454040704570451
:1026C4000E045E04B0001922B7001A221621A400D9
:1026D400A025A0000FF03FFC7FFE7C3EF81FF00F0A
:1026E400F00FF00FF00FF00FF00FF00FF00FF00FEE
:1026F400F00FF00FF00FF81F7C3E7FFE3FFC0FF051
:1027040000F001F003F007F00FF00FF00EF00CF002
:1027140000F000F000F000F000F000F000F000F035
:1027240000F000F000F003FC03FC03FC0FF03FFC9E
:102734007FFE7C3EF81FF00FF00F001F003F007E6D
:1027440000FC01F803F007E00FC01F803F007E008B
:10275400FC00FFFFFFFFFFFF0FF03FFC7FFE7C3E0E
:10276400F81FF00FF00F001E003E01FC01F801FC01
:10277400007E001F000FF00FF00FF81F7C3E7FFE5D
:102784003FFC0FF001F801F803F803F807F807F825
:102794000FF80F781F781E783E783C787C7878782C
:1027A400F878FFFFFFFFFFFF0078007800780078DB
:1027B400FFFFFFFFFFFFF000F000F000F000F7F074
:1027C400FFFCFFFEFC3EF81F000F000F000F000F80
:1027D400F00FF81F7C3E7FFE3FFC0FF00FF03FFC34
:1027E4007FFE7C3EF81FF00FF000F000F7F0FFFCD6
:1027F400FFFEFC3EF81FF00FF00FF00FF00FF81F74
:102804007C3E7FFE3FFC0FF0FFFFFFFFFFFF001F3A
:10281400003E007C00F801F001E003E003C007C0C3
:10282400078007800F800F000F000F000F000F00BC
:102834000F000F0007E01FF83FFC7C3E781E781E57
:10284400781E3C3C1FF80FF03FFC7C3E781EF00FD6
:10285400F00FF00FF00FF81F7C3E7FFE3FFC0FF0EF
:102864000FF03FFC7FFE7C3EF81FF00FF00FF00FDF
:10287400F00FF81F7C3F7FFF3FFF0FFF000F000F9B
:10288400F00FF81F7C3E7FFE3FFC0FF000000000BD
:102894000000000000000000000000000000000034
:1028A40000000000000000000000000000000380A1
:1028B40007C007C003800000000000000000000003
:1028C4000000000000000000000000003FFC3FFC8E
:1028D4003FFC3FFC0000000000000000000000007E
:1028E4000000000000000000004000C001C003C060
:1028F40007C00FFF1FFF3FFF7FFFFFFF7FFF3FFF6B
:102904001FFF0FFF07C003C001C000C0004000004C
:10291400F000F000F000F000F000F000F03EF07C79
:10292400F0F8F1F0F3E0F7C0FF80FF00FF00FF8054
:10293400F7C0F3E0F1F0F0F8F07CF03EF00FF00FA8
:10294400F81FF81FFC3FFC3FFE7FFE7FFFFFFFFFE9
:10295400FFFFFFFFF7EFF7EFF3CFF3CFF18FF18F27
:10296400F00FF00FF00FF00F0FF03FFC7FFE7C3EF6
:10297400F81FF00FF00FF00FF000F000F000F0007F
:10298400F03FF03FF03FF007F00FF81F7C3F7FFF70
:102994003FF70FE700000000000000000000000007
:1029A40000000000EE1CFF3EFFFFFFFFF3CFF3CF5C
:1029B400F3CFF3CFF3CFF3CFF3CFF3CFF3CFF3CF03
:1029C400000000000000000000000000F01EF01EE7
:1029D400F01EF01EF01EF01EF01EF01EF83EFC7EEF
:1029E400FFFEFFFFF7CFF387F000F00000000000C8
:1029F400000000000000000000000000F1F0F7FCFF
:102A0400FFFEFE3EFC1FF80FF00FF00FF00FF00F6B
:102A1400F00FF00FF00FF00F0000000000000000B6
:102A240000000000F3F0F7FCFFFEFE1FFC0FF807A8
:102A3400F807F807FC0FFE1FFFFEF7FCF3F0F000A9
:102A4400F000F00000030007000F001F003F007FAC
:102A5400000F000F000F60CFF1EF7BCF3F8F1F0FF0
:102A64001F0F3F8F7BCFF1EF60CF000F000F000FE0
:102A7400F45F8644F54484C4F44400000000000F6D
:102A8400000F000F000F000F000F000F180F380F7A
:102A94007FFFFFFFFFFF7FFF3800180000003C00AE
:102AA4007E00E703C307C30FE71E7E3C3C7800F0BB
:102AB40001E003C007800F001E3C3C7E78E7F0C3B2
:102AC400E0C3C0E7007E003C000606062666FEFE64
:102AD40060200000101038386C6CC6C6FE000280FE
:102AE400C0E0F0F8F0E0C0800000006EDB9199894E
:102AF400DB7600000000103060FEFE603010000045
:102B04000010180CFEFE0C18100001000000FC6CF4
:102B14006C6CECCC0000000000C6C6C6C6EED6C085
:102B2400007CC6C6C6C6C66C6CEE000270D8D870EF
:102B3400000000000000040000000000000000008D
:102B440000046060606060600060600002D8D8D8F3
:102B540000000000000000025050F8F850F8F8504F
:102B6400500000307CB0B0783434F8300060929675
:102B74006C18306CD2920C000070D8D87072DCCC17
:102B8400DC720003E0E060C00000000000000330DD
:102B94006060C0C0C06060300003C060603030302E
:102BA4006060C00001000020A870A820000000019F
:102BB40000003030FCFC3030000004000000000055
:102BC4000040E060C00100000000FCFC00000000C8
:102BD4000400000000000040E04000010C0C181844
:102BE400306060C0C0000178CCCCDCECCCCCCC78BC
:102BF40000013070B03030303030FC000178CCCC83
:102C04000C3860C0C0FC000178CCCC0C380CCCCCA7
:102C14007800010C1C3C6CCCCCFC0C0C0001FCC0FE
:102C2400C0F8CC0C0CCC78000178CCC0C0F8CCCC6B
:102C3400CC780001FC0C0C1818303060600001786E
:102C4400CCCCCC78CCCCCC78000178CCCCCC7C0C63
:102C54000CCC7800040040E0400040E04000000458
:102C64000040E0400040E0408000010C183060C0AB
:102C74006030180C0001000000FC0000FC000000A3
:102C840001C06030180C183060C0000178CCCC0C46
:102C940018300030300001788C8CBCACB8808C7853
:102CA400000178CCCCCCFCCCCCCCCC0001F8CCCC86
:102CB400CCF8CCCCCCF8000178CCCCC0C0C0CCCC07
:102CC400780001F8CCCCCCCCCCCCCCF80001FCC046
:102CD400C0C0F8C0C0C0FC0001FCC0C0C0F8C0C087
:102CE400C0C0000178CCCCC0C0DCCCDC6C0001CC12
:102CF400CCCCCCFCCCCCCCCC0003F060606060606D
:102D04006060F000010C0C0C0C0C0C0CCC78000175
:102D1400CCCCCCD8F0D8CCCCCC0001C0C0C0C0C086
:102D2400C0C0C0FC0000C6C6EEEED6D6D6C6C600ED
:102D340001CCCCECECFCDCDCCCCC000178CCCCCCF5
:102D4400CCCCCCCC780001F8CCCCCCF8C0C0C0C082
:102D5400000178CCCCCCCCCCECDC780C01F8CCCC1D
:102D6400CCF8D8CCCCCC000178CCCC603018CCCC0E
:102D7400780001FCB4303030303030300001CCCC3D
:102D8400CCCCCCCCCCCC780000C6C6C66C6C6C3831
:102D940038100000C6C6C6D6D6D6D6FE6C0001CC06
:102DA400CCCC483048CCCCCC0001CCCCCCCC78308A
:102DB4003030300001FC0C0C183060C0C0FC000343
:102DC400F0C0C0C0C0C0C0C0F00001C0C06060306E
:102DD40018180C0C0003F030303030303030F00074
:102DE400013078CC840000000000000100000000E5
:102DF40000000000FCFC03C0603000000000000084
:102E04000001000000780C7CCCCC7C0001C0C0C068
:102E1400D8ECCCCCECD8000100000078CCC0C0CCFD
:102E24007800010C0C0C6CDCCCCCDC6C00010000D8
:102E34000078CCFCC0CC780001386C6060F0606035
:102E44006060000100000074CCCCCC7C0C7801C024
:102E5400C0C0D8ECCCCCCCCC0003606000E0606097
:102E64006060F000010C0C000C0C0C0C0CCC780114
:102E7400C0C0C0CCD8F0F0D8CC00017030303030B5
:102E8400303030FC0000000000ECFED6D6D6D60070
:102E940001000000D8ECCCCCCCCC000100000078C0
:102EA400CCCCCCCC780001000000D8ECCCCCF8C061
:102EB400C0010000006CDCCCCC7C0C0C01000000D8
:102EC400D8ECC0C0C0C0000100000078CC6018CCB1
:102ED400780001006060F86060606C3800010000F8
:102EE40000CCCCCCCCDC6C0001000000CCCC48483D
:102EF40030300000000000C6C6D6D6FE6C000100CB
:102F04000000CC48303048CC0001000000CCCCCCD0
:102F14007C0CCC7801000000FC0C1860C0FC0002A2
:102F240038606060C060606038000360606060604A
:102F3400606060600002E030303018303030E00013
:102F44000164FC9800000000000000000200000082
:102F540000000000A91A0008091B000840004000F6
:102F6400C4080020D0080020030000000000000076
:102F7400451B00080000000010000000DC080020D1
:102F8400000000003C060020010102001155000869
:102F9400CD5500081D1A0008F55400084300000030
:102FA400A82F010809024300020100C0FA09040025
:102FB40000010202000005240010010524010001A3
:102FC400042402020524060001070582030800FF09
:102FD40009040100020A0000000705010240000084
:102FE400070581024000000012000000F42F0108D0
:102FF4001201100102000040830440570002010244
:10300400030100000403090418036E0061006E004C
:103014006F0076006E0061002E0063006F006D008B
:1030240016034E0061006E006F0056004E00410012
:103034002D00480034000000080334003000300044
:103044000400000008300108180000000C300108DA
:103054001600000024300108080000003C3001087C
:10306400312E322E35342D73670000007363616E88
:1030740000000000746F6F206D616E7920617267CB
:10308400756D656E74732C206D617820340D0A00A3
:10309400082008000100FFFE000002009FFE01005E
:1030A40004009FFE020008007FFE03011000FFFEE3
:1030B4000401000062616E647769647468202564A9
:1030C40020282575487A290D0A0000002573200060
:1030D40075736167653A2063616C205B25735D0DD0
:1030E4000A0000006C6F61647C6F70656E7C7368AD
:1030F4006F72747C746872757C69736F6C6E7C64B7
:103104006F6E657C6F6E7C6F66667C7265736574CA
:103114000000000075736167653A20636C65617235
:10312400636F6E666967207B70726F746563746920
:103134006F6E206B65797D0D0A00000031323334E7
:10314400000000004B657920756E6D6174636865DD
:10315400642E0D0A00000000436F6E6669672061EB
:103164006E6420616C6C2063616C20646174612006
:10317400636C65617265642E0D0A446F2072657319
:103184006574206D616E75616C6C7920746F207448
:10319400616B65206566666563742E205468656E90
:1031A40020646F20746F7563682063616C20616EA6
:1031B4006420736176652E0D0A00000075736167E3
:1031C400653A20636F6C6F72207B69647D207B722B
:1031D400676232347D0D0A00202532643A2030784B
:1031E400253036780D0A000075736167653A2063EF
:1031F4006F6E666967207B25737D205B307C315D53
:103204000D0A000075736167653A2064617461207A
:103214005B61727261795D0D0A00000025662025EC
:10322400660D0A0025366420000000007331317CED
:10323400733231006F6E7C6F666600007573616770
:10324400653A2066726571207B6672657175656E7C
:10325400637928487A297D0D0A000000436F6D6D5B
:10326400616E64733A000000202573004E616E6F36
:10327400564E412C4E616E6F564E412D4820342CD3
:1032840025732C25730D0A002564202564202575DB
:103294000D0A00006D61726B6572205B6E5D205BD0
:1032A40025737C7B696E6465787D5D0D0A00000082
:1032B4006F6E7C6F666600006C696E7C6C6F677CF9
:1032C40072697C72787C726C637C67627C676C6305
:1032D4007C727078707C72706C637C727873687CBA
:1032E400726C6373687C72787365727C726C6373DE
:1032F4006572000075736167653A206D6561737569
:103304007265207B25737D0D0A0000006E6F6E656B
:103314007C6C637C6C637368756E747C6C637365BE
:10332400726965737C7874616C7C66696C746572AF
:103334007C6361626C657C7265736F6E616E6365DC
:10334400000000006175746F7C6176677C636F6E4A
:103354006E656374696F6E7C6D6F64657C6772699A
:10336400647C646F747C626B7C666C69707C73656E
:1033740070617261746F727C7469660075736167E1
:10338400653A206D73672064656C6179205B7465B0
:1033940078745D205B6865616465725D0D0A000088
:1033A4006F6666736574207B6672657175656E639E
:1033B40079206F666673657428487A297D00000059
:1033C40075736167653A20706F776572207B302D65
:1033D400337D7C7B323535202D206175746F7D0DF6
:1033E4000A706F7765723A2025640D0A00000000A8
:1033F4004572722C2064656661756C74206C6F6113
:10340400640D0A00726563616C6C0000646675008B
:10341400506572666F726D696E672072657365744C
:1034240020746F20444655206D6F64650D0A0000BA
:10343400506572666F726D696E672072657365742C
:103444000D0A000073617665000000007573616702
:10345400653A20257320302E2E25640D0A000000C5
:10346400436F6E6669672073617665640D0A0000B8
:103474007363616C657C726566706F730000000035
:1034840075736167653A207363616E207B73746141
:10349400727428487A297D207B73746F7028487A67
:1034A400297D205B706F696E74735D205B6F75742A
:1034B4006D61736B5D0D0A006672657175656E638F
:1034C400792072616E676520697320696E76616C1C
:1034D40069640D0A00000000737765657020706FE1
:1034E400696E747320657863656564732072616EB8
:1034F4006765203430310D0A000000002575200076
:1035040025662025662000006572723A206E6F20C1
:10351400636172640D0A00004F4B00006572720013
:1035240075736167653A2073645F64656C6574657F
:10353400207B66696C656E616D657D0D0A00000017
:1035440064656C6574653A2025732025730D0A0043
:103554002A2E2A0075736167653A2073645F6C696B
:103564007374207B7061747465726E7D0D0A000043
:1035740025732025750D0A0075736167653A2073FC
:10358400645F72656164207B66696C656E616D65FC
:103594007D0D0A006572723A206E6F2066696C6553
:1035A4000D0A0000736D6F6F7468207B302D387DB9
:1035B4000000000025752025752025640D0A0000F3
:1035C40075736167653A207377656570207B7374E2
:1035D40061727428487A297D205B73746F7028485F
:1035E4007A295D205B706F696E74735D0D0A0973CF
:1035F40077656570207B25737D207B6672657128F5
:10360400487A297D0D0A00007463786F207B544347
:10361400584F206672657175656E637928487A29FA
:103624007D0000007468726573686F6C64207B664B
:1036340072657175656E637920696E206861726D5B
:103644006F6E6963206D6F64657D000075736167DB
:10365400653A2025730D0A63757272656E743A209B
:1036640025750D0A0000000062000000323025308C
:1036740032782F253032782F253032782025303299
:10368400783A253032783A253032780D0A757361EC
:1036940067653A2074696D65207B5B25735D203016
:1036A4002D39397D206F72207B6220307859594D35
:1036B4004D444420307848484D4D53537D0D0A0005
:1036C400666972737420746F7563682075707065B1
:1036D40072206C6566742C207468656E206C6F773C
:1036E40065722072696768742E2E2E00646F6E6591
:1036F4000D0A746F7563682063616C207061726178
:103704006D733A2025642025642025642025640DEA
:103714000A000000256420257320257320256620D7
:1037240025660D0A00000000616C6C006F6666007F
:1037340025642025732025730D0A000074726163CB
:1037440065207B307C317C327C337C616C6C7D20E9
:103754005B25735D205B7372635D0D0A7472616334
:1037640065207B307C317C327C337D205B25735D2E
:103774000D0A7472616365207B307C317C327C334A
:103784007D207B25737D207B76616C75657D0D0ABC
:103794000000000075736167653A207472616E738E
:1037A400666F726D207B25737D205B2E2E2E5D0D42
:1037B4000A0000006F6E7C6F66667C696D70756CC4
:1037C40073657C737465707C62616E64706173731D
:1037D4007C6D696E696D756D7C6E6F726D616C7CEC
:1037E4006D6178696D756D006C6F676D61677C7074
:1037F400686173657C64656C61797C736D697468F8
:103804007C706F6C61727C6C696E6561727C7377BD
:10381400727C7265616C7C696D61677C727C787C9A
:103824007A7C7A707C677C627C797C72707C78703C
:103834007C63737C6C737C63707C6C707C717C7255
:103844007365727C787365727C7A7365727C72734B
:10385400687C7873687C7A73687C7132317C7377A6
:1038640072616E740000000053657269616C3A20E5
:10387400257520626175640D0A0000002564206DC1
:10388400560D0A0025730D0A00000000703001086F
:10389400F97000080300903B0108CD730008030091
:1038A4009C3B0108356400080000A43B0108CD706E
:1038B40000080000B03B0108096400080F00B83B91
:1038C4000108297800080F00C03B0108FD640008C6
:1038D4000800C83B0108D96300080D00D03B01086B
:1038E4003D6700080800DC3B0108E16200080400B1
:1038F400E43B0108696200080700EC3B0108ED6144
:1039040000080700F43B0108A96100080700003C17
:1039140001086D61000808000C3C01082D610008D5
:103924000800183C0108696000080300203C0108F5
:103934002560000803002C3C0108E95A0008030034
:10394400383C0108995B00080E00403C0108B17541
:1039540000080F00483C0108F15F00080B004C3CD4
:1039640001085D7B0008010048340108B15F0008CC
:10397400080008340108457500080F00503C010890
:10398400A17D00080800583C0108C975000808001A
:10399400603C0108817F00080800683C01084D80F4
:1039A40000080800743C0108F565000807007C3C29
:1039B4000108795F00080F00843C0108B959000828
:1039C40007008C3C0108C15A00080700943C010818
:1039D400955A000807009C3C0108615F0008080034
:1039E400A43C0108315F00080800AC3C0108DD5E1E
:1039F40000080B00B43C0108A95E00080F00043C59
:103A04000108655E00080F00BC3C01084D810008F8
:103A14000F00C83C0108F95900080F00D03C010808
:103A24003D5E00080800DC3C0108915D00080800C8
:103A3400E83C0108615D00080800F43C0108255DCC
:103A440000080000FC3C0108015D00080000043D82
:103A54000108F15C000800000C3D0108D580000855
:103A64000000143D0108D580000800001C3D010839
:103A7400415C000808000000000000000000000095
:103A8400010027000000000000004F0000000000BB
:103A9400000077000000000000009F00000000000C
:103AA4000000C700000000000000EF00000000005C
:103AB400000017010000000000003F0100000000AA
:103AC40001000003000020410000E0400100010269
:103AD400000020410000E040010300030000803F9B
:103AE40000000000010101020000B4420000804017
:103AF4000605040201000000543B01085C3B010878
:103B0400643B01086C3B0108743B01087C3B0108E1
:103B1400803B0108843B0108883B01080D0A4E6183
:103B24006E6F564E41205368656C6C0D0A000000A0
:103B340063683E200000000025733F0D0A0000006A
:103B4400424DE0014001080163683E200D0A000077
:103B54006C6F6164000000006F70656E000000000F
:103B640073686F727400000074687275000000005E
:103B740069736F6C6E0000004573000045720000AD
:103B84004574000063616C27656400007363616EB3
:103B94005F62696E000000006461746100000000EF
:103BA4006672657175656E636965730066726571C9
:103BB400000000007377656570000000706F776522
:103BC400720000006F6666736574000062616E6463
:103BD400776964746800000074696D650000000012
:103BE40073645F6C6973740073645F72656164000D
:103BF40073645F64656C6574650000007361766569
:103C0400636F6E6669670000636C656172636F6EF3
:103C14006669670064756D7000000000746F7563F9
:103C24006863616C00000000746F75636874657389
:103C3400740000007061757365000000726573752F
:103C44006D6500006D73670063616C00747261637D
:103C5400650000006D61726B657200006564656CDF
:103C6400617900007332316F666673657400000019
:103C740063617074757265006D656173757265005A
:103C84007265667265736800746F7563680000001E
:103C940072656C6561736500766261740000000092
:103CA4007463786F0000000072657365740000002F
:103CB400736D6F6F7468000075736172745F63660F
:103CC40067000000757361727400000076626174AD
:103CD4005F6F6666736574007472616E73666F728B
:103CE4006D0000007468726573686F6C6400000096
:103CF40068656C7000000000696E666F000000006B
:103D040076657273696F6E002A49444E3F00000065
:103D14002A69646E3F000000636F6C6F72000000DC
:103D24005331310053323100426F6172643A204E94
:103D3400616E6F564E412D482034000032303139C7
:103D44002D3230323420436F707972696768742081
:103D5400404469536C6F7264202862617365642007
:103D64006F6E204065647935353520736F757263E5
:103D7400652900004C6963656E73656420756E6423
:103D840065722047504C2E00202068747470733A7A
:103D94002F2F6769746875622E636F6D2F446953A2
:103DA4006C6F72642F4E616E6F564E412D4400004D
:103DB400446F6E61746520737570706F72743A002D
:103DC40020205765624D6F6E65793A205A3331333E
:103DD4003832323836393131390000005665727361
:103DE400696F6E3A20312E322E35342D7367205B85
:103DF400703A3430312C2049463A31326B2C204110
:103E040044433A3338346B2C204C63643A343830AE
:103E1400783332305D0000004275696C6420546967
:103E24006D653A20417567203237203230323620B2
:103E34002D2030313A32343A333300004172636812
:103E440069746563747572653A2041524D763745DD
:103E54002D4D20436F72652056617269616E743A0C
:103E640020436F727465782D4D344600506C617434
:103E7400666F726D3A2053544D3332463330337883
:103E84004320416E616C6F6720262044535000002C
:103E940073746172747C73746F707C63656E746523
:103EA400727C7370616E7C63777C737465707C76EE
:103EB40061720000797C6D7C647C687C6D696E7CC9
:103EC4007365637C70706D00243D0108283D010812
:103ED400220020090000000000000000000000FF94
:103EE400FFFF0100906500000110110000000100B7
:103EF400000E27070120110000000100010000004E
:103F040002041111000001000084D7170208532392
:103F140014140100002B0C23020653231414010073
:103F240003000000020453231E1E010005000000CC
:103F3400020475233C3C010007000000020497338F
:103F44004B4BFC00090000000204B933505A8C01A9
:103F54000B0000000204DB335F5F1002000000006E
:103F6400000000FFFFFF0100906500000108110040
:103F74000000010000E1F50501201100000001002E
:103F840080A4BF0702081111000001000095BA0ABD
:103F940002061111000001000100000002041111C9
:103FA40000000100000B6B1B0206531128283C0083
:103FB4000046C3230204531128283C0003000000D8
:103FC4000204531332323C00008C864702047523EA
:103FD40046468C00050000000204752346468C000A
:103FE40000D2496B020497334646FC0007000000E8
:103FF400020497334646FC0000180D8F0204B933BF
:1040040055558C01090000000204B9335F5F8C012F
:104014000B0000000204CB335F5F100200000000BD
:10402400000000FFFFFF0100007D000001061113E6
:104034000000010080A4BF07012811130000010043
:10404400010000000204111300000100002B0C23E6
:104054000206531300003C00030000000204531343
:1040640000003C00050000000204753300008C00D1
:1040740007000000020497332828FC000900000010
:104084000204B93328288C010B0000000204DB333E
:1040940028281002603F0108DC3E01082040010886
:1040A400108080802A323A000203FF04108080804E
:1040B40002B7400203F80000000001010443059127
:1040C400060C070B08400B820C840D000E403C11BB
:1040D4001282138414403D071B4C1E880001010802
:1040E40002010A333D0047327B01341036100000D0
:1040F400374000100C00000037040004C00000002A
:10410400000051C2520000014C432D534552494511
:10411400530000004F00020053000400440001005B
:104124005200400053002000540080007400080036
:1041340058001000450000040000000000000000CA
:104144005DA2000800000000B4006801C6028C05EE
:104154004808180B9213000034004B0069009700C4
:10416400B800D5001D0152007900B400F6004801E2
:104174008A010D02A100DF004801CB012E026F026B
:104184003403B8000D018A012E02900213031A04AD
:104194006901EC01B102F903DF04A40590070000F2
:1041A400DC440108405401084854010850540108F3
:1041B4005854010860540108257320254625732F9F
:1041C4000000000025732025302E31664653000080
:1041D4002520362E33460000180000004D256400CB
:1041E400172571487A0000002571487A0000000004
:1041F4001725642D25643A0025632571487A00004B
:10420400254673202825466D290000004D25643A73
:104214000000000025634564656C61793A202546F9
:1042240073202825466D2900533231206F6666734A
:1042340065743A20252E33466442000025632573B5
:104244002025313571487A004357000053544152B8
:104254005400000053544F500000000043454E5496
:10426400455200005350414E000000005354415247
:1042740054203073202020205646203D20256425DC
:104284002500000053544F5020254673202825460E
:104294006D29000042573A2575487A20257570002B
:1042A40050256300732564004C6F772D7369646532
:1042B40000486967682D7061737300486967682DE9
:1042C40073696465004C6F772D70617373005332AA
:1042D400312046494C54455200663A20252E364634
:1042E400487A2028254664422900427720282D2533
:1042F400646442293A20252E3646487A00513A20F1
:1043040025460066282D2564293A00526F6C6C3AC4
:10431400004C2F43206D6174636820666F722073B4
:104324006F75726365205A30203D2025302E31662A
:104334001E004E6F204C43206D6174636820666FCD
:10434400722074686973004E6F206E656564206620
:104354006F72204C43206D61746368005372632054
:104364007368756E7400536572696573004C6F6190
:1043740064207368756E7400533131204341424C9C
:1043840045005A30203D2025461E005646203D203B
:10439400252E3266252520284C656E677468203DDD
:1043A4002025466D29004C656E677468203D2025E4
:1043B400466D202856463D2564252529004C6F73FB
:1043C40073203D202546644220617420252E344606
:1043D400487A00417474203D20254664422F3130D0
:1043E400306D20617420252E3446487A00533131D3
:1043F400205245534F4E414E4345002571487A2C77
:10440400202546252B6A461E00533131205357522E
:104414002042570066303A20252E3646487A202816
:1044240053575220252E3266290025643A31202024
:10443400252E3446202D20252E3446487A2020422D
:104444007720252E3346487A0025643A31202065AA
:10445400646765206F666620737765657000513AFE
:1044640020252E316600513A202D2D2D002546643D
:10447400422F64656300254664422F6F6374004EC7
:104484006F7420666F756E640046733D2571487ABB
:10449400004C6D3D2546482020436D3D2546462071
:1044A40020526D3D25461E00513D252E33660046A3
:1044B400703D2571487A202017463D2564004370DD
:1044C4003D25464600000000000040400000C0407A
:1044D400000020410000A0414D414E55414C0000D8
:1044E40041444D495400000014120200481A0200CD
:1044F400C0330700184F070040771B00389C1C008E
:10450400E067350020753800009E3900C0FB390093
:10451400C0CF6A00A0636F00201D9A0070E09A006B
:10452400809FD500B0F6DA0020B21301C03815011F
:10453400406F4001104D470190CA7B0130517D010D
:10454400003FAB01A02FC50180F0FA0280F93703C8
:1045540000449508004DD2088047A1198074D21AEE
:1045640000E6E849006D7C4D14120200481A02006E
:10457400C0330700184F070040771B0080841E00DB
:10458400E067350000093D0044565100C07E5200EA
:10459400C0CF6A00A0636F00201D9A0070E09A00EB
:1045A400809FD500B0F6DA0020B21301C03815019F
:1045B400406F4001104D470190CA7B0130517D018D
:1045C400003FAB01A02FC50180F0FA0280F9370348
:1045D40000449508004DD20880733B0D403A690DA4
:1045E4008047A1198074D21A806DC33500285037D2
:1045F40000E6E849006D7C4D14120200481A0200DE
:10460400C0330700184F0700509E1B0080841E0013
:10461400E0673500C0FB39004CA85100E4E25100CA
:10462400C0CF6A0000DD6D00201D9A0070E09A0082
:10463400809FD500B0F6DA0020B21301C03815010E
:10464400406F4001104D470190CA7B0130517D01FC
:10465400003FAB01A02FC50180F0FA0200751903D9
:104664000044950880C8B3088047A11900DE391AB0
:1046740000E6E849006D7C4D14120200481A02005D
:10468400C0330700184F0700509E1B0080841E0093
:10469400E0673500C0FB39004CA85100E4E251004A
:1046A400C0CF6A0000DD6D00201D9A0070E09A0002
:1046B400809FD500B0F6DA0020B21301C03815018E
:1046C400406F4001104D470190CA7B0130517D017C
:1046D400003FAB01A02FC50180F0FA020075190359
:1046E400801D2C04A0BE33040044950880C8B30880
:1046F4008047A11900DE391A00E6E849006D7C4DB7
:1047040014120200481A0200C0330700184F0700B1
:1047140040771B0080841E00E067350000093D00DF
:1047240044565100C07E5200C0CF6A00A0636F009F
:10473400201D9A0070E09A00809FD500B0F6DA0040
:1047440020B21301C0381501406F4001104D4701DC
:1047540090CA7B0130517D01003FAB01A02FC50100
:1047640080F0FA0280F9370300449508004DD2081E
:1047740080733B0D403A690D00B108198074D21A58
:10478400806DC3350028503700E6E849006D7C4D44
:1047940014120200481A0200C0330700184F070021
:1047A40040771B0080841E00E067350060823B0078
:1047B4004CA85100E4E25100C0CF6A0000DD6D0056
:1047C400201D9A0070E09A00809FD500B0F6DA00B0
:1047D40020B21301C0381501406F4001104D47014C
:1047E40090CA7B0130517D01003FAB01A02FC50170
:1047F40080F0FA0280F9370300449508004DD2088E
:104804008047A11900DE391A00E6E849006D7C4DA5
:1048140014120200481A0200C0330700184F0700A0
:1048240040771B00509E1B00E8D81B00389C1C00DE
:10483400E067350060A03600B0E037005842380029
:10484400F07C3800A0B33800E824390090863900A1
:1048540098D83900480F3A00C0CF6A0000DD6D00D7
:10486400201D9A0070E09A00809FD500B0F6DA000F
:1048740020B21301C0381501406F4001104D4701AB
:1048840090CA7B0130517D01003FAB01A02FC501CF
:1048940080F0FA0280F937030044950880C8B30811
:1048A4008047A11900DE391A00131A4B006D7C4DA4
:1048B40014120200481A0200C0330700184F070000
:1048C400509E1B0080841E00E0673500C0FB390049
:1048D400043D5000247F5200C0CF6A0000DD6D000B
:1048E400201D9A0070E09A00809FD500B0F6DA008F
:1048F40020B21301C0381501406F4001104D47012B
:1049040090CA7B0130517D01003FAB01A02FC5014E
:1049140080F0FA0200751903801D2C04A0BE330434
:104924000044950880C8B3088047A11900DE391AED
:1049340000E6E84940E5F94E14120200481A020064
:10494400C0330700184F070040771B0080841E0007
:10495400E067350000093D0044565100C07E520016
:10496400C0CF6A00A0636F00201D9A0070E09A0017
:10497400809FD500B0F6DA0020B21301C0381501CB
:10498400406F4001104D470190CA7B0130517D01B9
:10499400003FAB01A02FC50180F0FA0280F9370374
:1049A40000449508004DD20880733B0D403A690DD0
:1049B40000B108198074D21A806DC33500285037AD
:1049C40000E6E849006D7C4D010203020201010387
:1049D400030000006C5401087C460108110000002B
:1049E4007454010804470108120000007C540108B3
:1049F4009447010810000000845401083C49010850
:104A040012000000885401086C45010812000000DF
:104A140090540108B448010811000000945401089E
:104A2400FC450108100000009C54010814480108CA
:104A340014000000A4540108EC4401081000000014
:104A4400FB00051F06400000644A01082100000025
:104A5400F04B01081F000000644D01082100000014
:104A640014120200B818020000000000B818020076
:104A7400481A020001000000C0330700783F070015
:104A840000000000783F0700184F070001000000F5
:104A9400509E1B00B00B1C0000000000B00B1C005B
:104AA400381F1C0001000000381F1C0080841E00F9
:104AB40002000000E0673500507936000000000075
:104AC4005079360080EE36000100000080EE36009A
:104AD400C0FB3900020000004CA8510010B2510084
:104AE4000000000010B25100F0E05100020000008C
:104AF400F0E05100E4E2510001000000C0CF6A0080
:104B0400006C6B0000000000006C6B0010936B00E5
:104B14000100000010936B0000DD6D000200000036
:104B2400201D9A0050929A000000000050929A00B2
:104B340070E09A0001000000809FD500F0B0D6001C
:104B440000000000F0B0D600082AD70001000000E1
:104B5400082AD700B0F6DA000200000020B21301E0
:104B6400981B140100000000981B1401185A14012A
:104B740001000000185A1401C03815010200000099
:104B8400406F4001B080410100000000B08041014D
:104B940018BD42010100000018BD4201104D47013B
:104BA4000200000090CA7B01382C7C010000000048
:104BB400382C7C01B86A7C0101000000B86A7C01D1
:104BC40030517D0102000000003FAB017050AC0188
:104BD400000000007050AC01E8ADAE01010000001F
:104BE400E8ADAE01A02FC5010200000014120200BE
:104BF400B818020000000000B8180200481A0200A9
:104C040001000000C0330700783F070000000000E7
:104C1400783F0700184F07000100000040771B0091
:104C2400509E1B0001000000509E1B0080131C00BE
:104C34000000000080131C0080841E00020000009D
:104C4400E0673500507936000000000050793600E6
:104C540080EE36000100000080EE360000093D00C1
:104C64000200000044565100C07E520002000000C1
:104C7400C0CF6A00006C6B0000000000006C6B0089
:104C8400B8776B0001000000B8776B00A0636F0079
:104C940002000000201D9A0050929A0000000000BB
:104CA40050929A0070E09A0001000000809FD500A5
:104CB400F0B0D60000000000F0B0D600082AD700FB
:104CC40001000000082AD700B0F6DA000200000054
:104CD40020B21301981B140100000000981B14015A
:104CE400185A140101000000185A1401C0381501A3
:104CF40002000000406F4001B0804101000000004C
:104D0400B080410118BD42010100000018BD4201FC
:104D1400104D47010200000090CA7B01382C7C0131
:104D240000000000382C7C01B86A7C0101000000FE
:104D3400B86A7C0130517D0102000000003FAB01E4
:104D44007050AC01000000007050AC01E0D2AF0123
:104D540001000000E0D2AF01A02FC5010200000055
:104D640014120200B818020000000000B818020073
:104D7400481A020001000000C0330700783F070012
:104D840000000000783F0700184F070001000000F2
:104D940040771B00B00B1C0000000000B00B1C008F
:104DA400381F1C0001000000381F1C0080841E00F6
:104DB40002000000E0673500507936000000000072
:104DC4005079360080EE36000100000080EE360097
:104DD40060823B00020000004CA8510010B2510058
:104DE4000000000010B25100F0E051000200000089
:104DF400F0E05100E4E2510001000000C0CF6A007D
:104E040068316B000000000068316B0078586B005B
:104E14000100000078586B0000DD6D000200000006
:104E2400201D9A0050929A000000000050929A00AF
:104E340070E09A0001000000809FD500F0B0D60019
:104E440000000000F0B0D600082AD70001000000DE
:104E5400082AD700B0F6DA000200000020B21301DD
:104E6400981B140100000000981B1401185A140127
:104E740001000000185A1401C03815010200000096
:104E8400406F4001B080410100000000B08041014A
:104E940018BD42010100000018BD4201104D470138
:104EA4000200000090CA7B01382C7C010000000045
:104EB400382C7C01B86A7C0101000000B86A7C01CE
:104EC40030517D0102000000003FAB017050AC0185
:104ED400000000007050AC01E0D2AF0101000000FE
:104EE400E0D2AF01A02FC5010200000025342E320C
:104EF4004625630000007FC07FC07FC07FC07FC0A5
:104F04007FC07FC07FC07FC03F801F000E000400B1
:104F140004000E001F003F807FC07FC07FC07FC0A1
:104F24007FC07FC07FC07FC07FC00000FFE08020C3
:104F340086208E2096208620862086208620862025
:104F44004F40208011000A000A00110020804640D2
:104F54008E209620862086208620862086208F20FC
:104F64008020FFE0FFE080208F2099A099A081A0FD
:104F740083208E20982098205F40208011000A0012
:104F84000A00110020804F4099A099A081A083209D
:104F94008E20982098209FA08020FFE0FFE08020B2
:104FA4009F20B1A0B1A081A0872081A0B1A0B1A011
:104FB4005F40208011000A000A00110020805F4039
:104FC400B1A0B1A081A0872081A0B1A0B1A09F20F1
:104FD4008020FFE0FFE08020832087208F209B201B
:104FE400B320B320BFA083204340208011000A00D7
:104FF4000A0011002080434087208F209B20B3208B
:10500400B320BFA0832083208020FFE0FFE0802026
:10501400BFA0B020B020BF20B1A081A081A0B1A0CA
:105024005F40208011000A000A00110020804040E7
:10503400BFA0B020BF20B1A081A081A0B1A09F20BB
:105044008020FFE0FFE080209F20B1A0B020B720A7
:10505400B9A0B1A0B1A0B1A05F40208011000A00A6
:105064000A00110020805F40B1A0B020B720B9A091
:10507400B1A0B1A0B1A09F208020FFE0FFE080207C
:10508400BFA0B1A081A0832086208C208C208C20FE
:105094004C40208011000A000A001100208040408A
:1050A400BFA0B1A081A0832086208C208C208C20DE
:1050B4008020FFE0FFE080209F20B1A0B1A09F20CE
:1050C400B1A0B1A0B1A0B1A05F40208011000A003E
:1050D4000A00110020805F40B1A0B1A09F20B1A0C0
:1050E400B1A0B1A0B1A09F208020FFE06C520108C4
:1050F400705201081DA70008E99400087C520108B9
:1051040080520108B9A50008E994000890520108EA
:1051140040580108B1920008B99200089852010859
:10512400A05201080993000861AA0008A8520108C6
:10513400B05201080993000861AA0008BC52010892
:10514400C4520108ADA4000821A50008CC520108EE
:10515400D4520108ADA400084DA50008E05201088E
:10516400A0520108E9A400084DA50008EC5201086A
:10517400B0520108E9A400084DA50008F85201083E
:10518400A0520108E1AC000839AA00080453010840
:10519400B0520108E1AC000839AA00081053010814
:1051A400A0520108F9A4000895A500081C530108A1
:1051B400B0520108F9A4000895A5000806000100F2
:1051C400E900010006000C00E9000C0006001700CD
:1051D400E900170006002200E90022000000000098
:1051E4000000000000000000000300009DA3000870
:1051F4008DAA000802010000419A0008F9B00008D5
:1052040002010000419A0008F9B000080201000000
:10521400419A0008F9B000080201000095980008BE
:1052240071A0000801030000B5960008A9B80008A1
:1052340001030000259E000821B7000801030000B7
:105244008195000821A800084C432D5348554E541D
:10525400005854414C2D5345524945530000000019
:10526400C0F0FCF0C00000004C494E00252E326610
:1052740020252B2E31661F004C4F4700252E31660A
:10528400644220252B2E31661F0000005265202B1E
:1052940020496D0052202B206A5800002546252BFA
:1052A4006A461E0052202B204C2F430025461E2008
:1052B400254625630000000047202B206A42000099
:1052C4002546252B6A46530047202B204C2F4300AC
:1052D4002546532025462563000000005270202BEC
:1052E400206A5870000000005270202B204C2F437D
:1052F40000000000522B6A58205348554E540000B9
:10530400522B4C2F432053482E2E0000522B6A5808
:105314002053455249455300522B4C2F43205345AB
:10532400522E2E004C4F474D41470000252E326629
:105334002573000017252E3366257300504841530A
:105344004500000017252E3266257300252E3446AD
:1053540025730000534D495448000000504F4C4100
:10536400520000004C494E454152000017252E348E
:105374004625730053575200252E336625730000CB
:105384005245414C00000000252E3666257300006E
:1053940017252E3566257300494D4147000000004E
:1053A400252E36666A25730017252E35666A257301
:1053B40000000000252E33462573000017252E33E8
:1053C400462573001E0000007C5A7C005A20706839
:1053D40061736500252E31662573000047000000C7
:1053E4007C597C0052700000587000004373000028
:1053F400460000004C730000437000004C70000035
:1054040051000000252E3466257300005273657226
:105414000000000058736572000000007C5A736538
:10542400727C000052736800587368007C5A736879
:105434007C00000053575220414E54004C4D522DD5
:105444003430300052472D323133000052472D386A
:105454005800000052472D353800000052472D31C6
:1054640037342F3331360000494152552052310030
:10547400494152552052320049415255205233007D
:105484005553410043414E4144410000554B0000F7
:105494004745524D414E59004A4150414E0000008B
:1054A4004155535452414C49410000000000004012
:1054B40000004040285301083053010838530108C4
:1054C4003C4201080000E04000002041B9A500086A
:1054D4004053010830530108485301088C52010815
:1054E400000080400000B442E9940008987001086C
:1054F40050530108505301084C71010800008040CA
:105504005F7089307594000858530108000000004A
:105514000000000058310108000000000000803F36
:1055240000000000605301080000000000000000BB
:1055340058310108000000000000803F0000000016
:105544006853010850530108705301085831010889
:10555400000000000000003E1DA700087853010869
:105564007C53010838530108583101080000000039
:105574000000803E35A70008845301088C530108BD
:105584009453010858310108000080400000803E17
:10559400B19200089C530108A4530108AC530108BC
:1055A40058310108000080400000803EB992000894
:1055B40064530108B8530108C0530108C8530108D3
:1055C400000000000000C842099300085454010878
:1055D400B8530108C0530108C853010800008040B3
:1055E4000000C84261AA0008CC530108B85301085E
:1055F400C0530108C85301080000000000004842DD
:10560400D1A60008D0530108D85301084853010813
:105614008C520108000080400000B442FDA500083F
:10562400E0530108B8530108C0530108146D010880
:10563400000000000AD7233CADA40008BC6C01089C
:10564400B8530108C0530108146D010800008040DC
:105654000AD7233C21A50008E4530108B8530108E4
:10566400C0530108146D0108000000000AD7A33CD0
:105674000DA70008E8530108B8530108C0530108F6
:10568400C8530108000000000000C842E9A4000853
:10569400EC530108B8530108C0530108C85301086A
:1056A400000080400000C8424DA50008F0530108E6
:1056B4005053010870530108F4530108000080405E
:1056C40077CC2B32BDAC0008F853010850530108C5
:1056D40070530108C86F01080000804077CC2B325A
:1056E400A1AC0008FC530108505301087053010891
:1056F400F45301080000804077CC2B3279A50008D0
:10570400005401085053010870530108C86F010880
:105714000000804077CC2B325DA5000804540108BA
:1057240008540108385301085831010800000000EA
:1057340000002041A9A6000810540108B85301082C
:10574400C0530108C8530108000080400000C8424B
:10575400F9A4000818540108B8530108C0530108FB
:10576400C8530108000080400000C84295A5000805
:1057740020540108B8530108C0530108C853010854
:10578400000080400000C8423DA6000828540108DB
:10579400B8530108C0530108C853010800008040F1
:1057A4000000C842E1AC00082C540108B8530108B9
:1057B400C0530108C8530108000080400000C842DB
:1057C40039AA000830540108B8530108C05301082D
:1057D400C8530108000080400000C84275A60008B4
:1057E40004540108085401083853010858310108C9
:1057F40000000000000020411DA6000838540108E4
:105804007C53010838530108583101080000000096
:105814000000803EBDAF0008736574204341424CD4
:1058240045204C454E4754480000000073657420E1
:105834004341424C45204C4F535300002546252BF1
:105844006A460000424D7AB00400000000007A006D
:1058540000006C000000E0010000400100000100B5
:1058640010000300000000B00400C40E0000C40EC9
:105874000000000000000000000000F80000E00745
:1058840000001F00000000000000424752730000A7
:105894000000000000000000000000000000000004
:1058A40000000000000000000000000000000000F4
:1058B40000000000000000000000000000000000E4
:1058C4002A002C019C00144A1A012C019C00144A41
:1058D400B6012C012A00141100002C012A00140A1C
:1058E40000000000A0001E0644454C003C003E00A1
:1058F40058004E4F2043415244004552524F5200EB
:105904002E2E002D202575207C202575202D002588
:10591400732F257300000000FFC08040804080404A
:10592400804080408040804080408040FFC0FFC075
:105934008020806080C08180A340B6409C40884025
:105944008040FFC000001E00210040808040804055
:1059540080408040408021001E0000001E00210085
:105964004C809E40BF40BF409E404C8021001E00A2
:10597400FFE080208FA099A0B1A0B1A0BFA0B1A0EA
:10598400B1A08020FFE0FFE08020B1A0B1A0BBA0C7
:10599400BFA0B5A0B5A0B1A08020FFE00103020123
:1059A40004020806100400009074010819DA0008C3
:1059B400C5D80008000000009474010819DA000832
:1059C400C5D80008000000009874010859D80008E0
:1059D400D1D70008030000009C7401080DD700080B
:1059E4000DD60008030000004C3C010895D50008C2
:1059F400ADD5000800000000A07401087DD50008A2
:105A04000000000000000000A47401080000000071
:105A140019D5000800000000E4740108EC740108C2
:105A2400F4740108544F554348202573202A005428
:105A34004F5000424F54544F4D0025730A20021911
:105A4400252E34462573004341424C45204C454E97
:105A5400475448006D00452D44454C415920532579
:105A640064310A200219252E374673004A4F472015
:105A7400535445500A200219252E3371487A005296
:105A8400454620504F534954494F4E0025730A2030
:105A94000219252E3446005343414C450025730A10
:105AA400200219252E344625732F446976004A4F67
:105AB4004720535445500A2002192546730000001C
:105AC4000000000078004800000060003000300052
:105AD400185B0108745D0108FC5C0108F45A0108B4
:105AE4003C5B0108605B0108D85C0108205D01088B
:105AF4001000130A0300020112022203010411051B
:105B04002106000710082009320B3315230C30FF3F
:105B140031FF00001000130A0300020112022203E5
:105B2400010411052106000710082009300F310E69
:105B3400320D3314230C00001000130A0300020179
:105B4400120222030104110521060007100820098E
:105B540030113110320B3315230C00001000130ADE
:105B640003000201120222030104110521060007A9
:105B7400100820093110320D3314230C30FF0000BB
:105B84000000504201085D04010800015842010868
:105B94005D0401080002604201085D04010800037D
:105BA400684201085D0401080004686C01085D0492
:105BB40001080005706C01085D04010800067C6C96
:105BC40001085D0401080100886C0108250501082D
:105BD4000400335A0108590101080600335A010828
:105BE400590101080401375A010859010108060145
:105BF400375A010859010108010C9B5A0108610236
:105C04000108060D9B5A0108610201080300835A2A
:105C14000108C10201080600906C01080D03010887
:105C240006007C6C0108150101080300986C01084A
:105C3400650301080200A46C0108090501080100BC
:105C4400B06C01088503010805004B5A0108B9032B
:105C540001080000C06C0108ED0401080000CC6CD0
:105C64000108D50401080100D86C0108BD0401082D
:105C74000100E46C0108190401080119F06C010821
:105C8400C5E50008011A046D0108C5E50008030014
:105C9400186D0108350401080700206D010891F909
:105CA40000080701246D010891F900080702286D16
:105CB400010891F9000807032C6D010891F9000807
:105CC40007041C6D010891F900080705306D0108EF
:105CD40091F900081000130A0300020112022203C2
:105CE40001041105210600071008200930113112A2
:105CF4003213330B230C00001000130A03000201BB
:105D040012022203010411052106000710082009CC
:105D14003316230C30FF31FF32FF0000280100311D
:105D24001032203330344035503660377038803983
:105D34009030015111572145315241545159615507
:105D44007149814F915002411253224432464247D5
:105D54005248624A724B824C925F032D135A235865
:105D6400334343565342634E734D831A93160000D4
:105D74001000130A03000201120222030104110598
:105D840021060007100820093315230C30FF31FFCA
:105D940032FF466F726D6174206572720054524115
:105DA400434520256400000002008874010841EC8A
:105DB4000008000000000000000000000300DC7484
:105DC4000108ADD300080301DC740108ADD3000859
:105DD4000303DC740108ADD30008030BDC74010871
:105DE400ADD300080327DC740108ADD30008038396
:105DF400DC740108ADD30008000000000000AC5DB5
:105E040001084252494748544E45535320253364B0
:105E1400252520001A20555345204C4556454C4510
:105E24005220425554544F4E201B00000100506D27
:105E340001089C5E010803004C7301083DF0000852
:105E4400010058730108EC6701080300607301083E
:105E540001E300080200687301088DD00008030004
:105E640070730108B9DE000803007873010899DE35
:105E74000008000000000000AC5D010843414C3AFA
:105E8400202564700A20252E3646487A0A20252EBD
:105E94003646487A000000000301C07301087DE320
:105EA40000080302C87301087DE300080300D073EF
:105EB40001087DE300080304D87301087DE30008AA
:105EC4000303E07301087DE300080200E87301089E
:105ED400B5F100080201F0730108B5F100080000F3
:105EE40000000000AC5D01085331312028524546C2
:105EF4004C290053323120285448525529000000BF
:105F04000204186F010805FE0008000000000000EC
:105F1400AC5D01080200886D010805FE000802015D
:105F2400946D010805FE00080100A06D01081C60C5
:105F340001080203B06D010805FE00080100BC6DF4
:105F44000108FC5F01080202C86D010805FE000893
:105F54000300D06D010819E500080100E86D01088F
:105F6400B4670108000000000000AC5D01084E6148
:105F74006E6F564E412D48203400534E3A20253042
:105F840038782D253038782D253038782028257319
:105F940029005443584F203D202571487A20282554
:105FA4007329000216496E206D656D6F7279206F3A
:105FB40066204D61796102010054696D653A2032B1
:105FC40030253032642F253032642F25303264205E
:105FD400253032643A253032643A25303264202840
:105FE4004C5325632900426174743A2025642E259C
:105FF400303364560000000003022C6F0108510086
:1060040001080300406F0108B1EF00080000000020
:106014000000AC5D010800000316F46D0108A9F34B
:1060240000080315086E0108A9F300080317186E89
:106034000108A9F3000803002C6E0108C9EF000849
:106044000306406E0108510001080307506E010861
:10605400510001080100606E0108C06001080100E0
:10606400686E010878600108000000000000AC5D63
:10607400010800000300B46E0108E1E4000803080D
:10608400C06E010851000108030AD06E01085100D6
:1060940001080205E06E01081DF700080206F06E13
:1060A4000108F10001080100086F0108045F0108FC
:1060B400000000000000AC5D010800000200546F05
:1060C4000108EDFF0008000000000000AC5D0108BD
:1060D40003001071010875EF000801001871010830
:1060E4003462010801002C710108C0620108030038
:1060F40040710108B9DC000801009B5A0108486896
:1061040001080100507101085C6B010803005C7117
:106114000108F9EF0008010074710108B46901086D
:10612400000000000000AC5D01080000030460539F
:106134000108D5F10008030568530108D5F10008EA
:10614400030784530108D5F1000803089C53010890
:10615400D5F1000803168C720108D5F10008030D6F
:1061640098720108D5F10008030EA4720108D5F154
:106174000008030FE4530108D5F100080100686E1C
:10618400010894610108000000000000AC5D0108F2
:10619400030CB0720108D5F100080312B8720108AB
:1061A400D5F100080313C4720108D5F100080310E7
:1061B400D0720108D5F100080311DC720108D5F191
:1061C40000080314E8720108D5F100080315F472FD
:1061D4000108D5F10008000000000000AC5D0108D2
:1061E400039700730108D5F1000803980C730108A4
:1061F400D5F10008039918730108D5F10008039A32
:1062040024730108D5F10008039B2C730108D5F110
:106214000008039C34730108D5F10008039D8C72B7
:106224000108D5F10008000000000000AC5D010881
:10623400030028530108D5F1000803014053010865
:10624400D5F10008030298700108D5F10008030392
:1062540058530108D5F10008030678530108D5F115
:106264000008031E38540108D5F1000803134872CE
:106274000108A9F3000803006072010849E400085A
:1062840003144B5A0108A9F30008030974720108A6
:10629400D5F10008030A80720108D5F10008030B48
:1062A400CC530108D5F100080100686E0108306183
:1062B4000108000000000000AC5D010803802853C1
:1062C4000108D5F10008038140530108D5F1000805
:1062D400038298700108D5F100080383585301081C
:1062E400D5F10008038460530108D5F10008038543
:1062F40068530108D5F10008038784530108D5F1D8
:10630400000803889C530108D5F100080100686E59
:106314000108E4610108000000000000AC5D010810
:1063240025730A0219257300030029630108D1D3D8
:106334000008030129630108D1D30008030229637B
:106344000108D1D30008030329630108D1D300084D
:10635400030429630108D1D3000803052963010854
:10636400D1D30008030629630108D1D30008030729
:1063740029630108D1D30008030829630108D1D394
:106384000008030929630108D1D3000800000000B4
:106394000000AC5D010800000100686F0108D464CE
:1063A40001080300786F010889E4000802FF886F80
:1063B40001080DDD00080201986F01080DDD0008D9
:1063C4000100A86F0108E46301080300B46F010829
:1063D40051DE0008000000000000AC5D0108000070
:1063E400020070700108D1E1000802017870010810
:1063F400D1E10008020280700108D1E10008020323
:106404008C700108D1E10008020694700108D1E102
:106414000008000000000000AC5D010803002963CF
:106424000108A5F20008030129630108A5F2000888
:10643400030229630108A5F2000803032963010884
:10644400A5F20008030429630108A5F20008030566
:1064540029630108A5F20008030629630108A5F2CF
:106464000008030729630108A5F20008030829634B
:106474000108A5F20008000000000000AC5D01085E
:10648400030029630108A5F2000803012963010838
:10649400A5F20008030229630108A5F20008030914
:1064A40029630108A5F20008030A29630108A5F27B
:1064B4000008030B29630108A5F20008030C2963F3
:1064C4000108A5F20008000000000000AC5D01080E
:1064D4000300A070010801D100080301A0700108A5
:1064E40001D100080302A070010801D100080303D0
:1064F400A070010801D100080304A070010801D1B3
:1065040000080305A070010801D100080306A0706B
:10651400010801D100080307A070010801D1000897
:106524000200AC700108CDD000080300B47001086B
:1065340015DF0008000000000000AC5D0108000049
:106544000300E6670108D5EB00080301C06F0108EA
:10655400D5EB00080306CC6F0108D5EB0008030750
:10656400DC6F0108D5EB00080308F06F0108D5EBD8
:106574000008030200700108D5EB00080303107043
:106584000108D5EB0008030424700108D5EB0008CA
:10659400030538700108D5EB000800000000000076
:1065A400AC5D01080300E6670108D5EB00080306AB
:1065B400CC6F0108D5EB0008031258700108A9F349
:1065C400000803144B5A0108A9F300080000000056
:1065D4000000AC5D010800000300E6670108D5EB8C
:1065E4000008030538700108D5EB0008000000001E
:1065F4000000AC5D010800000300E6670108D5EB6C
:1066040000080301C06F0108D5EB0008000000007A
:106614000000AC5D010800000300E6670108D5EB4B
:1066240000080307DC6F0108D5EB00080000000038
:106634000000AC5D010800000300E6670108D5EB2B
:106644000008030200700108D5EB00080303107072
:106654000108D5EB0008030424700108D5EB0008F9
:10666400031848700108A9F30008000000000000A6
:10667400AC5D01080300E6670108D5EB00080308D8
:10668400F06F0108D5EB0008000000000000AC5DCD
:10669400010800000300AC740108F5D400080301EC
:1066A400AC740108F5D400080302AC740108F5D4F5
:1066B40000080303AC740108F5D400080304AC74A7
:1066C4000108F5D400080305AC740108F5D40008EA
:1066D4000306AC740108F5D400080307AC74010880
:1066E400F5D40008000000000000AC5D0108504132
:1066F40055534500524553554D45000003FFDC708A
:106704000108D1D400080300B4740108D1D40008EE
:106714000301B4740108D1D400080302B47401085D
:10672400D1D400080303B4740108D1D400080000D4
:1067340000000000AC5D0108504F5745520219207B
:106744002025756D4100000002048C730108F100DE
:1067540001080300A073010895E200080301A07377
:10676400010895E200080302A073010895E20008FD
:106774000303A073010895E200080304A073010851
:1067840095E200080305A073010895E200080306DA
:10679400A073010895E20008000000000000AC5D51
:1067A4000108252E3646487A0A252E3646487A00B0
:1067B4000319706E0108A9F30008031A7C6E01081E
:1067C400A9F30008031B886E0108A9F3000803005D
:1067D400A06E01086DDE0008000000000000AC5D42
:1067E40001084F46460000000204AC7301081DF77F
:1067F40000080300A073010849EC00080301A0731A
:10680400010849EC00080302A073010849EC0008E0
:106814000303A073010849EC00080304A0730108F2
:1068240049EC00080305A073010849EC00080306BD
:10683400A073010849EC0008000000000000AC5DF2
:106844000108000003001071010869DC000802005F
:10685400F471010841E000080308335A0108D9F330
:106864000008030A375A0108D9F30008030C9B5A9D
:106874000108D9F30008030E835A0108D9F300086C
:10688400030F906C0108A9F30008031100720108BA
:10689400A9F3000803041872010851000108030554
:1068A4002C7201085100010803003872010819F024
:1068B4000008000000000000AC5D01080100D07376
:1068C4000108106901080200FC7301081DF70008A3
:1068D4000201087401081DF700080202147401087B
:1068E4001DF700080204207401081DF700080300C6
:1068F400347401085100010803094074010851006F
:106904000108000000000000AC5D0108020254749C
:106914000108F1000108020064740108F100010893
:10692400020170740108F100010802047C7401087A
:10693400F1000108000000000000AC5D0108000047
:106944000300506F01083DDD00080301506F01088A
:106954003DDD00080302506F01083DDD000803031C
:10696400506F01083DDD00080304506F01083DDD50
:1069740000080305506F01083DDD00080306506F51
:1069840001083DDD00080307506F01083DDD0008E4
:106994000308506F01083DDD00080309506F01082A
:1069A4003DDD0008000000000000AC5D01080000AF
:1069B400030180710108510001080300947101086A
:1069C40065E400080301A071010865E400080302FE
:1069D400A071010865E400080304A071010865E4DE
:1069E40000080305A071010865E400080306A0710E
:1069F400010865E40008000000000000AC5D010827
:106A0400030050420108A9F3000803015842010899
:106A1400A9F30008030260420108A9F30008030374
:106A240068420108A9F300080304686C0108A9F38B
:106A340000080305BC700108A9F300080306D07020
:106A44000108A9F300080300E470010899EF0008A5
:106A5400030BF87001085100010800000000000059
:106A6400AC5D0108434C4541520053544F5245001C
:106A74000307BC740108A9F300080300D0740108DB
:106A840009D400080301D074010809D400080302E2
:106A9400D074010809D400080303D074010809D490
:106AA40000080304D074010809D4000800000000A1
:106AB4000000AC5D010800000100346D0108D460E1
:106AC400010801003C6D01089C6301080100446D4C
:106AD4000108046A01080100506D0108305E0108D4
:106AE40001005C6D01084C6701080200646D010837
:106AF400E1EF000801006C6D0108C06801080100A5
:106B0400746D0108185F010803007C6D010839DC0D
:106B14000008000000000000000000000300A15D68
:106B24000108E9E300080301A15D0108E9E30008A5
:106B34000302A15D0108E9E300080303A15D010864
:106B4400E9E30008030040730108BDE30008000006
:106B540000000000AC5D01080300A4710108D9DE47
:106B640000080302B47101082DDE00080304C87193
:106B740001082DDE00080300D87101082DDE00088D
:106B84000300E47101087DCF000803125870010866
:106B9400A9F30008000000000000AC5D01084D41AD
:106BA40058494D554D004D494E494D554D004E4F98
:106BB400524D414C0000000033006500C9002D0116
:106BC400910100002146696C6520637265617465FA
:106BD40064206279204E616E6F564E410D0A232067
:106BE400487A205320524920522035300D0A0000A3
:106BF400257520252066202520660D0A000000004A
:106C04002146696C652063726561746564206279EC
:106C1400204E616E6F564E410D0A2320487A205350
:106C240020524920522035300D0A000025752025B8
:106C34002066202520662025206620252066203019
:106C44002030203020300D0A000000004D4158490A
:106C54004D554D004D494E494D554D005A45524FE5
:106C6400000000004357204652455100465245510A
:106C740020535445500000004A4F47205354455078
:106C840000000000504F494E54530000452D444528
:106C94004C415900533231204F464653455400006D
:106CA40056454C4F43495459252500004341424C15
:106CB40045204C4F53532064420000005443584F26
:106CC4002032364D487A00005448524553484F4CC0
:106CD40044000000424154204F46465345540000AE
:106CE4004D45415355524520526C000053455420A4
:106CF400444154450A5959204D4D20444400000054
:106D04005345542054494D450A4848204D4D20537D
:106D1400530000005254432043414C00533150006F
:106D240053325000424D50005449460042494E00EF
:106D3400444953504C4159004D41524B4552000077
:106D44005354494D554C55530000000043414C49A0
:106D54004252415445000000524543414C4C00000E
:106D64004D4541535552450053442043415244003C
:106D7400434F4E464947000025730A535745455033
:106D840000000000544F5543482043414C0000008C
:106D9400544F5543482054455354000045585045DA
:106DA40052540A53455454494E475300534156458F
:106DB40020434F4E46494700434F4E4E45435449A6
:106DC4004F4E000056455253494F4E0042524947D8
:106DD40048544E4553530A20021925642525252578
:106DE40000000000444154452F54494D4500000023
:106DF4005448524553484F4C440A200219252E3614
:106E0400710000005443584F0A200219252E367190
:106E14000000000056424154204F46465345540A50
:106E240020021925756D56004946204F46465345A4
:106E3400540A2002192564487A00000052454D4541
:106E44004D4245520A53544154450000464C495062
:106E54000A444953504C4159000000001B44465514
:106E6400000000001B204D4F5245000053455420A4
:106E740044415445000000005345542054494D45B5
:106E8400000000005254432043414C0A20021925BB
:106E94002B622E336670706D000000005254432044
:106EA400353132487A0A204C65643220257300005B
:106EB4004D4F44450A2002192573000053455041A3
:106EC4005241544F520A200219257300555342204F
:106ED4004445564943450A554944000044554D50DC
:106EE4000A4649524D574152450000004C4F414417
:106EF40020434F4D4D414E440A2053435249505470
:106F040000000000434C45415220434F4E46494740
:106F140000000000434C45415220414C4C0A414E74
:106F24004420524553455400434F4E4E4543544923
:106F34004F4E0A20021925730000000053455249A0
:106F4400414C2053504545440A2002192575000040
:106F5400524553455420414E440A454E544552200F
:106F64004446550053454C4543540A4D41524B4504
:106F7400520000005345415243480A200219257328
:106F8400000000005345415243480A201A4C45462C
:106F9400540000005345415243480A201B524947BC
:106FA400485400004F5045524154494F4E5300003D
:106FB400545241434B494E47000000004C2F43209C
:106FC4004D415443480000004341424C450A2028A7
:106FD40053313129000000005245534F4E414E4376
:106FE400450A20285331312900000000535752200C
:106FF40042570A2028533131290000005348554E86
:1070040054204C430A202853323129005345524915
:107014004553204C430A20285332312900000000F4
:107024005345524945530A5854414C202853323150
:107034002900000046494C5445520A202853323155
:107044002900000020526C203D20021925622E34B4
:10705400461E000056454C4F4349545920462E0ABB
:107064002002192564252525250000001B205354E2
:10707400415254001B2053544F5000001B204345E1
:107084004E544552000000001B205350414E000056
:107094001B20452D44454C41590000004D41524BA5
:1070A4004552202564000000414C4C204F464600C8
:1070B40044454C5441000000465245512053544528
:1070C400500A200219256246487A00004A4F472098
:1070D400535445500A2002194155544F00000000F2
:1070E400535745455020504F494E54530A200219D6
:1070F400257500004D555445204F55545055540A9C
:107104004F4E205041555345000000005452414316
:1071140045000000464F524D41540A20533131205E
:10712400285245464C290000464F524D41540A20EE
:107134005332312028544852552900004348414EC7
:107144004E454C0A20021925730000005452414E4A
:1071540053464F524D00000049462042414E445789
:10716400494454480A2002192575487A0000000051
:107174004441544120534D4F4F544800534D4F4FB9
:1071840054480A2002192573206176670000000024
:10719400534D4F4F54480A4F46460000782564002B
:1071A4005452414E53464F524D0A2573000000007D
:1071B4004C4F5720504153530A494D50554C534559
:1071C400000000004C4F5720504153530A5354457C
:1071D4005000000042414E4450415353000000000F
:1071E40057494E444F570A200219257300000000E6
:1071F4004155544F205343414C45000053323120F4
:107204004F46465345540A20021925622E334664DC
:107214004200000053484F5720475249440A564100
:107224004C55455300000000444F542047524944F4
:107234000000000048414D2042414E44530A2002C0
:10724400192573004341424C45204C4F53530A20A7
:10725400021925622E334664420000004341424C29
:107264004520545950450A20021925730000000096
:10727400524553495354414E4345000052454143FE
:1072840054414E43450000005120464143544F525F
:1072940000000000434F4E44554354414E434500C3
:1072A40053555343455054414E4345005A2050488A
:1072B40041534500534552494553204300000000C3
:1072C400534552494553204C00000000504152415F
:1072D4004C4C454C20520000504152414C4C454CC2
:1072E40020580000504152414C4C454C2043000072
:1072F400504152414C4C454C204C0000534552499E
:10730400455320520000000053455249455320582C
:1073140000000000534552494553207C5A7C00002C
:107324005348554E542052005348554E542058004B
:107334005348554E54207C5A7C0000002573205439
:107344005241434500000000504F57455220204110
:1073540055544F00534156450000000052414E47DA
:107364004500000052455345540000004150504C24
:1073740059000000454E48414E4345440A52455386
:10738400504F4E53450000004C4F41442046524F4D
:107394004D0A20534420434152440000456D70740B
:1073A40079202564000000005341564520544F0ABB
:1073B4002053442043415244000000004F50454EA6
:1073C4000000000053484F52540000004C4F414409
:1073D4000000000049534F4C4E00000054485255E1
:1073E40000000000444F4E4500000000444F4E454D
:1073F40020494E2052414D005341564520533150AF
:107404000000000053415645205332500000000054
:1074140053435245454E53484F540000534156453B
:107424000A43414C4942524154494F4E0000000026
:107434004155544F204E414D45000000494D4147B0
:107444004520464F524D41540A200219257300002D
:107454004C4F41440A53435245454E53484F540000
:107464004C4F414420533150000000004C4F4144E4
:1074740020533250000000004C4F41442043414C03
:10748400000000001A204241434B00007331700099
:1074940073327000626D70007469660062696E0018
:1074A400636D647C6E7673002564487A0000000086
:1074B4002575206D4100000053455420504F494E1E
:1074C40054530A200219256400000000256420702A
:1074D4006F696E7400000000257520487A00000072
:1074E40053693533353100004D53353335310000A0
:1074F400535743353335310049492A000800000009
:1075040007000001030001000000E0010000010188
:107514000300010000004001000002010300030019
:107524000000620000000301030001000000058068
:107534000000060103000100000002000000110128
:1075440004000100000068000000150103000100B0
:10755400000003000000000000000800080008000C
:10756400080049002A000800F78008002A004900A2
:1075740008004446553A20446576696365204669A7
:10758400726D7761726520557064617465204D6F0A
:1075940064650A546F206578697420444655206DEB
:1075A4006F64652C20706C6561736520726573650A
:1075B400742064657669636520796F757273656C90
:1075C400662E0000E1EC00086DF700083DF10008AC
:1075D400E5F00008FDE80008D9EA0008C5FC000849
:1075E40049FC000820204661696C20777269746543
:1075F400202000564E415F253036785F253036789E
:107604002E25730025732E257300534420434152C5
:10761400442053415645005550504552204C454650
:1076240054004C4F57455220524947485400544F38
:1076340055434820544553543A204452414720501E
:10764400414E454C2C2050524553532042555454DE
:107654004F4E20544F2046494E4953480025336429
:107664002025336420000000004B00000096000039
:1076740000E1000000C201000084030000080700CC
:1076840000100E0000201C0080841E00C0C62D00C7
:10769400000000000004C42001080004D0200108F8
:1076A40000040000000000040000000002040000C8
:1076B40000000204000000000004000000001A079B
:1076C400DC2001082804F020010800040000000068
:1076D400000400000000000401002800B00100B113
:1076E400010AB40102B60302023BB701C6C0021785
:1076F40015C10141C5030012803601283A015551D4
:1077040001FF1100290000002888E848FFFF00005D
:1077140000000000900E493CB00AC93C2CC3163D41
:107724002FFB483D742B7B3D05A9963D80B6AF3DAC
:1077340036BDC83D2EBCE13D73B2FA3D86CF093E4D
:107744008340163EB6AB223EA2102F3ECF6E3B3E88
:10775400C2C5473E0115543E135C603E7F9A6C3EA1
:10776400CCCF783EC07D823E938E883E229A8E3E58
:1077740031A0943E86A09A3EE59AA03E128FA63E82
:10778400D47CAC3EEF63B23E2A44B83E4A1DBE3EB2
:1077940015EFC33E53B9C93ECA7BCF3E4136D53EF1
:1077A40080E8DA3E4F92E03E7533E63EBBCBEB3EDB
:1077B400EA5AF13ECBE0F63E275DFC3EE4E7003FAB
:1077C4003D9C033F824B063F9BF5083F6B9A0B3F62
:1077D400DA390E3FCDD3103F2A68133FD9F6153F4F
:1077E400C07F183FC6021B3FD17F1D3FCBF61F3F12
:1077F4009967223F25D2243F5636273F1594293FC7
:107804004AEB2B3FDE3B2E3FBB85303FC9C8323F9E
:10781400F304353F233A373F4268393F3B8F3B3FC0
:10782400F9AE3D3F67C73F3F70D8413F00E2433F59
:1078340003E4453F65DE473F12D1493FF8BB4B3F68
:10784400029F4D3F1F7A4F3F3D4D513F4918533FD3
:1078540031DB543FE595563F5348583F6AF2593F50
:107864001A945B3F532D5D3F05BE5E3F2146603F4A
:1078740098C5613F5A3C633F59AA643F880F663FED
:10788400D86B673F3CBF683FA7096A3F0C4B6B3F0F
:107894005E836C3F93B26D3F9ED86E3F73F56F3F2E
:1078A4000809713F5213723F4714733FDD0B743F55
:1078B4000BFA743FC6DE753F07BA763FC58B773F38
:1078C400F853783F9812793F9DC7793F02737A3F06
:1078D400BE147B3FCDAC7B3F283B7C3FC9BF7C3F84
:1078E400AC3A7D3FCCAB7D3F24137E3FB0707E3FEE
:1078F4006DC47E3F580E7F3F6D4E7F3FAB847F3F0C
:107904000FB17F3F98D37F3F43EC7F3F11FB7F3F15
:047914000000803FB0
:087918002490FE7F0100000035
:107920000040380000000800564E4F4364A3E111A8
:10793000E02E00007C019902100E7A0D00008207F3
:10794000A401030000460000FFFF8410E73C000094
:10795000D69AFFE007FF07E0F81FF800001F1F009E
:10796000F80087F0FFFF8410001FC6380000FFFFFB
:10797000FFFF630C1F00F80000180000000000006B
:1079800000000000000000000096000080BA8C019A
:107990000000484200000000000000002C3D0108EB
:1079A000403D0108783D01088C3D0108B43D0108C7
:1079B000C43D0108E03D01081C3E0108403E0108AD
:1079C000703E01080000000001003101D1012600D5
:1079D00044650108FC6501083C6601083C66010835
:1079E0003C660108DC650108A86501081C66010801
:1079F00078660108BC6A0108000000000000000071
:107A00000000000000000000FF000000DF5EF8FF43
:04000005080001A14D
:00000001FF
