:020000040800F2
:1000000000010020C1000008C11C0008B9850008DB
:10001000011800080118000801180008011800085C
:10002000011800080118000801180008011800084C
:10003000011800080118000801180008011800083C
:10004000011800080118000801180008011800082C
:1000500001180008791F0108951F01080118000800
:10006000011800080118000801180008591F0108AC
:10007000951A01080118000801180008852B0008CE
:1000800001180008011800080118000801180008EC
:1000900001180008011800080118000801180008DC
:1000A000011800080118000801180008FD2B0008BD
:1000B000011800080118000801180008D52F0008D1
:1000C00072B6224880F30988022080F31488BFF3B7
:1000D0006F8F01F05FFB03F0DBF81D481D491E4ADE
:1000E000914202DA08600431FAE71C49174A91424A
:1000F00002DA08600431FAE719491A4A1A4B9A429F
:1001000004DA0868106004310432F8E70020174967
:10011000174A914202DA08600431FAE701F040FB25
:1001200001F03AFB134C144DAC4203DA21688847C6
:100130000434F9E708F08EF8104C114DAC4203DAA4
:10014000216888470434F9E70E4908470003002076
:1001500055555555000000200001002000010020E9
:100160006C79010800030020F8030020F803002048
:10017000303F0020C0000008C0000008C000000898
:10018000C00000089D170008F0B544464D4656468D
:100190005F46F0B46B46CB60C3689D46F0BCA0469A
:1001A000A946B246BB46F0BD62B6281CA047002057
:1001B00001F048FD01F0E6FC014A024B1360FEE746
:1001C00004ED00E00000008002B4714649084900D7
:1001D000095C49008E4402BC7047C04603B47146B6
:1001E000490840004900095A49008E4403BC704741
:1001F000002243088B4274D303098B425FD3030A66
:100200008B4244D3030B8B4228D3030C8B420DD378
:10021000FF22090212BA030C8B4202D31212090206
:1002200065D0030B8B4219D300E0090AC30B8B4244
:1002300001D3CB03C01A5241830B8B4201D38B03F2
:10024000C01A5241430B8B4201D34B03C01A524197
:10025000030B8B4201D30B03C01A5241C30A8B42DA
:1002600001D3CB02C01A5241830A8B4201D38B02C5
:10027000C01A5241430A8B4201D34B02C01A524169
:10028000030A8B4201D30B02C01A5241CDD2C309DB
:100290008B4201D3CB01C01A524183098B4201D357
:1002A0008B01C01A524143098B4201D34B01C01A42
:1002B000524103098B4201D30B01C01A5241C308BA
:1002C0008B4201D3CB00C01A524183088B4201D329
:1002D0008B00C01A524143088B4201D34B00C01A15
:1002E0005241411A00D20146524110467047FFE781
:1002F00001B5002000F0F0F802BDC0460029F7D09B
:1003000076E7704703460B437FD4002243088B42B5
:1003100074D303098B425FD3030A8B4244D3030B8C
:100320008B4228D3030C8B420DD3FF22090212BA51
:10033000030C8B4202D31212090265D0030B8B42CD
:1003400019D300E0090AC30B8B4201D3CB03C01AB7
:100350005241830B8B4201D38B03C01A5241430B92
:100360008B4201D34B03C01A5241030B8B4201D382
:100370000B03C01A5241C30A8B4201D3CB02C01AED
:100380005241830A8B4201D38B02C01A5241430A65
:100390008B4201D34B02C01A5241030A8B4201D354
:1003A0000B02C01A5241CDD2C3098B4201D3CB01FB
:1003B000C01A524183098B4201D38B01C01A5241AA
:1003C00043098B4201D34B01C01A524103098B42AE
:1003D00001D30B01C01A5241C3088B4201D3CB0099
:1003E000C01A524183088B4201D38B00C01A52417C
:1003F00043088B4201D34B00C01A5241411A00D22C
:1004000001465241104670475DE0CA0F00D0494294
:10041000031000D34042534000229C4603098B4204
:100420002DD3030A8B4212D3FC22890112BA030A8C
:100430008B420CD3890192118B4208D3890192110E
:100440008B4204D389013AD0921100E08909C30993
:100450008B4201D3CB01C01A524183098B4201D395
:100460008B01C01A524143098B4201D34B01C01A80
:10047000524103098B4201D30B01C01A5241C308F8
:100480008B4201D3CB00C01A524183088B4201D367
:100490008B00C01A5241D9D243088B4201D34B0082
:1004A000C01A5241411A00D20146634652415B10C4
:1004B000104601D34042002B00D5494270476346A5
:1004C0005B1000D3404201B5002000F005F802BDEA
:1004D0000029F8D016E770477047C046D0400B1C83
:1004E0001141203A03D49C461341184363465242BB
:1004F000934018437047C0468446081C6146FFE796
:100500001FB500F071FC002801D40021C8421FBDB6
:1005100010B500F0F3FB4042013010BD10B500F003
:1005200063FC002801DB002010BD012010BDC04687
:1005300010B500F059FC002801DD002010BD01209D
:1005400010BDC04610B500F001FC002801DC002001
:1005500010BD012010BDC04610B500F0F7FB00280B
:1005600001DA002010BD012010BDC046002B11D1C2
:10057000002A0FD1002900D1002802D00021C94350
:10058000081C07B4024802A14018029003BDC046EF
:1005900049FFFFFF03B4684601B5029800F048F830
:1005A000019B9E4602B00CBC7047C046F0B5CE46DB
:1005B000474615042D0C2E0080B50704140C3F0C83
:1005C0009946030C7E435D43674363437F19340CB4
:1005D000E4199C46A54203D980235B029846C44493
:1005E0004B4643435143250C36046544360C2404E2
:1005F000A4195B19591820000CBC90469946F0BD0F
:100600009E2110B5C905041CFFF7A6FF002803D1E1
:10061000201C00F009FF10BD9E21201CC90500F020
:1006200047FD00F001FF80231B069C466044F2E773
:10063000F0B557464E464546DE46E0B5040083B069
:100640000D00924699468B4230D82DD049465046EF
:1006500001F08CF829000600200001F087F8331A19
:100660009846203B9B4633D45A46534693404246D5
:100670001F00534693401E00AF423AD8AF4200D10C
:100680007BE05B46A41BBD41002B00DA78E0002232
:1006900000230092019301235A46934001930123C2
:1006A00042469340009328E08242CFD900220023A3
:1006B000009201930C9B002B01D01C605D600098A0
:1006C000019903B03CBC90469946A246AB46F0BDAA
:1006D000424620239B1A5246DA40414613004A46BE
:1006E0008A40170042461F43534693401E00AF42C4
:1006F000C4D900220023009201934346002BD9D095
:10070000FB079C46614672080A437B0846460EE09A
:10071000AB4201D1A2420CD8A41A9D410120241958
:100720006D410021013E24184D41002E06D0AB4200
:10073000EED9013E24196D41002EF8D1009801999F
:100740005B4600196941002B25DB2B005A464446C5
:10075000D3402A00E2401C005B461500002B2BDB37
:1007600026005F46BE40330026004746BE403200AA
:10077000801A9941009001919CE7A342B9D880E783
:100780004246202300219B1A00220091019201225F
:10079000DA40019283E7424620239B1A2A0046460C
:1007A0009A402300F340444613432A00E2401C00D1
:1007B0005B461500002BD3DA2023424626009B1A05
:1007C000DE402F00B4464646B74066463B00334302
:1007D000CAE7C046F8B54C02640A4746A0464C003A
:1007E000C90FCE4689464146430246005B0A360E93
:1007F000240E80B5C50F9C463200D800C900371BB7
:100800004D4560D0002F48DD002C00D17CE0FF2E4C
:1008100000D183E08023DB04194301231B2F07DC75
:100820000B002022FB40D71BB9404A1E91410B43CD
:10083000C31A5A0100D4A8E09B019C09200000F0D3
:1008400077FF05388440864200DDADE0861B22003C
:1008500020200136F240861BB44023005C1EA341D9
:10086000002613435A0704D00F221A40042A00D04E
:1008700004335A0100D48BE00136F2B2FF2E00D1CE
:100880008FE09B015B0A5B02D205580AED0710431B
:1008900028430CBC90469946F8BD002F49D1FE2450
:1008A000771C3C4200D086E0002E00D0DEE000281D
:1008B00000D1D1E00029E6D0431A5C0100D4F1E078
:1008C0000B1A4D46CEE7002F4ADD002C3FD0FF2EFD
:1008D00024D08023DB04194301231B2F07DC0B00EA
:1008E0002022FB40D71BB9404A1E91410B431B18E5
:1008F0005A014AD50136FF2E53D0012271491A40C0
:100900005B080B401343ADE7002943D0013F431A76
:10091000002F00D18DE7FF2E00D07EE76346002B2D
:100920003FD080236246DB0313435B025B0AFF2256
:10093000A9E7A21B002E60D1002878D0013A002A36
:1009400000D1B5E0FF2C5DD14D46C446E6E7002955
:1009500020D0013F4318002FCAD0FF2EBCD1DDE7C5
:10096000002F32D1FE24013634427AD1002A62D1DE
:10097000002800D1A0E0002900D184E74318002618
:100980005A0102D5504A013613405A0700D06BE78E
:10099000DB089C46FF2EC1D063465B025B0AF2B2C5
:1009A00071E7FF2200236EE7474B361A23405A07B0
:1009B00000D059E7ECE7441A630161D4002C00D061
:1009C0003CE70025002200235DE7A21B002E28D172
:1009D00000282DD0013A002A70D0FF2CB5D0012379
:1009E0001B2A07DC03002026D340B21A9040421E87
:1009F000904103435B1826007AE7FF2CA4D08023A4
:100A0000DB04184301231B2A07DC03002025D34005
:100A1000AA1A9040421E90410343CB1A4D4626002D
:100A200007E7FF2C91D08023DB041843D7E74D461E
:100A3000C4462600AEE7002887D0002900D16DE724
:100A400080236246DB031A4200D167E742461A421E
:100A500000D063E7C44661E7002926D04D464346EF
:100A600011E7FF2E9DD043185B088EE700280AD1BE
:100A7000002900D068E780230025DB03FF2202E77E
:100A80000C1A4D46DAE6002900D147E7802362467A
:100A9000DB031A4200D141E742461A4200D03DE74B
:100AA0004D4652E7002B00D06FE700250023EAE611
:100AB0000B1A4D462600BCE64346E4E643182600E2
:100AC00016E7C046FFFFFF7DFFFFFFFBF0B54F4677
:100AD0004646D64644024500C0B5640A0F1C2D0E9A
:100AE000C60F002D4FD0FF2D55D08023E400DB042E
:100AF0001C43002399469A467F3D7B0278005B0A9F
:100B00009846000EFF0F002831D0FF2810D0802219
:100B1000DB00D2041A43904600217F382D1A4B4641
:100B200032000B4371489B00C3587A40D2B29F46B3
:100B3000FF3D002B54D102234946194332000B00DC
:100B40007A40033BD2B20C2B04D869499B00CB58A6
:100B50009F463A00002000246402C305600AD207C1
:100B6000184310431CBC90469946A246F0BD002B8A
:100B70002BD101234946320019438B005D497A404D
:100B8000CB58D2B29F46002C13D104239946033B85
:100B900000259A46B1E7002C05D108239946063B6B
:100BA000FF259A46A9E70C239946093BFF259A465B
:100BB000A3E7200000F0BCFD7625431F9C400023E6
:100BC0006D422D1A99469A4697E7180000F0B0FD3D
:100BD0004246431F9A402D189046763500219EE7E5
:100BE00003219CE717003A00FF200024B4E780248B
:100BF0000022E403FF20AFE732005346022BF1D07E
:100C0000032B6CD0012BA5D028007F30002846DDB7
:100C1000630704D00F232340042B00D004342301A6
:100C200003D52800344B80301C40FE28DCDCA401B6
:100C3000640AC0B290E78023DB031C4227D04246FF
:100C40001A4224D144461C436402640A3A00FF203D
:100C500082E73A0044468A46CFE7414663014C01A9
:100C6000A34235D21B200021013D01271E0049006F
:100C70005B00002E01DB9C4201D81B1B394301386D
:100C80000028F3D11C00631E9C410C43BCE7802369
:100C9000DB031C436402640A3200FF205CE701238B
:100CA000181A1B2800DD55E79E352300AC40C340D1
:100CB000611E8C411C43630704D00F232340042B87
:100CC00000D00434630107D4A401640A002043E780
:100CD0001B1B1A200121C8E7012000243CE78023C8
:100CE000DB031C436402640AFF2035E7EC2601089D
:100CF0002C27010860270108FFFFFFF770B54200AD
:100D00004E024C0045026D0A120EC30F760A240EE5
:100D1000C90FFF2A0FD0FF2C11D00120A24200D012
:100D200070BDB542FCD18B420DD0002AF8D128000D
:100D3000451EA841F4E70120002DF1D1EBE7012089
:100D4000002EEDD1E9E70020EAE7C04670B54A0081
:100D50004E02450244006D0A240EC30F760A120E9D
:100D6000C90FFF2C15D0FF2A0ED0002C15D1002A58
:100D700001D1002E1CD0002D14D08B4227D0022090
:100D8000013B1840013870BD002EEED002204042D9
:100D9000F9E7002DFAD1FF2A0ED0002A0ED1002E3D
:100DA000EDD00BE001230139994308000130EAE757
:100DB0000020002DE7D0E2E7002EE7D18B42DED104
:100DC000944205DD0221581E08400138DBE700246B
:100DD000A24204DCB542D2D80020B542D3D2581E7C
:100DE000012398430130CEE730B5420044024D0262
:100DF000C30F4800640A120E6D0A000EC90FFF2AC5
:100E000017D0FF2808D0002A17D1002808D1002DBC
:100E100006D1002C23D007E0002DF4D002201EE0E4
:100E2000002C17D08B421FD00220013B1840013804
:100E300015E0002CF2D1FF2812D0002801D1002D9E
:100E4000F2D08B42F0D182420FDD0221581E0840C1
:100E5000013804E00123013999430800013030BD15
:100E6000002DEED00220FAE70022904204DCAC42D2
:100E7000DAD80020AC42F2D2581E01239843013048
:100E8000EDE7C046F0B54F464646D646440245001B
:100E9000C0B58846640A2D0EC70F002D49D0FF2D1E
:100EA0004FD08023E400DB041C43002399469A467C
:100EB0007F3D434642465E02D20F5B00760A1B0E20
:100EC000904646D0FF2B12D080220020F600D2049C
:100ED0007F3B1643ED186A1C434694464A467B40C6
:100EE0000F2A00D974E0704992008A589746FF355E
:100EF000002E54D14A4602231A4391460220EAE7C3
:100F00004346340082465246022A2AD0032A00D1A0
:100F1000C3E0012A00D082E0002200246402D2054E
:100F2000600ADB07104318431CBC90469946A24652
:100F3000F0BD002C27D104239946033B00259A4697
:100F4000B7E7002C19D108239946063BFF259A469E
:100F5000AFE7002E08D14A4601231A4391460120EB
:100F6000B9E7FF220024D9E7300000F0E1FB431F7E
:100F70002D1A9E40763D0020ADE70C239946093B93
:100F8000FF259A4695E7200000F0D2FB7625431F07
:100F90009C4000236D422D1A99469A4689E74A469D
:100FA00003231A439146032095E73B00ABE78024D7
:100FB0000023E403FF22B1E78023DB031C4245D07A
:100FC0001E4243D133435C02640A4346FF22A5E735
:100FD000200C2404210C0F00320C3604360C77430D
:100FE00051434643504389193A0C5218964203D94B
:100FF00080214902884640443F0411043F0CC9192E
:101000008C01661EB441890E2143140C2418A401DE
:101010000C4322013CD50122610814400C43604678
:101020007F3000281ADD620704D00F222240042AF4
:1010300000D00434220103D560461C4A803014409D
:10104000FE288EDCA401640AC2B267E78020C003D8
:1010500004436402640A3B00FF225FE70122101A86
:101060001B2800DD58E762469E3221009440C140B3
:10107000621E94410C43620704D00F222240042ACE
:1010800000D00434620105D4A401640A002245E7BB
:10109000AC46C4E70122002440E78022D203144377
:1010A0006402640AFF2239E798270108FFFFFFF76F
:1010B000F8B543025B0ADA00DE4693464A02520A5A
:1010C000454690464E4657464446E0B54A004700DE
:1010D0003F0EE400120EA1469C463E00C50FC90F0C
:1010E000BC1AFF2A00D177E00120824650464140D9
:1010F0008D4200D180E0002C51DD002A00D073E049
:101100004B46002B00D1DDE0013C002C0FD0FF2F1F
:1011100000D1A5E001231B2C09DC20224946121B2B
:1011200091404B460A00E340511E8A4113435A4600
:10113000D31A5A0100D4C0E09B019C09200000F0A2
:10114000F7FA230005388340864200DDC4E0861BA1
:101150001A0020200136F240861BB3405C1EA341DA
:10116000002613435A0704D00F221A40042A00D045
:1011700004335A0100D4A3E00136F7B2FF2E00D1A8
:10118000A7E09B015B0A5802FF05400AED073843C0
:1011900028433CBC90469946A246AB46F8BD002C7D
:1011A0004FD1FE247A1C144200D09CE05A46002FF6
:1011B00000D003E1002A00D1F4E04A46002AE2D040
:1011C0004B465A46D31A5A0100D405E14B465A46BB
:1011D0000D009B1A0026C5E74846002800D183E78A
:1011E0008D4251D0002CDADDFF2F39D080234A46C2
:1011F000DB041A4391468DE7002C45DD002A3AD0E6
:10120000FF2F2DD080234A46DB041A439146012349
:101210001B2C09DC20224946121B91404B460A0038
:10122000E340511E8A4113435B445A0145D50136C0
:10123000FF2E4ED001226F491A405B080B4013432A
:1012400090E7D41B0D00002F72D15B46002B00D11C
:1012500092E0013C002C00D1C5E0FF2A6FD1C446CA
:101260006346002B35D080236246DB0313435B02C9
:101270005B0AFF2787E74B46002B23D0013C002C5D
:1012800077D0FF2FC3D1EBE7002C38D1FE227E1C94
:10129000324200D08CE05A46002F70D1002A00D193
:1012A000A6E04A46002A00D16DE75B464B44002683
:1012B0005A0102D5504A013613405A0700D053E76D
:1012C000DB089C46FF2ECBD063465B025B0AF7B27D
:1012D00059E7FF27002356E7474A361A13405A07B3
:1012E00000D041E7ECE74B465A46D41A63016FD46D
:1012F000002C00D022E700250027002343E7D11B64
:10130000002F2CD0FF2AAAD080235846DB04184394
:10131000834601231B2908DC5B4620245846CB402A
:10132000611A8840411E884103434B4416007CE704
:10133000FF2A94D080235946DB0419438B460123AE
:101340001B2C08DC20215B465846E3400C1BA040C8
:10135000411E8841034349461600CB1AE9E65B4625
:10136000002B09D001390029DFD0FF2AD1D1C44692
:1013700076E75B464B4458E7C4461600A2E7002ACE
:1013800000D16CE74A46002A00D169E78022D203E7
:10139000134200D164E74346134200D060E70D00DA
:1013A000C4465DE74B46002B1AD00D004346EAE6E3
:1013B000FF2E8ED05B464B445B087EE7002AE1D1CE
:1013C0004B46002BEBD180230025DB03FF27DAE619
:1013D0004B460D009C1AB1E60026002B00D06CE7AE
:1013E00000250023CFE64B46594616005B1AA0E6BF
:1013F0004346C8E6FFFFFF7DFFFFFFFB42024B02B3
:1014000040004900520A5B0A090E000EFF2806D070
:101410000020FF2902D11800431E98417047FE3872
:10142000002AFBD1F4E7C04641024200C30F490A3B
:10143000120E00207E2A03D99D2A02D9094A981843
:101440007047802000040143952A07DC9620821A09
:10145000D1404842002BF3D10800F1E7963A914081
:10146000F7E7C046FFFFFF7F70B5002812D0C31713
:10147000C5185D40C40F280000F05AF99E22121AC8
:10148000962A11DCD2B2082833DD0838854068027C
:10149000400A02E00024002200204002D205400A57
:1014A000E4071043204370BD992A0BDD0523290072
:1014B0001B1AD94003001B339D402B005D1EAB411E
:1014C00019430D00052801DD431F9D402B000A49EB
:1014D0000B406E0709D00F263540042D05D004338C
:1014E0005D0102D59F220B40121A9B01580AD2B20D
:1014F000D3E76802400AD0E7FFFFFFFB70B5041E88
:101500000DD000F015F99E22121A962A0EDCD2B2E6
:1015100008282EDD083884406002400A01E00022DD
:1015200000204002D205400A104370BD992A09DD0F
:10153000030021001B3399404B1E994105231B1AC0
:10154000DC400C43052801DD431F9C4023000A4971
:101550000B40650709D00F252C40042C05D004331F
:101560005C0102D59F220B40121A9B01580AD2B28D
:10157000D7E76002400AD4E7FFFFFFFB70B54100E8
:101580004602C40FFE20090E4B1C750A184214D0E7
:10159000E0239B006D07360BCB1800210A0D2800B5
:1015A00012051C4D32435B052A405B0813435B0068
:1015B000E4075B082343190070BD002914D1002DF6
:1015C0001ED0280000F0B4F80A281CDC0B232A00E7
:1015D0001B1ADA40030015339D400F4B12031B1AF0
:1015E0005B05160B5B0DD8E7002D06D0320B80266D
:1015F00036036D071643094BCFE7084B0026CCE7AF
:1016000000230026C9E703002A000B3B9A4000256F
:10161000E3E7C046FFFF0F8089030000FF070000DB
:101620004A00F0B50B03520D3D4D5B0A470F561CA7
:10163000C90F1F43C4002E4228D03A4BD518FE2DA7
:1016400008DDFF2200204002D205400AC9071043EE
:101650000843F0BD002D2DDD80010200501E8241A7
:10166000FB00640F134323435A0757D00F221A403D
:10167000042A00D004338022D2041A404ED001350F
:10168000EAB2FF2DDDD09B01580ADCE73C43002A7B
:1016900006D1002C0BD005239B01580AD2B2D2E709
:1016A000002CCED08020C0033843FF22CBE700229D
:1016B0000020C8E72B00173322DB80231E261B04E3
:1016C0003B43761B1F2E1DDD02204042451B1800A8
:1016D000E8400500202E04D013488446624493401D
:1016E0001C4323005C1EA3412B4300255A07BDD198
:1016F0008020C00418400122A842C4D10200CBE7D8
:101700000022C8E7094810182200844025008340C1
:101710006C1EA541F2402B431343E6E72A00BBE7CA
:10172000FE07000080FCFFFFA2FCFFFF82FCFFFF22
:101730001C2101231B04984201D3000C10391B0A01
:10174000984201D3000A08391B09984201D30009C5
:10175000043902A2105C40187047C046040302021C
:1017600001010101000000000000000010B5002987
:1017700003D1FFF7DDFF203002E0081CFFF7D8FFA0
:1017800010BDC0460023C25C0133002AFBD1581EA5
:10179000704700007047C0467047C046FEE7C0462D
:1017A00080229446F0B50025104E114C1149124B81
:1017B0001248B444994210D91A0080C880C291429C
:1017C000FBD80139C91A8908013189005B1804E086
:1017D0001036664504D108E020C39C42FCD8F7E7E8
:1017E00030687368B168F468E4E7F0BDD827010891
:1017F000303F0020303F0020303F0020647A010855
:10180000FEE7C046FEE7C04610B500F0E9F800F07C
:1018100067F80B4C80220B49200000F0B7F90A4B07
:10182000283C206103610123084A0375136A0849B3
:101830000B40136262B6074800F0C4F910BDC04601
:10184000D0040020582801080001002000ED00E02D
:10185000FFFF00FF6028010872B6014B5862FEE7E7
:10186000A8040020F8B58026CE4647461A4DF60556
:101870006C69726A286AA36880B5111A99421BD3F1
:1018800000222F0090461437E268C3189146424662
:101890002B6223685F606B61E260BB4201D100F0A4
:1018A0004FFA62B62069C84772B66C69726A286AD4
:1018B000A368111A8B42E7D908498C4207D018183F
:1018C000801A022800D20220801800F03FFA0CBCD7
:1018D00090469946F8BDC046A8040020BC040020EC
:1018E000054B1A0014325A619A6101225242DA61A0
:1018F00000221A627047C046A804002070B5036138
:101900008023DB050500C260586A022900D202214B
:10191000164E320073691432934209D130627561F8
:10192000B56108182B606B60A96000F001FA1BE03C
:10193000326A0818841A9A68A24207D900F006FA97
:1019400073699A6802E01B68A41A9A68A242FAD3E3
:101950005A682B606A6015605D60AC609A68141B01
:101960009C6001235B42F36170BDC046A804002067
:101970001A4B10B55969026881420ED04168143380
:101980000A60026851600021C1609A4224D09168C7
:1019900083688C46634493601EE018000024143072
:1019A0005A615060CC60824202D100F0C9F913E064
:1019B000886891681B6A8C46604490608022D205DA
:1019C000526AD11A884207D99B1A1818022800D2E5
:1019D0000220801800F0BAF910BDC046A80400200B
:1019E0000022024B1B605B609A607047A8040020D5
:1019F000002382680375054B1B6899689142FBD2EE
:101A00005A6803604260106058607047A804002064
:101A100010B572B6037D032B04D0042B06D0002B27
:101A200008D10CE0002283691A6003E04268036871
:101A300013605A6001235B428361FFF7D9FF62B6EE
:101A400010BDC046002382680375054B1B6899686A
:101A50009142FBD85A68036042601060586070473A
:101A6000A804002070B50C4C25692875206803680F
:101A70005C602360012320610375EFF309832A6909
:101A8000243B9A4203D90548FFF7E6FE2069290066
:101A9000FEF77AFB70BDC046A8040020802801082C
:101AA00030B5050087B04B1C0FD00B4C0B4A236997
:101AB00001A8FFF723FF2800FFF7D4FF049B002BAA
:101AC00006D001A8FFF754FF02E0FFF7CBFF024C5E
:101AD0002369986907B030BDA8040020111A0008D6
:101AE00070B504000F4DA3682869A1618268934214
:101AF00003D82000FFF77CFF12E0FFF779FF0123F6
:101B000006002C612375EFF309830269243B9A4296
:101B100002D90548FFF7A0FE31002000FEF734FB94
:101B200070BDC046A804002080280108044B1A6933
:101B3000196890688B689842804140427047C0465F
:101B4000A804002070B50D4C236820691A68546001
:101B5000226001221A752361FFF774FF0500EFF37D
:101B600009830269243B9A4202D90548FFF774FEB3
:101B700029002069FEF708FB70BDC046A8040020BC
:101B80008028010810B5FFF7DDFF10BD0223826039
:101B900083827047836841681A00203A11610169A5
:101BA000443BD36019614169596105491962C368B1
:101BB0001000936002231375002353757047C046CD
:101BC000A90100084368826810B5934204D25521E8
:101BD000197001339A42FBD172B6FFF7DBFF002187
:101BE0000400FFF77DFF62B6200010BD70B54518F8
:101BF000A84205D20400552626700134A542FBD127
:101C000072B620394418210024392061E1600B614B
:101C1000049B20004B61054B0B620223A260A38250
:101C20000021FFF75DFF62B6200070BDA90100082A
:101C300010B5034B1B6998610F20FFF713FF10BD10
:101C4000A804002010B572B6FFF7F2FF10BDC04621
:101C500010B5010072B60820FFF722FF62B610BD72
:101C600010B500290AD0074B42681B6918605A60FA
:101C7000136043600420FFF713FF01E0012040429E
:101C800010BDC046A8040020036810B5984206D0D5
:101C90001A680260506099611800FFF7A9FE10BD34
:101CA00070B5040000680D00844208D0036823600A
:101CB0005C608561FFF79CFE20688442F6D170BDB0
:101CC00080B500AFEFF30983203383F3098862B650
:101CD000BD4680BDB0B500AF0F3011D072B6EFF386
:101CE0000984203C84F3098880235B04E361FFF7C7
:101CF0001DFF002802D0034BA36101E0024BA3614A
:101D0000BD46B0BDB5010008B801000810B500F02F
:101D1000D3FE00F0EDFA00F0A9FC00F08FFB01F01B
:101D2000F5FA00F001F810BD10B500F03DFF10BD50
:101D300080230022DB0558631A610232DA607047A3
:101D400080230022DB05DA607047C0468023DB0574
:101D500058637047C3681960826801328260826983
:101D6000944642696344C360934201D3036AC360EB
:101D70007047C04630B51D00002404325543C3618E
:101D8000039B4D19C362049B456100604060846001
:101D90000161C1608261016244628462036330BD9B
:101DA0000023022110B5026A83600261C2604362AF
:101DB00083624942FFF774FF10BDC04610B50400AE
:101DC000FFF7C8FF00212000FFF75EFF10BDC046EF
:101DD000836810B50400002B07D022690020131D72
:101DE000126863629B18A36203E0FFF739FF0028C3
:101DF000F3D010BD826983689446013B8360036918
:101E00004269634410B50361934201D3036A0361DD
:101E100000234362C36A002B00D0984710BDC04620
:101E200070B5040072B6436A002B04D1FFF7D0FFEF
:101E3000051E09D1636AA26A1D7801336362934269
:101E400002D32000FFF7D6FF62B6280070BDC0465F
:101E5000F8B5CE464746040080B589461700984637
:101E600072B60025616A002906D141462000FFF7BD
:101E7000AFFF002816D1616AA36A7E1B5B1A9E42DF
:101E800000D91E003200484610F0F4FB636AA26AD3
:101E90009B196362AD19934202D32000FFF7AAFF9A
:101EA000AF42DFD862B628000CBC90469946F8BD18
:101EB000C3680269934203D182680020002A00D1DE
:101EC000181D70478368002B03D0006908C80B6099
:101ED00000E000207047C046826983689446013B59
:101EE000836003694269634410B50361934201D37F
:101EF000036A03610021FFF7C7FE10BDC3680269D2
:101F000010B50400934202D18268002A07D11A1D3D
:101F10006262A269002094466344A36205E0FFF771
:101F20009FFE002801D1E368F1E710BD10B5040061
:101F3000FFF710FF00236362E36A002B01D020004B
:101F4000984710BD70B504000D0072B6436A002BAF
:101F500008D11100FFF7D2FF002801D1636A01E028
:101F600062B60DE01D70636AA26A01336362934238
:101F700004D3A3692000191FFFF7D8FF62B6002021
:101F800070BDC046F8B5CE464746040080B58946C8
:101F90001700984672B60025606A002806D14146AF
:101FA0002000FFF7ABFF002819D1606AA36A7E1BEF
:101FB0001B1A9E4200D91E004B463200591910F0E0
:101FC00059FB636AA26A9B196362AD19934204D3F9
:101FD000A3692000191FFFF7A9FFAF42DCD862B642
:101FE00028000CBC90469946F8BDC046836870B581
:101FF00004000025002B0AD1416A002907D0C368DC
:102000000439C91A03D0FFF7A5FE6562013528001F
:1020100070BDC04603000269C169013A02614A1CF1
:10202000C261C068405C59698A4201D30022DA610A
:102030007047C04603690133036183695A1C82619A
:10204000C268D15483694269934201D300238361FA
:102050007047C04610B50024006040600461C16054
:10206000C46184614261836010BDC04600230221C7
:1020700010B5C361836103614942FFF711FE10BDD2
:102080000369426910B50400934207D2FFF7D2FFFB
:1020900020000021FFF7F8FD002001E00120404270
:1020A00010BDC04670B5040072B60369002B07D09E
:1020B0002000FFF7AFFFA3680500002B05D106E065
:1020C000FFF7CEFD051E02D1F2E72000984762B669
:1020D000280070BDF0B54E46DE4657464546E0B591
:1020E00083B0040000919146019372B600273BE053
:1020F0004A46D51B9D4200D91D00002D2DD0009BC6
:102100009846B844012D06D12000FFF783FF4346CF
:102110000137187021E06369E6699B469B1B9A466C
:10212000E3689919554506D22A00404610F0A2FAF4
:10213000E369EE180CE05246404610F09BFA5B460D
:102140004046F61A761950443200E16810F092FACF
:102150002369E6615B1B23617F19A368002B01D013
:1021600020009847B9450AD92369002BC0D10199AD
:102170002000FFF775FD002801D12369B8E762B69A
:10218000380003B03CBC90469946A246AB46F0BD31
:1021900070B504000D0072B6036941698B4207D225
:1021A00029002000FFF746FFA368002B06D107E0B7
:1021B0001100FFF755FD002803D1F1E720009847F3
:1021C000002062B670BDC046036970B50400002BE4
:1021D00007D0FFF71FFF002105002000FFF754FD87
:1021E00001E001256D42280070BDC046F0B557469C
:1021F000DE464E464546E0B583B004000091924667
:10220000019372B60027B8463BE052464146FB1A9E
:10221000551A9D4200D91D00002D2BD0009B434430
:102220009946012D07D119782000FFF703FF0123FC
:102230009C46E0441EE0A669BB1B9B46E3689819D8
:102240005D4506D22A00494610F014FAA369EE183B
:102250000BE05A46494610F00DFA4946F61B76192E
:1022600059443200E06810F005FA2369A6615B1951
:102270002361A844A368002B01D020009847C245E1
:102280000CD923696769BB42BFD301992000FFF7CE
:10229000E7FC002802D167692369B6E762B64046C9
:1022A00003B03CBC90469946A246AB46F0BDC04642
:1022B000012110B508304942FFF7F4FE10BDC046B9
:1022C000012210B528305242FFF762FF10BDC04610
:1022D000012310B508305B42FFF7FCFE10BDC0467D
:1022E000012310B528305B42FFF780FF10BDC046C8
:1022F00010B500F0C7FC10BD70B515000A4A0B0000
:1023000002600100012204000271483108303F32AE
:10231000FFF7A0FE210020002B008831283040224A
:10232000FFF798FE70BDC0469028010810B5040064
:1023300072B600F0D1FC0223237162B610BDC04614
:1023400030B59E25046B6D00625983B0136819780F
:10235000042915D12179022912D1117901228A404B
:102360001B8913420CD1200001A93C30FFF7AAFDC4
:10237000021E05D0635919791868019B00F0CCF949
:1023800003B030BD70B59E256D004259040013683E
:102390001978042901D0012014E001790229FAD129
:1023A000517901228A405B891342F4D10830FFF74A
:1023B0007FFD021EEFD0635918685979402300F061
:1023C00099F9002070BDC04610B5006BFFF7DAFF29
:1023D00010BDC046012110B508304942FFF720FD6D
:1023E00010BDC0469E235B00C35810B51B681B7808
:1023F000042B05D101223C305242FFF7A3FD01E03E
:102400000220404210BDC046012310B508305B4297
:10241000FFF71EFD10BDC04603009E204000185867
:1024200010B5006804780020042C05D13C33180056
:1024300001235B42FFF7A6FD10BDC0467047C046B2
:102440000E4B10B5036001230400010003710C4B17
:1024500082B0009370310830019401234022FFF7CD
:1024600089FC21002000074BB43100933C300194DB
:1024700002234022FFF77EFC02B010BDB028010805
:10248000C9230008412300080A6872B60B79093392
:102490009B00D31858604B7911339B0098508B796F
:1024A000002B03D009339B00D21850609E235B00A1
:1024B000C1503B3BFF3B037162B6704710B504004F
:1024C0000830FFF76DFC20003C30FFF769FC10BDC1
:1024D00010B504000830FFF763FC20003C30FFF724
:1024E0005FFC2000FFF74EFF10BDC0467423C15CA7
:1024F000143B02000B400020202B11D15533D35C3C
:10250000202B0DD3212B02D9222B06D008E0054B1E
:10251000012093660723D36602E09066D06601200F
:102520007047C0460003002070B59E256D004259DB
:1025300082B013680400197804291AD1017902299C
:1025400017D1117901228A401B89134211D106004B
:102550003C363000FFF74AFD00280AD001A93000C0
:10256000FFF7B0FC6359020019791868019B00F06D
:10257000D3F802B070BDC0460B00F0B509339B0024
:10258000C3185C6883B006000F00002C25D072B61B
:102590008D004519EB683C345B691B68002B02D049
:1025A0002000FFF799FC01A92000FFF78BFC002811
:1025B00006D00200019B3900300000F0ADF80BE0BE
:1025C000EB685A691B8A12689A4205D100230022DF
:1025D0003900300000F0A0F862B603B0F0BDC0468C
:1025E0001131890010B50C58002C15D072B69E23FD
:1025F0005B00E3581A685B7902339B00D3185B6871
:102600009B695968002903D020000830FFF7D6FBEA
:102610002000FFF7B7FE62B610BDC0467047C04647
:1026200010B50400002100F0D9FD0021200000F0C9
:10263000C1FD63681B68002B02D00521200098476C
:1026400064230622E25410BD762310B50400C25A5A
:102650000833C25400F09AFB63681B68002B02D059
:102660000121200098470323237010BD10B500F00E
:1026700065FB10BD012303700023010043600300CC
:1026800000222C3348311A60DA6104338B42FAD1CC
:102690008260704710B5040072B600234160C360C9
:1026A000036143618361C36103624362836200F03B
:1026B0004DFB0223237062B610BDC0468B1C9B00ED
:1026C00070B5C318050050690E0014005A60002848
:1026D00003D00C2200210FF0D7FFA069002803D0FF
:1026E0000C2200210FF0D0FF3100280000F058FB31
:1026F00070BDC04670B501258D4044892C4344818E
:102700008C1CA40004196468A46923600023A260DF
:10271000636000F007FC70BD70B501258D40048931
:102720002C4304818C1CA400041964686469236030
:102730000023A260636000F009FC70BD022310B5A5
:102740006422037000230400C3678360C3600361D5
:1027500043618361C361036243628362835400F017
:1027600085FB63681B68002B02D00021200098477E
:1027700010BDC04605230370436810B51B68002BCD
:1027800001D00321984710BD04230370436810B59E
:102790001B68002B01D00421984710BD70B564233D
:1027A000002502000400C554743200F0A1FB6368E8
:1027B00025679B68002B05D17423E25C143B134210
:1027C00006D0ADE020009847002800D0ACE0F3E749
:1027D0007523E05C563B1340012B52D0002B02D0F6
:1027E000022B56D09CE0092800D999E06A4A830060
:1027F000D3589F4623007C33A36602230222E3665C
:1028000093E07623E35A012B00D089E07C21022259
:10281000635A9343032800D000E01343635200231C
:10282000A366E36686E00023A366E3665B4B23674B
:1028300080E076236068E15A0233CAB24568E35A01
:10284000090A2000A84700286AD043680268A366E6
:10285000E2666AE023007F33A36601230122E36678
:1028600063E076237F22E35CA3545A1E9341033333
:10287000237063681B68002BD1D002212000984789
:10288000CDE700284CD1464B0222A3660223E36623
:102890004BE078220F21A55A083229402A4001280E
:1028A00023D0002808D003281FD00C2838D13C4A58
:1028B000E366A266022238E0C9B22000002A02D0F4
:1028C00000F006FB01E000F0EFFA012802D0022838
:1028D00006D025E0334B0222A3660223E36624E000
:1028E000314BE066A36602221FE07623E35A002BF9
:1028F00016D1002914D0C9B2012808D12000002A1D
:1029000002D000F099FC8AE700F07CFC87E7200009
:10291000002A02D000F062FC81E700F04BFC7EE769
:102920002000FFF77DFE36E0E26E7A23E35A934201
:1029300000D2E36672B67423E35C7F2B15D9E36E95
:10294000002B08D0A26E00212000FFF7E5FE6423D3
:102950000122E2541EE00023002200212000FFF7A4
:10296000C9FE64230322E25414E0E36E002B08D076
:10297000A26E00212000FFF7BDFE64230422E25472
:1029800008E00023002200212000FFF7C5FE642399
:102990000522E25462B670BDD0280108492600081D
:1029A0001C2901081829010814290108642310B5FD
:1029B000C35C0400062B2FD8184A9B00D3589F46AF
:1029C0007A23C06EE35A984210D2E368198AFDF761
:1029D00095FC00290AD172B6002300222000FFF7DF
:1029E0009BFE62B664230222E25415E072B6002315
:1029F000002200212000FFF77DFE62B6642303223F
:102A0000E25409E0036F002B00D0984764230022B2
:102A1000E25401E0FFF704FE10BDC046F8280108AB
:102A200070B56425425D0400062A22D80123934034
:102A300067221A421BD1DA0602D41B070AD418E017
:102A400072B6002300220021FFF766FE62B605235E
:102A500063550EE0C3689B695B68002B09D1036F67
:102A6000002B00D0984764230022E25401E0FFF7D6
:102A7000D7FD70BD0F4A70B594460322FF25C026CE
:102A80000240D20095408901914083089B00634435
:102A9000B6009C591F22AC430C439C5101230240B9
:102AA0009340C0224009800060445200835003607C
:102AB00070BDC04600E100E00A4B01219A6A002285
:102AC000494299629A62186919611A61D86806497F
:102AD0000143D960DA608022D96952050A43DA617C
:102AE0007047C04600100240FFFFBFFF0121234A8C
:102AF00013680B431360013113681942FCD00321A2
:102B000053688B4353605368093153601B4A5368C1
:102B10000B40FCD1F9211068014011605360802303
:102B2000516B5B020B4380215363144A8902536B40
:102B30000B42FCD0E523DB0453600023D362103347
:102B40001363802311685B040B43802113600B4ADD
:102B5000890413680B42FCD01121094B196053689A
:102B60000F390B435360054A0A3153680B40082B59
:102B7000FBD1012193690B43936170470010024020
:102B8000002002408023DB051A6910B574469207C5
:102B900005D500221A6172B6FEF764FE62B6200007
:102BA000FFF798F810BDC04601220E4910B5CB6959
:102BB0000F201343CB610C498B6813438B60802338
:102BC000E021DB05FF319962E139FF39D96200214B
:102BD00099615963D96059605A6102311A60FFF7EF
:102BE00049FF10BD00100240005801408021024AF8
:102BF00013680B431360704700380140F8B5C823D1
:102C0000CE4647461D4E80B5F458F0462768E56924
:102C1000256272B6AB060BD5202399460836A18CE7
:102C20003000C9B2FFF72CFA4B46E5692B42F6D1CA
:102C300080233B4213D02B4211D0114B8026994662
:102C40004846FFF7C1FA002804DA80233A009A4385
:102C5000226004E080B22085E5692E42F0D1402355
:102C60003B4203D02B4201D09F43276062B64046CF
:102C7000FFF730F80CBC90469946F8BDEC040020F4
:102C80001405002010B5084C084A20000021FFF769
:102C900033FBC823064A0221E250064A04331B20B4
:102CA000E250FFF7E7FE10BDEC040020ED2B00081A
:102CB00000380140006CDC02C82370B50125C458FF
:102CC0002368AB432360CC23C058FDF791FAE06042
:102CD00023682B43236070BDF8B500290BD0402634
:102CE00001258B684A681E43CB6809681D432E2363
:102CF000FF33134305E096212E2301250C4E0902D4
:102D0000FF330279012A08D10A4A904205D1802274
:102D1000094CD201A7693A43A261C822845866606F
:102D2000A5602360FFF7C8FF01235B422362F8BD63
:102D300040400000EC0400200010024010B50248A2
:102D4000FFF798FC10BDC046BC050020037870B5A5
:102D50000400012B13D10A4A90420DD18022094967
:102D6000094DC86912040243CA611F202B64032164
:102D7000FFF780FE00232B642000FFF7DFFC70BD0F
:102D8000BC05002000100240005C00407E23802231
:102D9000C35C1343014AD3647047C046005C0040E3
:102DA0008B1C9B00C318F0B55D68CE4647460323D5
:102DB0002A6880B513400ED00022022B0DD9033BA8
:102DC0005A42534180225B42D2001A4080239B002A
:102DD0009C46624401E080229200224C224BA44691
:102DE0001B6DCE006344F4186B69002B11D00023D7
:102DF00063808033C65899462B8A01339846012355
:102E000047469F43BB194F46C3512023B6B2268085
:102E10001A43AB69002B19D06D8A3E2D06D92023A9
:102E20006E1E76111E43B6B2013501E001356E0803
:102E3000B602B6B2E680802601278359BD43ED185D
:102E40009BB28551A38080239B011A43064B8800C7
:102E50009C46604403680A43036002600CBC9046D1
:102E60009946F0BD00600040005C004000230C4A21
:102E700010B51365536443688021DB68D1645C42FC
:102E800063419E242402A4465B425B0263441364B4
:102E900040234350034B0021C360FFF781FF10BD67
:102EA000005C004020290108074B8900C858C02356
:102EB0009B01184006D0054B9C466044431E984138
:102EC000013000E000207047005C004000F0FFFF90
:102ED0003020064B8900CB58184004D01038431ED0
:102EE0009841013000E000207047C046005C00407F
:102EF0000A480B4B844610B51B6DC9006344C918C2
:102F000088881400614680B20834891A83185B5A95
:102F100013800232A242F9D110BDC04600600040C9
:102F2000005C0040064B89009C4661440A68054BE2
:102F30001A40C0239B015A40034B13430B60704758
:102F4000005C00408FB7FFFF80800000F0B5C646F0
:102F50008B1C9B00C01800B542685569148A6868CC
:102F60002B681B1A9C4200D91C00164F164BBC46FE
:102F70001A6DCB0062449A181388A7B2AE685780C6
:102F8000621C9BB252080CD01B1A98464346371855
:102F900052006344D2199B1B3E88DE53023797428E
:102FA000FAD1094B89009C4661440B68074A001915
:102FB000134030225340064A686013430B6004BC40
:102FC0009046F0BD00600040005C0040BF87FFFFFE
:102FD00080800000F0B5DE464E46574645467346B3
:102FE000E0B58BB008936D4B5E6CF2435A64730589
:102FF00003D56B4F3800FFF7A1FB330508D5082137
:10300000664A674F136C38000B431364FFF7B2FB3B
:10301000F3040BD5614B9A6C120407D408211A6C87
:103020005F4F8A431A643800FFF7AEFBB30506D53D
:103030005B4F7B68DB68002B01D03800984780230A
:103040001B021E4206D00F229146544A544F90460E
:103050009A4609E00898FEF73DFE0BB03CBC90464E
:103060009946A246AB46F0BD49464C4A314094468B
:10307000881C8B0082006344BA181D685468F206ED
:103080001BD41A6847480240504602431A606369DD
:103090005A681B689A4204D2C9B23800FFF756FF3B
:1030A00074E001228A403B8993433B81A368002B53
:1030B0006CD0C9B23800984768E01A68394E32407F
:1030C000802632431A60CAB201922D0504D5636886
:1030D00011003800984759E0A269334E556893466D
:1030E000AC460295926845466244B4462D6D039203
:1030F0006544CA00AA18958865440495D28895B29B
:10310000AA050595950D6A08069509920ED05600F8
:10311000039A049D9446AD1A66449C462B00079280
:103120009D5A158002329642FAD16346059AD2071B
:1031300008D5099A049D5200AD5A039EB5545A46CB
:1031400052680292069E5D46B446029A62446A60E4
:103150002D68AA4202D2628AB2420ED901228A4066
:103160007B898000934338187B814368DB68002BA0
:103170000CD001993800984708E019680B4A1140B3
:10318000C022920151400A4A0A431A6043465E6CCB
:1031900053461E4200D067E75CE7C046005C004033
:1031A000BC0500200F07FFFF006000408FB7FFFF46
:1031B00080800000064B89009C4661440A68054BEC
:1031C0001A4080235B015A40034B13430B60704746
:1031D000005C00408FB7FFFF80800000064B890035
:1031E0009C4661440B68054A134010225340044A30
:1031F00013430B607047C046005C0040BF87FFFF71
:1032000080800000094BC0229C46890061440B6805
:1032100092011340934208D00A68054B1A4080235C
:103220009B015A40034B13430B607047005C004006
:103230008FB7FFFF80800000084B89009C46302339
:1032400061440A681340302B07D00B68044A1340CE
:1032500020225340034A13430B607047005C004038
:10326000BF87FFFF80800000054B064A1A60BFF34E
:103270004F8F054B054ADA60BFF34F8FC046FDE71D
:10328000F03F0020EFBEADDE00ED00E00400FA05E7
:1032900080B5164A164B126800AF9A421BD0FC2329
:1032A000144ADB0351690B43536190230022DB0571
:1032B0005A60114ADA60114A5A61114A1A601A6951
:1032C000520704D5042219690A42FCD103E0FFF732
:1032D0000DFCBD4680BD62B60022044B1A60094B4E
:1032E00083F30888084B1B689847FEE7F03F0020EF
:1032F000EFBEADDE00100240AA0101A8DFF9000018
:1033000000FCAA6A5022002004C8FF1F7047C04674
:10331000F8B557464546DE464E468046E0B51D00A8
:103320000B23434499461C0009239B46023B08009B
:1033300017009A4600E0002539000600FCF7DEFF82
:1033400052468B459B41134030335B18013CDBB246
:103350002370002D02D0013D002DEDD1BE42EAD2F6
:103360004A46101B002241468B540132904201D044
:10337000A35CF8E740443CBC90469946A246AB4665
:10338000F8BDC046F8B5CE464746814680B50E1C0E
:1033900014001700092A00DD09271E4BBA00D35874
:1033A000301C9846FDF72CF90500FEF7A7F8011C24
:1033B000301CFDF77DFE061C4046FEF79FF8011C01
:1033C000301CFDF75FFDFC218905FDF703FAFDF7D1
:1033D00017F90600804502D843460135C61A002376
:1033E0000A2229004846FFF793FF002C0ED0012245
:1033F000094B441C9B8A3100DB05DB1793432E33BA
:10340000037009323B002000FFF782FF0CBC90469E
:103410009946F8BD242A0108080300200389012BDE
:1034200006D943685A1C426019700389013B038125
:1034300000207047F0B5DE464E465746454600230D
:10344000E0B58FB00293203389469B4604920390E7
:1034500001E0434602934B4619785F1C002900D1D6
:103460001BE3252908D00398B94603689B68984751
:10347000029B01330293EEE7802000268024102176
:103480000422022340003D782D2D01D11E4312E07D
:103490002B2D01D116430EE0302D01D10E430AE051
:1034A0006A2D01D1264306E0202D01D12E4302E0F2
:1034B000622D02D106430137E5E70024220004997A
:1034C0002B00303BDBB20137092B03D92A2D07D162
:1034D00008C9DBB29400A41864001A193D78EFE71C
:1034E000049114002E2D14D10023944618000C00D2
:1034F0003D78791C2B00303BDBB2092B03D92A2DF8
:103500000DD108CCDBB282001218520098180F00BF
:10351000EEE740231E430023B9469A4603E0049495
:103520008246644689462B00443BDBB2342B00D9EB
:103530003BE2C74A9B00D3589F46102228E2102343
:10354000049D9E4308CD08AA13700495012330E220
:1035500010233200049D9A4308CD9846002B04D1D5
:10356000BC4B9846730605D414E01B78710600D551
:103570008FE20CE0B84943464646013318780028EC
:103580000CD19A46B0469B1B0495160015E2002B01
:1035900000D119E25346591EEDD215E2F01A401837
:1035A0000130EAD19A46B0469B1B0495160004E20E
:1035B000049D02CD002909DA08231E4308AB1A0036
:1035C00005932D2349421370501C13E0730706D551
:1035D00008AB1A0005932B23501C13700AE020231C
:1035E000334204D008AA05921370501C02E008ABC5
:1035F00018000593330602D56A23037001300023B7
:103600000A22FFF785FE059A8246831A04959046A2
:10361000D3E1049B04CB07935346002B00D027E251
:103620000E2503330493002308A98C4698460E33D5
:1036300063449C46012367469A46A446444687480D
:1036400093085108C9180B09C9180B0AC9180B0CA3
:10365000C918C9088B005B185B00D31A092B03D962
:103660000A3B0131092BFBD830337A1EDBB21370D1
:1036700000290AD05346034203D02023BA1E1370F8
:103680000134170040080A00DAE7A04640467449B2
:103690000127095C6446069108A98C460E207F42EA
:1036A0006744B8466044801A8044012084464046FE
:1036B000B04606000193A246019B049C0591674613
:1036C000501C2740202B0BD1002F03D063469C4376
:1036D0002E2307E00227274204D1901C537801E0F3
:1036E000002F03D16A1E002D09DB15004F1C3A0084
:1036F0000B708E4208D0037839000200DFE7049493
:10370000464654460A0002E0049446465446531C7A
:103710009A46049B9B0707D5069B202B04D02023A9
:103720001370931C52469A46069B07991370534692
:10373000059A04919B1A90463FE1F30505D5049B39
:1037400004CB17009046049309E00723049A07323C
:103750009A4303CA0492FDF763FF804607000021E5
:103760004046FCF7DBFE002810D008231E4308ABC0
:103770001A0005932D23137080231B06434498469B
:103780001F00944601236344069319E0730709D58B
:1037900008AB1A0005932B23944613702A3B63440D
:1037A00006930DE02023334207D008AA94461370F5
:1037B0001F3B63440592069302E008AB0593069312
:1037C000330604D56A23069A1370531C0693FF220E
:1037D0007B005B08D20593420BD11923069A137024
:1037E000931C9A46202353705346059A9B1A904681
:1037F000E3E0730604D5462D08D009239A46A1E0DC
:10380000462D00D09EE053461DB202E0032303255F
:103810009A4614494046FCF79FFE002826D04046B1
:103820001149FDF72FFB0E4B80469F1C08E04046D8
:103830000D49FDF727FB01373B788046002B3AD036
:1038400008494046FCF788FE0028F0D133E0C04626
:103850003C2901081C2A0108FE7F000024490000C1
:10386000102A010800007A446F12833AFE21404674
:103870008905FCF753FE002825D040468B49FDF70B
:1038800001FB8B4B80465F1C08E040468749FDF7F3
:10389000F9FA01373B788046002B06D0FE214046DE
:1038A0008905FCF73BFE0028EFD182494046FCF732
:1038B00049FE002807D07B1E1F78002F04D05546F4
:1038C000013D2DB200E000274046FCF799FE632839
:1038D00002D9023D2DB203E0092801D9013D2DB2E4
:1038E000002D06DA002241460698FFF74BFD82467E
:1038F00020E02A0041460698FFF744FD8246002D4D
:1039000018D00300013B1A78302A06D1013B591C1C
:10391000013B5A78302AFAD08A460121664B9B8AAD
:10392000DB05DB178B432E33D31A5A4253415246E1
:10393000D31A9A46002F0BD053461F7001239C4682
:10394000E24405E0524641460698FFF71BFD8246D9
:103950001023334200D113E05E405346013B1A78F6
:10396000302A06D1013B591C013B5A78302AFAD043
:103970008A462E2A00D003E001235B429C46E244A3
:103980005346059A9B1A904617E00A2200E0082247
:1039900008AB9846049D002302CD4046FFF7B8FCD3
:1039A00042468246831A049507E008AB1D70012346
:1039B00008AA9046012242449246E41A0AD43023CF
:1039C0009B46F30607D402E0C24616000495202366
:1039D0009B4600E00024B30733D42C23334218D095
:1039E000F30616D5434603985E1C19780368B04663
:1039F0009B689847029B013302930AE05F46039D50
:103A00002B6839009B682800013E9847002EF7D1AB
:103A100035E0261EF2D139E04646029B039F013372
:103A20009D1B2B005546A2461C003B6831789B68C5
:103A300038009847A3190136B542F6D8984654463F
:103A400003E0D045E8D3029B9846002C00D100E566
:103A500026005F46039D2B6839009B682800013EC5
:103A60009847002EF7D123004344BB460293F2E46B
:103A700055460E2B00DD0E2501230493D3E5029B52
:103A8000BB469C46A444634600240293D045C3D35E
:103A9000E1E4002B00D06DE596E702980FB03CBC46
:103AA00090469946A246AB46F0BDC04600007A4417
:103AB0004C2A01086F12833A080300200CB430B579
:103AC000030085B00C000020002910DD0A4A01AD7A
:103AD0000192298109AA0899280002930092FFF710
:103AE000A9FC00226B681A70844200DC601E05B0DD
:103AF00030BC08BC02B01847582A0108C378827845
:103B00001B02134342781B02134300781B02184325
:103B1000704700000B0A017043700B0C090E837094
:103B2000C170704742690239023A030000208A429C
:103B300003D958894143986A0818704703685A1C8A
:103B4000026018780300613B192B01D8203805E08A
:103B50007F2803D9024B1818803800787047C04678
:103B6000682A0108F0B54746CE46060080B5140025
:103B70001F00FF2585B001912C4208D001A8FFF756
:103B8000DDFF002801D1002045E0013CF4E7337857
:103B9000002B03D1002C01D001203CE080235B00EE
:103BA0009846019B02960393029B1B783F2B01D002
:103BB0002A2B1AD1002FE6D00022029B581C02901B
:103BC00019783F2901D1013201E041460A435B786F
:103BD0003F2BF2D02A2BF0D07B1E0399FFF7C2FFB8
:103BE0000028D9D1039B1D780DE002A8FFF7A6FF9E
:103BF000814603A8FFF7A2FF0500814503D14B468C
:103C0000002BD1D1C8E701A8FFF798FF002CBAD04C
:103C1000002DC6D1B7E705B00CBC90469946F0BD63
:103C2000026810B5002A10D0130019785C1C2029F6
:103C300009D923003A29F8D1911CA14205D1127863
:103C4000302A02D10360002001E00120404210BD73
:103C500070B504000D00002802D10920002310E0F7
:103C60000368002BF9D01A78002AF6D08188DA8808
:103C70009142F2D158780DF059FC01231840ECD153
:103C800023682B6070BD0000CA7E10B50400887EDA
:103C900012021043032C05D14A7D0B7D12021343FF
:103CA0001B04184310BD000093B21B0A8A76CB7622
:103CB0000378032B03D1120C0A75120A4A75704758
:103CC0000022F8B5C5690C0013002E26E520A95C7A
:103CD00020290AD0052900D10100082A02D1E718BD
:103CE0007E720133E7187972013301320B2AEED16B
:103CF00000222800E3185A72EB7A3F3213402372F5
:103D00001C30FFF7FBFE2060EA7DAB7D12021343FF
:103D1000E3806A7E2B7E12021343A380F8BD00006D
:103D200070B506000400303640780123E26A3100A5
:103D30000DF054FC0125002810D1E26A236AA16924
:103D4000E070D31A05008B4208D2A378022B05D16C
:103D500052186078013B31000DF040FC280070BD26
:103D600070B50400E36A0D0000208B4218D0E378A0
:103D700083420ED12100012360782A0030310DF0FA
:103D8000E1FB03000020834209D0012501306D4290
:103D900005E02000FFF7C4FF002801D1EAE7E56253
:103DA00070BD0000002370B5C370013BC362040006
:103DB000FFF7D6FF0423002864D1334B334AE55C78
:103DC000334B2D02E05C230030331B780543EB2B93
:103DD00003D01833DBB2012B4DD8954207D1200018
:103DE00008222C4982300EF037FC031E4AD02300F3
:103DF0003C331A78013B1B781202134380221BB21A
:103E00009200934237D123003D331B78002B32D0F0
:103E10005A1E13422FD123003F331A78013B1B78DF
:103E20001202134327D0230040331B78013B012BA0
:103E300021D8230042331A78013B1B781202134326
:103E400019D0230044331A78013B1B781202134324
:103E50007F2B06D820005030FFF750FE0E4B9842C3
:103E600009D9230047331B78463422781B021A43B2
:103E700000239A4206D1094B9C4665442800451E02
:103E8000A841831C180070BD2F02000055AA000035
:103E90002E020000E82A0108FFFF0000AB55FFFFDB
:103EA000F8B557464E464546DE461400E0B50600D6
:103EB0000D000227012900D87DE043698B427AD9A1
:103EC00003789B46BB4246D0032B58D0012B72D1BE
:103ED0004B08984688444346590A036A9C46614405
:103EE000FFF73EFF071E66D130239A462F3B43441F
:103EF000994643465A46DB05B244DB0D1540534410
:103F0000E2B2002D08D00F21FF201A7800010A40EC
:103F1000210101400A43D2B21A700123F3704B46CB
:103F2000590A336A30009C466144FFF719FF071EA7
:103F300041D14B46DB05DB0D53441A00002D02D066
:103F40002409E4B205E00F211B78240A8B430C40BE
:103F50001C4314702DE0036A090A9C466144FFF774
:103F6000FFFE071E27D1FF2233006D0052003033C1
:103F700015405D192C70A4B2240A6C7019E0036A14
:103F8000C9099C466144FFF7EBFE071E13D1FE22D0
:103F900033005200AD00303315405D192800FFF7A3
:103FA000ADFD2401010F2409090721432800FFF773
:103FB000B1FD0123F37038003CBC90469946A246FF
:103FC000AB46F8BDF0B5C646012600B504000D00AD
:103FD000B1425BD94369994258D20378022B2FD062
:103FE000032B40D0B34251D1036A4F089C467F183F
:103FF000790A6144FFF7B4FE002802D00126764218
:1040000044E07B1C590A9846236AFF059C46FF0D35
:10401000E7193037614420003F78FFF7A1FE002800
:10402000ECD14346D805C00D241830342078000266
:104030000743354201D03E0928E03F053E0D25E00B
:10404000036A090A9C466144FFF78AFE0028D5D11D
:10405000FF30FF306D0005403034641966782078F9
:104060003602064312E0036AC9099C466144FFF721
:1040700077FE0028C2D12000FE24AD00640030305D
:1040800025404019FFF73AFD06013609300004BC0F
:104090009046F0BDF0B5C6460F0000B580460568F5
:1040A000002906D1EE68002E12D06B69B34210D8F9
:1040B0000EE02800FFF786FF0400012801D8012444
:1040C00062E0431C5ED06B693E00834201D95BE035
:1040D00001262B69002B01D1002455E0BE4219D1E5
:1040E0006B69741CA34200D802244346210018685F
:1040F000FFF768FF0128E2D0431C43D0002807D017
:10410000EB68012B06D96A69934203D21E0001E0D5
:10411000002C15D134006B690134A34202D8012E62
:10412000DAD90224434621001868FFF74BFF002824
:1041300006D00128C3D0431C24D0B442EBD1CBE736
:104140000122210052422800FFF7AAFE002817D1C1
:10415000002F08D16A692B69023AEC6093420AD8B1
:10416000013B2B6107E0220039002800FFF798FE91
:104170000028EFD004E001232A7913432B7103E0D8
:1041800001289CD101246442200004BC9046F0BD6B
:10419000F0B5C6460D0000B5070011000468012DFA
:1041A00030D96369AB422DD9002A02D10123984648
:1041B00020E0012220005242FFF772FE0028F5D0D5
:1041C00023E001281ED0431C1ED00022290020001D
:1041D000FFF766FE002818D162692369911E8B42A1
:1041E00005D241460133236123790B432371350006
:1041F000B24205D929003868FFF7E4FE061EE0D177
:10420000002002E0022000E0012004BC9046F0BD46
:10421000F0B5DE4657464E4645460023E0B50B60F6
:1042200087B00E001700FFF7FBFC0B23051E00DA1A
:104230004CE1AA4B8200D4580C23002C00D145E15C
:10424000346001262378B743002B0DD060780DF041
:104250006DF9064008D13B1E00D137E1330042071B
:1042600000D433E10A2331E10023E8B22370607007
:104270000DF0D2F80323C20700D527E1002F01D0AB
:104280004307EFD400212000FFF78CFD02281ED148
:10429000934B250002AE98463700F735FF35A04412
:1042A0002800FFF72BFC103501C6A845F8D10025E2
:1042B0000326AB00F9583000002904D02000FFF796
:1042C00071FD01280BD90135042DF2D1FAE001234B
:1042D000042800D1FAE0984201D90D23F6E023002A
:1042E0003C331A78013B1B781202134380221BB225
:1042F00092009342F1D1230047331A78013B1B7897
:1043000012021343984604D120005430FFF7F6FB05
:104310008046E36A9A464346A361230040331E78F1
:10432000731EA670012BD8D823003D331D78ABB285
:104330006381002BD1D06B1E1D42CED123004233AE
:104340001A78013B1B78120213431BB201936B4690
:104350009B889B4623811B07BFD123002200443347
:104360001B78433210781B02184303D120005030D1
:10437000FFF7C4FB23003F331F78013B1B783F024C
:104380001F43AAD0434673430093009A5B4691466D
:104390001B09DB19994448459FD34B46C61A29008F
:1043A0003000FBF725FFAE4297D34E4B984294D88E
:1043B0004D4B984200D87FE003265346E3614B46BD
:1043C000851C5744534465612762A362032E13D1B1
:1043D00023005B331A78013B1B7812021343019AC6
:1043E0001A4313B2002B00D077E720005C30FFF7B0
:1043F00085FBAD00606211E05B46002B00D16CE7ED
:10440000009B9C4667446762022E01D16D0005E067
:104410000320012368431D4040084519334B9C4647
:1044200065446D0A454500D957E701235B42236186
:10443000E36081332371032E35D1230061331A7871
:10444000013B1B7812021343012B2CD15146200053
:104450000131FFF785FC002825D1254B2071E25C56
:10446000244B1202E35C1343234A1BB293421AD13A
:1044700020003030FFF742FB204B984213D18523B8
:104480009B00E018FFF73AFB1D4B98420BD18623A7
:104490009B00E018FFF732FB87239B002061E018A8
:1044A000FFF72CFBE060174A2670138801339BB29C
:1044B0001380E380002309E0134E8642B641764222
:1044C00001367AE70123042800D006E7180007B078
:1044D0003CBC90469946A246AB46F0BD4C06002037
:1044E00036020000F5FFFF0FF5FF0000FF0100009E
:1044F0002F0200002E02000055AAFFFF5252614118
:104500007272416150060020F50F0000002370B563
:1045100086680500046803619E420ED12378022B51
:1045200002D9636A002B07D12389002B01D1022015
:1045300021E0636AAB6115E01E006389002B0CD19A
:1045400031002868FFF73EFD0600431C12D0012809
:10455000EDD963699842F3D3E9E731002000FFF712
:10456000E1FAA861AB696E61002BE0D03034EC61F8
:10457000002000E0012070BD70B5C3780400002B5E
:1045800003D12378032B41D104E0FFF7C9FB0028B6
:1045900044D1F6E72679012E38D125008022303526
:1045A0009200002128000EF06FF855221C4B41218B
:1045B000E2541C4B9218E2542200DE3BFF3B3132A6
:1045C0002B70137023006122323385201A705970CA
:1045D00072238000235414482354144BE154144B89
:1045E000E2540133E0182169FFF794FA87239B0016
:1045F000E018E168FFF78EFAE36960785A1CE2621E
:10460000330029000CF0EAFF0023237100226078B8
:1046100011000DF033F8431E9841C0B270BDC04682
:104620002E0200002F0200001502000016020000FA
:1046300017020000F0B5C64600B5C37804000D00AF
:10464000002B11D1290020002600FFF76BFA8022F1
:104650003036E06207009200002130000EF014F8BE
:104660000123002598460EE0FFF75AFB012300289E
:1046700011D1E7E77A196078434631000CF0AEFFBC
:10468000002803D1013563899D42F3D363895B1B05
:10469000581E8341DBB2180004BC9046F0BD0000F8
:1046A000F8B5CE46474680B507692B4B2037040046
:1046B000894605689F4201D900238361A3690420CC
:1046C000002B44D0FA05D20D90463BD161690133ED
:1046D000A361002907D12A897B09934232D30023A1
:1046E0000420A36133E06B897A0A013B1A4229D185
:1046F0002800FFF767FC0600012801D8022026E009
:10470000431C01D1012022E06B69834214D84B463F
:10471000002BE4D061692000FFF7BCFC06000720F5
:10472000002E14D0012EE9D0731CEBD031002800EC
:10473000FFF780FF0028E5D1666131002800FFF710
:10474000F1F9A0610020303545442761E5610CBCDA
:1047500090469946F8BDC046FFFF1F00F0B557468A
:104760004E46DE464546E0B507000E00036885B0BC
:10477000029333782F2B01D10136FAE75C2BFBD063
:104780000023BB6033781F2B04D90B239A46033BCD
:10479000994640E03B0080222B331A703800FFF727
:1047A000B5FE04009EE00133F25C2F2AFBD05C2AA8
:1047B000F9D0F618002D00D18CE07B1CDA7FE52AB9
:1047C00001D1E03ADA770423202C5DD83D002B3567
:1047D0002B703B6838009B46FFF798FE041E07D1FC
:1047E0003F239846B9695846FFF7BAFA041E50D0DD
:1047F0002B78002C68D15B0774D4BB79DB0667D5B6
:104800003B690299DB05DB0D3031C918029B187832
:10481000FFF73AFAB86020239C46BC4463465246F0
:104820002021604601930DF02FFF0123B0460025A3
:10483000CB469B1B0393039B34789B19202C21D9D7
:104840002F2C01D05C2C01D14646ADE72E2C43D055
:10485000AB453FD963B2002B03DA7F231C40254BC5
:104860001C5D210024480DF017FF002832D12300E1
:10487000613B192B01D8203CE4B2019B5C5501350A
:104880000136D8E7464694E73278202A9ED900239D
:104890009CE7F8690378002B14D04246C37A134092
:1048A0004A46BB71C37A134205D1524601990DF0B5
:1048B000D3FE00289CD000213800FFF7F1FE041E33
:1048C00090D095E7042493E7042C0BD1234209D11F
:1048D000052407E0062405E05B460B2BFAD04D4685
:1048E000D346CDE7200005B03CBC90469946A24691
:1048F000AB46F0BD682A0108F12A0108F8B50400AA
:1049000007683F2604202025A16900291DD0380012
:10491000FFF726FA00281CD1E3691A78002A17D07D
:10492000DB7A3340A371E52A08D02E2A06D00F2B5C
:1049300004D0AB43082B01D000200CE00021200064
:10494000FFF7AEFE0028DFD003E00028F4D000E03F
:1049500004200023A361F8BDF8B505000668FFF741
:10496000D5FD041E26D10127A9693000FFF7F8F90B
:10497000041E1FD1EB691B78E52B13D1A969300008
:10498000FFF7EEF9041E18D101002022E8690DF0AE
:104990007BFE2900E86920310B220DF06BFE01231C
:1049A000F3700AE0002BE9D039002800FFF778FE09
:1049B000041ED9D0042C00D103342000F8BD00001F
:1049C0001FB5019003A8009114000391FFF728F987
:1049D00003000B20002B14DB0B499B005A58002AC4
:1049E00001D000201070019A002A01D00020107020
:1049F0000020CA50844204D0020001A96846FFF793
:104A000007FC04B010BDC0464C060020F0B54F4670
:104A10004646D646C0B590B004000191904609279D
:104A2000002800D1E0E03F261640320003A901A88B
:104A3000FFF7EEFB071E00D0D3E004AD039B019906
:104A400028000493FFF78AFE002805D13B236B441E
:104A50001B787F2B00D906301C2342461A4256D0C1
:104A600000280BD0042800D0BBE02800FFF774FF1B
:104A7000002800D0B5E008231E430CE01123AA79DA
:104A80001A4200D0ACE0434608205B0700D5A8E0FE
:104A90004346034245D00CF0BBFC8046E8694146E2
:104AA0000E30FFF737F8E86941461630FFF732F865
:104AB000039B9946EB699A464B4651461878FFF797
:104AC000E3F82023CB7280460022E9694846FFF7CD
:104AD000EBF800220121EB691A775A779A77DA7797
:104AE000039BD970414691421BD0DB6A280099464E
:104AF000FFF74EFB002874D149460398FFF730F9C1
:104B00004146039B0139D96000280AD069E000289A
:104B100067D1AB79DA0661D44246920701D5DB074B
:104B20005ED4330701D540231E43039BED699A46AB
:104B3000DB6A65622362534629001878FFF7A4F800
:104B4000A060814628001C30FEF7D8FF5346E06085
:104B50002360DB880021A380282398468022A0447C
:104B6000050026746174E1616161920040460DF0B8
:104B70008BFDB30638D5002D36D0534665615E896E
:104B80007602AE420CD249462068FFF71BFAAD1BF5
:104B900081460300012805D90133F2D1012002E04A
:104BA000002000E002204B46A361002819D1EB054C
:104BB0001AD0039E49463000FEF7B4FF02000220DF
:104BC000002A0ED06D0AAA18E261707801234146CE
:104BD0000CF0B8FC002807D0012002E0042000E01F
:104BE0000720002307002360380010B01CBC90464B
:104BF0009946A246F0BD0000F0B5DE464E46454659
:104C00009B4657460023E0B516005A4685B08946B4
:104C1000136003A90400FFF71BF8051E00D09DE0F8
:104C2000657C002D00D099E0237CDB0700D494E064
:104C3000E36862699F1AB74200D9370028239C466F
:104C4000A4446346AA460193002F00D183E0636920
:104C5000DA0563D1039A55895A0A013D2A40009228
:104C600011D1002B01D1A06803E0A1692068FFF7F2
:104C7000A9F9012801D8022502E0431C02D101252F
:104C800065746BE0A061039BA16918009846FEF76C
:104C900049FF0028EFD0009B1D18344B9F4221D9BB
:104CA0004346009A7E0A5B8992199A4201D9009A7A
:104CB0009E1A43462A005878494633000CF042FCBD
:104CC0000028DCD1237C7F2B0AD9E369581BB04232
:104CD00006D2802240024844920001990DF0CAFC9D
:104CE00076022CE0E269AA4217D0237C7F2B0BD9F5
:104CF00043460199587801230CF070FC0028BED17E
:104D00007F22237C13402374039B2A005878019947
:104D100001230CF017FC0028B1D1E56163693E0066
:104D2000D9058023C90D9B005B1A9F4200D91E0044
:104D3000019B32009C46484661440DF09BFC5B465B
:104D40005A461B68BF1B9B1913606369B1449C469C
:104D50006644666178E7554600E00725280005B0FF
:104D60003CBC90469946A246AB46F0BDFF01000010
:104D7000F0B5DE464E4645469B4657460023E0B515
:104D800016005A4685B08946136003A90400FEF751
:104D90005FFF8046002800D0B9E0637C9846002B76
:104DA00000D0B4E0237C9B0700D4AEE063699A197D
:104DB00093424FD9DE434DE06369DA0500D08DE0C0
:104DC000039A57895A0A013F3A40019245D0237C01
:104DD0007F2B62D8039BA16918009A46FEF7A2FEBA
:104DE00000284DD0019B1F184D4B9E4264D953465D
:104DF000019A750A5B8952199A4201D9019A9D1A42
:104E000053463A00587849462B000CF0E7FB00283F
:104E10003AD1E369D91BA9420BD280222000490272
:104E20009200494428300DF025FC7F22237C13405A
:104E300023746D025B465A461B68761B5B19136030
:104E40006369A9449C46E36865446561AB4200D24E
:104E50002B00E360002EAFD10BE0002B03D1A06844
:104E6000011E0BD100E0A1692000FFF713F9002813
:104E700004D14023227C1343237448E0012801D14C
:104E8000022302E0431C02D1012363743EE0A368C5
:104E9000A061002B9BD1A06099E72100039BE269F0
:104EA0005878283101230CF099FB0028ECD17F229F
:104EB000237C134023748DE7E369BB420DD0E36884
:104EC0006269934209D95346210058783A00012378
:104ED00028310CF037FB0028D6D1E7616369350033
:104EE000D8058023C00D9B001B1A9E4200D91D00CF
:104EF0002300283318182A0049460DF0BBFB8022F6
:104F0000237C52421343237494E707239846404678
:104F100005B03CBC90469946A246AB46F0BDC046A3
:104F2000FF010000F7B501A90400FEF791FE051E80
:104F30003DD1237C5A063AD55BB2002B0EDA210014
:104F4000019BE2695878283101230CF047FB0135B9
:104F500000282CD17F22237C134023740CF058FAB4
:104F6000216A07000198FEF7FBFE051E1FD12023D2
:104F7000666AF27A31001343F372A2682068FEF782
:104F800093FE3000E1681C30FEF7C4FD30003900AC
:104F90001630FEF7BFFD01230198B574F574C37098
:104FA000FFF7EAFA40220500237C9343237428008C
:104FB000FEBD000013B50400FFF7B4FF002806D1C2
:104FC00001A92000FEF744FE002800D1206016BD94
:104FD0001FB5040001910920002C2ED0002203A946
:104FE00001A8FFF715F9002821D1039B019923603F
:104FF0002000FFF7B3FB00281CD123002B331B78C4
:105000007F2B0AD8A379DB0601D405200FE0039B90
:10501000E1691878FEF738FEA060039B2000DB886A
:10502000A380FFF773FA0428EFD0002805D00023EF
:10503000236002E00428E8D0F9E704B010BD0000C6
:1050400013B501A90400FEF703FE002800D120607B
:1050500016BD000037B50D0001A90400FEF7F8FDEC
:10506000002819D12000002D02D1FFF74FFA13E0DC
:10507000FFF744FCFB2303400ED16B72A369002BA6
:1050800003D029002000FEF71BFE00212000FFF7BF
:1050900007FB042800D100203EBD00000923F0B525
:1050A000C646984606000C00042700B58844210037
:1050B0003000FFF7CFFF051E0CD1002C0AD0637A19
:1050C000002B07D002003B004146F06AFEF74AFD84
:1050D0000028ECD0280004BC9046F0BDF0B59DB08F
:1050E0000190022203A901A8FFF792F8002844D1F9
:1050F00004AC039B019920000493FFF72FFB0028C9
:105100003BD13B236B441B7806307F2B35D8A779E6
:10511000FB0701D5072030E0039EE1693078FEF7F8
:10512000B3FD0500FB0607D4049EA1693000FEF71D
:1051300017FE00280FD020E0129010A81096FFF75D
:10514000E5F9002819D110A8FFF7D8FB0028E1D015
:10515000042812D1E8E7E523E2691370E43BF37019
:10516000002D03D10398FFF707FA06E0020029009B
:105170002000FFF70DF80028F4D01DB0F0BD0000AE
:1051800010B572B60248FDF7CFF962B610BDC04641
:105190005406002010B5040072B6022902D003297B
:1051A0000DD00FE0084A0121FDF788FA2000074AD8
:1051B0000221FDF783FA0648FDF78AF902E0044868
:1051C000FDF77CF962B610BDF03501080C36010818
:1051D00054060020184970B50E001F25174A184BB9
:1051E0001068184A1B68126818369B1803432C0075
:1051F00030221C40092C00D9073212190A805B09A1
:10520000C206023113434009B142F0D1FE220E4BD7
:105210000E49120199521A210D4A995298180022EA
:1052200042800C49FE228C4612019A185A52120CE6
:1052300063445A8070BDC0460A3F0020B0F7FF1F8C
:10524000ACF7FF1FB4F7FF1F282F00201A03000040
:10525000D80F0000DC0F000010B5022915D003297B
:1052600003D0012913D0002012E0032A06D1094BF4
:105270009B8A5B0505D5FFF7ADFF09E00020032AF7
:1052800006D80548D200801802E0044800E004482F
:1052900010BDC04608030020E03601084036010872
:1052A0008C36010870B5051C081C161CFBF792FA19
:1052B000311C041C281CFBF78DFA011C201CFBF779
:1052C00089FAFA218905FBF7DDFD70BDF8B5114EAD
:1052D000071C3400104D11482034043E391CFBF7E4
:1052E000D1FD291CFBF776FAA64202D02568043CC2
:1052F000F4E7011C381CFBF7C5FDFE218905FBF70F
:1053000069FA391CFBF7BEFDFE218905FBF762FA3D
:10531000F8BDC046943701084EE53426D4CBA02210
:1053200070B5002A12D04C1E231A584350435043E4
:10533000FCF7E4F8051C20006043FCF7DFF8011CD3
:10534000281CFBF7C3FBFFF7C1FF01E0FE2080052F
:1053500070BDC046044B10B51B680A0019680C6884
:1053600001001800A04710BDB0200020F0B5DE46B7
:1053700057464E464546E0B5564B87B003905B8B8B
:105380000593002B00D195E0D0229446FE22514B8C
:10539000920063449446E42298464E4BD200634404
:1053A00094469A464B4B544663441E0000234546A0
:1053B0009B4633682A68181C111C02939046FBF721
:1053C00077FE7268071C92466A685046111C914627
:1053D000FBF76EFE6368039A019000932068012A30
:1053E0002AD1011CFE208005FBF762FE011C0490FF
:1053F000381CFBF747FD5146071C4846FBF758FE93
:10540000009B191C9946FBF73DFD011C381CFBF75E
:105410004FFE0299071C4046FBF74AFE4946FBF740
:1054200031FD049981460198FBF72CFD011C48468B
:10543000FBF7D0F9804630E0FE218905FBF7CAF979
:10544000011C8146381CFBF71DFD019B0290009951
:10545000181C9846FBF716FD494682464046FBF766
:1054600011FD00998046381CFBF70CFD011C4046DD
:10547000FBF7B0F9039B8046013305D051460298F3
:10548000FBF716FE071C08E002995046FBF710FEDA
:1054900080231B0643449846071C43467360012340
:1054A0009C46059BE34437600835083408369B4525
:1054B00000DA7EE70422074B9B8C93434022134380
:1054C000044A938407B03CBC90469946A246AB463A
:1054D000F0BDC046C8070020012110B50C00074AE6
:1054E000138B1C40844208D08B4303432820138332
:1054F00006F0CAFA0022024B1A7710BDC807002036
:1055000008030020F0B545465746DE464E46E0B556
:10551000884687B0051E9246644C00DBAEE0E36827
:1055200001938B4200D3A8E0638C013B9BB29B4666
:1055300023695D468B4200D8A0E00027019A9E1A9D
:10554000881A00235A460021FBF730F832003B004E
:10555000FBF70CF8050032003B00C1172800FBF7F1
:1055600025F802900391594600234A0802980399AE
:10557000801859415A4604900591FAF7F7FF814681
:1055800004980599019B801979414B4402935A462E
:105590000023FAF7EBFF4946019A029B1618471AB7
:1055A00098456BD0002F0DD04246D01AFBF7A6FFCE
:1055B00081463800FBF7A2FF011C4846FBF786FA3C
:1055C000814601E000239946029803F007FB07009B
:1055D000300003F003FB6B1CB8421BD0404603F0C5
:1055E000FDFAB8420BD1002D48DDFE214846890561
:1055F000FBF7F0F86E1E2B00814635000AE0AB4544
:105600003CDDFE2148468905FBF752FD6E1CAB1CB4
:10561000814635001A001A32D200A41828225646B4
:105620009246DB005B429846EB009B460433B24453
:1056300001934346E5185B46EF582068391CFBF799
:1056400037FD4946FBF71EFC391CFBF7C3F8019BED
:105650003060ED586068291CFBF72AFD4946FBF7CE
:1056600011FC291CFBF7B6F8CA239B009C4670600E
:10567000083664445645DCD111E0002553465646B1
:105680001A35ED006419283322683260626872604E
:10569000CA229200944608366444B342F4D107B05B
:1056A0003CBC90469946A246AB46F0BDC8070020D8
:1056B000F0B5CE46474680B54B6883B001AA0E6868
:1056C0000C00694698460CF09FFD019F311C381C68
:1056D000FBF7D8FB009D81464146281CFBF7D2FB17
:1056E000011C4846FBF7E4FC41462060381CFBF7F0
:1056F000C9FB311C071C281CFBF7C4FB011C381C10
:10570000FBF768F8606003B00CBC90469946F0BDAA
:1057100010B5012816D108680B4903F017F80028C6
:1057200005D14021094A13780B43137006E0012884
:1057300004D14021054A13788B4313708D2040001B
:1057400006F0A2F910BDC04660390108A803002088
:1057500070B50C0090B0002838D0022836DC1C4B05
:105760009B8A5B0732D402280DD1486802F044FFBF
:10577000184BFA215843184B89009C466044FAF7AD
:1057800037FD060000E0154E24682000FBF7FAFF05
:10579000134D0200210033002800FCF727FD2800EC
:1057A000330002220F49FCF721FD203D0E4C05E09D
:1057B000236802001B686946200098473300402296
:1057C00069462800FCF786FC0028F1D110B070BDB6
:1057D00008030020A0860100E7030000204E00001F
:1057E00014050020744201085406002070B50D0015
:1057F000022808D1086802F0E5FE04B2686802F0E9
:10580000E1FE02B202E00122524214002100022015
:105810000AF0F8FF70BDC04670B50C0002280BD12D
:10582000086802F0CFFE0500606802F0CBFE29B2E6
:1058300002B201200AF0E6FF70BDC04610B50AF0C2
:1058400093FB10BDF8B50E1C051C111C301C171C59
:10585000FBF718FB291CFBF715FB400040080CF078
:1058600079FD391C041C301CFAF7B4FF291CFAF727
:10587000B1FF0021FAF752FE002803D080231B0657
:105880009C466444201CF8BD10B5094C628B002A6C
:105890000CD0CA239B005843D030001900230024A9
:1058A00001330160446008309342F9DB10BDC0460B
:1058B000C807002010B5031C082800D90823034A94
:1058C0001020137006F0E0F810BDC046BC20002088
:1058D000014B18787047C046BC2000200121024AC5
:1058E00013788B4313707047A803002010B5FFF79F
:1058F000F5FF10BD01230420074A11784B40834374
:105900001370C90706D50549898A090502D5022100
:105910000B4313707047C046A80300200803002003
:105920000FB400B5074B83B01868002805D005AA4E
:1059300004990192FDF77EFD00E0002003B008BC51
:1059400004B01847B020002070B5104D0522290082
:1059500002F018FF0E4B80B21880052804D90D48BC
:10596000FFF7DEFF00240FE000280CD00A4C0B48A4
:10597000296802F0EBFE002806D00A3460882388EC
:1059800000041843F4D10024200070BD54200020EE
:10599000AC20002074370108B43F01086C370108BF
:1059A000F8B5CE4647460C0080B5022823D02A48D9
:1059B000FFF7B6FF294BF8269946E0235B01002448
:1059C0009846F827264D36041E3541462B88484612
:1059D000DA080A40590939400A43190431405B0783
:1059E0000A431B0C21001A430134FFF799FF0235CB
:1059F000202CEAD12BE0086802F0FEFD83B20500FE
:105A00001F2B24D8606802F0F7FD0600606802F0E2
:105A1000F3FDE0224301F82012024001F600164097
:105A2000034060681E4302F0E7FDF823000C0340CA
:105A300060681E4302F0E0FD2D040304084AED0BEC
:105A40005B0F551933430748EB8306F01DF80CBC78
:105A500090469946F8BDC046E83801080439010867
:105A6000080300201A03000010B502490248FFF79E
:105A700057FF10BD60370108AC3F010870B5074CF7
:105A80002168002909D0064D043428000434FFF7AA
:105A900047FF231F19680029F7D170BD7C03002040
:105AA000AC3F010870B50948FFF73AFF084C0949B7
:105AB000094D0A342800FFF733FF61882388090461
:105AC0001943F6D10548FFF72BFF70BD883901084F
:105AD000B43F01086C370108943901087442010889
:105AE00010B5012806D0064B06495A680648FFF74C
:105AF00017FF04E0086802F07FFD014B586010BDFD
:105B0000080300204C3D0108743D0108F0B54F46E4
:105B1000D64646460500C0B50F00002801D12C4EE0
:105B20004CE000284EDD2B4B002498462A4B284E93
:105B300099469A46A300F858310002F007FE07285C
:105B40003CD8434680001B589F460120FFF7C4FC09
:105B500030E00020FFF7C0FC2CE006211E4A138B2A
:105B60008B4302210B43138324E006211A4A138B33
:105B70008B4304210B4313831CE00621164A138B2D
:105B80008B43138316E01821134A138B8B43082190
:105B90000B4313830EE0534618221B8B934352464C
:105BA000138307E04B4618221B8B934310221343A9
:105BB0004A4613830134A542BCD103E031000748B3
:105BC000FFF7AEFE1CBC90469946A246F0BDC0460B
:105BD000DC3E010800370108C8070020BC3E010870
:105BE00010B5012805D0064B0648198BFFF798FE23
:105BF00004E0086802F0E6FC014B188310BDC046C3
:105C000008030020103B010870B50D000B4C022862
:105C100000D00DE02100286802F098FD061E07DB89
:105C2000686802F0E9FCC1B2B0B20AF0FFFA03E022
:105C300021000348FFF774FE70BDC0466C3A0108AE
:105C40001439010810B5012806D0074B07491A7806
:105C50000748FFF765FE05E0086802F0CDFCC0B21A
:105C6000FFF728FE10BDC046BC200020CC3C010838
:105C7000743D010810B501280BD108680B4902F0EA
:105C800065FD002805D10A48FFF74AFE0AF0B6FA7A
:105C900010BD0848FFF744FEBFF34F8F064B074A7D
:105CA000DA60BFF34F8FC046FDE7C046343B0108C2
:105CB000383B0108583B010800ED00E00400FA05FC
:105CC00010B5012806D0064B06495A6E0648FFF764
:105CD00027FE04E0086802F08FFC02F05BFF10BDB5
:105CE00008030020303D0108743D010810B50BF099
:105CF00081FE01000148FFF713FE10BDA43F01081B
:105D000010B5094C012800D009E00868210002F014
:105D10001DFD002803DBC0B205F0F6FE03E0210004
:105D20000248FFF7FDFD10BD343A01081C3A010896
:105D300010B501280AD1086802F05EFC042805D8D5
:105D40000BF000FD102005F09FFE04E00422024944
:105D50000248FFF7E5FD10BD6C3B0108743B0108EC
:105D600070B504000D00002803D10948FFF7D8FDE5
:105D70000DE0086802F040FC00210200012C00DD6B
:105D800069680020022C00DDA86809F075FC70BD70
:105D9000A43A010810B50C4882B0FFF7C1FD0AF023
:105DA000C1F80A481022835E0E21425E0C24015F76
:105DB0001224005F00900648FFF7B2FD054805F089
:105DC00063FE02B010BDC046E83D01080803002094
:105DD000143E01081A030000F0B54746CE4680B5D0
:105DE000E1B06A46284B294C1A60C02323802788DB
:105DF0003FB2012807D1086802F0E4FB0138431ED6
:105E00009841234B1880002003F096F88023DB058F
:105E10005B6A204A0A3313601F4B204A5B8B0233B4
:105E20009BB2138023881BB2002B04DD30BF238874
:105E30001BB2002BFADC002F11DC1FE00023F15E07
:105E400040460135FFF76CFD0C2D03D14846FFF7A6
:105E500067FD002502360134A742EFDC0EE06B46F9
:105E60000021595E0E4B002418009846FFF758FD9C
:105E70006B469E1C0B4B01259946ECE761B00CBCB0
:105E800090469946F0BDC04664180020681800206E
:105E90006A180020C01E0020080300206025002092
:105EA000503901087442010810B5012803D00A488E
:105EB000FFF736FD0EE00868084902F047FC0028AD
:105EC00003D00748FFF72CFD04E00BF0CFFC05489A
:105ED000FFF726FD10BDC0464038010868380108AC
:105EE000703801088438010810B50BF0E7FB024850
:105EF000FFF716FD10BDC046883B010810B5012212
:105F000005490648FEF75CFD041E02D00448FFF771
:105F100007FD200010BDC04680380108F83C002075
:105F2000303C010810B50C00012803D00A48FFF7E7
:105F3000F7FC10E0FFF7E2FF00280CD124682000F6
:105F4000FFF7CCF8002801D0044A00E0044A210001
:105F50000448FFF7E5FC10BD483C0108443C01083B
:105F6000403C0108683C010870B582B0012803D0AC
:105F70001B48FFF7D5FC30E00C68FFF7BFFF002897
:105F80002BD1184E012221003000FEF73FFD051EE7
:105F900003D01548FFF7C4FC1FE0144BB289F41876
:105FA000F38904211B04134368460093FFF7D2F9D9
:105FB0000195350002E02000FFF7CCF9802201AB0B
:105FC000920021002800FEF717FE002802D1019957
:105FD0000029F0D13000FEF7EDFF02B070BDC046E1
:105FE000A03C0108D03A0020BC3C010858F4FFFF57
:105FF00030B595B004000D00FFF780FF002832D1C6
:10600000002C02D0012C04D007E0184B08ACE3624E
:1060100007E02B6808ACE36203E01548FFF780FC5B
:1060200021E014492000FEF7D3FF002801D1124DD2
:106030000EE02000FFF704F815E0029B02A98C4651
:1060400001931A000923634419002800FFF768FC34
:1060500002A92000FFF722F80028EAD102AB5B7A00
:10606000002BEAD1E5E715B030BDC046783C010809
:106070007C3C010880380108983C0108F0B5464690
:106080004F46D646C0B5374B374D1E6886B03540B3
:1060900004955B68354C89461C4098460594032856
:1060A00016D14B463249186802F050FB002801D047
:1060B000304F3FE04B46586802F09EFA4B460400D2
:1060C000986802F099FA010020000BF089FD43E086
:1060D000284F022800D02DE04B463900186802F006
:1060E00035FB8246062806D14B46586802F0ACFACA
:1060F0000BF0ECFD30E04B46586802F07DFA534659
:106100008146002B16DB632814D852461A4B0A210D
:106110009D5C04AB9C466544FAF76AF80A210401C9
:106120004846FAF7EBF80C432C70049905980BF0ED
:1061300057FD11E07F2042463F2306402804000E11
:1061400013402D0C22040190120E210C039702968D
:1061500000950A48FFF7E4FB06B01CBC9046994640
:10616000A246F0BD002800407F7F7F003F1FFF0058
:10617000903D0108F045010818420108943D0108CE
:1061800010B5012806D0064B06499A680648FFF765
:10619000C7FB04E0086802F015FA02F0EDFB10BD41
:1061A00008030020C83A0108743D010810B5012811
:1061B00003D00848FFF7B4FB0AE0086802F01CFAB5
:1061C0000400FFF78BFB044B2000D97F02F01EFD7B
:1061D00010BDC04668390108C8070020F0B5CE469A
:1061E000474680B583B0012812D1086802F0EAF969
:1061F000062803D91D48FFF793FB31E001280BDC8B
:10620000CA24A40044431A4BE4181A4B98460BE0E6
:10621000184B174C984607E0CA24831EA4005C4321
:10622000144BD0349846444443465B8B002B17D024
:10623000114B002599462068FBF7A0F9060060681D
:106240000F00FBF79BF93B0000900191320048469C
:10625000FFF766FB43465B8B01350834AB42EADC53
:1062600003B00CBC90469946F0BDC04630390108D9
:106270006C180020C80700204839010810B5040038
:10628000102005F001FC032C00D9FF24064BDA7F17
:10629000A24207D0DC77054B1B78DB0702D4200035
:1062A00002F0FAFD10BDC046C8070020A803002078
:1062B00010B5012805D0064B0648D97FFFF730FB03
:1062C00005E0086802F07EF9C0B2FFF7D7FF10BD05
:1062D000C8070020E83A0108F0B5D64646464F46C2
:1062E0000E244023C0B584B06C4408212E4823807E
:1062F000FFF730F820000221FFF72CF82B4D218802
:1063000028001E30FFF726F800239846284B00246B
:106310009A463E2356465B42534499464136FF36E1
:106320005346A022009300200123520041460AF068
:10633000BBFC5746504623000C335B00EB183988F2
:10634000DB888B420AD02B0000241E3303E001348B
:106350000233202C04D01A888A42F8D1E3B201E03B
:1063600000230024037001300237B042E3D14846D5
:10637000A022494652003E3002F046FA4B46010048
:10638000981E01800904090C0231FEF7E3FF012386
:106390009C46E0444346F02BC2D104B01CBC90465E
:1063A0009946A246F0BDC046684201080803002095
:1063B000682F002030B583B0002802DDFFF78CFF86
:1063C00011E00024094DA0222100022352000020E8
:1063D00000950AF069FCA0212800C9000234FEF7EC
:1063E000B9FFF02CEFD103B030BDC046282F0020FC
:1063F00030B51148114C438B628B1149DB050D8878
:10640000D2050F21920BDB0D134307222940257F74
:1064100089042A400B43617F920549061343094AC8
:106420000B43136543685365836893654369D3657C
:10643000A38A136630BDC046C807002008030020A9
:106440002A3F002000280040F8B5214D2B889BB240
:10645000002B3CD080221F49D205526A0968521A8B
:1064600035D4820701D41C4C00E01C4C1C4A528BD2
:1064700001329A4202DA02F06DFE03E06021200050
:1064800002F0ACFD174B00260020185E164B4000B2
:10649000201807009C461A681449C0370B8814005E
:1064A000002B02D1002E0ED00BE00B880232013BF4
:1064B0001BB20B800026835F043023800126B84284
:1064C000ECD163461A602B88013B9BB22B80F8BD50
:1064D00060250020C01E0020C41E0020841F002054
:1064E000080300206A1800206418002068180020A3
:1064F000044BC005C00D10B558838120C00005F0C5
:10650000C3FA10BD0803002010B5012804D10868A3
:1065100002F072F880B216E0022816D1086802F084
:106520006BF8FA2283B201001201002093420AD8CC
:10653000072B07D90904090C1000F9F7E3FE01380D
:1065400080B200E00748FFF7D3FFFA20064B0001B6
:106550005C8B611CF9F7D6FE210002000348FFF7AF
:10656000DFF910BDFF01000008030020E03701083B
:10657000411CFA2010B50001F9F7C4FE10BDC04659
:1065800010B50400084B1988084B18684B08604385
:10659000C018F9F72DFE064B064A1B6812686343C4
:1065A0009B18C01810BDC046C0070020BC070020C3
:1065B000B8070020C4070020F0B557464E464546B0
:1065C000DE46E0B5984B9DB0984F049098465A8BA4
:1065D0003B8889469A4206D9002800D14EE24B46B4
:1065E000002B05D137E200233B80049B002BF6D122
:1065F00080228F4B92059A61A82342468D49D0583C
:10660000FAF740FC0BF0FEFF089011200AF060FD45
:10661000434638885C8B844200D813E203234A4601
:106620001A4001924A46023B1A4093464A460133B9
:106630001A40002303930A330093002392464A46EC
:10664000029340331A400692FFF79AFF019B040021
:10665000002B0DD04346D97F02F0D8FA069B02905A
:10666000002B02D13B88059302E001235B42059396
:106670005B46002B00D199E0002002F05DFC8023F6
:10668000009ADB0594465B6A029A634494466A4A20
:1066900063441360694B6A4E5B8B4A4602339BB27C
:1066A000338020231A40079200D1E2E112AD2A0084
:1066B00021000598FEF726FF3388002B00D1CCE19E
:1066C00030BF3388002BFBD10EAE300002F0F6FC59
:1066D0000A230293079B002B68D012AD29680E98FD
:1066E000FAF7E6FC696802900F98FAF7E1FCAB68EC
:1066F000EA68191C061C029809920A93FAF7C2FB71
:106700002969FAF767F809990790301CFAF7BAFB7C
:10671000011C0798FAF7CCFC099907900298FAF740
:10672000B1FB0A990990301CFAF7ACFB011C0998DF
:10673000FAF750F86969FAF74DF8079B051C191C20
:10674000181CFAF79FFB291C0990281CFAF79AFBE2
:10675000011C0998FAF73EF8011CFE208005FAF7A3
:10676000B5F9099007990298FAF78CFB291C0A9051
:10677000301CFAF787FB011C0A98FAF72BF80999E5
:10678000FAF780FB07990E90301CFAF77BFB291C67
:10679000061C0298FAF776FB011C301CFAF788FCFD
:1067A0000999FAF76FFB0A230F9002935346002BC7
:1067B00000D1BDE0012002F0BFFB8023009ADB0581
:1067C00094465B6A029A634494461B4A634413608E
:1067D0001A4B1B4E5B8B4A4602339BB233802123FC
:1067E0001340202B1BD112AD2A0021000598FEF783
:1067F00089FE14E010A802F061FC80221206944683
:106800000EAEB36863441800B360F368634400934A
:10681000F3604B469B0600D48AE013E030BF338818
:10682000002BFBD1E6E7C046C8070020BE1E0020B3
:1068300000080048E3C8EB3DC01E0020080300200C
:10684000602500201A99FAF733FC12AD061C696A1C
:106850000098FAF72DFCAB690090191C301C0993C5
:10686000FAF710FBEA690790111C00980A92FAF7F0
:1068700009FB011C0B900798FAF71AFC09990C9078
:1068800010900098FAF7FEFA0A990090301CFAF777
:10689000F9FA011C0098F9F79DFF42461190938C7C
:1068A000061C5A0544D5EA680F99AD68101C0A9277
:1068B00000950D91FAF7E6FAFE218905F9F78AFFAE
:1068C0000E9D0990291C0098FAF7DCFA011C099822
:1068D000FAF7EEFB291C09900A98FAF7D3FA009907
:1068E000051C0D98FAF7CEFA011C281CF9F772FF67
:1068F000051C011C301CFAF7C5FA099900900C9888
:10690000FAF7C0FA011C0098F9F764FF0799109094
:106910000B98FAF7CDFB291CFAF7B4FA0999051C74
:10692000301CFAF7AFFA011C281CF9F753FF11903D
:106930003B88642B49D85A46002A16D04A460EAEE8
:1069400052070BD52000FAF7D9FD9C234246D158B7
:10695000FAF798FA3100FEF7ABFE3B884C4A3168F3
:10696000DB009950D31872685A605346002B2CD024
:106970004B461B070AD52000FAF7C0FDA02342466C
:10698000D158FAF77FFA10A9FEF792FE4B46109DF8
:10699000119CDB060CD5089E281C311CFAF772FAF4
:1069A000311C1090051C201CFAF76CFA041C119085
:1069B0003A88374B11006531D200C900CD509B1881
:1069C000CB229200944663441C60324B1B78002B10
:1069D00002D0049B002B25D143465D8B2E4B3C8877
:1069E0005B8B262B16D9A3001B191801C01A800037
:1069F000691EF9F787FC039B0600C21A002A09DD0D
:106A00000F331800002101230AF02EFA43463C8878
:106A10005D8B039600230134A0B238800093A84216
:106A200000D211E6039B002B00D108E002200AF0FF
:106A30004FFB0123039A00210F200AF015FA434669
:106A400038885C8B8022201A44426041134B9201AB
:106A50009A61C0B215E0002013E00EAE300002F0E3
:106A60002DFB3BE60EAE300002F028FB0A2302931A
:106A70009CE63388002B00D022E6F3E7049B3B80A2
:106A8000B6E51DB03CBC90469946A246AB46F0BD6B
:106A90006C180020172F0020080300200008004871
:106AA000F0B5DE4657464E464546E0B5BE4B89B08A
:106AB0009B8A1B0602D501200AF06CF909F0B6FE8C
:106AC00006F07AFAB94B9B46B94B9A4604F0C4FFDC
:106AD0005B4680229B8C5200134204D10322104358
:106AE00082B2019203E02322104382B201929B05FD
:106AF00003D54023019A1A4301929C235A46002150
:106B0000D058F9F705FD002803D10423019A1A4350
:106B10000192A0235A460021D058F9F7F9FC002829
:106B200003D10823019A1A430192A8235A4600214F
:106B3000D058F9F7EDFC002803D11023019A1A432D
:106B400001929C4B1A789C4B1B789B0712D0002A11
:106B500004D002F009F80023964A1370019901202D
:106B6000FFF72AFD0222944B06001B789343924ABA
:106B7000137039E080218C4B09019B8A0B401C006B
:106B8000611E8C41E4B2944208D0002B02D001F087
:106B9000CFFF01E001F0E8FF864B1C7030BF0026FC
:106BA00022E05346854A1B6810882900013898471F
:106BB0005346002182481C60FBF766F853461B6869
:106BC000002BEED17C4B1A7880235B4213437A4A28
:106BD000137009F0D7FD784B1A787F231340764A5B
:106BE0001370002E08D17FE15346764A1B68151DAD
:106BF0000024002BD5D1E5E7734B1B78002B04D183
:106C00005B461A8BD30752D555E0674B6F4A9B8A78
:106C100091469B0701D46E4B99466E4B0393019BA3
:106C200005930123059A13420DD1CA22920094467E
:106C3000059B694A5B089BB20593039B63440393DE
:106C40009A42EED1DCE701225F4B1B78013B9A4070
:106C50000492002AE9DD002302935B46039A5B8BD2
:106C6000106857680832140001254E46022B06D8DA
:106C7000029B049A013302939A42EED1D5E723682E
:106C8000A2689846636841469946B047E26820602A
:106C90006168381CB0475B4660605B8B0135013B27
:106CA000083440464F469D42E9DBB146E0E701200B
:106CB00004F0EAFE18E106275B4617405E8B022FC0
:106CC00001D0042F06D173009BB2049301230696D2
:106CD000079303E0002304960793069318231340B9
:106CE00007D0103B59424B410D215B4219400291A4
:106CF00001E0062302931E231A4073011343374A0F
:106D00009BB212889A423ED0344A1380042F10D18D
:106D1000029B18005843FAF7A7FBFA218905FAF7F6
:106D2000B1F8FEF7D3FA8721C905FAF7ABF8051CCD
:106D300022E0002E18D0069B00259C461C00049BD8
:106D400066449846B9463700029E3200414620000C
:106D5000FEF7E6FA011C281CF9F73CFD0134051C7E
:106D6000A742F2D14F4600E00025022F04D1291C92
:106D7000281CF9F72FFD051CFE20291C8005F9F7BA
:106D8000A5FE174B1860134B99460123019A134235
:106D900028D1019B5B080193CA239B009C460E4BA4
:106DA000E1444B45F1D182E708030020C8070020E9
:106DB00068200020BC1E0020A8030020AC2000207A
:106DC000B420002054200020BC200020A552000840
:106DD000455800086C180020BC1E0020BE20002072
:106DE000642500205B465B8B0393002B27D04C4629
:106DF00000264F4B069F1B684E4D0593029A04993F
:106E00003800FEF78DFA0599FAF73CF8011C804628
:106E10002068FAF737F8414628606068FAF732F8D8
:106E2000039B013668600137083408359E42E5DB74
:106E30001A00FF2B04DD079B002B5CD00EE0002224
:106E40003C49D3008C46634400211960596080217D
:106E50000132083349008A42F6D1ECE7039C012C49
:106E600053DDFE21344AC90013008C4601206344DF
:106E700080252D06AC461168013019605168083B29
:106E80006144D9600832A042F2DB3EE02949294B37
:106E9000A21E92000C3104335218002119600833ED
:106EA0009A42FAD13BE05B461A8B06231340042B2F
:106EB00028D1012F26DD01261F4D2B00083B286815
:106EC0001968F9F787FC013628600835BE42F4DB03
:106ED00018E000234D46174A01CA99000133685053
:106EE000A342F9DBA94654E78020400004F0CCFD22
:106EF00004F01CFEEAE501210E480BF0BFF85B46EA
:106F00005C8B6400002CE4D143E7012109480BF0BD
:106F1000B5F85B465F8B7C00012CB7DCC3E75B46B2
:106F20001A8B06231340042BD3D1012FC3DCD0E7E7
:106F300064250020282F0020302F002070B5094D37
:106F40006B8B002B0CD00024074EA0B2FFF718FB70
:106F500001003000FEF7E4FC6B8B0134A342F4DC4B
:106F600070BDC046C8070020883D0108F0B5DE4668
:106F7000574645464E46E0B5B94C87B0638B04ADE5
:106F80002B800300023B83460F00022B03D9B54838
:106F9000FEF7C6FC5DE1086801F02EFB060078688C
:106FA00001F02AFB0290002E03D0002801D0864277
:106FB00003D9AD48FEF7B4FC4BE15B46022B00D190
:106FC00033E1B86801F018FB83B203932B80013BD7
:106FD0009BB29A46642B03D9A448FEF7A1FC38E182
:106FE000039B02AA944663830A23634498460023C2
:106FF000424613805B46042B06D0039A9C49934675
:1070000003220B78914617E0F86801F0F5FA434641
:10701000974980B218800B781A0703D58022104355
:10702000424610804007820F9146628B03922A8865
:107030009346013A92B29246082293430B70A38C76
:10704000DB0507D543461B881A4203D14A46202355
:107050001A439146A023E758043B0021E058F9F772
:1070600057FA00280ED143461B88DB0618D44A463F
:10707000042300211A43381C9146F9F749FA0028E5
:107080000AD00DE00021381CF9F742FA002807D198
:1070900043461B88DB0603D44A4608231A4391461D
:1070A000A8230021E058F9F733FA002807D1434616
:1070B0001B889B0603D44A4610231A439146E36873
:1070C0009E4200D0ACE0029B2269934200D0A7E030
:1070D000638C039A934200D0A2E05B4652466383DE
:1070E000644B51461E60644B1A80029B981BF9F753
:1070F00005F9624B1860624B19604B469B0703D041
:1071000049460020FFF758FAFEF7E8FB43461B8884
:10711000002B00D19DE01A060BD42A88002A00D14A
:1071200097E0584A00249146574A9246574A934658
:1071300034E002214046FEF70DF902212800FEF757
:1071400009F92B88002B00D183E001230024994604
:1071500002274C4E43464A461B881A4209D0A0B229
:10716000FFF70EFA0421059005A8FEF7F3F8434651
:107170001B881F4206D0464B0821F018FEF7EAF89C
:1071800043461B885B0703D508213000FEF7E2F871
:107190002B8801340836A342DCDC5AE0DA0708D534
:1071A000A0B2FFF7EDF901003A48FEF7B9FB4346FC
:1071B0001B889A0714D54A46354BD058FAF7DEF9A2
:1071C0004A46354B0600D0580F00FAF7D7F93B0076
:1071D0000090019132005846FEF7A2FB43461B88FF
:1071E0005B0710D54B461868FAF7C8F94B460600FE
:1071F00058680F00FAF7C2F93200009001913B0085
:107200002248FEF78DFB5046FEF78AFB08239C467A
:107210002B880134E144A3421BDD43461B88BDE7B4
:107220004A4640231A43914657E702AA94460A2346
:1072300063449846002342461380628B0C490392B4
:107240002A880B789346013A92B2924603229146DD
:10725000F2E607B03CBC90469946A246AB46F0BD6C
:10726000C8070020A83B0108E03B0108003C0108DA
:10727000A8030020C4070020C0070020B807002092
:10728000BC070020941B002074420108283C010820
:10729000D8FCFFFF243C0108DCFCFFFF082210B5EE
:1072A000054C237813432370FFF760FE08222378F0
:1072B0009343237010BDC046A8030020014B1868FB
:1072C0007047C046B8070020F8B504000E00431C04
:1072D00014D00B4D6B8B8B4210D98FB23800FFF757
:1072E0004FF90B34E4002C1960606088B04205D07F
:1072F00003F030FE6780202004F0C6FBF8BDC046D6
:10730000C8070020F0B5DE4657464E464546E0B574
:10731000394C83B0A3686568678B5E1B9946374B11
:10732000013F1D60364BB9B219803000F8F7E6FF17
:10733000344BA2461860344B30001960FAF7DEF87F
:10734000011CFE208005F9F7C1FB5A239B46002350
:1073500098460090A3445346DE6D002E02D15B4652
:10736000198816E00021B54213D23900B14510D971
:107370003800FAF779F80099F9F784FD0190701B4D
:10738000FAF7BCF8011C0198F9F77CFDFAF74CF804
:1073900001004046FFF798FF01239C460733E04475
:1073A0009C464346E344E244082BD4D14946280096
:1073B00003F05CFDE3689D4216D12269A38C9145E0
:1073C00013D1618B628C91420FD112E00F48A384DC
:1073D00004F05AFB00220E4B1A8003B03CBC9046CE
:1073E0009946A246AB46F0BDA38C8022920013437F
:1073F000ECE7084A1340E9E7C8070020C40700206B
:10740000C0070020B8070020BC0700201B040000B4
:10741000BE1E0020FFFDFFFF10B50AF005FA0400B4
:10742000FFF770FF2123034AD05C04F06DFB2000BE
:1074300010BDC046C807002010B501280CD108684F
:1074400001F0DAF8042807D8FFF7E6FF002808D093
:107450000448FEF765FA04E0042203490348FEF7F6
:107460005FFA10BD183B01082C3B0108743B010872
:1074700010B5031C152800D215239AB2652A00D92D
:10748000652304499AB2488B904202D04B83FFF7A0
:1074900039FF10BDC807002010B5FFF733FF0121E9
:1074A000024A13780B43137010BDC046A803002096
:1074B000F0B5C646040000B50D0000280FD1404DC0
:1074C000404E2B780134002B05D06A886B68210070
:1074D0003000FEF725FA0835082CF2D16CE02220A6
:1074E00004F0D2FA384E2868310001F02FF9002854
:1074F00019DB421E51424A41344B52425A774242B2
:1075000050415822C0B298540832985408329854C6
:1075100008329854083298540832985408329854D3
:107520000832985448E0286801F04CF8431E0700E0
:107530009846072B04D931002548FEF7F1F93BE0C6
:10754000012C0ED10500214E0A35ED007219536849
:10755000010052881B48FEF7E3F94346AC557377A8
:107560002AE03100686801F0F1F8002802D0012813
:1075700008D013E00122154B0A37FF00FA544246A7
:107580005A7719E00022114B0A37FF00FA541D22E6
:107590009A56424510D1FF225A770DE001230B4C39
:1075A0000A37FF003B55686801F00CF801004046BF
:1075B000FFF78AFE4346637704BC9046F0BDC046A1
:1075C00020080020B0390108D8390108C807002078
:1075D000BC390108072805D80B30034BC000181828
:1075E000406800E000207047C807002010B502285E
:1075F00003D8464B99421AD914E0052812D1444BBE
:107600005A8B5868013A51431A8B540605D4414CA1
:107610000918A14220D921001EE03E4CA1423FD9C9
:1076200021003DE03B4B994203D9190001E096212E
:10763000890006285ED8384B80001B589F464020A2
:10764000334B1A8B596082431A839A688A4251D20B
:1076500021E02F4B1A8B58684024A2431A8399606B
:10766000884247D9596045E04020294B294C1A8B64
:10767000641A02431A839A68501C5A68801A274A6F
:1076800040088A18A24200D92200824200D9020092
:10769000881A5860891899602CE01D4B1A8B58681D
:1076A000402422431A8301224408104024189620C3
:1076B0009A684908520880000818A418844200D229
:1076C0000400144A521AA24200D92200501A521839
:1076D00058609A600EE040200D4B1A8B59600243AF
:1076E0001A83996006E08020094BC000596104F0BC
:1076F000CBF90AE0FFF706FE0421094A1378194284
:1077000003D08B4301210B43137010BD57020000BF
:10771000C807002000BBEEA020370108A8FDFFFF2E
:10772000A8030020F8B504000D00002807D1254962
:1077300025484B8B8A684968FEF7F2F840E0032839
:1077400001DD224C38E00026002803DD086800F047
:1077500053FF06000027012C03DD686800F04CFF92
:107760000700032C04D1A86800F046FF040011E0D4
:10777000022C0ED10024002E0ED1144C28682100BA
:1077800000F0E4FF431C17D080B23900FFF72EFF52
:1077900016E00024002E03D031000020FFF726FF62
:1077A000002F03D039000120FFF720FF002C07D065
:1077B000A0B2FFF75DFE03E021000548FEF7B0F838
:1077C000F8BDC046C8070020DC3C0108CC450108D4
:1077D000E83C0108054B10B5DA685A601A699A60EE
:1077E0005A8C5A83FFF78EFD10BDC046C807002093
:1077F000F0B5C64600B5042843D8234C6368E56855
:10780000A268618BAB4237D12569AA4234D1658C1D
:107810008D4231D1A58C2022E17F4300A15418185C
:107820001A4940000A185388095A2B400B43184F35
:10783000A3847B8B15799846DBB25679262B01D829
:1078400027237B8331004B1E994100200131FEF735
:10785000B3FECA2292005543280056430D49D0304A
:10786000201871180AF006FF4246FF23102013402B
:107870007B8304F009F904E0E36022616184002560
:10788000C9E704BC9046F0BDC8070020C037010816
:10789000080300206C180020F0B55746DE464E461F
:1078A0004546E0B5AA4B85B09F8CFB0705D4002167
:1078B0000020FDF7E9FFA64B9F8CFB0605D40021B5
:1078C0000420FDF7E1FFA24B9F8C06233B40062BD3
:1078D00000D090E09E4B5B8B0293002B07D10223DC
:1078E0009F4320223B001343994A9384A8E0D0226F
:1078F0009446FE22964B920063449446E4229B46B3
:10790000934BD200634494461C00914B039763440D
:107910009A4600235F46D34600933B685A469946F1
:107920007B6826689A465B461B685268191C301CA7
:1079300090460193F8F74EFF4946F9F7B9FB4946DF
:10794000F9F7B6FB656881464146281CF8F742FF07
:107950005146F9F7ADFB5146F9F7AAFB019982466A
:10796000301CF9F7A5FB4146061C281CF9F7A0FBC3
:10797000311C051C301CF9F785FA291C8046281C8F
:10798000F9F780FA011C4046F8F724FF011CFE209D
:107990008005F9F79BF8311C80464846F9F772FAE2
:1079A000291C01905046F9F76DFA011C0198F8F76F
:1079B00011FF4146F9F766FA311C20605046F9F78D
:1079C00061FA291C061C4846F9F75CFA011C301CB8
:1079D000F9F76EFB4146F9F755FA08229446009BE9
:1079E000029A01336060009308370834E3449A42F6
:1079F00093DC039F73E702243C421BD0E422D200B5
:107A00009446FE22524B9200634494461800504B19
:107A1000D03A634419000AF02DFE4D4BA7430021D4
:107A200001209F84FDF730FF0120FDF79FFC484BAC
:107A30009F8C0BE07B0709D500210120FDF724FF77
:107A400001204042FDF792FC414B9F8C3B0750D5F3
:107A50003F4B5B8B0193002B07D108233A00802713
:107A60009A433B4B17439F844CE03A4A384B944629
:107A7000D7221201634494461C00354BBB46634435
:107A80001D0000231F0029682068F9F711FB6368B7
:107A9000061C99466B684846191C9846F9F708FB7E
:107AA000311C8246301CF9F7EDF9514600905046E2
:107AB000F9F7E8F9011C0098F8F78CFE011CFE208C
:107AC0008005F9F703F8011C8246301CF9F7DAF952
:107AD000494620604046F9F7EBFA5146F9F7D2F9EA
:107AE000019B0137606008350834BB42CBDC5F4640
:107AF000B3E73B0606D4FE2103208905FDF7C4FE4B
:107B0000134B9F8C7B0606D4FE2102208905FDF7CE
:107B1000BBFE0F4B9F8CBB0605D400210120FDF757
:107B2000B3FE0B4B9F8C8023094A5B003B4393843D
:107B300082200122084B5242C0001A8003F0A4FFA9
:107B400005B03CBC90469946A246AB46F0BDC04647
:107B5000C8070020480A00002A3F0020F0B5C646AA
:107B6000040000B50D00002815D1294B01259846C9
:107B7000284E294FB38C23411D4205D04246A30015
:107B800099583800FDF7CCFE0134092CF2D1234876
:107B9000FDF7C6FE39E0102003F076FF204C286880
:107BA000210000F0D3FD08282BD81E4B80001B5865
:107BB0009F460020FFF71CFE27E00120FFF718FE7C
:107BC00023E00220FFF714FE1FE00320FFF710FE62
:107BD0001BE00420FFF70CFE17E0FFF75DFE14E04A
:107BE00080230C4A5B00918C0B4393840DE0094A7F
:107BF0000D49938C0B40938407E00022054B9A8437
:107C000003E021000948FDF78BFE04BC9046F0BD5F
:107C100020420108C8070020F83701087442010813
:107C2000103801083C370108FFFEFFFFFC37010850
:107C300043001B1805489B00C01801232A30027816
:107C40001340034A9B0098587047C046C80700205D
:107C500004460108012243001B1807489B00C01876
:107C60002A30037810B511408B4203D001702120D7
:107C700003F00AFF10BDC046C80700201C2210B543
:107C8000044B9A56824203D01877A02003F0FCFEE2
:107C900010BDC046C8070020430070B51B18074C34
:107CA0009B00E418E06A0D1CF8F732FC002803D1B1
:107CB000E562A13003F0E8FE70BDC046C8070020B1
:107CC000430070B51B18074C9B00E418206B0D1C7B
:107CD000F8F71EFC002803D12563C13003F0D4FE61
:107CE00070BDC046C807002070B5012543001B18B1
:107CF000040012489B00C31815401A00293210785E
:107D0000884208D12A331B78AB4216D029002000C4
:107D1000FFF7A0FF11E0CB001170094E591A89003E
:107D2000761831692000FFF7CBFF20007169FFF75B
:107D3000B3FF044803F0A8FEE8E770BDC8070020C1
:107D4000E0550108030400004300154A1B189B007E
:107D5000D318283310B5197000291AD0107714E001
:107D60003423D35C002B09D14033D35C002B07D1E3
:107D70004C33D35C0320002B05D106E0012002E048
:107D8000022000E00020FFF779FF022003F07CFED4
:107D900010BDFF231377D73BD35C002BE0D0F1E776
:107DA000C8070020F0B5D6464F464646C0B5040089
:107DB00084B00D00002828D16A4B00259846012781
:107DC000694C6A4E2378002B1AD00021607803F0AA
:107DD000A1F84246A37881463B409B009B58A0688F
:107DE0009A46F9F7CBFB029003916068F9F7C6FB5E
:107DF0005346009001914A4629003000FDF790FD5E
:107E000001350C34042DDDD1A5E05949286800F076
:107E10009DFC002812D1012C10DD564F68683900F6
:107E200000F094FC002800D08AE00024200000210B
:107E30000134FFF789FF042CF8D18CE0286800F0AA
:107E4000C1FB0600032800D980E0012C01D0494F76
:107E500016E045002D18AB00474D0021ED182B0012
:107E60002933187803F056F82A352B7802001C4085
:107E70003C4BA400E35831004048FDF751FD6AE057
:107E80003900686800F062FC002804D1002130004D
:107E9000FFF75AFF5FE03A4F6868390000F056FC80
:107EA0008046002819DB022C07DC73009B199A001E
:107EB000314B9B182A33187805E0A86800F082FB44
:107EC000012800D943E0020041463000FFF70CFFD3
:107ED00001213000FFF738FF3DE02A4B68681900A8
:107EE000984600F033FC002807DB73009E19224BF4
:107EF000B6009B192B3318702DE0022C2BDD224C81
:107F00006868210000F022FC002802D0012808D077
:107F10000FE0A86800F098FB011C3000FFF7BCFEE2
:107F200019E0A86800F090FB011C3000FFF7C8FEC4
:107F300011E02300424639001448FDF7F1FC0AE045
:107F4000286800F03FFB0600032899D90C4F0D4B21
:107F50000D4C9846EDE704B01CBC90469946A246ED
:107F6000F0BDC04604460108F00700203C3E010871
:107F7000503E0108543E0108C8070020583E010841
:107F8000103F0108E0390108983B0108643E0108F0
:107F900070B52630064C8000241860680D1CF8F778
:107FA000B7FA002803D12030656003F06DFD70BD85
:107FB000C807002070B505000E00002818DD15491F
:107FC000306800F0C3FB0400431C04D1306800F0AB
:107FD0003BFB002404E0022D0BD1306800F034FBA1
:107FE0000D49F8F74FFF011C2000FFF7D1FF0FE00C
:107FF00000240A4B2634A4001C1909496068F8F7CC
:1080000041FFF9F7BBFA02000B000648FDF788FCB8
:1080100070BDC04658390108CCBC8C2BC807002065
:10802000A5D46853483E01081C21084A51564B1CF0
:108030000AD04B005B189B00D3182A331B782633D9
:108040009B00D218506800E000207047C80700204D
:1080500070B5A824064D061C011C2859F8F758FADB
:10806000002803D120302E5103F00EFD70BDC04614
:10807000C807002010B501280AD0A823074AD05805
:10808000F9F77CFA02000B000548FDF749FC04E013
:10809000086800F0D9FAFFF7DBFF10BDC807002021
:1080A000483E0108114AF0B5114B1468114A1B688B
:1080B00012681F279B18104A2343100094460C3067
:1080C0003D001D40E9B23026092D00D90736891937
:1080D00011705B09E10601320B4364098242EFD162
:1080E0000023624660461373F0BDC046B0F7FF1F21
:1080F000ACF7FF1FB4F7FF1F4420002010B5FFF7B7
:10810000D1FF034A01000348FDF70AFC10BDC04639
:1081100060370108983901089E2370B515000D4A93
:108120005B00D3580C001B681B78042B0BD10E216D
:10813000FDF710F929002000FDF70CF9062106488B
:10814000FDF708F904E04021044A13788B431370CB
:1081500070BDC0465406002070420108A8030020EC
:1081600010B5034B010018660248FAF7A5FD10BDD3
:1081700008030020EC04002010B5012805D0084BAE
:108180000848196EFDF7CCFB09E0086800F034FAE6
:1081900096235B00984200D21800FFF7E1FF10BD64
:1081A00008030020903F01080F4B70B51B780F4D5E
:1081B000042B00D008E0AA8A0D48134202D0FAF737
:1081C0007DF901E0FAF784F90A4C2000F9F74EFF37
:1081D00020002038F9F74AFFAB8A283C5B0700D41F
:1081E000034C054B1C6070BDBC050020080300203B
:1081F0005406002014050020B0200020002370B594
:108200000E4C2360FDF7A0FB00280DD003891B074F
:108210000AD50B4B85881A88C3880A49013A1B0482
:108220002B43043110009847074B9B8A5B0701D40E
:10823000064B00E0064B236070BDC046B020002016
:10824000AC20002054200020080300205406002009
:10825000EC040020F0B5DE46454657464E46E0B5F4
:1082600087B0F9F753FDF9F7CFFA0121AA4A53690C
:108270000B43536109F0D6FD09F0ECFCA74CA84A6A
:108280002300283323CA23C323CA23C323CA23C3F7
:1082900023CA23C320004022A24958300AF0EAF939
:1082A00000239C22A3500432A3500432A350043272
:1082B000A3509D4B0432A3500432A3508C22982328
:1082C000D201E252994A9A4B6260E260CA2223606C
:1082D000984BD203A36023610023A261964A636195
:1082E000E261964AA384226209F006FA944F0028BC
:1082F00000D02AE0BB8A5B0627D5924E356D002D53
:1083000023D0A802000F04280DD809F08DFA002808
:1083100009D1EB05DB0D6383736D6360B36DA360FF
:10832000F36D636102E0002009F07EFA6B0E7B774B
:10833000EB015B0F3B77834BA8031A6E4023C00D04
:108340001343BB82FEF7D4F802E0002009F06CFA78
:10835000FEF7D8FF2123E05C03F0D6FB09F0B8FB61
:1083600000F0AAFDB86800F007FB774C774B2000BF
:108370001B605B60FAF764F8200000247449FAF788
:1083800083F802AD3B6E734E2900734802936C6014
:10839000AC60EC60F9F7CAFF386EFFF7E1FEB36D31
:1083A0006E4A6F481340B365F9F752FC6D4B6E4946
:1083B00018009846FAF76EF98023B26D1B0213433A
:1083C000B365FFF7F1FE08F00BFE00F0A7FD67486C
:1083D000F9F73EFCC021664809F0B2FC002009F024
:1083E0001BF8644809F066FB9421634B00947F22DC
:1083F000C9006248F9F7FAFB614B624E9B46624B3B
:108400009A46624B9946BB8A5B0707D443461B7862
:10841000042B03D05E48F9F71BFCF4E75D48FDF739
:108420007FFA5846FDF77CFA002426E02B78082BCB
:1084300001D07F2B08D1002C1FD004215046013CD5
:10844000FCF788FFA4B218E00D2B0AD15248FDF7C3
:1084500067FA002330003355FDF776FA002819D16A
:1084600049E01F2B09D93E2C07D801212800FCF731
:1084700071FF2A78631C32559CB24B461868012262
:10848000036829005B6898470028CFD13748F9F77F
:10849000DFFB38E00222C388018984881B040A407C
:1084A000234348070CD53D4800787F2808D9002A87
:1084B0001AD004213A4A12780A4339490A7013E063
:1084C00001200140002A05D00420354A12780243D9
:1084D00033480270002907D00121324A49421B4823
:1084E0001360F9F7BDFB0EE02F4A111D2F4A1088CB
:1084F0000138984707E02C4B19680B78002B02D005
:108500002B48FDF70DFABB8A5B078AD443461B78DC
:10851000042B00D07EE784E700100240C80700204B
:10852000E8410108A84101080000484250C300008A
:10853000544E4F4300E9A4350000FFFFFF006500E3
:10854000080300200028004054060020B42000202A
:1085500028360108005C0040EC040020FF7FFFFF8C
:1085600010270000BC05002030360108204E000016
:10857000C41E00201E17AA00A16A0008C020002007
:10858000584201086C20002090370108B0200020DC
:10859000A08601004442010874420108A80300209B
:1085A000172F00206820002054200020AC2000203D
:1085B00060420108FEE7C04610B5EFF30980FFF7FF
:1085C000F9FFC04610B5037800212D2B01D10130F1
:1085D000013103780A242B3B5A425341C31800202F
:1085E0001A780133303A092A02D860438018F7E735
:1085F000002900D0404210BD10B503780A212B3B62
:108600005A425341C0180378302B0CD143786F2B5A
:1086100005D0782B05D0622B05D1083902E008215E
:1086200000E0102102300300202400201A78303AA4
:10863000102A01D9A243073A01338A4202D24843A1
:108640008018F3E710BD0000F0B5C64600B503780A
:1086500004002D2B6ED1012701342000FFF7B2FF5B
:1086600026783300303B092B01D80134F8E7F8F7BE
:10867000FBFE0223051C9E432C2E1AD1FE239B05D4
:10868000984601342678303EF3B2092B11D82D4993
:108690004046F8F7F7FB80463000F8F7E5FE414624
:1086A000F8F7F0FB011C281CF8F794F80134051CBE
:1086B000E8E72378002B36D0202219009143452982
:1086C00005D1601CFFF77EFF041E15DC29E0472B57
:1086D0000DD04D2B0DD06B2B0DD06D2B15D0752BD8
:1086E00015D06E2B15D0702B1DD10C2412E009244F
:1086F00002E0062400E00324281C1349F8F7C2FB1B
:10870000013C051C002CF7D10DE0032402E00624F7
:1087100000E009246442281C0A49F8F7B3FB01343D
:10872000051C002CF7D1002F08D080231B069C4687
:10873000654403E000272B2B8FD18DE7281C04BC58
:108740009046F0BDCDCCCC3D00002041002330B59B
:1087500004000A787C2A00D100222578954204D1B1
:10876000002A0CD001340131F3E70A78002A04D042
:1087700001317C2AF9D10133EAE701235B42180079
:1087800030BD000003000020F0B5CE4647468846C5
:10879000010080B59146154A9446154A1C78002C74
:1087A0001FD0202C1BD0092C19D06546222C01D1BA
:1087B00015000133484502DA46468400A3510130D2
:1087C00080B21E78002E0CD02C002778002F04D009
:1087D0000134B742F9D1197001E00133F1E70133F7
:1087E000DCE70CBC90469946F0BDC0460E46010839
:1087F0000C46010800238B4205DA0288013352BA85
:1088000002800230F7E77047F0B501244E46574624
:108810004546DE468846814600206442E0B50300B6
:10882000210046461700BB4236DAFA1A9446802ADF
:1088300001DD802294465D1C4B441A7883469046A5
:108840001A0063466046C01A013B8246002B03D0E3
:10885000013210784045F5D052465846631C01D08D
:10886000012A02DD0400013000E00022431C9C4686
:10887000434633543019002A03D0AD1852420270D7
:1088800006E063461B1B023BDBB203707E2B00D964
:108890000C0060462B00C6E73CBC90469946A246B9
:1088A000AB46F0BD70470000F0B54546DE46574682
:1088B0004E460200E0B5156883B00090019108684B
:1088C000002D22D02900F7F719FD2A4B07009B46FF
:1088D00098421AD80C1E33D02800F7F789FC030001
:1088E0007B4301339846012306009A46D84529D890
:1088F000002399462CE029002000F7F7FFFC4346AF
:108900004343FF185F450BD903E000239946013329
:1089100098464A46009B1A604246019B1A6022E034
:108920004B4658430C00824400290BD02800F7F72F
:108930005FFC03007B4398440600D84508D901E05A
:1089400001239A465246009B1A60019B1F600AE071
:1089500028002100F7F7D2FC53465E430D00B144D6
:108960000029C8D1D5E703B03CBC90469946A24641
:10897000AB46F0BDFFFF0F00002310B50400044A12
:108980001370044A136000F0F5FA034B9C6010BDAD
:108990006F250020702500200803002010B50A0074
:1089A0000100602009F0A4F810BDC04610B50F4CBE
:1089B00084B0A44601AC61442070180A607088033A
:1089C00049BAA1800F21800FA370E0701B0B100C1F
:1089D0008B4301400B43A3710921130A2000E3716B
:1089E0002272FFF7DBFF04B010BDC04600FEFFFFA0
:1089F00070B5114982B04C6E069906004C43500E7A
:108A0000D90101430023D0012200F7F7AFFD01A9EE
:108A10000500684600920194FFF746FF009A019B0B
:108A20009A4202D1002201350092F0B22900FFF7EC
:108A3000BDFF02B070BDC04608030020F0B51400B1
:108A40001E4A85B0944606000AA880C8614405788D
:108A50003F01002901D10C221743194A01A8925D58
:108A6000837002701A0A42708A03920F3A43C270EE
:108A70000F2249BA81801B0B210C93430A401343F8
:108A800083710921230AC3710472FFF787FF002C49
:108A900002D00C231D4301E04C231D43094CA35D70
:108AA000AB4209D033006A46103302216846137086
:108AB0005570FFF773FFA55505B0F0BD00FEFFFF31
:108AC000E04701086C250020F0B585B00CA90F78AF
:108AD000072420210B9D4942641B0600611803D422
:108AE00013008B40190006E020211000A340091B51
:108AF000C84019000143A240002310000A9AF7F76A
:108B000035FD0A9B040003A902A802920393FFF714
:108B1000CBFE029A039B9A4202D1002201340292B8
:108B20000197009521003000FFF788FF05B0F0BDE8
:108B300000B5094B83B001A803800221FFF72EFF87
:108B400004210648FFF72AFF0023054A1370054A4F
:108B5000136003B000BDC04603070000DC470108F6
:108B60006F2500207025002000B5074B83B001A8B9
:108B700003800221FFF712FF0023044A1370044A06
:108B8000136003B000BDC04603F8FFFF6F2500204F
:108B900070250020064BC218064B9A4200D90648A1
:108BA000064B074A586600231370064A1360704745
:108BB00000CA91FE00093D0080BA8C010803002024
:108BC0006F25002070250020024B8000C258024B08
:108BD0001A607047D0470108682500200100002076
:108BE000084B10B51A68084B5C6843001B189B00C3
:108BF0009B58132B00D863438B4202D2013080B2C2
:108C0000F3E710BD6825002008030020F0B54546B5
:108C1000DE4657464E46E0B504008DB00D000028F4
:108C200000D11EE1944B9A469B689C46844463465F
:108C30000693924B9B461B689846DB68834208D894
:108C40008F4B98420AD9FFF7C9FF0023C7B205939B
:108C500007E0072301270593002502E004230227EC
:108C60000593884B1A78AA420AD0874A1D701100D2
:108C7000049200220A70854989460A60002108E0B2
:108C8000824B99461B68A34200D1ECE07E4B1978D9
:108C9000049343467E00F619B6009B198F420ED00E
:108CA0004A0052189200424411891A89914206D012
:108CB000597A187A00F050F95B461B689B199A792B
:108CC00008951107090F120988460992032D04D946
:108CD000DA79150712092D0F08921A79012A04D0A2
:108CE0000020022A00D0A8E052E05E79049B1B78A5
:108CF000BB4219D0F101012300221A20FFF756FED2
:108D000080210123002222204901FFF74FFE534614
:108D10005B6E02205A0120230293002301935C4BD7
:108D200000930023FFF7D0FE53465B6E32009B4654
:108D3000099800230021F7F739FC02000B00584680
:108D40000021F7F733FC0B00089902000291069806
:108D50000599009001910020FFF7B6FE53465B6E27
:108D600032009A46404600230021F7F71FFC02001C
:108D70000B0050460021F7F719FC0B000599020083
:108D80000295012001910094FFF79EFE0A2054E015
:108D90005B7906981A009A4600210023F7F706FC33
:108DA0000B000999020000911A20FFF721FE52469C
:108DB000002320000021F7F7F9FB0B0041460200D9
:108DC0000091222006920793FFF712FE5B461A6875
:108DD000049B961919784B005B189B00D3185A799D
:108DE00073799A4216D05346DE01089B0022019304
:108DF000059B3100009300200123FFF71FFE202375
:108E00001D43059B019500930022012331000120A1
:108E1000FFF714FE20230293059B02200193434693
:108E20005A01D21A93019B1ADB0043445B02009360
:108E3000069A079BFFF748FE0E20049D2B78BB4245
:108E40000CD0C8204000F8F703FF124B0BA803809A
:108E50000221FFF7A3FDFA202F7040004B461C6053
:108E600002E0002000E00A200DB03CBC904699468C
:108E7000A246AB46F0BDC04608030020682500208E
:108E800040420F00742500206F250020702500202F
:108E900000127A00B1ACFFFF10B5054B01001B7842
:108EA000834203D0034B1868FFF7B0FE10BDC046E5
:108EB000742500207025002070B502250B4C01346C
:108EC000290020006419FFF769FD2578002DF6D1EF
:108ED0006C23074A0021D35C064A9B009A58064B34
:108EE00006481A60FFF792FE70BDC046E4470108CD
:108EF00008030020D04701086825002080BA8C01B3
:108F000070B504004D0045192100022218200234DA
:108F100008F0EEFDA542F7D170BDC04610B51B218B
:108F20000348FFF7EDFF04210248FFF7E9FF10BDFA
:108F3000F44701083C48010810B5002801D1044954
:108F400000E004490522182008F0D2FD10BDC046FB
:108F5000344801082C4801083B2200B583B001AB1E
:108F60001A7058709970383A1900182008F0C0FD2E
:108F700003B000BDF0B583B0F8F776FA1449F7F7FF
:108F800081FFFC218905061CF7F77CFF114C051CAD
:108F90002700C03701AA281C694609F035F90E4997
:108FA0000098F7F76FFFF8F73FFA0B492080019818
:108FB000F7F768FFF8F738FA311C6080281CF7F7DC
:108FC00009FC0434051CBC42E4D103B0F0BDC0462A
:108FD0003EC3AE36882500200078FF46F0B55746E0
:108FE0004E464546DE46304BE0B59C460500002324
:108FF00000269946B24600272E0098469B460F2031
:10900000654683B001910023E95E0223EA5E0223F4
:10901000F45E0B0063439C46DB17034063441B1163
:109020009B4423005343DC170440E4182411A0445C
:109030000024335F023759430C005343C917DA1732
:1090400001400240D2180919019B091112118944EB
:109050009244043604359F42D5D3144C5846F8F751
:1090600003FA2168F7F7B6FB2060114C4046F8F789
:10907000FBF92168F7F7AEFB20600E4C4846F8F785
:10908000F3F92168F7F7A6FB20600B4C5046F8F780
:10909000EBF92168F7F79EFB206003B03CBC9046DB
:1090A0009946A246AB46F0BD8825002084250020C5
:1090B000802500207C25002078250020F0B5C646BC
:1090C0000600FE201F4B00B519688005F7F7FEFC6F
:1090D0001D4B051C1968F7F7D5FE1C4B041C1968BD
:1090E000281CF7F7CFFE1A4B80461968281CF7F7A3
:1090F000C9FE211C071C201CF7F7C4FEFE218905B0
:10910000F7F768FB011CFE208005F7F7DFFC391C30
:10911000051C201CF7F7B6FE4146F7F75BFB291C40
:10912000F7F7B0FE41463060201CF7F7ABFE011C9C
:10913000381CF7F7BDFF291CF7F7A4FE706004BCCC
:109140009046F0BD782500207C2500208025002059
:10915000842500200023044A1360044A1360044A53
:109160001360044A136070477C2500207825002096
:10917000842500208025002003000A0043434A4341
:109180009B18244A30B5934240DC234A93423FDC8B
:1091900000293DD0E824CA1789185140742244435D
:1091A00051431A1B00281DDB39280DDD1B4D541AB5
:1091B000AC466444742C2BD9AE244443184D1C1B7C
:1091C000641923D43A2C23DD124D4C00AC46141BF9
:1091D0006444E82C1CD9742444431C1B3A3415D431
:1091E000742C15DD8900521A0E498C46E821624420
:1091F00049008A420CD93A2250430B4A1B1A944622
:109200000020AE2263449A42404102E0002000E088
:10921000012030BD043500001C340000CA340000B9
:10922000651A0000783500000FE6FFFFF0B5D6465E
:109230004F464646C0B58246089DD04239D4CB1829
:1092400037D4202B00DD202300291FDAD41DE408A9
:1092500061436D1A002119E00E4201D12B780135CE
:109260005CB2002C09DA504644181F2C05D864461D
:109270002488A14648464C0038535B000131DBB2DC
:109280009142E9D14037474511D112E0994210DAB5
:109290000A4C5B0124684F01A046534408495B0017
:1092A0009844072600238C4657447F00E719002185
:1092B000D2E71CBC90469946A246F0BD4C26002041
:1092C000222F0020F0B545468046DE4657464E46E2
:1092D0004446E0B5901C85B0E04270D4994689447C
:1092E0004B4602339A466AD420239A1A213B934074
:1092F000039300239B46002C58DA63429B460023CD
:10930000984653E04346314A5B0012680020D31868
:1093100002930E9B00225B1A00932D4B47469C46FE
:10932000009B00265B1889450CDD5C781E782402C2
:1093300034439E7836043443DE78039B3606264356
:1093400036BA1E40002906DA01E04746019901318C
:109350008A4530D133E002433243530895082B430A
:1093600013435A464408002A01D094409340029A7D
:109370008D01904620224544D21BE8D0002BE6D038
:10938000B8460191002C02DA67463F8804E0002BC2
:1093900003DA52210F4F7F5A2F80013A5B0064009D
:1093A0000235002AD1D0002BECD1CEE7514506DAA8
:1093B0001F29A7DD03E0020030002029B0D105B04D
:1093C0003CBC90469946A246AB46F0BD4C260020D8
:1093D000222F002008030020130030B50724163B7D
:1093E0009A00094DD2185200AB5C83B0234001347F
:1093F000E41A52190092013901380A232200FFF7BA
:1094000061FF200003B030BDD431010830B507241E
:10941000163A094DD3009A1AAB5C83B0234001344D
:10942000E41A521900920139013807232200FFF78C
:1094300049FF200003B030BDF42E010810B5040030
:1094400040681F2808DC054B0A001B68A168984784
:1094500063689C4660446060002010BDB00300203B
:10946000400910B5520949095B09040090420BD12B
:10947000994201D0020009E001228240124C4900C9
:109480000B5B13430B531DE0904201D81400020004
:10949000A01A012401308440013C9440994209D82B
:1094A0000BE010880131204389B2108002329942CA
:1094B000F7D907E00A0019001300034A4800A4B2D4
:1094C0001218EEE710BDC04660260020F0B54646F3
:1094D000D6464F46C0B506001C4815001F008A003E
:1094E0000388B4185B00904622889BB203809246A2
:1094F000AA4202D16288BA4204D00122944662464E
:10950000134303809B0700D101E0002902D1104BD7
:10951000994610E00E4A6388518810889146524659
:10952000FFF79EFF4346043BF618718830883B00E6
:109530002A00FFF795FF4B462268258067801A6056
:109540001CBC90469946A246F0BDC046522600205B
:109550005C26002010B50124121A01329440013C0F
:10956000844099420CDC074A48001218013307294D
:1095700002DC108820431080013102329942F6D17A
:1095800010BDC046602600200868704748687047D4
:10959000FE2070B580050D000968F7F789FD0E49BA
:1095A000041CF7F76FFC211C061C201CF7F76AFC53
:1095B0006D68041C291C281CF7F764FC011C201C86
:1095C000F7F708F9011C301CF7F780FA0349F7F7A1
:1095D0006FFD4000400870BD0000C84200004842D6
:1095E00070B50A4C638B013B5843F7F73DFFEE2102
:1095F0008905F7F747FC6368051CA068C01AF7F7F0
:109600007DFF011C281CF7F761FA70BDC807002018
:1096100010B5FFF7E5FF9923054A041CD05CF7F766
:1096200023FF0449F7F72EFC211CF7F72BFC10BD94
:10963000C807002092FAB6490123884200DC0023C3
:10964000D8B270470123884200DB0023D8B27047AC
:1096500010B5F6F777FF431E984110BD10B5F6F729
:109660005DFF431E984110BD02000D4B6532D200D4
:1096700070B5D558CB2292009446C0001B186344A5
:10968000291C281C1C68F7F7FDFB211C051C201C4D
:10969000F7F7F8FB011C281CF7F79CF870BDC046D3
:1096A0006C180020CB2189008C46064A10B5C300F7
:1096B000D31865306344C00081581868F7F706FA7C
:1096C00010BDC0466C180020C3000248C018406896
:1096D0007047C0466C180020F8B5CE4647460200D9
:1096E00080B50700264B0D00588B791E8F4101383D
:1096F000821A541EA241FFB2D4B29E685B68E1197F
:10970000F61AF6F7FFFD01003000F6F771FD7B0752
:10971000DB1BE400DB00EB182D192F681C685B686D
:109720000600211C381C9846F7F7ACFB6D684146D3
:109730008146281CF7F7A6FB011C4846F7F74AF8B4
:1097400041468146381CF7F79DFB291C071C201C4D
:10975000F7F798FB011C381CF7F7AAFC494608F0FC
:10976000CDFE0849F7F78EFB041C3000F7F7C6FE64
:10977000011C201CF7F7AAF90CBC90469946F8BDCD
:10978000C8070020610B363B0B0010B5096858680C
:1097900008F0B4FE10BDC046F0B5C6460C1C00B5BE
:1097A000011C90461D00F7F715F8211C061C201C13
:1097B000F7F768FB311C071C301CF7F70BF8414624
:1097C000F7F760FB011C381C0027F7F771FC391C08
:1097D0008046F6F7A3FE002802D06F602F6014E0E9
:1097E000404608F089FD211C071CF7F761FC311C7D
:1097F000F7F76CF980231B062860391CE018F7F78F
:1098000057FC311CF7F762F9686004BC9046F0BD64
:1098100010B580B2FCF7B4FEF7F770FE0149F7F718
:1098200031FB10BDDB0FC94010B5FCF7A9FEF7F7FF
:1098300065FE0349F7F726FB08F05EFD10BDC04644
:109840005F708930F0B5DE464E4645465746E0B576
:1098500085B0048898460EAB934600229B5E8946ED
:10986000824620000193D8474946051CF6F76AFE58
:109870000300581E83412E1C0093394B5B8BA3427F
:1098800014D92000D847011C071C4846F6F746FEAD
:10989000431E9841009B984204D14444351CA4B215
:1098A0003E1CEAE72E4B5B8BA34201D800204FE021
:1098B0004346E41A5346A4B21C8021000198FDF7E8
:1098C00003FD4946301CF7F7F3FB291C8246381C80
:1098D000F7F7EEFBFC218905F7F7D4FA391C81462E
:1098E000281CF6F777FFFC218905F7F7CBFA311C26
:1098F000F7F7DEFB494602AB5246FFF74DFF029DEC
:109900000021281CF6F71EFE002806D0FE21281C88
:109910008905F6F703FE002800D1039D4346013375
:1099200003D180231B069C4665442000FCF728FEDB
:109930000600FDF7C3FCF7F7E1FD291CF7F7A2FAD3
:10994000041C3000F7F7DAFD011C201CF6F742FF7B
:1099500005B03CBC90469946A246AB46F0BDC04619
:10996000C80700200CB40B0000B50A33020085B014
:109970000020292B0BD81F2A09DC074B02920391E8
:1099800007AA069901A801930092F9F753FD05B0C3
:1099900008BC02B01847C04674480108F0B5C64676
:1099A00000B53E4A84B00F000600FFF7DBFF3C4CD9
:1099B00000216568281CF6F7ABFD00280AD1281C99
:1099C000F7F7DCFD0C3700900191364A3900300082
:1099D000FFF7C8FF3D0063690021181C98460C354D
:1099E000F6F796FD002810D12F4B1868F7F7C6FD43
:1099F000029003914046F7F7C1FD2C4A0090019177
:109A000029003000FFF7AEFF17E0A3680021181C03
:109A10009846F6F77DFD00280ED1254B4046993338
:109A20001B780293F7F7AAFD224A009001912900C2
:109A30003000FFF797FF00E03D002068F7F79EFD3C
:109A4000029003912069F7F799FD00900191290098
:109A5000194A0C313000FFF785FFA7680021381C38
:109A6000F6F756FD002815D12068F7F787FD02901C
:109A7000039112492069F7F705FA391CF7F726F820
:109A8000F7F77CFD1835009001910D4A2900300050
:109A9000FFF768FF04B004BC9046F0BD4C4A0108D3
:109AA00070260020564A0108F02600205F4A01086F
:109AB000C80700207A4A0108914A01080000C842FC
:109AC000A74A0108F0B5C646160000B51A0082B0D4
:109AD0000C000500FFF746FF37680021381CF6F739
:109AE00017FD00280AD1381CF7F748FD00900191B6
:109AF00021001D4A0C312800FFF734FF7768002150
:109B0000381CF6F705FD00280AD1381CF7F736FD9A
:109B1000009001912100144A18312800FFF722FF1C
:109B200037690021381CF6F7F3FC002817D12423ED
:109B3000381C9846F7F722FDA044009001910B4A8B
:109B400041462800FFF70EFF7069F7F717FD303424
:109B500000900191064A21002800FFF703FF02B0A0
:109B600004BC9046F0BDC0462D680108DD4A0108DE
:109B7000E64A0108F0B54E46DE4645465746E0B592
:109B8000594A85B089460500FFF7ECFE574C584905
:109B90006668301CF6F7C2FC002800D09CE00C235D
:109BA0004B449846A36B301C9B46F7F7E7FC060036
:109BB0000F0058460021F6F7ABFC4E4B0296039778
:109BC0009A46002831D15846F7F7D8FC5246009003
:109BD000019141462800FFF7C5FE4F46E06BF7F7BD
:109BE000CDFC454E18370090019132000323390017
:109BF0002800FFF7B7FE206CF7F7C0FC0C37009089
:109C000001913200390006232800FFF7ABFE302314
:109C1000606C4B449846F7F7B1FC384A00900191CC
:109C200041462800FFF79EFE09E02068F7F7A6FCF2
:109C300052460090019141462800FFF793FE002113
:109C4000A068F6F765FC002805D00021206AF6F729
:109C50005FFC002840D14146294E183132000323D1
:109C60002800FFF77FFE41463200243106232800FA
:109C7000FFF778FE414647462E003031214A280042
:109C8000FFF770FE0021206A0C372436F6F740FCFF
:109C900000280ED10021A06BF6F73AFC1A4B0028E1
:109CA00000D01A4B30001A4A39006C35FFF70AFF12
:109CB0002E000021A068F6F72BFC00280CD1002113
:109CC000A06BF6F725FC134B002800D0124B134A6B
:109CD00039003000FFF7F6FE05B03CBC90469946CF
:109CE000A246AB46F0BDC046A2490108702600203E
:109CF000000048C2AD490108BE490108D149010828
:109D0000D7490108DF4901087C4901088549010854
:109D1000902600208F4901089949010878260020E3
:109D2000F0B50F003D00284C87B022680600FFF711
:109D300019FE63680C35002B08D1A368002B2BD1CA
:109D4000224A29003000FFF70DFE3BE0204A29009F
:109D50003000FFF707FEE069F7F710FC049005916B
:109D60006069F7F70BFC029003913D002069F7F75B
:109D700005FC183500900191164A29003000FFF7C4
:109D8000F1FD206AF7F7FAFB0C3500900191124AB9
:109D900029003000FFF7E6FDA368002B12D0290050
:109DA000E2680C31009230000C4AFFF7DBFDA0693D
:109DB000F7F7E4FB183500900191094A29003000BB
:109DC000FFF7D0FD07B0F0BD70260020EF4A010874
:109DD000F94A0108014B0108184B01081F4B010803
:109DE0002E4B0108F0B5DE4657464E4645468246A4
:109DF0005000E0B58B461E00674983189B00CB18C6
:109E00001C002934247889B01E2C00D9BDE02A33E7
:109E10001D78CA239B006B43604D5B199C460793DA
:109E2000129BF5006544013307D05D4BE70098466F
:109E30003B1B9B0043449B6806E0594BE700984658
:109E40003B1B9B0043445B6806933B1B9B004344C6
:109E50009B6999461E2C00D08EE0524B0021186859
:109E6000F6F756FB002800D080E089E0290030009A
:109E7000C847129B051C013311D0FF2243005B0829
:109E8000D20593420BD0129B3000D900079B9C4611
:109E90006144C847011C281CF7F70AF9051C3C1B44
:109EA000A4004444E368281C0293F7F767FB069A72
:109EB0000090019159465046FFF754FD65E0032C90
:109EC00047D18218920089182B310B7898460C2BB9
:109ED0005BD81A01344B29009B18DA685C683000A3
:109EE0009B68914698472900071C3000C8474346A5
:109EF0002E4A051C1A410123134019D03000FFF7E8
:109F000087FC0021061C281CF6F708FB311C0028E2
:109F100009D0281CF6F7B6FF011C2548F6F7D6FD38
:109F20004623051C04E0281CF6F7D0FD4823051C39
:109F3000281C0493F7F722FB02900391381CF7F7D3
:109F40001DFB22000090019159465046FFF70AFD83
:109F50001BE029003000FFF717FB2900071C300029
:109F6000FFF714FB0023051C124CE1E7124A594687
:109F70005046FFF7F7FC08E0002B00D076E79EE79D
:109F80004B46002B00D071E7E3E709B03CBC90469C
:109F90009946A246AB46F0BDC80700206C180020C9
:109FA000E0550108482600205452010850150000D1
:109FB000000080BF445901084C5901081C4B70B582
:109FC00019001C000020283C30311A780C33551E33
:109FD000AA4180189942F8D10021164B98341A787A
:109FE0000833551EAA418918A342F8D104008842BB
:109FF00000DA0C00FEF718F80021F6F789FA0028BD
:10A0000001D002200BE0A8230B4A0021D058F6F71C
:10A010007FFA43425841434202201840023000195F
:10A020000130401083001B185B00181870BDC0463B
:10A03000F007002020080020C8070020F0B54746A0
:10A04000CE4680B5194A85B080460F00FFF78AFCDE
:10A05000174C250048352A78002A03D0154B0026D6
:10A06000994606E03900144A0C314046FFF77AFC65
:10A0700016E02B78B34213DDA068F7F77FFA029061
:10A0800003916068F7F77AFA009001910C37236822
:10A090004A4639004046FFF765FC01360C34E8E7D4
:10A0A00005B00CBC90469946F0BDC046C14A0108B7
:10A0B00070260020CF4A0108EF4A0108F0B50C1CB9
:10A0C00085B007000021201C1E001500F6F726FAB7
:10A0D0004823002805D0211C0D48F6F7F7FC46233D
:10A0E000041C38000293F7F709FA0A49F6F7CAFE8A
:10A0F000011C201CF6F7EAFCF7F740FA064A00902C
:10A10000019131002800FFF72DFC05B0F0BDC046DD
:10A11000000080BFDB0FC9409C500108F0B54F46DE
:10A120004646D646C0B51F000E2384B06B447D1C46
:10A1300098461A806B1E9D4181460C000026013511
:10A14000B3009A465246214B4846D158F6F7B0FF25
:10A150002B00011C002E01D001235B4200931C4AFE
:10A160003B004046FFF76EFB53460136E050042E9D
:10A17000E6D10025A06865612561291CF6F7C8F9BC
:10A1800000281DD1E668291C301CF6F7C1F900280B
:10A1900016D1301C08F046F9051CA06808F042F9F9
:10A1A000011C281CF6F784FF45006D08291C09488E
:10A1B000F6F78CFC291C20610748F6F787FC6061E4
:10A1C00004B01CBC90469946A246F0BD384B01082D
:10A1D0009DA70008F234B8419ECEDD40F8B5DE46BA
:10A1E0004E46454657462D4BE0B583460E009846F1
:10A1F000002A01D12A4B98460020B04701270024AD
:10A20000051C284B5B8B9F420CDABBB218009946A9
:10A21000B047291C8246C047002801D055464C460D
:10A220000137EEE7002C32D0013B9C422FDA5B462F
:10A23000601E1C8080B2B0470134071CA0B2B0473A
:10A24000041C011C381CF6F763F900281FD1391CC7
:10A25000201CF6F72DFF011CF6F714FE291C061C26
:10A26000281CF6F7B7FA011C381CF6F721FF211C51
:10A27000F6F7B0FA8221C905F6F704FE011C301C7E
:10A28000F6F724FC011C281CF6F712FF051C281CFD
:10A290003CBC90469946A246AB46F8BD5196000894
:10A2A0005D960008C8070020F7B56B4600269D1D87
:10A2B000244901222800DE80FFF790FF224C234929
:10A2C0006060F6F749F9B04235D029883000FCF7D4
:10A2D000FBFF2888FCF754F9F7F710F901232A88C7
:10A2E00020605B421A496068FFF718FF2A88012343
:10A2F00018496068FFF712FFA668276A301C391CEE
:10A30000F6F7C0FD0021A063051CF6F701F900284F
:10A3100011D1391C301CF6F7CBFE616AE063E068AE
:10A32000F6F7C6FE2064281C07F0E6FFE16BA06389
:10A33000F6F7CCFB60640623052202210020FFF71C
:10A3400009F9F7BD9DA7000870260020000048C24B
:10A350009026002078260020F0B5D6464F46464687
:10A360000023C0B584B003AD2B804A4C4A4B012278
:10A3700023604A492800FFF731FF2B88071C002B78
:10A3800000D180E0464B996E9846081CF6F722FAF9
:10A39000061C381C07F0B0FF011CFE208005F6F7F4
:10A3A00095FBFE218905F6F783FE311CF6F76AFD61
:10A3B0000021E061F6F7B2F8002864D10E26298862
:10A3C000FCF782FF2B886E443380364BFE21994682
:10A3D0000123890500939A464A46023B3000FFF765
:10A3E00031FA0021071CF6F793F800284BD12B888F
:10A3F0002D49338002234A46009330005346FFF72D
:10A4000021FA0021051CF6F783F800283BD1391CFE
:10A41000281CF6F74DFE291C8146381CF6F732FD44
:10A4200007F06AFF4346051C986EE669011CF6F7C3
:10A43000D1F9311CF6F7CEF98246281CF6F7E0F880
:10A440001A4960604846F6F71DFD011C5046F6F7B4
:10A450003DFB1649071C2061281CF6F713FD291C3B
:10A460008046F6F70FFD5146F6F70CFD011C4846F5
:10A47000F6F72CFB41466061381CF6F703FD311CF2
:10A48000F6F724FB206204B01CBC90469946A24615
:10A49000F0BDC046702600204448010869960008B7
:10A4A00008030020A5960008000080BFDB0FC9400C
:10A4B000C3000248C01840687047C0466C180020AE
:10A4C000F0B5DE464E4645465746E0B5414D83B0B1
:10A4D000060068680C00F7F751F83F4A00900191B8
:10A4E000210030000C34FFF73DFA1F2C6BDC3822C2
:10A4F000AB5E3A4A002B01DB05D1394A210030001E
:10A50000FFF730FA5FE0374A21003000FFF72AFA00
:10A510003C239B46B344344A21005846FFF722FAB5
:10A5200078239A46B244314A21005046FFF71AFA7E
:10A5300000232F0099463822AB5E4B4543DD0C3497
:10A540001F2C40DCBB68191C181C9846F6F756FFF8
:10A5500000280BD100214046F5F7DAFF002805D18D
:10A560002300320041462868FFF7A8FDFB68191C4C
:10A57000181C9846F6F742FF00280BD100214046F0
:10A58000F5F7C6FF002805D123005A464146286842
:10A59000FFF794FD3B69191C181C9846F6F72EFF2F
:10A5A00000280BD100214046F5F7B2FF002805D165
:10A5B0002300524641462868FFF780FD01239C4650
:10A5C0000C37E144B7E703B03CBC90469946A2463D
:10A5D000AB46F0BD70260020E5490108064A010897
:10A5E0001B4A0108304A01083A4A0108414A010859
:10A5F00070B50D00FE2128688905F6F7EBF80E49C5
:10A60000041CF6F73FFC211C061C201CF6F73AFC44
:10A610006D68041C291C281CF6F734FC011C201C46
:10A62000F6F7D8F8011C301CF6F750FA0349F6F794
:10A630003FFD4000400870BD0AD7233D0AD7A33C28
:10A6400010B5FFF7D5FF011CFE208005F6F73EFA96
:10A6500010BDC04670B50C684D68201C0C49F6F75B
:10A6600011FC211C061C201CF6F70CFC291C041CE8
:10A67000281CF6F707FC011C201CF6F7ABF8011CA0
:10A68000301CF6F723FA0249F6F712FD70BDC046FA
:10A690000000C84270B50C00FE2120688905F6F75D
:10A6A00099F86468051C0B49201CF6F7EBFB291C84
:10A6B000061C281CF6F7E6FB211C051C201CF6F7DF
:10A6C000E1FB011C281CF6F785F8011C301CF6F78D
:10A6D000FDF970BD0AD723BD10B5FFF7DBFF011CE4
:10A6E0000148F6F7F3F910BD000080BF70B5040013
:10A6F000FFF7F2FF051C2000FFF78AF8011C281C59
:10A70000F6F7E4F970BDC04670B50400FFF7C2FF6C
:10A71000051C2000FFF77CF8011C281CF6F7D6F971
:10A7200070BDC04670B54C680D68201C0A49F6F72C
:10A73000A9FB291C061C281CF6F7A4FB211C051CE0
:10A74000201CF6F79FFB011C281CF6F743F8011CA0
:10A75000301CF6F7BBF970BD0000C8C2086870B5C0
:10A760004C68011CF6F78EFB211C051C201CF6F71B
:10A7700089FB011C281CF6F72DF807F089FE70BD37
:10A78000054BC10010B5C918FFF7E8FFBF21090646
:10A79000F6F778FB10BDC0466C180020010010B51C
:10A7A000034B6531C900C918FFF7D8FF10BDC0467B
:10A7B0006C180020086870B54C68011CF6F762FB45
:10A7C000211C051C201CF6F75DFB011C281CF6F75C
:10A7D00001F807F091FD70BD70B5FFF7EBFF124B6C
:10A7E000041C12491868F6F74DFB07F00BFF011C1B
:10A7F000201CF6F747FB0E49041CF5F7A3FE0028C2
:10A800000FD1FE21201C8905F5F7E4FF051CFE2071
:10A81000211C8005F6F74CFC011C281CF6F756F9A4
:10A8200001E0FF20C00570BD48260020E3C86B3E54
:10A83000A4707D3F70B5FFF7BDFF0C49041CF5F710
:10A8400081FE00280FD1FE21201C8905F5F7C2FFEB
:10A85000051CFE20211C8005F6F72AFC011C281C83
:10A86000F6F734F901E0FF20C00570BDA4707D3F0C
:10A8700070B50D680C00FE21281C8905F5F7AAFFAC
:10A88000061C6068011CF6F7FDFA041CFE20291C5A
:10A890008005F6F70DFC311C051C301CF6F7F2FAAA
:10A8A000211CF5F797FF291C061C281CF6F7EAFA6D
:10A8B000211CF5F78FFF011C301CF6F707F907F094
:10A8C0001BFD0249F6F7DEFA70BDC04600004842A3
:10A8D00010B5FFF7CDFF011CFE208005F6F7F6F856
:10A8E00010BDC046486870B50C68011CF6F7CAFA7E
:10A8F000051CFE20211C8005F6F7DAFB011CF6F78B
:10A90000C1FA291CF5F766FF211C061C201CF6F76E
:10A91000B9FA291CF5F75EFF011C301CF6F7D6F8D2
:10A9200007F0EAFC0149F6F7ADFA70BD0000C84235
:10A93000486870B50C68011CF6F7A4FA051CFE20E7
:10A94000211C8005F6F7B4FB211C061C201CF6F721
:10A9500099FA291CF5F73EFF311C041C301CF6F750
:10A9600091FA291CF5F736FF011C201CF6F7AEF80A
:10A9700007F0C2FC0149F6F785FA70BD0000C84136
:10A98000086870B54C68011CF6F77CFA211C051CA0
:10A99000201CF6F777FA011C281CF5F71BFF011C99
:10A9A000FE208005F6F784FB211C051C201CF5F712
:10A9B00011FF291C07F0A2FD70BDC04670B50D68DF
:10A9C0004C68281C291CF6F75DFA211C061C201C6B
:10A9D000F6F758FA011C301CF5F7FCFE011C281C88
:10A9E000F6F766FB011C201CF6F770F840004008E3
:10A9F00070BDC04670B54C680D68201C211CF5F771
:10AA0000E9FE291C061C281CF6F73CFA211C051C33
:10AA1000201CF6F737FA011C281CF5F7DBFE011C99
:10AA2000FE208005F6F744FB011C301CF6F74EF8BB
:10AA30004000400870BDC046FE2070B50C00800587
:10AA40000968F6F735FB6468051C0B49201CF6F70E
:10AA500019FA291C061C281CF6F714FA211C051CDF
:10AA6000201CF6F70FFA011C281CF5F7B3FE011C99
:10AA7000301CF6F72BF870BD0000C841FE2070B501
:10AA80000C0080050968F6F713FB6468051C0B4988
:10AA9000201CF6F7F7F9291C061C281CF6F7F2F91A
:10AAA000211C051C201CF6F7EDF9011C281CF5F7EC
:10AAB00091FE011C301CF6F709F870BD0000C84279
:10AAC000044BC10010B5C918FFF7D8FF400040087B
:10AAD00010BDC0466C180020F0B5DE4657464E4605
:10AAE00045461D20E0B5A44C85B02056FCF772FD0C
:10AAF000002800D138E1A14BA14D99466B601D2380
:10AB00002860E3569F4A0B33DB00E41863889A46BB
:10AB1000DB009846904441465046FEF739FD4146D9
:10AB2000061C5046FFF7AAFFFC21041C8905301CB7
:10AB3000F5F7FEFC071E00D00DE141465046FFF739
:10AB400079FE9149F5F7F4FC3B008046002800D0DF
:10AB500003E1311C201CF5F7B9FF8C49F5F7FCFC2B
:10AB60004346002800D0F8E08749301CF6F78AF900
:10AB70004946F5F7E7FC002700280ED08449301C31
:10AB8000F5F7CCFC002808D080231B069C466444C3
:10AB90002F61AF60EC600123DFE0311C301CF6F761
:10ABA00071F98246211C201CF6F76CF95146F5F725
:10ABB00011FE72498146301CF5F7CEFC002809D100
:10ABC0006E49301CF6F75EF9011C4846F5F7BAFCF1
:10ABD000002860D069494846F6F754F9211C83469D
:10ABE000201CF5F7F7FD6549F6F74CF98046311C56
:10ABF0006248F6F75DFA5A46414602ABFEF7CCFDD5
:10AC0000029B201C191C9846F5F7E4FD834641463B
:10AC10004046F6F737F95946F6F734F959460190A8
:10AC20005846F6F72FF95146F5F7D4FD011C019867
:10AC3000F5F74CFF4146F6F73BFA43462B61039B81
:10AC4000E860191CAF60201C9846F5F7C3FD8346E9
:10AC500041464046F6F716F95946F6F713F95946B4
:10AC600001905846F6F70EF95146F5F7B3FD011C71
:10AC70000198F5F72BFF4146F6F71AFA4346A8610B
:10AC8000EB616F613D49301CF5F766FC0223984685
:10AC9000002801D061E0804642460C2353439A4687
:10ACA0003C4A3649301C9244F6F7ECF8011C484601
:10ACB000F6F7FEF9211C8146201CF5F78BFD011CDF
:10ACC000FE204A4602AB8005FEF766FD029B201C73
:10ACD000191C9B46F5F77EFD28498146301CF6F786
:10ACE000E7F95A465346011C5A60F6F7CBF82A4951
:10ACF000061C4846F6F7C6F8494683464846F6F726
:10AD0000C1F8311CF5F766FD011C5846F5F7DEFE6B
:10AD1000534618609F60039B201C9946191CF5F749
:10AD200059FD53464A461C491A61041CF6F7AAF815
:10AD3000211C8146201CF6F7A5F8311CF5F74AFDC9
:10AD4000011C4846F5F7C2FE5346D8605F61434692
:10AD500002331BB201E001235B422B87052204234F
:10AD600002210020FEF7F6FB05B03CBC9046994658
:10AD7000A246AB46F0BDC046C807002000004842CE
:10AD8000702600206C180020CDCC8C3F0000C842FB
:10AD900000005C427826002000401CC570B504000D
:10ADA000FFF76CFE051C2000FEF732FD011C281C7D
:10ADB000F5F78CFE70BDC04670B50400FFF75EFE6F
:10ADC000051C2000FEF724FD011C281CF6F75AF88C
:10ADD000011C0248F5F77AFE70BDC046000080BF36
:10ADE000FE2070B580050D000968F6F761F90D4980
:10ADF000041CF6F747F8211C061C201CF6F742F845
:10AE00006D68041C291C281CF6F73CF8011C201C4A
:10AE1000F5F7E0FC011C301CF5F758FE0149F6F788
:10AE200047F970BD0000C8410138C3B2082B05D8EE
:10AE300043001818024B8000C05800E001487047DA
:10AE400030500108CC7001080138C3B2082B08D873
:10AE500043001818044B80001818038940680B80C1
:10AE600000E000207047C04630500108F0B5C646EB
:10AE70000E1A00B58046002E3BD1234B1E80234B7B
:10AE80001E803DE029003000F5F7B2F9132802D901
:10AE9000AF007F190EE0072801D96F000AE02F00EC
:10AEA000032807D80A213800F5F7A2F9013C05006C
:10AEB000002CE7D139004046F5F720FA962200230E
:10AEC000120208000021F5F771FB32000023F5F7AC
:10AED0004DFB96220D4B12021880002100233800F2
:10AEE000F5F764FB00233200F5F740FB064B1880B2
:10AEF00006E007493000F5F77BF90A24044FCFE755
:10AF000004BC9046F0BDC0465826002056260020BE
:10AF100000CA9A3B032804D1F0235B000B41DB07F6
:10AF200005D4C3001B1A034A9B00985800E002484E
:10AF30007047C046E0550108484B0108014B00012D
:10AF4000C058704754520108014B18787047C046EA
:10AF500054260020F8B5164D1F262F0084001548F2
:10AF6000303724182B78002B1BD022886188531F80
:10AF70009C460123172900D90D3BC91808000B3046
:10AF8000C31733401B18C817304041186046C0171C
:10AF90003040053260445B11521149114011FEF7F7
:10AFA000D9FA95340C35FF34BD42DBD1F8BDC0462B
:10AFB000F0070020FC26002070B50C4C2500403521
:10AFC0002378002B02D06088FFF7C4FF0834AC421E
:10AFD000F6D1FEF7F3FF1F23C21713401B185B11B6
:10AFE000092200210020FEF7B5FA70BD20080020DC
:10AFF000F0B557464546DE464E46E0B500256B4C5B
:10B0000085B007006560A560032800D18FE00428A3
:10B0100000D18FE0022800D0C1E0654B03AE2A00CA
:10B020002360644930003580FFF7D8F807F064F9F1
:10B03000614D8046A96EF5F725FF8146FE20414609
:10B040008005F6F735F8011CF5F7C4FB011C4846EE
:10B05000F5F73CFD0021E061F5F760FA002800D02B
:10B0600095E03188FCF730F98121AD6EE069C905C2
:10B07000F5F708FF291CF5F7ADFB011C281C0E2570
:10B08000F5F724FD33886D442B804C4B81469A465E
:10B0900080231B064B4419000123524600939B4614
:10B0A0002800023BFEF7CEFB00218046F5F730FA80
:10B0B00000286CD1338849462B80280000975B46D6
:10B0C0005246FEF7BFFB0021051CF5F721FA0028C8
:10B0D0005DD14146281CF5F7EBFF291C061C4046B4
:10B0E000F5F7D0FE07F008F9051CF5F789FA311CD1
:10B0F0006060281CF5F7EAFC31492062301CF5F746
:10B10000C1FEE769011C381CF5F7E0FC2C49206101
:10B11000281CF5F7B7FE291CF5F7B4FE391CF5F726
:10B12000B1FE011C301CF5F7D1FC60612FE0FFF788
:10B1300013F92CE00E26FFF70FF9224B6E441D4940
:10B1400023602A0030003580FFF748F83188002955
:10B150001DD00320FCF7B8F83088FBF711FA6368BC
:10B16000984214D3C51AA060E5601800F6F7C6F936
:10B170006169F5F787FE061C2800F6F7BFF9011C88
:10B18000F5F728FB011C301CF5F7A0FCA061042397
:10B19000052202210020FEF7DDF9FFF70DFF05B0C3
:10B1A0003CBC90469946A246AB46F0BD70260020B6
:10B1B000A45301086996000808030020A59600081A
:10B1C000DB0FC940AD530108F8B54E46DE46574681
:10B1D00045461C23E0B53B4EF3565A1C6BD01D2050
:10B1E0003056421C67D06E2237498A5C022A3BD116
:10B1F0005C00E418A4003419230029331A78D30022
:10B200009B1A324A9B00D3189F69002F53D0CA253E
:10B210002A342378AD005D432D4BED18738B002B42
:10B220001ED02C4B0024984600239A46FF23DB05B2
:10B23000994629002000B84740004008484507D0FB
:10B2400041468346F5F76AF9002801D0D846A24660
:10B25000738B01340835A342EBDC1D20305601E02E
:10B2600000239A46514624E0CA2464005C431A4BEA
:10B27000E418012A01D0194B00E0194B9846738B52
:10B280006788012B12D900230125994606342188AD
:10B290003800C047002801D0A9462788738B0135A4
:10B2A0000434AB42F3DC1D20305601E00023994604
:10B2B0004946FCF709F83CBC90469946A246AB4685
:10B2C000F8BDC046C807002008030020E05501086B
:10B2D0006C180020CAF24971FC260020399600083B
:10B2E00045960008F0B557464E464546DE46E0B561
:10B2F0001C275F4E83B0F75704000D007B1C00D164
:10B30000AFE01D23F356013300D1AAE06E23594A62
:10B31000D35C022B59D17B00DF19BF00F7193B002A
:10B3200029331A78D3009B1A534A9B00D3189B6980
:10B330000093002B00D194E0CA232A373A789B006F
:10B3400053434E4AC1009A189446009B01926144AF
:10B350009847738B641982469C4200D381E0FF2397
:10B36000DB059B46019BE1009C4620006144009B5D
:10B370009847470080467F085F4520D053465B00D2
:10B380005B0899465B451AD000215046F5F7C6F890
:10B39000431E9841002182464046F5F7BFF8431E00
:10B3A000984150450BD0767F391C484676B2F5F768
:10B3B000B5F8002800D0641B210030004FE0738BEB
:10B3C0006419C2469C42CDD34BE0CA225200574377
:10B3D000BB462B4A9344012B01D02A4B00E02A4B59
:10B3E0009946A3005B445B889846641939D4738BF3
:10B3F0009C4236DAAB009A46A30002335B441F003E
:10B4000039884046C847002804D13B8898466419CB
:10B4100004D526E0738B9C4205DB22E0738B5744F6
:10B42000A342EDDC1DE0A30002335B441F000123B7
:10B430005B429B4600E01C0038884146C847002814
:10B4400007D13B88728B98462B195744A3469342E9
:10B45000F1D35B46013304D01D2059463056FBF72B
:10B4600033FF03B03CBC90469946A246AB46F0BDC4
:10B47000C807002008030020E05501086C180020D0
:10B48000FC260020399600084596000810B5CA240D
:10B490006400444389000648091909180888121AEB
:10B4A00048881B1A1BB210B25B434043C01810BD42
:10B4B000FC260020F0B54F46D6464646C0B5134B95
:10B4C0005B8B9946002B17D053B298460123C825B1
:10B4D0005B4200249A4607B20EB26D00A1B233005F
:10B4E0003A004046FFF7D2FFA84201DA0500A24623
:10B4F00001344C45F2DB02E001235B429A465046A0
:10B500001CBC90469946A246F0BDC046C807002024
:10B51000F0B5C6460D1C00B5111C1C1C161C071CE2
:10B52000F5F758F9FC218905F5F7ACFC291CF5F76E
:10B53000BFFD211CF5F7A6FC211CF5F7A3FC391C67
:10B540008046301CF5F7B4FDFC218905F5F79AFC1F
:10B55000211CF5F797FC011C4046F5F73BF9291C27
:10B56000F5F738F904BC9046F0BD0000F0B5574639
:10B57000DE464E464546E0B58A463A4983B04A68BB
:10B580000023824265D88D68A84262D84C8B002780
:10B59000631E9846831A0093AE1A3B0042460098F9
:10B5A0003900F5F703F832003B00F4F7DFFF030042
:10B5B000013B0193019A033C81463B00A24248D8DB
:10B5C00032003900F4F7F2FF43463D005C082418CE
:10B5D0004D4142463B0020002900F4F7C7FF2900F7
:10B5E000834620003B00801979414246F4F7BEFFB4
:10B5F0005B46C41ABC420ED05A46009B981AF5F717
:10B600007DFF051C2000F5F779FF011C281CF5F7CC
:10B610005DFA071C00E000274B46DE005D1C019B25
:10B62000114CDB0098464046ED002A59315900592B
:10B630003B1CFFF76DFF534665191860A61944447B
:10B640003B1C6A6871686068FFF762FF5346586088
:10B650000123180003B03CBC90469946A246AB4675
:10B66000F0BDC046C80700206C180020F0B5CE46DB
:10B67000474680B583B081460F001000694690466A
:10B68000FFF774FF061E10D04B460C255D43434662
:10B69000094C69462B513800FDF77AFF6419606048
:10B6A00069463800FFF7EAF9A060300003B00CBC2F
:10B6B00090469946F0BDC04670260020F0B585B092
:10B6C000CB0735D50E25002401266D441C4F2C8058
:10B6D00076423A000123002100962800FEF7B2F8D6
:10B6E000F4F78EFF021E0CD020002988FFF7BEFF62
:10B6F000431E98412B88241801332B80062CE8D157
:10B7000013E0002C11D1280022000E492C80FEF7F6
:10B7100065FD2D88002D08D02800FAF731FF29009B
:10B7200002002000FFF7A2FF0400074B48331C7003
:10B73000052302211A000020FDF70CFF05B0F0BD23
:10B74000B1A40008C1AA000870260020F0B50024AA
:10B750005746DE464E464546A346E0B5A24600277C
:10B760009846A14689B005900691079203940294E9
:10B7700001940094059B9F4243DABCB22000069BD3
:10B780009847079B051C20009847291C0490281CFB
:10B79000F5F778FB0499061C281CF5F773FB291CA8
:10B7A000041C5046F5F716F8049982460098F5F700
:10B7B00011F8311C00905846F5F70CF8211C83460F
:10B7C0000198F5F707F8311C0190281CF5F75AFB92
:10B7D000011C0398F4F7FEFF211C0390281CF5F7C9
:10B7E00051FB011C0298F4F7F5FF311C0290301C4C
:10B7F000F5F748FB011C4846F4F7ECFF013781469A
:10B80000B8E71800F5F730FE4C46011CC1468046EB
:10B810005046F5F75BF94146061C0098F5F756F9D6
:10B820004146051C5846F5F751F9071C011C5846BE
:10B83000F5F728FB011C201CF5F73AFC311C0090A1
:10B840005846F5F71FFB011C0398F5F731FC291C3E
:10B85000041C5846F5F716FB011C0298F5F728FC66
:10B86000311C80465046F5F70DFB011C5846F5F794
:10B870001FFC291C83465046F5F704FB011C019868
:10B88000F5F716FC594682460098F5F7FBFA211C9D
:10B890000190201CF5F7F6FA011C0198F5F708FC59
:10B8A000594601904046F5F7EDFA51468346201C73
:10B8B000F5F7E8FA011C5846F5F7FAFB0199F5F798
:10B8C00005F9514683460098F5F7DCFA4146824671
:10B8D000201CF5F7D7FA011C5046F5F7E9FB019952
:10B8E000F5F7F4F8041C011C301CF5F7CBFA011C29
:10B8F000281CF5F7DDFB5946051C381CF5F7C2FA84
:10B90000011C281CF5F7D4FB4B465A4618605C60B6
:10B910009A6009B03CBC90469946A246AB46F0BD41
:10B92000F0B54646D6464F460123C0B50E0086B058
:10B93000194248D000223F4C0E206260A260626132
:10B940009046002268440280013A009241463A4AF9
:10B95000FDF778FFF4F754FE384F051E2DD0F5F7AC
:10B96000CDFD011C3648F5F7B1F8364B82461B6811
:10B970004146181C9946F4F7CBFD002807D14B46E9
:10B980005146A3604846F5F7A1F8606108E03B0026
:10B9900099331878F5F768FD5146F5F773FAA0600A
:10B9A000680804A9FFF7E2FD002806D004A90020DA
:10B9B000FFF764F8400040086060788B224B234A10
:10B9C0002349FFF7C3FEB30727D01D231B4AD356D5
:10B9D000591C22D00B33DB00D3185888FAF7D0FD5E
:10B9E000F5F78CFD134C1B492060F5F74BFAE6691F
:10B9F000051C276A06F080FC011C381CF5F742FA8A
:10BA0000311CF4F7E7FE616A061C281CF5F73AFAC8
:10BA1000011C301CF4F7DEFE206104230522022104
:10BA20000020FDF797FD06B01CBC90469946A24643
:10BA3000F0BDC04670260020C9960008C807002047
:10BA400092FA3649F02600208C26002081A70008B3
:10BA5000299800085F7089302123044AD25C530082
:10BA60009B18034A9B00D05C7047C046C807002063
:10BA700044530108024B1880024B19807047C0469E
:10BA8000AC030020AA030020024B1A881043188040
:10BA90007047C046F4260020F8B501248440104EBB
:10BAA00035782C4205D0A54302203570FFF7ECFF16
:10BAB00014E01C230B4AD356591C0FD0578B0A4A4B
:10BAC00041008F52CA220430520050435343074969
:10BAD0002C434018591806F0CDFD3470F8BDC0460F
:10BAE00054260020C8070020F8260020FC2600204D
:10BAF00010B50723092200210720FDF72BFD0C209C
:10BB0000FFF7C2FF10BDC04610B5072808D8212393
:10BB1000044AD054FF22044B02201A70FFF7B4FFEE
:10BB200010BDC046C807002050260020F0B5DE46F4
:10BB300057464E464546E0B5C24BA7B01B885A054E
:10BB400003D5FAF755FCBF4B1B88DB0700D4E1E0B7
:10BB5000FFF732FABC4BBD4F9B4628235B429C4605
:10BB6000BC4463465E4607933B78002B06D1B84B36
:10BB700095360C37FF369F42F6D1BDE0079B012476
:10BB80005D8BBA78013DABB29B46CA239B00534301
:10BB9000B04A9B1804937B789C4098467B689A46F1
:10BBA000AD4B1C425DD0AD49B868F5F76BF9011C8F
:10BBB000AB48F5F77DFA51468146A848F4F786FF71
:10BBC000A84B05901C4204D0011C4846F4F702FE25
:10BBD0008146434642469620DB009B1AA24A9B00C0
:10BBE000D3189B69290040049846F4F78BFB3A0070
:10BBF0003300B0255F464646824600249846934669
:10BC0000ED02002E15D0049BE1009C46200061440B
:10BC1000B047FF21420052080023C9058A4213D0D1
:10BC2000011C0598F5F72EF9011C4846F5F740FA76
:10BC300000E04846F5F7F8FBE82801DDE82002E0DF
:10BC4000C343DB17184083B2210001342A0C40465D
:10BC5000A4B2FDF73BFC5544A742D2D25F4646460C
:10BC600085E71823234282D051468048F4F72EFFFF
:10BC700000258246B1460597049BEE009C4666442B
:10BC800031685046F5F7FEF8FC218905F4F7A2FD6E
:10BC9000F5F7CAFB84B227009B37BFB23BB271688D
:10BCA00050469846F5F7EEF8FC218905F4F792FD29
:10BCB000F5F7BAFB742396211B1A96349BB2A4B2F3
:10BCC0001AB249008C4205D941460527042901DDF5
:10BCD0003227FF37E82B03D9D317E7229343E83302
:10BCE000290001353A004846ADB2FDF7EFFBAB4500
:10BCF000C2D2059F4E463AE7079B1B8B1B0601D518
:10BD0000FFF762FA01225A4C242023781343237050
:10BD1000FFF7BAFE574B1B88002B09D10023494A75
:10BD2000138027B03CBC90469946A246AB46F0BD76
:10BD3000444B1C88A30506D5002005F0C9F905F081
:10BD400045F9404B1C88A30708D54B4B1A0001232B
:10BD50005B42136053609360D36019E0A30603D580
:10BD6000FFF72AF9374B1C88630605D50723002205
:10BD700000210020FDF7EEFB230609D53F4B9B8AEF
:10BD8000DB0605D50723092200210820FDF7E2FB89
:10BD9000E623234201D100F00DFF394AC53B07924B
:10BDA000D05C072813D8138BDB0710D44300354A27
:10BDB0001B189B00D3189A682D4C002A00D104E070
:10BDC00021785B780B4200D09047002323702E4AE5
:10BDD000284B12881B881F321F3352115B1191B2FE
:10BDE0001B931A919BB2002A0DD1234B1F93002362
:10BDF0001F9A136053609360D36004F0D7FF114B18
:10BE00001C8800F0D7FE0026013B9BB201335B018A
:10BE1000179300233500184A16931F921092109B17
:10BE20001B880993002B31D100E0059D109A169BC9
:10BE30000232013310921A9A9BB2169320359A421D
:10BE4000EDD1D4E7F4260020FC260020F0070020E6
:10BE5000200800206C180020E7FFFF7F0000E84169
:10BE60000080684340000040E05501080000E842BF
:10BE700050260020AC03002060260020080300208C
:10BE8000C807002044530108AA0300201B9B002B75
:10BE9000CCD0E7235A1B01335B1B1D9302230024E4
:10BEA0005B1B1BB21E935023A2465B1B19935301CD
:10BEB00018921C930595099BDB0701D400F06AFEDC
:10BEC0005246B24B05991B889A1AB14B04921B88B3
:10BED000591A06911F2A01DD00F0EFFF1F2907DD27
:10BEE000002A01DC00F056FE8024202300F0EDFF44
:10BEF000049B002B01DC00F04DFE01E020230493A5
:10BF0000069B002B01DC00F045FE9C0004F050FE77
:10BF1000A04B0B901860A04B84460A93DB8B240146
:10BF20001A041A43030064441A605A609A60DA6083
:10BF30001033A342F8D1994BF0261D00802700242E
:10BF400001210E93303576003F061A78002A0BD077
:10BF500008005A7890400443032A05D13000DA786B
:10BF60001041014200D13C430C33AB42EDD10A9B5E
:10BF70005B8C9B468A4B2340089302D123076BD4EA
:10BF8000B7E00A9B0B9A9B8A17009B06DB0F0133D5
:10BF90009946844B1B880D93069B5B0111934B467E
:10BFA0005B010F935346053B12931D007E4B1E8889
:10BFB0007E4B9C46534666449446DB01F618049B30
:10BFC0005B0063440C9396235B00984608E0069B55
:10BFD000059D9846AC4696270B9EE0447F001EE0E8
:10BFE000454506D90C9B023701358036BB42F7D157
:10BFF000EDE7002D07D0454505D00D993000F4F749
:10C000007DF97F29EED8002359465A00B9520F9A7C
:10C010009446119A63449342F7DB8B46E2E7E82D9E
:10C0200004DD01354036A845F9D1A7E71D212800D8
:10C03000F4F764F90029F4D1002359464846129ACE
:10C04000D218BA4201D85A00B152049A1B1893422E
:10C05000F5DB8B468146E4E7002C26DA0B9B059E38
:10C060009846069B743E9C46B444634654460C93E3
:10C07000049B9B3C99462300A1444446984611E00A
:10C0800031002800FDF778F8002801D05B463B809E
:10C0900001350237A945F3D10C9B01364034B34238
:10C0A00000D195E045462700EAE7069B059D9C46A2
:10C0B000743DAC4463460C939B230B9F994610E060
:10C0C00029002000FDF758F8002801D05B46338096
:10C0D000013C0236A045F3D10C9B01354037AB4201
:10C0E00076D04B4652469C1A049B3E00E31A984673
:10C0F000E6E7E3066CD5069B059A9C46743A9444A1
:10C10000634654460B9D0D939B3C32E00B004B4322
:10C11000274E6344B34223D8264EB3421ED800298B
:10C120001CD0002A1AD0244EB34219D92E36B3425D
:10C1300014D9224EB34213D90C9EB3420ED9914268
:10C140000CD049450AD01E4EB34209D91D4EB34208
:10C1500004D91D4EB0464344B72B01D85B4603803B
:10C16000013102308F42D1D10D9B013240359342D3
:10C170002ED0130053439C46049B21001F19134BE0
:10C1800028000C9353429946C0E7C046AC030020F8
:10C19000AA0300204C26002008030020F0070020FE
:10C1A000E7FFFF7F582600205626002080FDFFFF76
:10C1B000043500001C3400000202000039080000B1
:10C1C000A612000030130000B9DEFFFF9508000042
:10C1D000089B002B00D193E020AB9B466D230A9A6D
:10C1E0005946D05CFEF730FE0890002800D187E069
:10C1F000079B1B8BDB0700D582E0189B069A190072
:10C20000130091427CDA1D990D918A4201DC013BB9
:10C210000D93079B5E689B6898469E4270D29B1B5D
:10C220000C9350230A9AD35A99465B461B88002BDD
:10C2300066D000240D9B5B0111930B9B403312933E
:10C24000049B013B0F93089AE300944663445F68A4
:10C25000BE4206D95B4601341B88A4B2A342F2D881
:10C260004EE01B6898454BD330009E4200D2180028
:10C27000962200235200801B0021F4F797F9002337
:10C280000C9AF4F773F953460530C51A4046B84581
:10C2900000D93800962200235200801B0021F4F7B9
:10C2A00085F900230C9AF4F761F953460530C01A5A
:10C2B000EB43DB171D40049B984200DB0F98A8421C
:10C2C000C8DB0D9B189A9342C4DB0B9A1C9B9446C7
:10C2D000119AEB18A918129A5B00634494464F46D2
:10C2E000401B49000130614440001A00C518178006
:10C2F00002329542FBD140339942F6D1B946A9E7C3
:10C300000122BF4BBF4E1B7855461A40BE4B1492BC
:10C310001B681593BD4B99464A46BD4B0892139333
:10C320009B46042308E0089B953E023B08935B462E
:10C330000C3B9B460C9BFF3E5A1E0C92042B0DD0CF
:10C340005B461B78002B03D10C9B0133EBD1C2E081
:10C35000079B5C8B013C002C0BD1F5E7149B002B59
:10C36000E1D0AC4B1C88013C002C01D000F0C4FD96
:10C37000D9E75B465A781E2A01D000F0B4FD0021AF
:10C380001598F4F7C5F80028DED10022049BE818C0
:10C3900013195B109900895B884201DD1A0000E0E7
:10C3A0001C00531CA342F3DB210000235A18521037
:10C3B0009000805B854201DC110000E013005A1CF4
:10C3C0008A42F3DB089A12880F92A342BCDA9B00E0
:10C3D000F318A400A219B146A8461E0012924346C3
:10C3E00042463088B788059CC01ABF1A7388F28805
:10C3F000191B141B00280ADA002F01DB00F06EFD68
:10C40000129B0436B342EAD145464E469CE70029CA
:10C4100004DA002C01DB00F05BFDF1E71F2801DDF1
:10C420001F2FEDDC1F2901DD1F2CE9DC934205D90C
:10C430000B0021001C00030038001F000122C31B59
:10C440009446002B02DD023A94463B1A651ADD42FF
:10C4500002D5DA0FD21801E0EA0F521952105242F7
:10C46000002904DB4901924614E01A0002E0A246CA
:10C47000040018001300904201DA531B64449542F3
:10C48000F3DD01311B1A0029EFD1220054469A46F0
:10C49000030010006401E71952460D93BA4600E00C
:10C4A0002200431811931F2803D85F000F9C0B9B99
:10C4B000FC52119B9A45A3D00D9B1400934201DAC4
:10C4C000541B60449542EBDD0D9B2031E41A524B26
:10C4D0009942E5DD94E70A9BAA469B8ADB0653D581
:10C4E000F32D51D91C24079A1457631C4CD0944641
:10C4F00063001B199B0063441A0001212932127842
:10C500009140182288460A423ED1444A82209146F0
:10C510004946434A14260A60C005196BDF6AF4F7DE
:10C52000C7FD4246FF363F4B761B36B2051C1A420A
:10C5300009D0FE20391C8005F4F7C8FA011C281C1C
:10C54000F4F748F9051C0634A0B204F0B5FD364BEB
:10C550001E9C9846291C381CF4F794FCF5F70EF83D
:10C5600042460090019121003000FDF7FBF9FE21C9
:10C57000281C8905F4F79CFD1D3424B2051C1F2CD2
:10C58000E8DD4A46294B1360294B9946139B4F46D9
:10C590009B465B461B78002B07D108239C46254B06
:10C5A0003037E344BB42F4D178E018235B429C4629
:10C5B000BC4463460C935B461F4A5B8891469B00D4
:10C5C00099440E9B062698464B46B9461F004346A3
:10C5D0001B78002B57D043465B781E2B01D000F010
:10C5E00060FC094B00211868F3F792FF00284AD13C
:10C5F00000F057FC4B4601340B93104B24E0C0462F
:10C60000542600204C2D0020482600203A0300200C
:10C6100020080020F8260020FF030000B0030020BF
:10C620000D940008400000409C480108D993000880
:10C63000EC5001086C520108FC260020BC50010897
:10C640000C9B0C3C0B93B54B0893AB1D2A2B1AD8B3
:10C6500023000C332B2B16D8300004F02DFD089B43
:10C66000053D0B222100009328000C23FCF7DEFD82
:10C670001A2004F021FD0B9B0B22009321000C23B8
:10C680002800FCF7D3FD0C239C4601369537B6B243
:10C69000E044FF370A2E9AD14F467EE7FDF78EFC25
:10C6A000059B834200DD08E21D23079AD356591CDF
:10C6B00000D102E21C2010560D90411C00D1FCE17B
:10C6C00094460B33DB0063445B8811931E23D356DF
:10C6D000013300D1D5E000270024B846831D9BB26A
:10C6E000139E0F93012343449B46631C9946337862
:10C6F000002B5AD043468A4A9B009D5A5246AD1A97
:10C70000874A0F98944663445F88059BFF1A04F09C
:10C71000D3FC079B5B7F5BB2A34208D10A9B1B7FC4
:10C72000002B04D17F4A39002800FDF71BF97E4A0F
:10C730004B463900A81DFDF715F916239C46AC445D
:10C7400063460893738820000B93FAF743FF079A18
:10C750000C90138BDB0511D51D201056A0420DD077
:10C76000FAF738FF0C9A831A824200D9131A6F4ADB
:10C7700039000898FDF7F6F8119C07E00C9B6C4A0D
:10C78000390008980124FDF7EDF86442012004F017
:10C7900093FC28000B9B593000940D9A3900FDF74B
:10C7A00021FB43460233D8469B464C460836082CAC
:10C7B00098D15B465B109F00FF187F00FB18059A1D
:10C7C000079C01339F1A238BDB0500D533E11D2322
:10C7D0001E22E356A256934200D12CE11100A4463A
:10C7E0000B31C90061444D88B020514601320133FC
:10C7F000401A009239004F4AFDF7B4F8D023524650
:10C800009B1A9946238BDB0717D41D202056FAF775
:10C81000E1FE250004001E202856FAF7DBFE8442C4
:10C8200002D3201A2B2301E02D23001B0090424A43
:10C8300039004846FDF796F8FDE0119C2000FCF712
:10C84000CFFE061C2800FCF7CBFE80462000FCF73C
:10C85000DFFE041C2800FCF7DBFE011C201CF4F7A3
:10C8600027FCF4F78BFE029003914146301CF4F74D
:10C870001FFCF4F783FE314A0090019139004846CD
:10C88000D7E00E9B00279B4600239946244B5C462D
:10C8900098464E46D346731C08932378002B00D14C
:10C8A0007DE04246B3009D5A5A4643445B88AD1A28
:10C8B000059AB81D9B1A80B2994604F0FDFB079BB0
:10C8C0001B7F5BB2BB4204D1164A49462800FDF7E4
:10C8D00049F83800FBF7ACF949460200A81DFDF7FE
:10C8E00041F81C239A46164AE3789446AA44657890
:10C8F0000C93EB005B1B9B006344DB6860680D934B
:10C90000EB1E0B90012B07D8FE218905F3F700FEE3
:10C9100000281BD00B4B1AE00B4B18E0A450010869
:10C9200024530108A4480108A8480108AC4801089C
:10C93000B4480108BC480108C4480108CC480108B3
:10C94000E0550108F837010884480108CA4B0C99E2
:10C9500028000F93FEF7DEFA0D9B05000B9802935B
:10C96000F4F70CFE2B00009001910F9A49465046B7
:10C97000FCF7F8FF013045002D18012004F09CFB66
:10C9800001236D00053D5B42554400933A00119B25
:10C9900049462800FDF726FAB31C089E0893013784
:10C9A0000C34042F00D076E7089B059A5B109F009B
:10C9B000FF187F00FB1801339F1A0A9BDA461B7F82
:10C9C000002B06D1B0205B46AC4AC01A3900FCF7F8
:10C9D000C9FF1D235246B620079D801AEB56A84A70
:10C9E00001333900FCF7BEFFCC245346E41A2B8BED
:10C9F000DB070AD41D202856FAF7ECFDA14A0300F4
:10CA000039002000FCF7AEFF15E0119E3000FCF766
:10CA1000E7FD051C3000FCF7FBFDF4F7AFFD0290CD
:10CA20000391281CF4F7AAFD009001913900200021
:10CA3000954AFCF797FF53461825ED1AFBF7F4FAD1
:10CA40000021061CF3F764FD002823D10A9B079AF6
:10CA50001C7F043C63425C41072364429C43923345
:10CA6000D05CF4F701FD8949F4F70CFA311CF4F7B6
:10CA700009FAF4F783FD02900391301CF4F77EFD70
:10CA800020340090019123003900814A2800FCF7EE
:10CA900069FF0B37A823079A0021D458201CF3F70D
:10CAA00037FD002809D1201CF4F768FD794A009071
:10CAB000019139002800FCF755FF2123079AD35C28
:10CAC000072B13D8128BD20710D45A00D318724AEE
:10CAD0009B00D3185C68002C08D00021152004F0BE
:10CAE00003FB0A2053461999C01AA0470623524651
:10CAF00000259B1A252B02D8684E0E9F03E0049B4D
:10CB0000202B2AD13FE03B78002B21D018237A78C4
:10CB10001341DB071CD46249B868F4F7B3F9FC2170
:10CB20008905F3F757FEF4F77FFCE824059B241AE8
:10CB3000E41AE31C242B0BD8A81D80B204F0BCFA25
:10CB40005346A11E5842009605230622FCF76EFBB1
:10CB500001350C37042DD6D1D1E7524B1A68049B0E
:10CB600010005C00069B40301219591E07E0C55AA0
:10CB7000D55202339C42FAD11219403001390029B2
:10CB800001D00023F3E75046069B049A05990A302A
:10CB900004F046F9099B5B08099301D1FFF745F9B9
:10CBA00020239C46179BE2449A4501D0FFF783F966
:10CBB000FFF73BF9230700D4B9E03B4C237F022B5E
:10CBC00004D020251826032B03D000E018252026AA
:10CBD000FFE70021012004F087FAA022072352007A
:10CBE000E921002004F040F9002004F03FFB01237C
:10CBF0002E4907910A8B0800134265D14968806865
:10CC0000814207D12A4B019100932A4A2B00E92146
:10CC10000A2015E0274F520615D4274B01910093A7
:10CC20003A002B00E9210A2004F02EFB079B9B68A9
:10CC300004930193214B00933A003300E921CD2066
:10CC400004F022FB5FE04A08400810180B40C318AC
:10CC500001931B4B3A000093E9212B000A2004F0BA
:10CC600013FB079B9A685B68049205931300059A6F
:10CC70009B1A0193134BDEE790480108A448010872
:10CC8000D8480108E0480108CC48010892FA364A21
:10CC9000E8480108FC48010844530108BC53010856
:10CCA0000000E8414C26002008030020C8070020AF
:10CCB0001C490108104901082049010828490108B8
:10CCC00030490108384901089923079D924AEB5CD5
:10CCD000E9210A2004F0D8FA6D8B013D2800FCF709
:10CCE0007FFC061C2800FCF793FCF4F747FC02903D
:10CCF0000391301CF4F742FC884A00900191E9212D
:10CD0000CD2004F0C1FA122004F0D6F9608BF9F7B7
:10CD10002FFC079A0300528BE92100928220804A5F
:10CD200004F0B2FA012004F0A1FA7E4B1C88E3065D
:10CD300077D50021182004F0D7F950230A22642166
:10CD4000002004F091F8002004F090FA764B07934D
:10CD50009A8CD30523D5432320AC2370734B1B88B7
:10CD60001900303161700021618071498B4201D11D
:10CD70002A236370930505D5172004F09DF96323DA
:10CD8000237002E0012004F097F9220064210020C2
:10CD900004F07AFA012004F08FF9079B9A8C654C15
:10CDA0000223270064262437350008351A420AD0AA
:10CDB00022002900002004F067FA079B9A8C3300B8
:10CDC00010332E001D000434BC4201D06388EBE711
:10CDD000079CE17FD30507D52023E35C8B4203D07A
:10CDE000182004F069F9E17F6123032901D8193182
:10CDF0004B00514A2900002004F046FAF8F768FD7C
:10CE0000041E09D0012004F057F9310023001B3122
:10CE10004A4A002004F038FA012004F027FA414B76
:10CE20001C88E30501D4FEF779FF04F0E3FD041E3E
:10CE300001DCFEF773FF0022414BC00FA3425041BB
:10CE400000210C3004F050F91CA98C460F268121DA
:10CE5000C8253C4B664420933B4A042303278C4659
:10CE60002D0100E00B00591C1F4202D16046705496
:10CE700005E08120944200DB3C307054643AAA42C1
:10CE8000F0DC812020AA5054D1187E300333887002
:10CE90009BB2009201210822FE3804F039F9FEF716
:10CEA0003DFF53463D88059AED1A7B889C1A172B47
:10CEB00001D8FFF79FFBFFF7C3FB069B1F2B01DC8D
:10CEC000FFF71CF82023802404930693FFF71EF835
:10CED0001F2801DDFFF7A4FAFFF7A8FA002901DBFC
:10CEE000FFF7A0FA12E0194B13410122134001D1C0
:10CEF000FFF768FAFFF749FA089B1B880F93002396
:10CF0000002C01DDFFF763FAFFF70DFA002C01DBBF
:10CF1000FFF78CFAFFF774FA4049010858490108F5
:10CF200068490108F4260020C80700202A3F002095
:10CF3000FFFF0000504801087449010878490108C2
:10CF4000E30C0000003C3CFF04100000E7FFFF7F03
:10CF500010B5431C29D00200144B0B32D100595C90
:10CF6000002922D01D215956814204D102241048A3
:10CF7000017821430170D2009B185888FDF7EAFF21
:10CF8000FDF71CF81F23C21713401B185B11092261
:10CF900000210020FCF7DEFA2021064A13888B438B
:10CFA00004210B431380FEF7C1FD10BDC80700200C
:10CFB00050260020F426002010B50348FEF764FD3B
:10CFC000FEF7B4FD10BDC0461B0300009023DB0537
:10CFD00018690E231840064B9B8A1B0606D543088A
:10CFE000C2085340DB0701D50A2358407047C046AA
:10CFF00008030020182210B50D4C238B1A40082A74
:10D0000005D0102A06D0002A07D00A4A07E00A4AAB
:10D01000002004E0094A082001E01020084A002905
:10D0200001D04A6003E0182293430343238310BDD9
:10D03000C80700208E600108F66B0108EE6B01083E
:10D04000FE6B0108F8B5CE4647460D0080B50200DC
:10D05000042800DD0422124BD200D75A9B189A886C
:10D060005E8891469A7990461A682A605B686B6080
:10D07000042810DD041F0A212000F3F743F94B4672
:10D0800058433F182F800A212000F3F721FA434626
:10D09000594376186E800CBC90469946F8BDC04640
:10D0A000D85901080A4B10B51C880A4B14211A885C
:10D0B000094B1B889A4208D12000F3F71FF989B267
:10D0C000002C02D0002900D11431C81C10BDC0466C
:10D0D000E42E0020E22E0020182F00200020044A19
:10D0E000835C002B03D02E2B01D00130F8E7704772
:10D0F000EC2E002001230A210A005A43824201D269
:10D100001300F9E75A00824204D805214B438342B9
:10D1100000D9130018007047802110B5064AC900D5
:10D12000938C10200B4093840122044B52421A80AE
:10D13000FEF7AAFC10BDC046C80700202A3F002009
:10D1400010B5064A0023117F814205D01077852053
:10D15000C000FEF799FC0123180010BD0803002051
:10D16000104B00221900583110B50A7019006031B7
:10D170000A70190068310A70190070310A701900BC
:10D1800078310A70190080310A70190088310A70EC
:10D19000190090310A700220FF329A775A77FEF711
:10D1A00073FC10BDC80700201D22F8B52E4C0500E9
:10D1B000A25600290DD00423824206D003000B336F
:10D1C000DB001B5D002B01D00123CB7001304860D8
:10D1D00049E003000B33DB00185D00280AD0AA42A7
:10D1E0000AD119551E25FF23022065576377FEF7E4
:10D1F0004BFC01E001221A551D22A2566DB2A27706
:10D2000065776B1C0FD1002101200B00174EDF004A
:10D21000F75D002F01D001005DB20133082BF6D17C
:10D22000002900D065771D202056824202D1FF23BD
:10D23000A37701E0531C13D100221E211300012506
:10D2400061560A4EDF00F75D002F03D0984201D0EF
:10D250002A0059B20133082BF4D1002A00D0A1775B
:10D260002020FEF711FCF8BDC80700202008002090
:10D27000F8B58027FA26104CFF05F6007D6A236872
:10D28000EB1AB34203D8C820F4F7E2FCF6E7FFF745
:10D290009DFE0100094A25601388108099438BB2D6
:10D2A0005807C00F1A0701D5102210439B0701D55C
:10D2B00020231843F8BDC046042F0020002F002073
:10D2C000F8B58023DB05CE469946FA2347469B00F6
:10D2D00080B5984604274B461A4E5C6A3368404630
:10D2E000E51AF4F7B5FCFFF771FE174902000B8849
:10D2F00018009C46154B504080B29D4201D93A42DD
:10D3000019D1384019D1944502D00A80346015E013
:10D310000F4B9D42DFD90F4B1968A142DBD2910719
:10D3200000D56020120701D5502210430A4A9446C6
:10D3300064441C6002E0042000E001200CBC904624
:10D340009946F8BD042F0020002F00204FC3000095
:10D3500050C30000082F0020B80B0000F8B54F465E
:10D36000D646072480B59946089B05009B780E0099
:10D3700017009A461C4038D01020184043425841AC
:10D380000F3003F0A5FE3A0031002300280003F01F
:10D390006BFD534640201840434258410F3003F084
:10D3A00097FE220031004B46280003F05DFD5346F6
:10D3B00058B2C043C00F0F3003F08AFEE8192200B4
:10D3C0003100001B4B4603F04FFD53462020184010
:10D3D000434258410F3003F07BFE4B46F118091BC6
:10D3E00023003A00280003F03FFD089B1978587885
:10D3F00003F07AFE53461B0707D44B4662009B1A84
:10D400003119BA1A281903F02FFD0CBC91469A461F
:10D41000F8BD0000012310B5044A1178194203D069
:10D420004B40137004F0D8FA10BDC0461B2F0020EB
:10D4300070B590240D4EE40530000022012104F067
:10D4400039FD20004022072104F034FD012540234E
:10D45000B5612A003000A361002104F02BFD2A00F1
:10D460000621200004F026FD70BDC04600040048DF
:10D4700010B50C1E0AD0074B5B8B1B1A5A42534146
:10D480000233CB70F9F774F8606001E0F9F730F817
:10D4900010BDC046080300200B4A10B56D320C00C9
:10D4A000C1B2002C0AD013781B1A584243410233F0
:10D4B000E3700800FDF7B8FC606003E003481170FA
:10D4C000FEF7E2FA10BDC046080300200204000087
:10D4D000084B400010B5C05A002908D0064B5B8BA2
:10D4E00048601B1A5A4253410233CB7001E0F9F7EE
:10D4F000BFFF10BD086C0108C8070020F0B5C64684
:10D5000000B58CB000283FDB042302AF7B70204BBA
:10D510001B785BB2834203D105233B705C3302E08E
:10D5200003233B708E33BB701A4B46001A68984633
:10D530005378194D9219DB009478E81882882109F4
:10D5400051435D5BC3884D190F210C405C434188FA
:10D5500000976418A8B2A1B2FFF700FF43461B680A
:10D560009E19F078FF280FD05B78002B06D122009F
:10D5700029000F32203103F023FF05E02900A21D0E
:10D580000B31022303F0A0FE0CB004BC9046F0BDAA
:10D59000EC030020E82E0020CC5B010810B5002928
:10D5A0000AD0074BDB7F1B1A5A425341013002332A
:10D5B0004000CB70486002E0C0B2F8F75FFE10BDDB
:10D5C000C8070020431CFA20000110B55843002969
:10D5D00008D0064B9B6848601B1A5A4253410233DD
:10D5E000CB7001E0FBF7C8F910BDC046080300206E
:10D5F000F0B54746CE46002480B58046270083B06C
:10D600008022154E01AB520031004046F7F7F4FA84
:10D6100000281BD1019B002B18D0104B0500994608
:10D62000019BAB42ECD9735D0D2B06D10B4824183E
:10D630002770FAF7E3FD002406E01F2B04D97F2CA6
:10D6400002D84A46135501340135E9E7002003B0FA
:10D650000CBC90469946F0BD282F002028300020B1
:10D6600007B58022110001AB92020905F7F780FB94
:10D670000EBD000007B5034A01AB0349F7F778FB7D
:10D680000EBDC0469C100000C80700200F4B0A6862
:10D6900013B504009A4201D00D4816E06B460422EF
:10D6A00001A9F7F7A9FA0028F6D10A4B019A9A4284
:10D6B000F2D120006B46084A0849F7F79DFA041E8C
:10D6C000EAD10748F9F7A8FE200016BD9C1000001B
:10D6D0009E5E0108544E4F4398100000CC07002076
:10D6E000FFFF0000F0B54546DE4657464E46E0B522
:10D6F0003D4D83B001AB8A46682229008046F7F78A
:10D700007BFA3A4B002866D1394A2988914262D186
:10D71000A022698A520091425DD1EA8BF02A5AD147
:10D72000E98E344A914256D10600334B00249B4681
:10D73000B14601AB022269464046F7F75DFA002682
:10D740006B466A469E575278671C2C19331E22700E
:10D7500007DDE91901AB32004046F7F74DFAF4193D
:10D7600006E001330134012B01D02270F9E7BC1B24
:10D770005C45DEDDA0235B000700002228009B46FD
:10D78000CC46437881789946F82349015B011940DA
:10D790004B4607249B085B03194303785600A343B9
:10D7A0004C46640923430B430132AB5303305A45C3
:10D7B000E7D16646012361460020013603F048FBAD
:10D7C000F02E01D0002FB0D05246CF2109320020D8
:10D7D00003F05AFD0023180003B03CBC9046994664
:10D7E000A246AB46F0BDC046282F00209E5E010831
:10D7F0004949000005800000BF030000F0B5C6469F
:10D8000000B584B003AB68222C490700F7F7B0FAE3
:10D810008046112003F05CFC002407264346002BC1
:10D8200047D1A022264D01232100404600955200F9
:10D8300003F03AFA4023FF3398463D3BFF3B9C46BA
:10D84000204943465B00EA5A1302120A13439BB273
:10D850001A0AB243802A00D9324360460A70DA08B5
:10D860008243D2B2802A00D90243DB00DBB24A7085
:10D87000802B00D933438B7043460339013B9846D4
:10D88000DFD2F022290092000F48FAF7BDFF03AB68
:10D890000200039029003800F7F76AFA0123804656
:10D8A000402021001A00FF30013403F0DDFAF02C93
:10D8B000B4D1404604B004BC9046F0BD04750108E4
:10D8C000282F002065330020A82F0020F0B5DE4669
:10D8D000574645464E46E0B5204C83B001AB0F009D
:10D8E0007A2221008046F7F787F91D4B00282DD1B9
:10D8F000A022658A5200954228D1E28AF02A25D1D9
:10D90000A28B102A22D1A0239B009A460123EF2646
:10D91000994601AB524621004046F7F76DF92900C0
:10D9200083462000FAF766FF31004B462A000020AC
:10D9300003F08EFA013E02D35B46002BE9D03A0099
:10D94000CF210932002003F09FFC0023180003B010
:10D950003CBC90469946A246AB46F0BD282F00201D
:10D960009E5E0108F0B5CE46474680B585B003AB54
:10D970007A2219498046F7F7FBF90500112003F0D8
:10D98000A7FBA023A0279B00EF2499467F00002D32
:10D990001BD1124E01233A0021002800009603F00B
:10D9A00083F939003000FAF725FF03AB4A4631000E
:10D9B0004046F7F7DDF901230500402021001A0059
:10D9C000FF3003F051FA013CE1D2280005B00CBC55
:10D9D00090469946F0BDC0465C590108282F0020AA
:10D9E000F0B5002357464E46DE4645469A46E0B51A
:10D9F0001C001E0097B0029003920193802205AB99
:10DA000052004C490298F7F7F7F800286CD1059BB3
:10DA1000002B69D0484B050098465746059B9D4210
:10DA200060D2444B5B5D0D2B51D100234348102243
:10DA30003618337006A9FAF7A5FE8346012844DD9F
:10DA40000222069803789343212B3ED0FAF7D4FDA7
:10DA50000700642C02D83A4B984201D9394D61E055
:10DA6000002C00D10190E6000798FAF7EDFDB246D0
:10DA70004346C244F0500898FAF7E6FD5346586012
:10DA800065239946039BA144012B11D15B46032BCF
:10DA90000EDD0998FAF7D8FD4B464246DB00985058
:10DAA0000A98FAF7D1FDCB239B00534418600AE093
:10DAB0004B4600224146DB00CA50CB239B009C46CC
:10DAC0004644664432600134A4B2002607E01F2BAE
:10DAD00005D97F2E03D81949721C8B5596B2013592
:10DAE000ADB29BE7BA4689E70025AC421AD0F7F7FA
:10DAF000F5FE154B002219009C310A601900A03177
:10DB00000A60280001995C83F9F770FD51460120F5
:10DB1000F9F76CFD04230D4A012011780B431370B3
:10DB2000FDF7B2FF280017B03CBC90469946A246CC
:10DB3000AB46F0BD282F00206C18002028300020B4
:10DB400000BBEEA09E5E0108C8070020A8030020CD
:10DB5000F0B54E46DE4657464546E0B58BB006006A
:10DB600009AB2A22002904D12449F7F701F9244FEF
:10DB700003E02449F7F7FCF8234F244B00259A468D
:10DB8000CB239B009946224C53465B8BAB422EDD48
:10DB900000282CD1A8B2F8F7F3FC1E4B8346984618
:10DBA0004B46E058F3F7EAFCCA23069007919B0026
:10DBB000E058F3F7E3FC049005916068F3F7DEFCAE
:10DBC000029003912068F3F7D9FC5B460090019125
:10DBD0003A0080214046F5F771FF09AB0200099039
:10DBE00041463000F7F7C4F801350834CCE70BB0F4
:10DBF0003CBC90469946A246AB46F0BD0C6C010871
:10DC0000386C0108486C0108746C0108C8070020D2
:10DC10006C180020282F002010B500290AD0074BCF
:10DC200007481A7801231A4200D1064893434860F6
:10DC3000CB7001E0F7F75EFE10BDC046A8030020E0
:10DC4000866701088C6701081C2370B5104CE356E9
:10DC50005A1C1BD018000C2500290AD09A1D0A70E6
:10DC6000083108000B4A2021F5F728FF0EE0984202
:10DC70000CD00130042800D100202A004243A21811
:10DC800028321278002AF2D0F9F7F8FF70BDC046AA
:10DC9000C8070020A95E01081C2010B5104B1856BB
:10DCA000421C03D10F4B00290CD118E00C22424337
:10DCB0009B181A002A321278002905D00A4B002A34
:10DCC00000D00A4B4B600AE029331978C023FF3398
:10DCD0000B4101210B4202D05140F9F7BBFF10BDAF
:10DCE000C80700208E600108CC5F0108D75F0108DB
:10DCF0001D23020010B5094C1100E3560B33DB0065
:10DD0000E3180220185E012A01D001214942FDF7E3
:10DD1000E9FA8022238B9343238310BDC807002098
:10DD2000084B800010B5C058002908D0064B1B6E68
:10DD300048601B1A5A4253410233CB7001E0FAF794
:10DD40000FFA10BD6C76010808030020F0B55746A5
:10DD5000DE464E464546E0B56E4B6F4A1B780127BE
:10DD60009B009C580023BB469A46B9468FB003904F
:10DD7000002C00D1B7E052465B469340039A674FB0
:10DD80001A4214D1012322009C46A37A0A32E244AB
:10DD90001400002B00D0A0E0D37994791B02234318
:10DDA000147A24042343547A24061C4395E0042364
:10DDB00004AE7370FF23F370594B1B78012B08D10D
:10DDC000584B1B785BB2534503D1052333705C334A
:10DDD00002E0032333708E33B3702378032B24D1F6
:10DDE00000233372E279A37912021A43237A1B04C7
:10DDF0001A43637A1B0613430FD1E378A2781B0200
:10DE000013432279202112041343627906A81206D3
:10DE10001A437368F5F752FE05E0607831009847C1
:10DE2000337A002BE9D006AD09E0E378A5781B0230
:10DE30002B4325792D042B4365792D061D434B4635
:10DE40009BB298464F223B8841460096F120FFF74F
:10DE500085FA0322B256F826002A11DB3B88F62009
:10DE60000B3BD90FC918162353432F4A49109B184F
:10DE700000930B23414489B21A0003F049F90C3690
:10DE80002B0001221878002805D00A384142484169
:10DE900001331218F6E70A23534390463A880133B8
:10DEA000934207DB03F0E2F943463988DB00CB1AE3
:10DEB000013B09E0584603F0D9F90B2342465B4287
:10DEC00053433988CB180133D90FC9184910494435
:10DED0002A00300003F0D8F954E73B8899445346B0
:10DEE000102B00D044E74F46E82F09DC002003F058
:10DEF000EFF8E9234F22DB1B4946F12002F0B4FF83
:10DF0000012003F0B3F90FB03CBC90469946A246FD
:10DF1000AB46F0BD162F0020D8030020B40300202C
:10DF20001C2F0020EC030020245A010810B5064ADB
:10DF3000012311780C001C4005D14B40137003F0F5
:10DF400035FD024B1C7010BD1B2F00201A2F002026
:10DF5000F8B54746CE46254B80460020185E244B38
:10DF600080B500229B5E0F009946224B1B78002B48
:10DF700004D0434618604B460B6032E01E4D4026ED
:10DF80000C23EA5E2023801AFF3358431023E95EF6
:10DF9000FF36891AF2F7B6F910300400B04201DDFD
:10DFA000340002E0C043C01704400E23EA5E4B4633
:10DFB000981ACF2358431223E95E891AF2F7A2F97F
:10DFC0001030EF2801DDEF2002E0C343DB171840DB
:10DFD000AB8A1B0602D5EF23341B181A43461C607C
:10DFE00038600CBC90469946F8BDC046122F002000
:10DFF000142F00201A2F00200803002010B5084A13
:10E000000624138B002906D02340C31A58424341EB
:10E010000233CB7002E0A3430343138310BDC04619
:10E02000C80700200548038B002903D01B06DB0F1F
:10E03000CB7002E08022534003837047C807002062
:10E040008023094A1B04002909D092681A4203D090
:10E050000123CB70054B00E0054B4B6002E091685B
:10E060004B4093607047C04600280040955B010814
:10E070006668010810B50848838C002903D05B0549
:10E08000DB0FCB7006E08022D20053408384102047
:10E09000FDF7FAFC10BDC046C807002010B50848BF
:10E0A000838C002903D0DB05DB0FCB7006E08022D8
:10E0B0005200534083841020FDF7E6FC10BDC0469B
:10E0C000C807002010B50A4A0123108B002906D08A
:10E0D000084A184201D0084ACB704A6007E0434022
:10E0E00008001383FFF72CF80A20FDF7CDFC10BDC4
:10E0F000C807002066680108955B010810B508484C
:10E10000038B002903D0DB05DB0FCB7006E08022F8
:10E110005200534003832020FDF7B6FC10BDC046DB
:10E12000C8070020F0B58FB002AC0E002100070038
:10E13000FEF788FF03239F4205D1184B1A883B0046
:10E14000D20700D50D2304AD2B7004236B70144B44
:10E1500061221B785BB29F4200D03032002E01D08A
:10E16000AA7002E008231343AB70A379A2886188E8
:10E1700020880095FFF7F2F8002E0CD0A3792088B4
:10E180000B3BD90FC91863884910C918E3793200CD
:10E19000C01803F079F80FB0F0BDC046E02E0020A3
:10E1A000EC03002010B5002801DBFFF7BBFF10BD1A
:10E1B00010B508490320FFF7B5FF07490020FFF716
:10E1C000B1FF06490120FFF7ADFF05490220FFF727
:10E1D000A9FF10BD005A0108045A0108065A010897
:10E1E000085A010810B50C4C2378002B12D09B2044
:10E1F000E9214000FDF73EFC2378012B01D1FDF71A
:10E2000077FC2378023B012B02D80448FDF73CFC45
:10E210000023237010BDC0461C2F00201A030000ED
:10E22000F8B54546DE4657464E461C22E0B5684BDB
:10E230009A569846531C00D1C4E00C2353434344E0
:10E240001A001C212932127851439246614A521811
:10E2500092699346002A00D1B4E02A331A78CA237F
:10E260009B005343994600265B4A9144F100494480
:10E270003000D847FF224300071C5B08D2059342B9
:10E2800000D19FE0002E0ED0011C281CF2F746F9A9
:10E29000002800D03D1C391C201CF2F753F900283F
:10E2A00003D03C1C01E0051C041C43465B8B01367B
:10E2B000B342DBDC291C201CF2F78CFAFC21890517
:10E2C000F2F7E0FD291C061C201CF2F721F90028BA
:10E2D00005D1211C281CF2F7EBFE404908E0002183
:10E2E000201CF2F715F900282BD160003C494008AA
:10E2F000F2F7C8FDFE24071C051CA405FE21281CFE
:10E300008905F2F70BF900280AD03649281CF2F7E4
:10E31000B9FD3549051C201CF2F7B4FD041CEDE7DE
:10E320003049281CF2F718F900280ED02E49281C75
:10E33000F2F7A8FD2B49051C201CF2F7A3FD041CD5
:10E34000EEE78027FE24FF05A405FA21381C890585
:10E35000F2F798FD051C291C201CF2F7F3F80028A1
:10E3600006D0FC21201C8905F2F78CFD041CF2E785
:10E3700052461E4B1341DB0705D5FE21301C890593
:10E38000F2F796FE061C43461C20211C1856F9F78E
:10E3900083FC211C301CF2F799FBFC218905F2F764
:10E3A00019FAF3F741F8F3F75FF8011C8120C00573
:10E3B000F2F77EFE4346011C1C201856F9F780FC3C
:10E3C000FFF710FF3CBC90469946A246AB46F8BD0D
:10E3D000C8070020E05501086C180020CDCC8C3F08
:10E3E0009A99993F00002041CDCCCC3D400000409F
:10E3F0007FB504000D1E20D003F0D8F9061E14D0FE
:10E400008068F3F77BF8F3F7B9F80290039170682E
:10E41000F3F774F8F3F7B2F8009001912800084A76
:10E4200020210830F5F74AFB00E06C60054B1B88A3
:10E43000A34204D10123EB7001E0F8F7EDFF7FBDAB
:10E44000266801082A3F00207FB5184CA38CDAB259
:10E45000002A2AD080229200134000291DD0EA3AD7
:10E46000FF3A002B00D1143A0A70206908310D00E0
:10E47000F3F744F8F3F782F8668C02900391E068B2
:10E48000F3F73CF8F3F77AF8330000900191084A6B
:10E4900020212800F5F712FB07E0002B05D00134FE
:10E4A000F9F798F9E07FF7F7E9FE7FBDC80700208C
:10E4B000605F010870B50A4C4500002907D0094B80
:10E4C000625D9B8C1A420AD00123CB7007E0064B99
:10E4D00064191980F9F78CF96278044B1A7070BDD1
:10E4E000A85A0108C8070020002F0020EC030020D4
:10E4F00070B504000D1E08D0FCF726FD2041044B2A
:10E50000C20700D4034B6B6001E0FDF7C5FA70BD94
:10E51000D46A0108DA6A01080C234343144A10B58F
:10E52000D31828331B78002912D0002B0ED0831D5E
:10E530000B70104B1B785BB2834201D105230B702B
:10E540001C23D356834201D10123CB7048600DE0D8
:10E55000002B06D0127F52B2824202D0F9F78EFB16
:10E5600004E059425941C9B2F9F7EEFB10BDC0466B
:10E57000C8070020EC03002070B504000D1E09D070
:10E58000F7F7A6F983B2E31A584243410233EB701E
:10E590006C6002E0C0B2F7F78DF970BD70B50D0088
:10E5A00012490A006E321378002D11D0022B01D9C6
:10E5B000002313706E310E780D4C002E06D0200013
:10E5C000F3F7E0F801302418013EF6E76C600CE048
:10E5D0000133DBB2022B01D8137000E01570FCF799
:10E5E000F3FD8020C000FDF74FFA70BD0803002046
:10E5F000946C01080D4A10B510006C3003780029A6
:10E6000007D0022B00D90023094A9B009B584B607E
:10E610000AE00133DBB2022B01D8037000E0017085
:10E620006C321078FAF7D0FA10BDC046080300200B
:10E63000245B0108F0B5CE46474680B583B000297B
:10E6400072D13C4A3C4C13682340009353683B4AC8
:10E6500013403B4A019314001378002B1AD0303B2F
:10E660000131137001320629F6D12678637836011C
:10E670001E43A378E2781B012579134362792D01AB
:10E680001543F6B2DBB2EDB226706370A57019289F
:10E6900033D104E0635401310629FBD1E5E7002BB7
:10E6A00001D1013302E0122B01D912236370637888
:10E6B0009846002D02D10123A37016E05A0021488C
:10E6C0003B21F1F70BFF032707401C370A213800D5
:10E6D000F1F7FEFE894638000A21F1F713FE4B469A
:10E6E00001011943A94200DAA1706B4642465A71F2
:10E6F0006A469E71A378137112E0232E01D923225A
:10E700002270592B01D959236370592D01D95923EE
:10E71000A3706A462378937063785370A37813705C
:10E720000099019803F05CFA03B00CBC904699463E
:10E73000F0BDC046002800407F7F7F003F1FFF00E4
:10E74000EC2E0020CCEE0B00F0B58B4B4546DE46A0
:10E7500057464E461B68E0B598464000874E4044F9
:10E7600083B0C5783000F3F70DF843465B780400BA
:10E770000700002B00D0C5E02A000D3A092A34D842
:10E78000002800D1EEE0022A1FD80C3DADB26B008C
:10E790005D19FEF7A3FCADB22B180C2B02DD0C2586
:10E7A0002D1AADB236183021002073783278002B44
:10E7B00001D0002A01D10B00B070013DADB27270E2
:10E7C00033700136002DF0D1BEE02A00103A032A42
:10E7D00000D9B9E06A4A3418019202AA9446654405
:10E7E000143D2A7832546370AEE0664B1A78C02329
:10E7F000DB04134101221340984606239946434601
:10E80000002B01D10C3399460C2D02D1002C0DD1D7
:10E81000A8E00B2D19D133782D2B09D1330000221C
:10E8200059780132197001330C2AF9D1671E1FE0A3
:10E8300033000C22D97A013A1973013B002AF9D12D
:10E840002D2333704C4513DA11E04C4510DA092DB5
:10E8500002DC303535550AE00A2D09D1FEF73EFCC1
:10E86000844205D14B460C2B02D122333355671C11
:10E870000023F35543465427002B0AD1FEF72EFC04
:10E880000321F1F725FE02233F4F5B1A1F410123AD
:10E890009F431421132002F027FC01239A460933D9
:10E8A0009846073B562499463578002D25D00136E9
:10E8B0002E2D02D13F01454608E02D2D03D14B46B8
:10E8C000223D9F4302E0303D092DEDD8534642469C
:10E8D0003B40534302339B4620005C4416235A4678
:10E8E000D521A4B202F0C0FA2100E8B2D52210343A
:10E8F0007F0802F065FDA4B2D6E716231C22D521BD
:10E9000020001EE0162D02D100282BD01CE01A2D6D
:10E9100003D1431E002805D124E01223984201D0E0
:10E92000431C3554002214211320F25402F0DCFB66
:10E930000223D6222C21300002F056FD14230C2293
:10E94000D62102F091FA0FE00A220E4B1B785343B6
:10E950000E4AD2181389D1881B040B4302D0507879
:10E9600000219847FFF73EFC03B03CBC9046994617
:10E97000A246AB46F0BDC046E82E0020EC2E00209B
:10E980006D756E70E72E0020244900008C5C010834
:10E99000F8B54E46DE4657464546E0B5254E0128B9
:10E9A00006D10020305600283DDBFFF7CDFE3AE0CF
:10E9B000214F01243B681D7820239846013D3A6889
:10E9C0000023934642460240F35692466AB291466D
:10E9D00010229C46002102405046002805D0013BF1
:10E9E0005BB22100002B00DA4B46002A05D0013330
:10E9F0005BB22100AB4200DD002358005844C078D0
:10EA0000FF28E9D0002900D033706046FEF776FD7C
:10EA100000203056FEF772FD0848F3F719F9FEF7AB
:10EA20004FFC0028CBD13CBC90469946A246AB4651
:10EA3000F8BDC046EC030020E82E0020102700009F
:10EA4000F0B5C64600B5FEF7E5FC802002F08EFF6B
:10EA5000FA272F4EFF00B8423BD9802390242D4D3A
:10EA6000E4055B02AB612C4A0721200003F022FA87
:10EA7000802002F07BFF0223AB61802301221B0474
:10EA8000A36111008046280003F014FA200001223F
:10EA9000072103F00FFA00222800110003F00AFA00
:10EAA0001D4A0621200003F005FA402002F05EFF17
:10EAB0000400FEF7BDFC802002F058FFB84204D9E4
:10EAC0004246164B1C80164B1A80002301203370DF
:10EAD00003E03078013843425841124A13788342A8
:10EAE00012D08023DB055B6A0F49002805D0096836
:10EAF0005B1A0E498B4206D900E00B60107043424E
:10EB00005841023000E0002004BC9046F0BDC046F1
:10EB10001A2F00200004004803080000122F0020D4
:10EB2000142F0020102F00200C2F00200F27000092
:10EB300010B5FFF785FF0328FBD110BDF7B5060020
:10EB40000F000120002115001C0002F0CDFA02F098
:10EB50003DFA0B4B39000093092330001A0002F0F4
:10EB6000D7FA2B00074A73216A2002F08DFBFFF7CA
:10EB7000DFFF054B1B882380044B1B886380F7BD98
:10EB80006C750108305B0108122F0020142F002043
:10EB9000F8B51F4B1D681F4B6E78F600F75A874279
:10EBA00034DC9E1973888B4230DCC71BC81AF1888D
:10EBB000F1F7A8FB0F24B18804403800F1F7A2FB5D
:10EBC0000001204300242978C0B2AA1CA1421DDD07
:10EBD0006300D65C864201D00134F7E7ED18EB788C
:10EBE000FF2B13D000260C4D60B2AE572870FEF7F5
:10EBF00085FC3000FEF782FCFFF79AFFFF23200020
:10EC00002B70FEF77BFC2000FFF79EFDF8BDC04691
:10EC1000E82E0020CC5B0108EC03002000200D4B07
:10EC20000D4A1B789B009B58002B12D019009B7A31
:10EC30000A31002B01D00B0009E0CA798B7912024E
:10EC40001A430B7A1B041A434B7A1B0613430130F9
:10EC5000EAE77047162F0020D803002010B5FFF711
:10EC6000DDFF00220B4B9A56002A01DAFF2202E058
:10EC7000824201DB421E1A700100102800DD1021C3
:10EC8000082900DA0821E920F1F73CFB024B188043
:10EC900010BDC046EC030020B403002010B50D4C9D
:10ECA000002907D00234E37F1B1A58424341023344
:10ECB000CB700EE0C0B20234FCF726FFE27F064BB9
:10ECC000064992001B785158054A9B009950FFF75E
:10ECD000C5FF10BDC8070020162F0020B803002074
:10ECE000D803002010B5074A04001378002B07D082
:10ECF000013B1370FFF7B2FF002C01D0FFF772FA4F
:10ED000010BDC046162F002010B50020FFF7EAFF07
:10ED100010BD00007FB505000C1E1AD002F046FDA4
:10ED2000061E14D08068F2F7E9FBF2F727FC029088
:10ED300003917068F2F7E2FBF2F720FC08340090D0
:10ED400001910A4A20212000F4F7B8FE0CE065602A
:10ED50000AE002F0F7FC002806D10130FFF7C2FFFD
:10ED60008220C000FCF790FE7FBDC04626680108E7
:10ED70000122074B10B5E921E7201A70FCF77AFE53
:10ED8000FFF76CFF01204042FEF7E0FF10BDC046D8
:10ED90001C2F0020F0B5C646050000B5C30707D5F7
:10EDA000734B1B78012B00D1DFE0FFF7E1FFDCE0C4
:10EDB000704B197F042900D9D7E00800F1F704FA55
:10EDC00003D5373782001D236B4EF3565A1C00D1F2
:10EDD000CBE00B33DB009B5D002B00D1C5E0202393
:10EDE0000824984610271D20305603000B33DB0003
:10EDF000F318598843461D4204D0E308C91ACB438F
:10EE0000DB1719403D4205D0E208738B89188B420D
:10EE100000DC591EF8F758FA1D203056FEF798F816
:10EE2000FEF74EFA0134A4B2051EDCD19DE040206D
:10EE30001027514B2F401A8B0240586902290CD1E0
:10EE400000265C68B2421FD09A6866085208921980
:10EE50000126344014190E0016E09C68002A12D0D6
:10EE60005B68E41A002818D1002F04D0A0000130FC
:10EE7000FEF740F904000326AB0615D5601EFEF729
:10EE800039F9040010E00126002807D198685B6872
:10EE9000C01A8008FEF72EF900E00326002F00D0EC
:10EEA0002418AB0600D5241AFEF70AFA0028FBD175
:10EEB000324B334AE318934257D821003000F8F719
:10EEC00095FB52E01C212C4A002651564B1C04D0C5
:10EED0000C234B43D3182A331E78330010272633D4
:10EEE0009B00D318A4325C6813680021181C984654
:10EEF0002F40F1F70DFB002821D00021201CF1F755
:10EF000021FB002801D11F4B00E01F4B9846002F2A
:10EF100009D0FE21181C8905F1F75CFC011C201C9E
:10EF2000F1F7B0FF041CAB0617D5FE204146800563
:10EF3000F2F7BEF8011C201CF1F7A4FF0CE0002F33
:10EF400004D0201C4146F1F745FC041CAB0604D557
:10EF50004146201CF2F7ACF8041C211C3000F9F7E4
:10EF600017F8FEF7ADF90028FBD104BC9046F0BDC0
:10EF70001C2F002008030020C8070020A8FDFFFF69
:10EF8000A8B8EEA0CDCC4CBECDCC4C3EF8B5DE46FC
:10EF9000574645464E46E0B508256D426B1A8346F6
:10EFA0000C009A4621005846F6F754F8002848D13C
:10EFB000637A002B43D0237ADB06F3D409239846E7
:10EFC000A044434605001A78002A06D05146C918C5
:10EFD0002E2A00D10D000133F5E7002DE2D05B466B
:10EFE0002F00D96A0B787C2B00D1002341264246A2
:10EFF0007642B146D25D91444E46192E01D8203258
:10F00000D2B241267642B14699444E46192E04D8D2
:10F010002033DBB293420FD006E093420AD003E0E4
:10F020004A1C7C2B04D011000B78002BF8D1B9E7D7
:10F030002F0002E0002B05D001370131D2E7043068
:10F0400000E004203CBC90469946A246AB46F8BD81
:10F0500010B5064A1378032B01D8013313701378C7
:10F06000034A9B009850FFF7F9FD10BD162F0020B2
:10F07000D803002010B5002907D0064B1B7F5BB2D8
:10F080005A1C05D006330B7002E00348FFF7E0FF7F
:10F0900010BDC046C80700206C6B010810B50029E0
:10F0A00003D0044B5B8B4B6002E00348FFF7D0FFBB
:10F0B00010BDC046C8070020E06A010810B500294D
:10F0C00003D0044B1B6E4B6002E00348FFF7C0FF08
:10F0D00010BDC04608030020B069010810B5002922
:10F0E00003D0044B9B684B6002E00348FFF7B0FF7E
:10F0F00010BDC046080300202C67010810B5044B62
:10F10000044A0233DB7F9B009858FFF7A1FF10BD34
:10F11000C8070020B803002010B50C1E05D0054B11
:10F12000588BF7F725FA606002E00348FFF790FF7D
:10F1300010BDC04608030020C85E010810B50C1EB3
:10F1400006D0054B6D331878FBF76EFE606002E069
:10F150000248FFF77DFF10BD08030020E8630108A7
:10F1600010B500290CD0084BDB7FFF2B0BD00831EA
:10F1700001335B000800054A2021F4F79FFC02E000
:10F180000348FFF765FF10BDC8070020D0670108DE
:10F190009467010810B50400F8F77EFB0020FFF724
:10F1A000A1FD002C02D10248FFF752FF10BDC0465E
:10F1B0006C680108F0B5C6461C2700B52D4B82B01F
:10F1C000DF570E007A1C51D0012105008022C011AA
:10F1D000084095430400002E2ED0743A7A439A18C2
:10F1E000100029300078A84204D12A321278A242B5
:10F1F00000D1F1700C2078431B182B331F782800A6
:10F200003900FBF787FE80467060032D2ED1012266
:10F21000002C01D1184B00E0184B3B41134225D084
:10F220003800FBF78BFE083600904346144A202135
:10F230003000F4F743FC19E0032D12D10C20784381
:10F240001B181A0029321278032A0AD12A331B7894
:10F25000A34206D10B48002B00D00B48FFF7F8FE65
:10F2600004E0220029003800F8F73EFD02B004BC9B
:10F270009046F0BDC8070020FF010000071E0000F7
:10F28000E0630108DC6401084065010810B52B4B00
:10F290002B4A1B789B009B58013813D3002BFBD0C3
:10F2A00019009B7A0A31002B01D00B00F4E7CA79D0
:10F2B0008B7912021A430B7A1B041A434B7A1B06F2
:10F2C0001343E9E7002B37D01A78022A10D0032A1B
:10F2D0001CD0012A28D1DA79987912020243187ACF
:10F2E00000040243587A00061043FFF7B1FE1BE00A
:10F2F000D9799A79090211431A7A120411435A7A78
:10F3000012060A4310D0587890470DE0D9799A79BF
:10F31000090211431A7A120411435A7A12060A4357
:10F3200002D0587800219047064B1B78012B03D15F
:10F3300001204042FEF70AFD10BDC046162F0020F6
:10F34000D80300201C2F002070B5F1281CDD114BC4
:10F35000481E1988F0F7D6FF0400FFF75FFCA042B3
:10F3600012D90123002218000B4DA340AA562C707D
:10F3700090401843FEF7EAFCFFF7DAFBFF2320007A
:10F380002B70FFF783FF03E0FFF7D2FBFEF72AFFA6
:10F3900070BDC046B4030020EC030020F0B5C646A3
:10F3A00000B506000125FFF739FC1A4C87B22E4242
:10F3B00002D11023984620E00020205683B2BB42A1
:10F3C00002D3FEF70FFF22E0FFF760FF1FE0B30656
:10F3D00002D52378013B23700023E35699B2B9424A
:10F3E000EFD2280098401043FEF7B0FC0A48F2F72D
:10F3F0002FFCFDF765FF061E09D000232A004146B9
:10F40000E3569A400E42E2D001332370DFE704BC9A
:10F410009046F0BDEC0300201027000070B50C00F2
:10F420001C21104B5956002C10D000224D1C04D02A
:10F430000C3251435B182B331A78121A53425A413B
:10F440000232E270FBF77AFD606009E04A1C07D0E7
:10F450000C2251435B182B3318702220FCF714FB4D
:10F4600070BDC046C8070020F8B5274B04001A78C5
:10F47000022A48D00021022208001A70FCF7FAFA8A
:10F480000A206043214D224A435D224E9B009B5837
:10F49000FF2234700024204F3B60204B1A70204B19
:10F4A0001C703B681B789C4204DA2000FEF726F8AB
:10F4B0000134F6E71421132001F016FEA0222023C8
:10F4C0005200D021002001F0CFFC0A2332785343B0
:10F4D000EB189A88598812040A431100012308780E
:10F4E000002805D00A384442604101311B18F6E774
:10F4F0000B214B432033D90FC91849104942F03131
:10F500000A3001F0C1FEF8BD1C2F00208C5C010800
:10F51000DC5B0108E72E0020E82E0020EC03002031
:10F52000EC2E002010B5062804D10B4B1B7F042BBA
:10F5300000D10A3000290BD00A2343430748C018E2
:10F540000389C2881B04134304D04078984701E024
:10F55000FFF78AFF10BDC046080300208C5C01083D
:10F5600010B51C240E4B1C57621C18D00C22624391
:10F570009B1829331A78012393401822134201D093
:10F580000C280CD1074A134207D00123A82283403C
:10F590005201134201D0013080B2FFF7C3FF10BD0A
:10F5A000C807002004003C0070B506001D20304C48
:10F5B0002056F8F70FF8051E58D0062E54D8300004
:10F5C000F0F702FE0404040652522F00290025E041
:10F5D0001E202056431C03D01D23E35683420ED128
:10F5E0006268A36851085B085B1801210A409B18F8
:10F5F000E91A9D4200D2591B490003200EE0F7F79B
:10F60000E9FF041E32D0854202D92B0005001C0000
:10F6100029000020F7F7EAFF21000120F7F7E6FFB5
:10F6200022E01C22A256531C1ED00C235343E31885
:10F630002A331D781D23E3560B33DB00E31858886B
:10F64000CA239B006B43C100C9180A4BC918FAF7BB
:10F6500043F82B0026339B00E4186168F1F7BAF8F1
:10F66000011C2800F8F794FCFEF7BCFD70BDC046F5
:10F67000C80700206C18002070B514008CB0244A14
:10F6800002AB1A80002206000D009A7090420ED044
:10F690000093B4323C2350214620FDF75FFE320038
:10F6A0005521502001F0F0FD0220FCF7EDF9002D6E
:10F6B00011D00121042001F017FD2623AE22632181
:10F6C000492001F0D1FB2A0071215A2001F0DCFD14
:10F6D0000220FCF7D9F9002C0AD00E4BFA219C46E7
:10F6E0000D48890060436044F0F782FD050000E0AA
:10F6F0000A4D2800F2F7ACFA002C07D1FDF7B8FD4F
:10F70000012803D0FFF79CF90228F2D10CB070BD9C
:10F7100003040000E7030000A08601008813000036
:10F72000F0B5C64600B53F4C98B006000122210056
:10F730003D48F5F745F9002808D0FA223B49D200A8
:10F740003B48FFF799FFFEF74DFD67E0394B3A4A1A
:10F750001B7821001B019B580CA803931793F5F706
:10F7600037FC041EE9D11425731E03205D4301F00C
:10F77000AFFC0423ADB25B1B984606A90CA8FFF7AB
:10F7800005FC2E4F002815D1AC420BDB2B001333A8
:10F79000A34207DB4346181902AB19219C4661447A
:10F7A000FEF700FD3B880134002BE6D02B0014331C
:10F7B000A342E2D10CA8F5F743FC3B88002B0BD108
:10F7C0003C800120002C05D0A0B213301421F0F7AA
:10F7D00099FD80B21A4B1880641B04AD132C0BDC0E
:10F7E000201D2900FDF72EFCAB79AA88698828889E
:10F7F00001F03AFB0134F1E7A02214235200DC218E
:10F80000002001F031FBFEF7D3FC0D4B0D4A1B88A5
:10F81000E12100938E20330001F036FD18B004BCC6
:10F820009046F0BD8E600108F83C00200A5A01089D
:10F83000125A0108E72E0020B45A0108E42E0020D5
:10F84000182F0020185A0108F0B5C6462A4B00B5FB
:10F850000D0198465B195E688AB004000F00002E07
:10F8600045D0264A1278002A06D0DB68DB0703D58C
:10F87000FEF7B8FCFCF75AF943465D59002C05D158
:10F8800002F08CF9009503001D4A02E023001D4A96
:10F890000095202102A8F4F711F901221A491B480A
:10F8A000F5F78EF8041E0ED1194D0B2202A928007F
:10F8B000F5F7ACF8041E06D139002800B047040063
:10F8C0002800F5F777FB134B1B78012B01D1F6F7D6
:10F8D00011F802A9002C00D00F49FA220F48D200DB
:10F8E000FFF7CAFE0A20FCF7CFF8FEF77BFC0AB050
:10F8F00004BC9046F0BDC046B45A01081C2F00203D
:10F90000FF750108077601088E600108F83C0020A9
:10F91000D03A0020E62E0020F07501080D7601088F
:10F92000012210B50D4B04001B7813400C4A1370D4
:10F9300001D0F5F7DFFF0B4B9B8A022C02D19A0511
:10F9400000D50134DB0704D5E1B20020FFF77CFFCE
:10F9500003E020001C30FFF787FD10BDA803002046
:10F96000E62E002008030020F0B55746DE464E463E
:10F9700045460300E0B50A3B85B002930127C82342
:10F980007F425B009A460024B84681468B4603912D
:10F990000C2363437B4AD35C002B16D000257A4EA0
:10F9A00067B23378002B0CD0039B029A1BB212B2C1
:10F9B00071883800FBF76AFD504502DA8246A84696
:10F9C000019401350836082DEBD10134042CDFD128
:10F9D00047464E465D467B1C35D01D236B4CE35697
:10F9E000434501D0A37767778022238B0020934380
:10F9F0002383FDF7A5FB0198F8F740F903A902A8B6
:10FA0000FEF7A6FA1C2202980399A2560A38FBF7C1
:10FA100051FD011E0FDB1D20205603000B33DB00C0
:10FA2000E3185B88994206D0F7F74EFC1D2020565C
:10FA3000FDF78EFA02E05648F2F70AF9FFF700F8F0
:10FA40000328DBD196E0E72D14DD4B46823B4B2BA0
:10FA500005D8FFF76DF80220FFF762FF8AE0E82D76
:10FA60002AD04A4B1B8BDB0726D40224CC2E06DD82
:10FA7000013404E01D2D1FDC9F2E73DD0024FFF7F1
:10FA800057F82000FDF75CFB002873D1032C08D049
:10FA9000042C0FD0022C6DD13C4B188B4011204010
:10FAA00005E03A4B1B8B5B0600D401242000FFF7D6
:10FAB000DBFC5FE00F20FAE71C27344BDF577A1C92
:10FAC00047D00C227A439B181A0029321278032A55
:10FAD0003FD0053E142E3CD8E92D3ADC1E6BDC6A83
:10FAE000392D03DCFC21301C89051FE0732D0BDC54
:10FAF000211C201CF0F76EFEFC21041C8905301C23
:10FB0000F1F7C0F980210CE0FC218905AD2D10DC56
:10FB1000201CF1F7B7F9311C041C301CF0F75AFE19
:10FB20008221C905F1F7C4FA8121C905F0F752FE17
:10FB300002E0301CF1F7BCFA051C211C3800F8F774
:10FB4000ABF83800291CF8F7BBF81248F2F780F838
:10FB500010E0FEF7EDFF104B1B78012B0AD0FFF7EA
:10FB600007F907E0F8F760FA0021F0F7D1FC002868
:10FB700084D184E705B03CBC90469946A246AB468A
:10FB8000F0BDC046F007002020080020C807002074
:10FB900088130000204E00001C2F002010B5002903
:10FBA00003D1C1B20148FFF74FFE10BDEC2E00207B
:10FBB000F0B5DE4657464E464546E0B5020097B0E2
:10FBC000032827D8F0F70AFB0400040006011E00F2
:10FBD000854B1988002807D14A1E92B21A80002A44
:10FBE0000BD1824A128807E080484A1C008892B2F2
:10FBF0001A80904201D201221A801888814200D1D5
:10FC0000EAE0E4E001237A4A11884B401380FEF7D2
:10FC1000CFFAE1E01424744B043A1B88013B5C43A7
:10FC2000744BA4181A889946A3B29A4200D8B3E03C
:10FC3000012271497148F4F7C3FE002800D0ABE0FF
:10FC4000022301259A466E4B6E4E98461B786A49F0
:10FC50001B019B590AA801931593F5F7B9F90028E0
:10FC600000D099E0270004A90AA8FFF78FF900281F
:10FC700003D1002F01D0013FF5E70AA8BB46F5F7F5
:10FC8000DFF9002F00D087E0594B1B882B4206D0AC
:10FC900002AB9C4611206044F5F720FA7CE0434615
:10FCA0001B781B01F3189F68002F75D05946280058
:10FCB00001F01AFA544B02A99B468C461123634467
:10FCC0002A0019005846F4F7A1FE002864D14346E3
:10FCD00004A91A785846B84707005846F5F76AF954
:10FCE00043461B781B01F6185346F6681E40002F4A
:10FCF00013D001F06BF93200531E9A41434B52422C
:10FD00001A40FA23DB009C4602A9624411238C4668
:10FD1000634419003800FFF7AFFC002E3CD01023DD
:10FD200027009846FDF7A4FA43462E00184202D158
:10FD300043099E437642284200D05646FEF780FE95
:10FD4000013880B201280DD803A902A8FEF700F9F6
:10FD5000029B0026692B03DD5646D42B00DD2E00C6
:10FD6000FEF7E6FE2A48F8F79DFD4B461B88013B4F
:10FD7000002E03D1013C0CD51C000AE0012E04D159
:10FD80000134A34205DA002403E0022E04D0270048
:10FD9000C8E7A742FBD056E70121154A13880B425A
:10FDA00008D000204C462080FF241A488B43047062
:10FDB00013800AE0124B1A78124B12019B18DB6871
:10FDC0005B0707D5FF22134B1A70074B1888FFF704
:10FDD000A7FC01E0FEF706FA17B03CBC9046994636
:10FDE000A246AB46F0BDC046E22E0020182F0020F0
:10FDF000E02E0020E42E00208E600108F83C002058
:10FE0000E72E0020B45A0108D03A002094F8FFFFF2
:10FE1000C0270900EC030020F0B5CE46474600237A
:10FE200080B51D4D83B0EB5607000E009846FDF7D8
:10FE300039F9002481464C4529DC69462000FDF74C
:10FE400001F96B461A88BA420BDC9B889B18BB42AF
:10FE500007DD6B465A88B24203DC9B799B18B3429C
:10FE600001DC0134E7E760B200212870FEF79AF95F
:10FE700000214046FEF796F9FEF75AFEFF232000C8
:10FE800000212B70FEF78EF92000FFF791FE03B0E2
:10FE90000CBC90469946F0BDEC030020F0B5C64678
:10FEA000050000B51D4C012806D100202056002871
:10FEB00030DBFFF77DFE2DE0FDF7F4F82023060090
:10FEC000984610270020434620561D4206D0431E68
:10FED0005BB2002B01DB237000E026703D4206D0B0
:10FEE000237801335BB2B34200DD0023237000238B
:10FEF000E356834207D00021FEF754F90020002189
:10FF00002056FEF74FF90648F1F7A2FEFDF7D8F9A3
:10FF1000051ED7D104BC9046F0BDC046EC030020BE
:10FF200010270000802370B50C4D0224AA8A1A40C5
:10FF300001D0002402220C21931D5B00EB18080065
:10FF4000074AFEF7FBFD2C20A31D5B00EB18054ABA
:10FF5000DB21FF30FEF7F2FD70BDC0460803002034
:10FF60001A7601082576010870B5002186B00120B7
:10FF700001F0BAF801F02AF8194AE6210A2001F046
:10FF800083F901251E24FDF773F9284226D1FEF7D7
:10FF900057FD0228F7D103A902A8FDF7D9FF114E9A
:10FFA000039B3200210000930A20029B01F06CF9B0
:10FFB0000D48F1F74DFE05A904A8FDF7C9FF059B03
:10FFC000049A0399029800F09BFF049B0293059BFF
:10FFD0000393FEF735FD0328E2D1D4E706B070BDE8
:10FFE000317601086076010888130000F0B5DE461E
:10FFF00057464E464546E0B589B0042800D9D0E0C2
:020000040801F1
:10000000F0F7E2F8030609BEC400FFF78BFFC8E073
:10001000FFF7AAFFC5E00021012001F065F800F01C
:10002000D5FF052203231100644801F0DDF9012307
:1000300099460433902621249846614F7A68002A15
:100040000DD049467608631D0E4201D01C00F8E72A
:100050000D342100404601F017F90437EEE7594B03
:1000600015001E68584B1F68584B1B689846F8F7D8
:1000700019F84346210002900193554A33000D318F
:100080000097052001F000F92100524A1A31536E01
:100090006C321278022A00D92A004F489200125876
:1000A000052000924D4A01F0EFF84D4AE321C820A7
:1000B00001F0EAF80023270098463437FEF7C0FC29
:1000C00002286ED0FDF7D4F80123184269D1FA2036
:1000D0000001F1F7BDFD434607225D1CADB213429E
:1000E00001D0A846EAE701F02DFD8046464601F022
:1000F0003FFDFF22360C1640B4464646360A1640EF
:10010000B1464646030C010A1340114010403240EC
:10011000344E0793366AB046C026B600B24646460D
:1001200053461E4080235B009B46BB3B9A465E4580
:1001300001D004339A46534605934B4603936346D6
:1001400004920293284A079B0190009105203900F0
:1001500001F09AF801F04EFCFA2189008046F0F790
:1001600047F8FA21814689004046F0F7C7F8009128
:1001700021004B461D4A4131052001F085F8B0E7CA
:1001800001F09CFA0120FEF7ADFD0FE001F06EFBDF
:10019000BFF34F8F164B174ADA60BFF34F8FC0463D
:1001A000FDE7FEF71FF81448FBF76EFC09B03CBCF6
:1001B00090469946A246AB46F0BDC046486001084D
:1001C0007C030020ACF7FF1FB0F7FF1FB4F7FF1F41
:1001D0005060010808030020245B010868600108E2
:1001E00079600108001002408F600108BC600108BE
:1001F00000ED00E00400FA051A03000010B5FDF759
:1002000009F90021012000F06FFF00F0DFFE044A31
:100210001421052001F038F8F3F726F810BDC04688
:100220007E75010810B5FFF7E9FF10BD012383407B
:1002300070B5144C0500A28A9BB2002903D11100AD
:1002400099430B0004E0012901D1134300E053401E
:10025000A382A38A934214D006226A430A4B9B18B6
:100260009888FBF711FC022D09D0072D09D1A08A2F
:100270000006C00F00F08EFDFBF758FC01E0F7F719
:1002800093FF70BD080300209476010870B50D1E21
:1002900019D0062242430E4BD15A9B185C880D4B55
:1002A00024049B8A0C4303410122002C02D11340F9
:1002B000EB700BE0134204D02000F1F763FA013039
:1002C00024186C6002E00221FFF7B0FF70BDC04649
:1002D000947601080803002070B50D4C05002378C2
:1002E000032B14D000210800FBF7C4FB03230120DB
:1002F0002370084BFF211D70074B084A188000230C
:100300001380074A1170074A1380FFF709FA70BD7E
:100310001C2F0020E72E0020E22E0020E42E0020DB
:10032000EC030020E02E002010B5022804D1044B7D
:100330009B8A9B0500D50130FFF7CEFF10BDC0465C
:100340000803002010B50248F8F77EF910BDC0463A
:10035000EC2E002037B50D1E0D4C13D0A4342468AC
:100360000021201CF0F7D4F800280FD1201CF1F751
:1003700005F9083500900191064A20212800F3F77D
:100380009DFB03E0FFF7DEFFA434206037BDC046CD
:10039000C8070020BA5B0108F0B5D6464F4646466E
:1003A0001C220C23C0B5404F84B0BA56804653433C
:1003B000FB181A001E6B2932DD6A12780C0000202F
:1003C000311C9246F0F774FE291CF0F75BFD814664
:1003D0008220311CC005F0F76BFE291CF0F752FD9E
:1003E0005346324E051C1E4101231E40002C24D0D2
:1003F0004346002B00D04D46002E05D0FE21281C80
:100400008905F0F7E7F9051C43460834284E002B10
:1004100000D0284E53461C225A43274B281C9B18B9
:10042000DB680293F1F7AAF8330000900191234AA8
:1004300020212000F3F742FB2FE0FFF783FF041C8D
:10044000002E04D0FE218905F0F732FE041C43463D
:10045000002B01D0A14600E0251C4946281CF0F7DE
:1004600027FEF8218905F0F70DFD291C061C4846DA
:10047000F0F74EF8002804D1311C4846F0F726FB6F
:10048000041C1C20311C3856F7F706FC80231C2066
:100490001B06E1183856F7F713FC04B01CBC904655
:1004A0009946A246F0BDC046C80700204000004063
:1004B0003B5B01083F5B0108E0550108465B010812
:1004C00030B51C25134B85B05D57002919D00C2081
:1004D00068431B181A00083129320C0011781C22BD
:1004E00051430D4A5218D2680292D86AF1F746F881
:1004F0000A4B009001910A4A20212000F3F7DEFA0E
:1005000005E0FFF71FFF011C2800F7F7C5FB05B04A
:1005100030BDC046C8070020E0550108A35B0108B4
:10052000A95B010837B51C250D4B5D57002910D07C
:100530000C2068431B18186B08310C00F1F71EF8EB
:10054000084B00900191084A20212000F3F7B6FAE9
:1005500005E0FFF7F7FE011C2800F7F7B1FB37BDF8
:10056000C80700208B5B0108985B010873B51C204D
:10057000124A00241056431C04D00C234343D318C2
:100580002A331C78002911D0661C2634A4001419C3
:10059000606808310D00F0F7F1FF33000090019121
:1005A000074A20212800F3F789FA05E0FFF7CAFE81
:1005B000011C2000F7F7ECFC73BDC046C807002003
:1005C000625B010810B5002904D0054BA8331B68F5
:1005D0004B6003E0FFF7B6FEF7F73AFD10BDC046EB
:1005E000C807002010B5064C002902D023684B60D4
:1005F00005E0FFF7A7FE20602320FBF745FA10BDBA
:100600004826002030B50C0085B00F4D002915D0CC
:100610002D680021281CEFF77BFF002811D10B4B20
:10062000281C0293F0F7AAFF083400900191084BB0
:10063000084A20212000F3F741FA02E0FFF782FE8A
:10064000286005B030BDC046F0260020605B010880
:10065000535B0108465B010810B5054C002902D028
:10066000A36E4B6002E0FFF76DFEA06610BDC046B2
:100670000803002010B50C1E03D001F049FB606098
:1006800003E0FFF75FFE01F021FB10BD10B502484B
:10069000F7F7B2FF10BDC046EC2E002070B5050084
:1006A0000C1E1AD006280AD10F4B5B69002B1AD0FA
:1006B00008000E4A20210830F3F700FA13E005285D
:1006C00011D1094B59689A68501A598B0139EFF7C3
:1006D0008FFDF0F713FF606005E0FFF7D7FF010023
:1006E0002800F6F783FF70BDC8070020785B01087B
:1006F00010B5054C002902D0238B4B6002E0FFF7B8
:10070000C5FF208310BDC0460803002010B5054C6E
:10071000002902D063684B6002E0FFF7B7FF60601A
:1007200010BDC0460803002010B5002903D0044BBB
:100730005B6E4B6003E0FFF7A9FFF8F72BFA10BDE3
:100740000803002010B5064C002903D09934237803
:100750004B6003E0FFF79AFF9934207010BDC0464C
:10076000C807002010B5002903D0054B5B8B4B60F8
:1007700004E0FFF78BFF80B2F6F77AFE10BDC046AB
:10078000C807002013B5144C2378DB0709D5FCF704
:100790006FFD002805D0114B114A1B78DB009B58D8
:1007A000984723789B0711D5FEF74AF901380128AD
:1007B0000CD801A96846FDF7CBFB084B01991A78C4
:1007C000074BD2009B185B6800989847FDF7AEFB7B
:1007D0000023237013BDC046172F00201C2F0020BC
:1007E000D07501080123024A11780B43137070473A
:1007F000172F00200223024A11780B431370704711
:10080000172F0020064B10B518704B1C01D0054B5C
:100810001980531C01D0044B1A80FFF7EBFF10BD69
:100820001A2F0020122F0020142F002010B501F0E5
:1008300065F801F0C3FB0121080001F0C9FB0121AB
:10084000022001F0C5FB0121032001F0C1FBFCF7F0
:10085000EFFD01F0F7FB0A21024801F005FCFDF76E
:1008600065FB10BD00040040054A5368002BFCD115
:100870001360044A5368002BFCD113607047C046D4
:10088000300002401C000240802110B5074A9368E6
:100890001942FCD14023382405498B611368A343D6
:1008A0000343136080231B058B6110BD00300140A2
:1008B0000004004810B5838A002B15D0012B07D106
:1008C0000E4B0C3149005918CA880D4B1A8008E0AC
:1008D000022B06D1094B0C3149005918CA88094B23
:1008E0001A800023838206E0082901D8818202E071
:1008F000054B1B689847002010BDC0460803002028
:10090000202F0020222F0020F00300200222034984
:100910008B681A42FCD0024B1870704700300140BF
:100920000C30014030B500290DD002224118064C90
:10093000064D89B2A3681A42FCD0037801302B70AF
:1009400083B29942F6D130BD003001400C300140F5
:1009500070B580240B4DAB681C42FCD180240A4B3F
:10096000E4039C61802424049C618024074B054D92
:100970001870AB681C42FCD1034B10009C61FFF760
:10098000D1FF70BD00300140000400480C30014030
:10099000FF22054B05491A70FE3A8B681A42FCD0BB
:1009A000014B1878C0B270470C3001400030014054
:1009B000802210B5074CA3681A42FCD18022064B56
:1009C00012019A61FFF7E4FF382223689343236002
:1009D00010BDC0460030014000040048FF23012242
:1009E00070B54118074D084C1E1C89B22E70A368C3
:1009F0001A42FCD02B780370013083B29942F5D1B2
:100A000070BDC0460C3001400030014010B5074AAF
:100A100001218024064800E0037893681942FBD145
:100A200093681C42F8D1024B1B7810BD0030014086
:100A30000C30014070B58024E4050600656AFFF7BC
:100A4000E5FFFFF7A5FFFF2804D0636A5B1BB342F5
:100A5000F7D3002070BDC04610B504000800FFF7B2
:100A600055FF8023114A9B00D4605360104B1360E4
:100A70005368002BFCD11360FF20FFF747FFFF20D6
:100A8000FFF744FF6424FFF7C1FFFFF781FFFF2852
:100A900004D1013C002CF8D1002005E01F231840B0
:100AA000053843425841C0B210BDC0463000024034
:100AB00091100000F0B5802483B0E4050700666A59
:100AC000FFF7A4FF104DFFF763FFFE2805D0636A10
:100AD0009B1BAB42F7D9002014E080220B4B0C4942
:100AE0009200DF605A6019600A4B0B49D9605A6066
:100AF0000A4A1A60FFF7B8FE6B460221981DFFF7FD
:100B00006DFF012003B0F0BD0F2700001C00024064
:100B10008110000030000240F27601081110000040
:100B200030B543B283B004000D00002B05DB1F4835
:100B3000FFF780FFFF2807D02AE000217720FFF78A
:100B4000EFFF0128F3D92FE07F236A46234013707B
:100B50002B0E53702B0C93702B0AD3701571402CF5
:100B600018D0482C18D00123062168465371FFF78E
:100B7000D9FE4C2C01D1FFF70BFFFFF747FF642490
:100B8000FFF706FF03060FD5013C002CF8D10BE060
:100B9000FF2009E0952300E087236A460621684686
:100BA0005371FFF7BFFEE8E703B030BD50C300004C
:100BB000044B187880238002DB001840024B400071
:100BC000C01870471E2F0020282F0020054B10B59D
:100BD0001A78012192001218034882183620FFF774
:100BE000B7FE10BD242F002048770108F0B5C64697
:100BF000804600B5150082B01C0008AB1E880F00AF
:100C0000FFF732FE43464544013D2D041D436DBAB6
:100C10003C19013C240400953C4364BA04216A4613
:100C20002A200194FFF794FE01AA04212B20FFF74C
:100C30008FFEF0B200220021FFF78AFE02B004BC52
:100C40009046F0BDF0B51C002C2387B00093230024
:100C500015000E000700FFF7C9FF0E4B0C9A0E4956
:100C6000DA6022006A435A6019600C4B1B785B06FD
:100C70000DD50B4B02A802930A4B5200838092B20F
:100C80000C99C780068145818481F7F745FA07B042
:100C9000F0BDC0463000024091150000A8030020BE
:100CA00062756C6B0D0A0000F0B5D6464F4646469D
:100CB000C0B52E2782B000979DB20A9C96B2FFF76E
:100CC00095FF2C4B1B78012B06D138212A4A13683B
:100CD0008B4328390B431360FFF798FEFFF758FE4C
:100CE000290071434B00C918244A254B89B2DC60A6
:100CF000984659601A60F8235B019C460723214AF5
:100D000021489A46D0602148516010602000434637
:100D10005D680335ADB2A94219D3260043788278C5
:100D20009946634652011A404B4657469B085B035F
:100D30001A4303780339BB434F467F093B430234D0
:100D4000134389B23380033026008D42E6D3002955
:100D5000DDD1FFF789FD3821074A13688B43136003
:100D600040220B4B9A6102B01CBC90469946A246A9
:100D7000F0BDC046242F002000300140811000004B
:100D80001C00024030000240F27601081110000001
:100D90000004004810B50400FFF766FD2000441E63
:100DA000A0414000FFF712FF10BDC046024A536841
:100DB000002BFCD11360704730000240F0B5C646EE
:100DC000382600B5904607000C00FFF7EFFF182209
:100DD000114DA1B22B683800B34313432B60424638
:100DE000FFF7B6FDFFF712FEFFF7D2FD0702FFF790
:100DF000CFFD38430402FFF7CBFD0443FFF7C8FDE6
:100E00004022064B24029A612B682043B3432B6097
:100E100004BC9046F0BDC0460030014000040048CC
:100E2000F0B583B004000D0016001F00FFF7C0FEF0
:100E30003B000090320029002000FFF703FF012152
:100E4000024A13784B40137003B0F0BD1E2F0020F0
:100E500010B5044C82B00094FFF7F4FEFFF7A6FF34
:100E600002B010BD282F0020F0B5D6464F464646AA
:100E70001C002C23C0B586B00093230015008246C9
:100E80008846FFF7B3FE20006843164B164A994682
:100E9000D36000280DD0154F154E0100B84200D97F
:100EA0001249516016605368002BFCD11360401A40
:100EB000F3D1104B1B785B060ED50F4B02A80293A3
:100EC0000E4B022283805346C3804346494603812A
:100ED00045818481F7F720F906B01CBC90469946FD
:100EE000A246F0BD202F002030000240FFFF00008E
:100EF00011150000A803002066696C6C0D0A000043
:100F0000F0B54E46DE46574645469146E0B585B0BB
:100F100006008B461A000293814503DA4E4693463B
:100F2000814602914B465A46F31A9846029B9F1AF5
:100F300001220392002F04DA5A46D71A01235B429A
:100F400003934346DF4207D5DD0F45446D106D42E4
:100F50001B4B1C4C9A4604E0FD0FED196D106D42C1
:100F6000F6E7A0235B009A1B153BFF3B0093594615
:100F700030002B3BFFF73AFE02221349404600E0C7
:100F80001D00A3681A42FCD053461B880B80B14554
:100F900002D1029B9B450CD02B00854201DDEB1B4F
:100FA0000136AF42ECDD1D1A039B80469C46E344AC
:100FB000D7E705B03CBC90469946A246AB46F0BD8B
:100FC000222F0020003001400C300140A02210B53B
:100FD000F023520000210020FFF746FF10BDC0465D
:100FE0008023294A5B01916910B50B43936100226C
:100FF000264B27491A60274A90241A60264AFA206D
:101000005A60264AE4058A60254940008A604021EA
:101010001A680A431A6080231B06A361F0F718FEC2
:101020008023FA201B02A3614000F0F711FE00228A
:1010300000210420FFF7C2FE1A4BC009984202D0DB
:10104000194B984204D10122184B194C1A7017E021
:10105000164B174C1B78002B12D110E06178A21CA4
:1010600089B2FFF775FC6378C8200233E418F0F703
:10107000EFFD20780028F1D1FFF7A8FF10BD0D4C3F
:1010800000210120EBE7C046001002400030014083
:101090003000024007030000031700000C3001403D
:1010A0001C00024052858500B3818100242F00205E
:1010B000DC760108F4760108034B0C304000181868
:1010C000C288024B1A80704708030020222F00209C
:1010D000034B0C3040001818C288024B1A8070472E
:1010E00008030020202F0020064B0C304000181869
:1010F0000C31054AC088490059181080034BCA8832
:101100001A80704708030020222F0020202F002083
:10111000F0B5DE464E4657464546E0B585B00290EE
:1011200003919B460E9E002B30D01E4B00201B8847
:101130001D4F99461D4B1B88984653000193002371
:101140009A4607339C46454679331BE014002A0033
:10115000A04664460C4201D13078013614000342A7
:1011600000D14C464D0001317C5340008845F0D8F9
:101170000199150042468846474401218846C244E9
:10118000DA4503D20021002AE0D1F6E75B46039955
:101190000298FFF75DFE05B03CBC90469946A2461A
:1011A000AB46F0BD202F0020282F0020222F00204A
:1011B00070B50724163883000A4E1B185B000D001B
:1011C000F15C82B021400824641AA4B29B1991B248
:1011D000A8B2009322000A23FFF79AFF200002B072
:1011E00070BDC046D431010810B504000800226962
:1011F0000A2904D163680B32E360226106E0E168EA
:10120000FFF7D6FFE3689C466044E06010BDC0462F
:1012100070B5072416380A4EC3001B1A0D00F15C86
:1012200082B021400824641AA4B29B1991B2A8B2DA
:10123000009322000723FFF76BFF200002B070BD70
:10124000F42E010810B50400080022690A2904D10F
:1012500063680832E360226106E0E168FFF7D8FFC7
:10126000E3689C466044E06010BDC046002801D0A1
:10127000024A00E0024A034B1A607047E911010874
:1012800045120108F00300200CB470B500248CB0A6
:1012900010AA0C4B40CA049306AB07900891099022
:1012A0000A9102AD3100180002940394059406954A
:1012B0009C820192F2F7BEF80CB070BC08BC02B080
:1012C0001847C046B5080108F0B557464E46DE46F9
:1012D0004546E0B507268BB01638099282001218F1
:1012E00008913349520050188A5C03903240082616
:1012F000B61AB6B25A000792724301921A005A43C4
:101300007243520005922B4A0A3004922A4A0690F0
:1013100012889446294A1288924635E0039AB346C9
:10132000127861460292049A079F914600229046E5
:10133000484600258C46029C62B26646002A00DAC6
:1013400056460022B6B25100013246529A42FAD3B2
:1013500064000135C019E4B2AB45EDD8019A61468D
:1013600094460122E1449446E0449845E0D38C46FB
:1013700005995E468846049A42440492039A069967
:10138000013203928A4202D0002BC7D1F6E75E43B6
:101390009A00D31808985B0032000999FFF758FDAE
:1013A00030000BB03CBC90469946A246AB46F0BD1F
:1013B000D4310108282F0020202F0020222F0020C8
:1013C0002C2310B50C004343064882B01B18A4B26E
:1013D00091B20093102216232000FFF799FE02B06D
:1013E00010BDC046002B0108F8B5050000780C00C0
:1013F00017001E00002809D0210033003A00FFF733
:1014000063FF0135241828780028F5D12000F8BDA5
:1014100010B500F0C3FB10BD70B582B0002866D1D6
:1014200040220A243E4E3F4B30709A61013CFFF748
:10143000AFFA002CFAD13820FFF726FA002140201D
:10144000FFF76EFB012800D00FE0D52148204900AE
:10145000FFF766FB012826D104216846FFF7BEFA94
:10146000314B009A64249A4207D0FFF7A1FA012079
:1014700054E0FA208000F0F7EBFB8021E920C90559
:10148000FFF74EFB002834D0013C002CF1D136E0B0
:101490000824042101A8FFF7A1FA019B5B06DB17D2
:1014A0001C4082341EE00021E920FFF739FBE925CA
:1014B000012800D9A83D642403E0FA208000F0F759
:1014C000C7FB00212800FFF72BFB00281ED0013CA2
:1014D000002CF2D113E0E93D6C426C4101236442DF
:1014E0009C438334FFF764FA3470002016E0012037
:1014F00014E000217A20FFF713FB0028C8D0FFF783
:1015000057FA307843425841C0B207E0802150205A
:101510008900FFF705FB0028DDD0F0E702B070BDC1
:101520001D2F002000040048000001AA002805D15A
:10153000034B187843425841C0B200E00120704785
:101540001D2F0020F0B5C6460D0000B590461C00CA
:1015500000283CD1204B03261F787BB2002B37DAC2
:10156000FFF792F93B0702D443465B029846414697
:10157000012C0BD15120FFF7D3FA0126002823D1EB
:101580002800FFF797FA4640F6B21DE05220FFF719
:10159000C7FA002807D0631E9C41E6B214E08023FE
:1015A0009B009C4665442800FFF784FA002803D17D
:1015B000631E9C41E6B203E0013C002CEFD1002603
:1015C00000214C20FFF7ACFAFFF7F2F900E0032608
:1015D000300004BC9046F0BD1D2F0020F8B50D0072
:1015E00017001C00002840D1224B1E7873B2002B3C
:1015F0003BDA73063BD4FFF747F9330700D47F0289
:101600003900012C0BD15820FFF78AFA002829D184
:10161000FE212800FFF720FA4440E4B222E05920DE
:10162000FFF77EFA002807D0631E9C41E4B219E060
:1016300080239B009C466544FC212800FFF70CFAA0
:10164000002800D104E00C48FFF7F4F9FF2803D08C
:10165000631E9C41E4B202E0013C002CE8D1FD2075
:10166000FFF754F9FFF7A4F902E0032400E0022495
:101670002000F8BD1D2F0020A861000070B50D00EE
:10168000002813D10B4B03241B787F2B0FD9FFF7B6
:10169000FBF8002D01D0042405E00748FFF7CAF944
:1016A000FF28F8D10024FFF783F900E0032420008D
:1016B00070BDC0461D2F0020204E00000B4910B504
:1016C0000C0000231F200A4A70340A60C341043111
:1016D0009B18A14201D00A68F8E7703974220548C6
:1016E0000B6700F07DFB002010BDC0460803002002
:1016F000564E4F4300F801080E4B0F4A196870B55B
:10170000914214D100221F250C4CEA41181D521899
:10171000A04202D059680300F7E706490B6F9342D5
:1017200005D17422064800F0A5FF002001E0012049
:10173000404270BD00F80108564E4F4370F8010852
:101740000803002070B5040004281DD8104B114870
:1017500000221D181F2010491960C241043352187D
:10176000AB4201D01968F8E70C491A6059180C4BC4
:1017700060009C460019C00260440A4A00F030FB39
:10178000094B00201C8001E00120404270BDC04692
:10179000C807002098100000544E4F4368EFFFFF29
:1017A000008001089C1000002A3F0020F0B5C646CA
:1017B000010000B5042828D843001B18154A164F0D
:1017C000DB0298183A7894460A41D2071ED405687D
:1017D000124A954219D1124A1F26904604004344EA
:1017E0000022B0464646F241261DAA189E4202D06B
:1017F00065683400F6E70B4BC358934205D10123CB
:1018000062468B4013433B7000E0002004BC9046CE
:10181000F0BDC04600800108283F0020544E4F43D1
:101820009890010898100000012370B50B4D5B42A1
:101830002B800B4B040098420BD0FFF7B7FF00281A
:1018400009D00100074A08482C8000F013FF00204F
:1018500002E0002000E0012070BDC0462A3F0020C9
:10186000FFFF00009C100000C80700200122064B6B
:101870005242802110B51A800022044B090204480C
:101880001A7000F085FA10BD2A3F0020283F002082
:1018900000800108802240200749CB681343CB60B9
:1018A000064BCA68104204D1013B002BF9D100203D
:1018B00000E001207047C04600280040FFFF030001
:1018C00010B50C4C236ADB439B0711D01922236A05
:1018D000094813432362F0F7BBF9236A9B0707D437
:1018E0000122636A134363620132636A1A42FCD0C5
:1018F00010BDC04600100240204E00008023184A50
:101900009B00916910B50B43936103210C20F1F703
:10191000B1F80022134BDA60196819605A609A68AE
:10192000D20706D502219A680A439A609A68114242
:10193000FCD180230B4A1B0691680B43936093688C
:10194000002BFCDB012193680B43936001220549C6
:101950000B681A42FCD0A022034B52041A6010BD3F
:101960000010024000240140082701400E4A10B533
:101970001368072113600023082453601362516128
:10198000D36090620020033993680B43936093689F
:101990001942FCD1136C013CC018A4B280B2002CD7
:1019A000F2D1C00810BDC04600240140084BFA2106
:1019B0001A68C9041A6080225A60196200215961AC
:1019C0009A62044A0431DA609A680A439A6070475E
:1019D00000240140C0048000054A93685B0706D5D7
:1019E000102193680B43936093681942FCD17047B0
:1019F000002401408023204ADB05596A1F481368F0
:101A000070B5CB1A834203D81D4B00229B5E29E0A0
:101A10001C4B11601C881C4B9B685B070AD4802000
:101A20008002FFF7A3FF05008020C002FFF79EFFA2
:101A300006000DE0FFF7D0FF80208002FFF796FF41
:101A400005008020C002FFF791FF0600FFF7AEFF00
:101A50000E4829007043000B6043EEF7C9FB084AAB
:101A600003B21380632B04DD094A108BC01800B247
:101A700001E00120404270BDF40300201FA10700D7
:101A80002C3F0020BAF7FF1F00240140C8190000B6
:101A900008030020064A10B51368744613601B063D
:101AA00001D5FEF7A7FE2000F0F714F910BDC046DF
:101AB0000024014010B50124044B1968A1431960AA
:101AC00018611A6822431A6010BDC04600540040D5
:101AD0008023054A10B5D1699B030B43D3610348AA
:101AE000FFF7E8FF10BDC046001002400903335065
:101AF00030B58025114C2D02A3692B42FCD1012564
:101B0000236840002B432360130418430C4B0F350C
:101B100018436060112409488A1883691C42FCD06C
:101B200083691D4203D000230360002005E00B7889
:101B3000013183629142F0D1012030BD0054004058
:101B400000200002064B074A1B680749580810404E
:101B5000DA080A408018054A1340C0187047C0468A
:101B600000280040383838000E0E0E000F0F0F000E
:101B7000064B074A5B68074958081040DA080A40D4
:101B80008018054A1340C0187047C046002800401E
:101B90001808780006021E000F0F0F0010B5FFF79F
:101BA000D1FF0400FFF7E4FFFF22FF21030412042A
:101BB00013402206520E13434901E2080A40134320
:101BC000FF226409D2021440FF221C434303000297
:101BD0005205000E134014301C434006204310BD34
:101BE00070B504000D00FFF755FE002802D0044B2D
:101BF0001D605C608021024AD3688B43D36070BD56
:101C0000002800408023114A5B00116870B50B4327
:101C10001360FFF755FEFF230D4D83222C6A12023D
:101C2000A407E4179C4382231B029C462B6A64444E
:101C30001340A34209D080235B022B6200232B6256
:101C4000FFF73EFE2B6A1C432C6270BD0070004003
:101C50000010024010B5FFF7D5FF184B1C6AC023D7
:101C60009B001C4029D0CA22154B013C5A62FF3C04
:101C7000773A5A6262425441124A64421440124A0C
:101C80009446DA686444D20602D51A69A24210D09A
:101C9000FFF700FE002806D00022094B9A60803230
:101CA000DA601C611C618021054AD3688B43D360D4
:101CB00003E02021DA688A43DA6010BD0010024098
:101CC0000028004018FD5700E703270010B50B4C13
:101CD000E368DB0310D40A49EFF7D4F80949EEF7BB
:101CE00079FDEFF7A1FB8023DB00984204D8064B77
:101CF0001B1A06480340E36310BDC046002800409D
:101D0000BD37863F00C0FF43FF010000FF81000098
:101D1000094B10B5D86BDB6BC005C00D1B0401D49B
:101D2000404202E080239B00181AEFF79DFB034915
:101D3000EFF7A8F810BDC046002800400024743F0B
:101D400070B50D00040003210B20F0F793FE0B4B40
:101D50000B4A5D609A600B4ADC601A6080230A4A75
:101D6000DB01D1690B43D36101210022074B1A60CB
:101D700059601A62DB221201DA6170BD4400024030
:101D80000C380040A7350000001002400038004029
:101D9000104B114A30B55A60104A09185A608842EF
:101DA00017D202244025DA68012AFCD01A6922439E
:101DB0001A6158611A692A431A61DA68012AFCD04B
:101DC0001A69A2431A61802212019446604481423A
:101DD000E9D830BD0020024023016745AB89EFCD33
:101DE000F8B514000F0011000600FFF7D1FF6208DC
:101DF00015D0002501210A4BDC68012CFCD01869A4
:101E0000084318616800385A3080DC68012CFCD027
:101E10001C6901358C431C6102369542ECD3F8BD38
:101E200000200240FC23184ADB03516911200B43B8
:101E30005361902300221549DB055A6099601449CB
:101E4000D96014495961882149001A6259621249BE
:101E500019601021114B49425A6099601049D960AC
:101E6000104959611A6258620F48186001200F4BDF
:101E700040425A6098600E48D86059611A625A62AE
:101E80008022D2041A607047001002400000FFFF59
:101E9000AA0101A8DFF9000000FCAA6A00040048BA
:101EA00050555555FFFF00009F5A5AAA0008004898
:101EB000555555014B009C460323F0B51E00644662
:101EC00016404746CE46A640012480B527008F40E5
:101ED0004568A146BD43970827408F403D43456074
:101EE00084681D00A0466446A540D7081F40ED4306
:101EF000A74044462C402743540923406446A3404E
:101F00008760C768D2092F403B43C36007230F2770
:101F10000B409B003A404C469F40C9109A400C40F1
:101F2000FF43022E0AD1A4000419236A1F403A433A
:101F3000226203681D402E43066009E00368A40086
:101F40001D402E4306600019036A1F403A43026297
:101F50000CBC90469946F0BD064B10B51868586009
:101F6000F0231B02184203D00004000FF4F76CFAB0
:101F700010BDC046000002400323054910B54A6960
:101F800013404B61930702D50120FEF72BFC10BDD7
:101F9000000401400C23084A10B5546923405361E2
:101FA000630702D50220FEF71DFC230702D503209C
:101FB000FEF718FC10BDC0460004014010B5032117
:101FC0000520F0F757FD03210620F0F753FD10BD63
:101FD0001F220123024070B593400F2810D803251B
:101FE000164A84089446284080000C350A112A407D
:101FF00085408240A4006444A668AE433243A26098
:10200000D8430F4CCA0703D5A2681A43A26002E066
:10201000A2680240A2608A0704D50949CA681A4327
:10202000CA6003E00649CA680240CA60044A1168EF
:102030000B43136053681840506070BD00000140AE
:10204000000401400221054AD3690B43D361044BCC
:10205000044A9A6220225A607047C046001002402B
:10206000000400407FBB000001230139C1624361CD
:1020700000234362053303607047C046F0B55746FE
:102080004E464546DE46E0B5070089B00691002180
:10209000029002008020002500230F24BC460E0081
:1020A000574940001B022D012B431B11B34209D994
:1020B000DB00634415681F6817601D6055685F6822
:1020C00057605D600136B6B2083286427AD023008E
:1020D00035093340CB5C4D5DE4E77F2304994948E3
:1020E0000B409A00125893468022D31A9B001B582B
:1020F00000930A4275D1059A049B94466344049365
:10210000069B002B03D180231B065B449B46039C4C
:10211000029A019B9446E518ADB2EE006644316820
:10212000E400894671688A4659465046EEF7AAFE91
:102130000099071C4846EEF7A5FE009980465046D8
:10214000EEF7A0FE594682464846EEF79BFE011C7C
:102150005046EEF73FFB029A81469446644421685C
:10216000381CEEF737FB4146EEF7A2FF30602168DE
:102170004046EEF72FFB391CEEF79AFF49462060E8
:102180006068EEF795FF706060684946EEF722FBE5
:10219000019B60609C466544ACB2FF2CB8D9039BA0
:1021A00001339BB20393634597D1059B5B0805936D
:1021B000039B5B009BB20193079B013B0793002BA2
:1021C00005D115E008230793073B05960193059B6E
:1021D00004930023039300239B46FE239B05009357
:1021E0008EE78023009A1B065B440093934682E7A8
:1021F00009B03CBC90469946A246AB46F0BDC046ED
:102200005077010860770108F0B5DE464E46574624
:102210004546E0B583B0041C8B469146EFF704F9C0
:10222000EFF722F9011C201CEEF742FF0021041CED
:10223000EEF774F9002805D0FE21201C8905EEF781
:10224000C9FA041C8821201CC905EEF71BFE051CD9
:10225000EEF7D6F90400EFF751F90126011C281C0E
:10226000EEF726FFE3099E40224B7F259846424623
:1022700082462C40A3009F58631C9B009858391C31
:10228000EEF716FF5146EEF7FDFD391CEEF7A2FA08
:10229000802342461B1B9B009B582C1BA400191C2F
:1022A0000190071CA0581D1CEEF702FF5146EEF7E7
:1022B000E9FD291CEEF78EFA0A23334201D0071CF0
:1022C00001980623334203D080231B069C466044BA
:1022D0000C23334203D080231B069C4667445B4695
:1022E0001F604B46186003B03CBC90469946A2461E
:1022F000AB46F0BD6077010870B5002828D0802378
:102300000122C6157F3E4002400A32401B040343AF
:1023100001329340802270101921002600255204BA
:10232000AC189C4202DCA5181B1BB61801395B00D7
:1023300052080029F4D1002B02D0012301369E431C
:10234000FC239B059C4676106644C005801900E07E
:10235000002070BDFF23F0B5C646041C0500DB0558
:10236000400000B54008234210D1002851D09721E9
:10237000201CC905EEF786FD05004000400803213A
:10238000EDF736FF254B9C46604405E00321EDF751
:102390002FFF234B9C466044ED0FED070543291C9E
:1023A000281CEEF76FFD291CEEF76CFD211C061CA6
:1023B000201CEEF70FFA311C071CEEF70BFA311C4C
:1023C0008046301CEEF706FA211CEEF703FA011CDA
:1023D0004046EEF77BFB291CEEF754FD051C011C63
:1023E000EEF750FD291CEEF74DFD391C061CEEF7EB
:1023F000F1F9311C071C301CEEF7ECF9211CEEF74B
:10240000E9F9011C381CEEF761FB291CEEF73AFDD7
:1024100000E0201C04BC9046F0BDC046F2195126D5
:10242000F219512A70B5002823DDFC2443025B0A0F
:10243000A4051C43EFF718F80F49EEF723FD0F49E9
:10244000EEF736FE0E49051C201CEEF71BFD011CA5
:10245000281CEEF72DFE0B49051C201CEEF7BAF9DF
:10246000011C0948EEF732FB011C281CEEF720FE88
:1024700000E0064870BDC0461872B133A836AC42C1
:10248000C4E4843F5643B43E721A993F000080FF73
:1024900070B5002823DDFC2443025B0AA4051C431D
:1024A000EEF7E2FF0F49EEF7EDFC0F49EEF700FE05
:1024B0000E49051C201CEEF7E5FC011C281CEEF75C
:1024C000F7FD0B49051C201CEEF784F9011C094897
:1024D000EEF7FCFA011C281CEEF7EAFD00E00648C6
:1024E00070BDC046C6A8C03441FABA439A4E904067
:1024F000F45AB43E0F4FA640000080FFF8B50E001E
:1025000049004C080700400045080021201CEDF759
:10251000FFFF002805D00021281CEDF7F9FF002857
:102520005FD1211C281CEEF70DF8002828D0291CAB
:10253000201CEEF7CBFA011C051CEEF7A3FC2A4980
:10254000041CEEF79FFC2949EEF7B2FD211CEEF7C3
:1025500099FC2749EEF73EF9211CEEF793FC25493B
:10256000EEF7A6FD211CEEF78DFC2349EEF732F9BC
:10257000291CEEF787FC011C2048EEF799FD23E0AB
:10258000211C281CEEF7A2FA011C051CEEF77AFCB0
:102590001549041CEEF776FC1449EEF789FD211C61
:1025A000EEF770FC1249EEF715F9211CEEF76AFC04
:1025B0001049EEF77DFD211CEEF764FC0E49EEF7A5
:1025C00009F9291CEEF75EFC002E03DA011C0C4809
:1025D000EEF76EFD002F05DA80231B069C46604453
:1025E00000E00020F8BDC04609E0983F95219C40DE
:1025F0006B2825418B669741092765420000B4424C
:102600000000344310B51049EEF73CFCEEF70CFF28
:10261000FE239B059C4660444102090CCB005B1ADB
:10262000DA019B18094A9B139446094A634494466D
:102630004B43084A9B14634494464B439B136344A7
:102640005943C912081810BD3BAA384BD1340000B9
:10265000DE3D00009EC5FEFF30B500240139A242D8
:1026600001D1002005E0035D01340D5DAB42F6D0E1
:10267000581B30BD002310B59A4200D110BDCC5C70
:10268000C4540133F8E7000003001218934200D14C
:10269000704719700133F9E7C9B20378002B04D0F1
:1026A0008B4200D170470130F7E74B425941494214
:0426B0000840F7E700
:1026B40047656F6D004172697468000055534200AC
:1026C40053455249414C0000444F5420272E2700C3
:1026D400434F4D4D4120272C27000000424D500010
:1026E40054494646000000005A0C0008E80B000854
:1026F400540B0008520C0008540B0008EE0B0008A1
:10270400540B0008520C0008E80B0008E80B000802
:10271400EE0B0008520C0008F80B0008F80B000838
:10272400F80B0008360C0008E60B0008540B0008F0
:10273400EE0B0008540B0008E60B0008560B0008CB
:10274400560B0008EE0B0008E60B0008F80B000817
:10275400F80B0008F80B0008360C0008E80B00081A
:10276400E80B0008540B0008520B0008540B000837
:10277400EE0B0008540B0008520B0008E80B00088D
:10278400E80B0008EE0B0008520B0008F80B0008D9
:10279400F80B0008D00F0008020F0008020F000811
:1027A400000F0008060F0008060F0008AE0F00080F
:1027B400000F0008060F0008AE0F0008060F0008FF
:1027C400000F0008AA0F0008AA0F0008AA0F0008AB
:1027D400B80F0008647A0108303F0020303F002021
:1027E400303F0020647A010800000000000000006F
:1027F40000000000647A01080000000000000000EE
:1028040000000000647A01080000000000000000DD
:1028140000000000647A01080000000000000000CD
:1028240000000000647A01080000000000000000BD
:1028340000000000647A01080000000000000000AD
:1028440000000000647A010800000000000000009D
:10285400000000006D61696E000000007828010826
:10286400F8030020A8040020010000000518000857
:102874000000000069646C6500000000737461630B
:102884006B206F766572666C6F770000E12200083A
:10289400D1220008C1220008B12200080000000073
:1028A40000000000000000000000000019240008DF
:1028B40009240008E5230008D523000800000000CF
:1028C400000000000000000000000000F4270008E1
:1028D40002280008202900080228000820290008EE
:1028E4002628000832280008202900085428000857
:1028F40062280008142A0008C0290008EC290008EE
:10290400142A0008142A0008042A0008142A0008BB
:1029140000000000010000000000000000000000B2
:102924009D270008AD290008212A00084000400026
:102934004006002040060020B0350008AA390008EF
:102944003A370008AA390008AA390008B035000847
:10295400AA390008AA390008AA390008AA390008C7
:10296400AA3900088E390008AA390008AA390008D3
:10297400AA390008AA390008AA3900088A390008C7
:10298400AA390008AA3900083A350008AA3900080B
:10299400AA390008AA390008AA390008AA39000887
:1029A400AA390008AA390008AA390008AA39000877
:1029B400AA3900083E350008B0350008AA390008D5
:1029C4003A370008AA390008AA390008B0350008C7
:1029D400AA390008AA390008AA390008AA39000847
:1029E400AA3900088E390008AA39000812360008EE
:1029F400AA39000850350008AA3900088A390008A5
:102A0400AA390008AA3900083A350008206B4D4756
:102A14005450455A59000000286E756C6C2900000A
:102A2400010000000A00000064000000E803000048
:102A340010270000A086010040420F0080969800F5
:102A440000E1F50500CA9A3B6D1D6E7066617A79E6
:102A54000000000000000000000000001D34000819
:102A640000000000808182838485868788898A8B20
:102A74008C8D8E8F909192939495969798999A9B1A
:102A84009C9D9E9F808182838485868788898A8B8A
:102A94008C8D8E8FB0B1B2B3B4B5B6B7B8B9BABB7A
:102AA400BCBDBEBFC0C1C2C3C4C5C6C7C8C9CACBEA
:102AB400CCCDCECFD0D1D2D3D4D5D6D7D8D9DADBDA
:102AC400DCDDDEDF909192939495969798999A9B8A
:102AD4009C9D9E9FF0F0F2F2F4F4F6F6F8F9FAFBFE
:102AE400FCFDFEFF4641543332202020002A2B2CCB
:102AF4003A3B3C3D3E5B5D7C223F7F000FF03FFC58
:102B04007FFE7C3EF81FF00FF00FF00FF00FF00F78
:102B1400F00FF00FF00FF00FF00FF00FF00FF81FA1
:102B24007C3E7FFE3FFC0FF000F001F003F007F065
:102B34000FF00FF00EF00CF000F000F000F000F0D9
:102B440000F000F000F000F000F000F000F003FCF2
:102B540003FC03FC0FF03FFC7FFE7C3EF81FF00FEC
:102B6400F00F001F003F007E00FC01F803F007E0B7
:102B74000FC01F803F007E00FC00FFFFFFFFFFFF30
:102B84000FF03FFC7FFE7C3EF81FF00FF00F001E9D
:102B9400003E01FC01F801FC007E001F000FF00F55
:102BA400F00FF81F7C3E7FFE3FFC0FF001F801F8A8
:102BB40003F803F807F807F80FF80F781F781E7862
:102BC4003E783C787C787878F878FFFFFFFFFFFF49
:102BD4000078007800780078FFFFFFFFFFFFF00027
:102BE400F000F000F000F7F0FFFCFFFEFC3EF81FE1
:102BF400000F000F000F000FF00FF81F7C3E7FFE48
:102C04003FFC0FF00FF03FFC7FFE7C3EF81FF00FFF
:102C1400F000F000F7F0FFFCFFFEFC3EF81FF00FA1
:102C2400F00FF00FF00FF81F7C3E7FFE3FFC0FF01B
:102C3400FFFFFFFFFFFF001F003E007C00F801F0D4
:102C440001E003E003C007C0078007800F800F0086
:102C54000F000F000F000F000F000F0007E01FF818
:102C64003FFC7C3E781E781E781E3C3C1FF80FF01B
:102C74003FFC7C3E781EF00FF00FF00FF00FF81FB2
:102C84007C3E7FFE3FFC0FF00FF03FFC7FFE7C3E5E
:102C9400F81FF00FF00FF00FF00FF81F7C3F7FFFCD
:102CA4003FFF0FFF000F000FF00FF81F7C3E7FFE69
:102CB4003FFC0FF0000000000000000000000000D6
:102CC4000000000000000000000000000000000000
:102CD400000000000000038007C007C0038000005C
:102CE40000000000000000000000000000000000E0
:102CF400000000003FFC3FFC3FFC3FFC00000000E4
:102D040000000000000000000000000000000000BF
:102D1400004000C001C003C007C00FFF1FFF3FFFFA
:102D24007FFFFFFF7FFF3FFF1FFF0FFF07C003C0B1
:102D340001C000C000400000F000F000F000F0000E
:102D4400F000F000F03EF07CF0F8F1F0F3E0F7C0B2
:102D5400FF80FF00FF00FF80F7C0F3E0F1F0F0F820
:102D6400F07CF03EF00FF00FF81FF81FFC3FFC3F23
:102D7400FE7FFE7FFFFFFFFFFFFFFFFFF7EFF7EF91
:102D8400F3CFF3CFF18FF18FF00FF00FF00FF00FBF
:102D94000FF03FFC7FFE7C3EF81FF00FF00FF00FAA
:102DA400F000F000F000F000F03FF03FF03FF007DB
:102DB400F00FF81F7C3F7FFF3FF70FE70000000094
:102DC400000000000000000000000000EE1CFF3EB8
:102DD400FFFFFFFFF3CFF3CFF3CFF3CFF3CFF3CF67
:102DE400F3CFF3CFF3CFF3CF0000000000000000D7
:102DF40000000000F01EF01EF01EF01EF01EF01E7B
:102E0400F01EF01EF83EFC7EFFFEFFFFF7CFF387B7
:102E1400F000F000000000000000000000000000CE
:102E240000000000F1F0F7FCFFFEFE3EFC1FF80F6F
:102E3400F00FF00FF00FF00FF00FF00FF00FF00F96
:102E4400000000000000000000000000F3F0F7FCA8
:102E5400FFFEFE1FFC0FF807F807F807FC0FFE1F24
:102E6400FFFEF7FCF3F0F000F000F00000030007B1
:102E7400000F001F003F007F000F000F000F60CF06
:102E8400F1EF7BCF3F8F1F0F1F0F3F8F7BCFF1EFF2
:102E940060CF000F000F000FF45F8644F54484C434
:102EA400F44400000000000F000F000F000F000F9B
:102EB400000F000F180F380F7FFFFFFFFFFF7FFF8A
:102EC4003800180000003C007E00E703C307C30F6E
:102ED400E71E7E3C3C7800F001E003C007800F0051
:102EE4001E3C3C7E78E7F0C3E0C3C0E7007E003CB4
:102EF40000060646FEFE40022020505088F884C09A
:102F0400E0F0E0C080006CB2929A6C00022040F8BD
:102F1400402000022010F810200002F850505050B9
:102F24009802008888D8A880728888885050D8630E
:102F34009090600000000400000000000045404044
:102F440040400040505050000000005250F850F8EB
:102F540050502278A07028F020C2C8102040981841
:102F640002205060A8906864408000000000244063
:102F74008080804020844020202040800220A8704F
:102F8400A82000022020F820200005000000C040F6
:102F940080030000F00000000500000000C0C02411
:102FA4002040404080806390909090906023602007
:102FB40020202070639010204080F06390106010F7
:102FC400906093909090F01010F380E01010906057
:102FD400639080E0909060F3102020404040639024
:102FE40090609090606390907010906004C0C000F6
:102FF400C0C0000460600060408003204080402026
:10300400000300F000F000000380402040800063D3
:103014009010204000406390B0B080807063909026
:1030240090F09090E39090E09090E06390808080A6
:103034009060E39090909090E0F38080E08080F046
:10304400F38080E0808080639080B0909070939053
:1030540090F0909090E44040404040E07310101095
:10306400109060939090E090909083808080808016
:10307400F08AD8A8A8A888889390D0B0909090633C
:10308400909090909060E39090E080808063909026
:103094009090A050E39090E09090906390806010A6
:1030A4009060FA202020202020939090909090709F
:1030B400939090909060608A8888A8A8A8508A8885
:1030C40050205088888A888850202020F31020407F
:1030D4008080F0E48080808080E0848040404020D4
:1030E40020E42020202020E044A000000000000371
:1030F4000000000000F8C44020000000000300703D
:103104009090B0508380A0D09090E00300708080B5
:103114008070131050B090907003006090F0807035
:10312400235040E040404003007090701060838062
:10313400A0D09090904400C0404040E02400202063
:1031440020A040838090A0C0A090C4404040404054
:10315400E00200F0A8A8A8A80300A0D090909003D3
:103164000060909090600300E09090E08003007015
:10317400909070100300A0D0808080030070806065
:1031840010E04340E0404040300300909090B05045
:103194000300909090606002008888A8A850030003
:1031A4009090609090030090907010E00300F020E5
:1031B4004080F024404080404020242020202020D3
:1031C4002084404020404080030050A000000000C4
:1031D400000606062666FEFE6020020020205050EF
:1031E4008888F80083C0E0F0F8F0E0C08000006E4A
:1031F400DB919989DB76000000103060FEFE6030C0
:1032040010000110180C7E7E0C1810000100007CC8
:10321400282828A8C8000100008484848CD4A480B1
:103224007288888888885050D80063909060000025
:103234000000000004000000000000000000444002
:103244004040404040004000939090000000000047
:103254000000025050F85050F85050002178A0A0BF
:10326400702828F0200061909468102058A4241835
:10327400003048502254889462006460C00000000A
:1032840000000000244040808080404020008440B2
:103294004020202040408000010020A870A8200089
:1032A400000001002020F82020000000030000009E
:1032B40000000060204002000000F8000000000050
:1032C400030000000000006060000A0810102040A5
:1032D4004080800072888898A8C88888700012305E
:1032E4005010101010103800728888081020408088
:1032F400F80072888808300888887000123050906E
:103304009090F8101000FA8080F088080888700007
:10331400728880F0888888887000FA080810102065
:1033240020202000728888887088888870007288BD
:1033340088888878088870000400C0C00000C0C075
:1033440000000400C0C00000C04080000310204002
:10335400804020100000020000F80000F800000087
:1033640003804020102040800000728888081020CC
:103374002000200072888898A890808870007A883D
:103384008888F88888888800F2888888F0888888FF
:10339400F00072888880808088887000F28888882D
:1033A40088888888F000FA808080F0808080F80027
:1033B400FA808080F0808080800072888880809885
:1033C400889868008A888888F88888888800E44013
:1033D400404040404040E0000A08080808080888C7
:1033E40070008A888890E090888888008280808035
:1033F40080808080F8008A88D8D8A8A8A888880007
:103404008AC8C8A8A89898888800728888888888F4
:1034140088887000F2888888F080808080007288B4
:1034240088888888A8906800F2888888F0888888C6
:10343400880072888840201088887000FAA82020AC
:103444002020202020008A88888888888888700026
:103454008A8888505050202020008A8888A8A8A8EC
:10346400A8A850008A8888502050888888008A88B4
:103474008888702020202000FA08081020408080CE
:10348400F800E480808080808080E000828040407A
:10349400201010080800E420202020202020E00034
:1034A400225088000000000000000100000000001D
:1034B4000000FCFCC36030000000000000000200BB
:1034C4000070087888887800828080B0C88888C8AE
:1034D400B000020000708880808870000A080868C4
:1034E4009888889868000200007088F880887000C6
:1034F40032484040E0404040400002000068988864
:1035040088780870828080B0C888888888000440E1
:1035140000C040404040E0000208000808080808D5
:1035240088708280808890A0E090880062202020AB
:1035340020202020F800020000D0A8A8A8A8A800F5
:10354400020000B0C888888888000200007088885B
:1035540088887000020000B0C88888F0808002006B
:103564000068988888780808020000B0C8808080C5
:10357400800002000070886030887000034040E0E2
:1035840040404040300002000088888888986800E5
:10359400020000888850502020000200008888A87B
:1035A400A8A8500002000088502020508800020083
:1035B4000088888878088870020000F808306080E5
:1035C400F800334040408040404030004440404098
:1035D400404040404000C320202010202020C00054
:1035E4004AA8900000000000000000000200000053
:1035F4000000000079250008E12500084000400093
:1036040094070020A0070020030000000000000031
:103614001D2600080000000010000000AC07002078
:1036240000000000BC0500200101020095510008C3
:1036340059520008ED24000881510008430000009D
:103644004836010809024300020100C0FA090400D7
:1036540000010202000005240010010524010001FC
:10366400042402020524060001070582030800FF62
:1036740009040100020A00000007050102400000DD
:103684000705810240000000120000009436010882
:10369400120110010200004083044057000201029D
:1036A400030100000403090418036E0061006E00A6
:1036B4006F0076006E0061002E0063006F006D00E5
:1036C40014034E0061006E006F0056004E0041006E
:1036D4002D004800080334003000300004000000CE
:1036E400A836010818000000AC36010814000000D8
:1036F400C436010808000000D83601084A5B0008F7
:10370400525B00085A5B00086A5B00087A5B000899
:10371400865B0008965B0008A45B00083E76000800
:1037240052760008687600089A760008D676000873
:10373400F4760008E6760008B27B0008BA7B00083D
:10374400C27B0008CA7B0008D27B0008DA7B000831
:10375400E07B0008EE7B0008FA7B0008312E322E55
:1037640035362D73670000007363616E000000003E
:10377400746F6F206D616E7920617267756D656E0F
:1037840074732C206D617820340D0A000820080021
:103794000000803E398EE33C398EE33AB4A291387E
:1037A4002E74013622152933221529309998052DB6
:1037B400C400AB294EE53426D4CBA0220100FFFE81
:1037C400000002009FFE010004009FFE02000800AA
:1037D4007FFE03011000FFFE0401000062616E64BD
:1037E400776964746820256420282575487A290D32
:1037F4000A0000002573200075736167653A206331
:10380400616C205B25735D0D0A0000006C6F6164C0
:103814007C6F70656E7C73686F72747C746872758B
:103824007C69736F6C6E7C646F6E657C6F6E7C6F8D
:1038340066667C7265736574000000007573616769
:10384400653A20636C656172636F6E666967207B9D
:1038540070726F74656374696F6E206B65797D0D2A
:103864000A00000031323334000000004B65792037
:10387400756E6D6174636865642E0D0A0000000046
:10388400436F6E66696720616E6420616C6C2063AF
:10389400616C206461746120636C65617265642E7F
:1038A4000D0A446F207265736574206D616E7561D5
:1038B4006C6C7920746F2074616B65206566666535
:1038C40063742E205468656E20646F20746F756372
:1038D400682063616C20616E6420736176652E0DCF
:1038E4000A00000075736167653A20636F6C6F723C
:1038F400207B69647D207B72676232347D0D0A000F
:10390400202532643A203078253036780D0A0000BC
:1039140075736167653A20636F6E666967207B25FE
:10392400737D205B307C315D0D0A00007573616727
:10393400653A2064617461205B61727261795D0D26
:103944000A00000025662025660D0A00253664203D
:10395400000000007331317C733231006F6E7C6F74
:103964006666000075736167653A2066726571204A
:103974007B6672657175656E637928487A297D0D59
:103984000A000000436F6D6D616E64733A000000BD
:10399400202573004E616E6F564E412C4E616E6F42
:1039A400564E412C25732C25730D0A0025642025C1
:1039B400642025750D0A00006D61726B6572205BD1
:1039C4006E5D205B25737C7B696E6465787D5D0D1F
:1039D4000A0000006F6E7C6F666600006C696E7C86
:1039E4006C6F677C72697C72787C726C637C6762D2
:1039F4007C676C637C727078707C72706C637C72B0
:103A04007873687C726C6373687C72787365727C9B
:103A1400726C63736572000075736167653A206D3B
:103A2400656173757265207B25737D0D0A00000046
:103A34006E6F6E657C6C637C6C637368756E747C8E
:103A44006C637365726965737C7874616C7C666998
:103A54006C7465727C6361626C657C7265736F6E95
:103A6400616E6365000000006175746F7C61766748
:103A74007C636F6E6E656374696F6E7C6D6F646575
:103A84007C677269647C646F747C626B7C666C694D
:103A9400707C736570617261746F727C74696600A6
:103AA40075736167653A206D73672064656C61792D
:103AB400205B746578745D205B6865616465725D24
:103AC4000D0A00006F6666736574207B667265710B
:103AD40075656E6379206F666673657428487A2904
:103AE4007D00000075736167653A20706F776572B9
:103AF400207B302D337D7C7B323535202D20617544
:103B0400746F7D0D0A706F7765723A2025640D0A13
:103B1400000000004572722C2064656661756C7447
:103B2400206C6F61640D0A00726563616C6C000047
:103B340064667500506572666F726D696E67207297
:103B44006573657420746F20444655206D6F6465F9
:103B54000D0A0000506572666F726D696E6720729F
:103B6400657365740D0A00007361766500000000DA
:103B740075736167653A20257320302E2E25640DF8
:103B84000A000000436F6E6669672073617665649E
:103B94000D0A00007363616C657C726566706F73F7
:103BA4000000000075736167653A207363616E20DD
:103BB4007B737461727428487A297D207B73746FD7
:103BC4007028487A297D205B706F696E74735D205C
:103BD4005B6F75746D61736B5D0D0A006672657160
:103BE40075656E63792072616E67652069732069FB
:103BF4006E76616C69640D0A000000007377656578
:103C04007020706F696E7473206578636565647382
:103C14002072616E6765203130310D0A00000000AA
:103C24002575200025662025662000006572723AFD
:103C3400206E6F20636172640D0A00004F4B000018
:103C44006572720075736167653A2073645F6465B9
:103C54006C657465207B66696C656E616D657D0D50
:103C64000A00000064656C6574653A20257320259C
:103C7400730D0A002A2E2A0075736167653A207352
:103C8400645F6C697374207B7061747465726E7D9B
:103C94000D0A000025732025750D0A0075736167F0
:103CA400653A2073645F72656164207B66696C6544
:103CB4006E616D657D0D0A006572723A206E6F202B
:103CC40066696C650D0A0000736D6F6F7468207B04
:103CD400302D387D000000002575202575202564D1
:103CE4000D0A000075736167653A20737765657026
:103CF400207B737461727428487A297D205B737405
:103D04006F7028487A295D205B706F696E74735DEB
:103D14000D0A097377656570207B25737D207B66AA
:103D240072657128487A297D0D0A00007463786FE2
:103D3400207B5443584F206672657175656E6379B4
:103D440028487A297D0000007468726573686F6C76
:103D540064207B6672657175656E637920696E2077
:103D64006861726D6F6E6963206D6F64657D0000BC
:103D740075736167653A2025730D0A637572726500
:103D84006E743A2025750D0A0000000062000000E0
:103D94003230253032782F253032782F2530327862
:103DA40020253032783A253032783A253032780D71
:103DB4000A75736167653A2074696D65207B5B25BC
:103DC400735D20302D39397D206F72207B62203065
:103DD4007859594D4D444420307848484D4D5353FB
:103DE4007D0D0A00666972737420746F75636820B0
:103DF4007570706572206C6566742C207468656ECD
:103E0400206C6F7765722072696768742E2E2E009D
:103E1400646F6E650D0A746F7563682063616C204E
:103E2400706172616D733A202564202564202564D5
:103E34002025640D0A0000002564202573202573C5
:103E44002025662025660D0A00000000616C6C00C8
:103E54006F66660025642025732025730D0A000013
:103E64007472616365207B307C317C327C337C618D
:103E74006C6C7D205B25735D205B7372635D0D0A42
:103E84007472616365207B307C317C327C337D20AD
:103E94005B25735D0D0A7472616365207B307C3130
:103EA4007C327C337D207B25737D207B76616C7531
:103EB400657D0D0A0000000075736167653A207422
:103EC40072616E73666F726D207B25737D205B2E2D
:103ED4002E2E5D0D0A0000006F6E7C6F66667C6995
:103EE4006D70756C73657C737465707C62616E64EF
:103EF400706173737C6D696E696D756D7C6E6F72C4
:103F04006D616C7C6D6178696D756D006C6F676D4A
:103F140061677C70686173657C64656C61797C73CE
:103F24006D6974687C706F6C61727C6C696E6561BC
:103F3400727C7377727C7265616C7C696D61677C7D
:103F4400727C787C7A7C7A707C677C627C797C7207
:103F5400707C78707C63737C6C737C63707C6C7035
:103F64007C717C727365727C787365727C7A73651C
:103F7400727C7273687C7873687C7A73687C713243
:103F8400317C737772616E7400000000536572694E
:103F9400616C3A20257520626175640D0A00000089
:103FA4002564206D560D0A0025730D0A00000000DB
:103FB4006C3701086D6F00080300B44201089D725C
:103FC40000080300C0420108DD6100080000C84287
:103FD40001083D6F00080000D4420108AD610008EB
:103FE4000F00DC420108257700080F00E4420108B5
:103FF400B16200080800EC420108816100080D006C
:10400400F4420108096500080800004301087D60C6
:104014000008040008430108F15F0008070010438A
:104024000108695F0008070018430108255F0008BC
:10403400070024430108E95E000808003043010832
:10404400A95E000808003C430108D95D000803008C
:1040540044430108955D00080300504301083D589E
:10406400000803005C430108ED5800080E00644397
:104074000108997400080F006C430108615D000891
:104084000B00704301085D7B000801006C3B0108D4
:10409400315D000808002C3B0108397400080F004A
:1040A40074430108A57D000808007C430108B1742D
:1040B4000008080084430108B57F000808008C4309
:1040C400010875800008080098430108B5630008DA
:1040D4000700A0430108015D00080F00A843010880
:1040E400115700080700B0430108195800080700D9
:1040F400B8430108ED5700080700C0430108ED5C10
:1041040000080800C8430108C15C00080800D04347
:104114000108755C00080B00D8430108455C0008E1
:104124000F0028430108095C00080F00E043010860
:10413400798100080F00EC430108515700080F0073
:10414400F4430108E15B00080800004401080D5B2A
:10415400000808000C440108E15A0008080018444B
:104164000108A55A00080000204401087D5A0008EF
:10417400000028440108695A00080000304401087E
:10418400FD800008000038440108FD80000800009C
:1041940040440108A1590008080000000000000084
:1041A40000000000010009000000000000001300EE
:1041B4000000000000001D000000000000002700B7
:1041C40000000000000031000000000000003B007F
:1041D40000000000000045000000000000004F0047
:1041E4000000000001000003000020410000E04046
:1041F40001000102000020410000E040010300032F
:104204000000803F00000000010101020000B442F0
:104214000000804006050402010000007842010805
:10422400804201088842010890420108984201082E
:10423400A0420108A4420108A8420108AC420108B6
:104244000D0A4E616E6F564E41205368656C6C0DBD
:104254000A00000063683E200000000025733F0D43
:104264000A000000424D4001F000080163683E204E
:104274000D0A00006C6F6164000000006F70656ED1
:104284000000000073686F72740000007468727537
:104294000000000069736F6C6E000000457300003D
:1042A400457200004574000063616C27656400007A
:1042B4007363616E5F62696E000000006461746123
:1042C400000000006672657175656E636965730050
:1042D4006672657100000000737765657000000008
:1042E400706F7765720000006F6666736574000016
:1042F40062616E64776964746800000074696D6556
:104304000000000073645F6C6973740073645F720F
:104314006561640073645F64656C657465000000C6
:1043240073617665636F6E6669670000636C6561CF
:1043340072636F6E6669670064756D7000000000DB
:10434400746F75636863616C00000000746F75635B
:104354006874657374000000706175736500000013
:10436400726573756D6500006D73670063616C0041
:1043740074726163650000006D61726B65720000A8
:104384006564656C617900007332316F66667365CC
:104394007400000063617074757265006D6561730B
:1043A400757265007265667265736800746F756313
:1043B4006800000072656C65617365007662617403
:1043C400000000007463786F00000000726573657C
:1043D40074000000736D6F6F746800007573617210
:1043E400745F636667000000757361727400000097
:1043F400766261745F6F6666736574007472616E71
:1044040073666F726D0000007468726573686F6C18
:104414006400000068656C7000000000696E666FDF
:104424000000000076657273696F6E002A49444E7D
:104434003F0000002A69646E3F000000636F6C6FE8
:10444400720000005331310053323100426F617207
:10445400643A204E616E6F564E410000323031395D
:104464002D3230323420436F70797269676874205A
:10447400404469536C6F72642028626173656420E0
:104484006F6E204065647935353520736F757263BE
:10449400652900004C6963656E73656420756E64FC
:1044A40065722047504C2E00202068747470733A53
:1044B4002F2F6769746875622E636F6D2F4469537B
:1044C4006C6F72642F4E616E6F564E412D44000026
:1044D400446F6E61746520737570706F72743A0006
:1044E40020205765624D6F6E65793A205A33313317
:1044F400383232383639313139000000566572733A
:10450400696F6E3A20312E322E35362D7367205B5B
:10451400703A3130312C2049463A31326B2C2041EB
:1045240044433A3139326B2C204C63643A33323091
:10453400783234305D0000004275696C642054693F
:104544006D653A204175672032382032303236208A
:104554002D2031383A35383A3233000041726368DD
:1045640069746563747572653A2041524D76362DCF
:104574004D20436F72652056617269616E743A20F2
:10458400436F727465782D4D30000000506C617477
:10459400666F726D3A2053544D3332463037327859
:1045A4004220456E747279204C6576656C204D65A9
:1045B4006469756D2044656E7369747920646576E9
:1045C400696365730000000073746172747C7374B2
:1045D4006F707C63656E7465727C7370616E7C63EE
:1045E400777C737465707C7661720000797C6D7C75
:1045F400647C687C6D696E7C7365637C70706D002F
:10460400484401084C44010822002009000000002D
:1046140000000000000000FFFFFF010090650000A3
:10462400010811000000010000E1F505012011005E
:104634000000010080A4BF0702081123000001004C
:104644000095BA0A020611230000010001000000CF
:104654000204112300000100000B6B1B020653230C
:1046640028283C000046C3230204532328283C0086
:10467400030000000204532332323C00008C8647BE
:104684000204752346468C000500000002047523CD
:1046940046468C0000D2496B020497334646FC0020
:1046A40007000000020497334646FC0000180D8FF3
:1046B4000204B93355558C01090000000204B933D2
:1046C4005F5F8C010B0000000204CB335F5F1002BC
:1046D40000000000000000FFFFFF010090650000E3
:1046E4000110110000000100000E27070120110035
:1046F400000001000100000002041111000001008B
:104704000084D7170208532314140100002B0C2330
:10471400020653231414010003000000020453236F
:104724001E1E010005000000020475233C3C01002C
:1047340007000000020497334B4BFC000900000003
:104744000204B933505A8C010B0000000204DB331D
:104754005F5F100200000000000000FFFFFF010087
:10476400007D0000010611130000010080A4BF07B2
:1047740001281113000001000100000002041113BC
:1047840000000100002B0C230206531300003C0020
:10479400030000000204531300003C000500000065
:1047A4000204753300008C000700000002049733F4
:1047B4002828FC00090000000204B93328288C01D1
:1047C4000B0000000204DB33282810021446010801
:1047D400D446010858470108108080802A323A00E4
:1047E4000203FF041080808002B7400203F8000037
:1047F4000000010104430591060C070B08400B82DD
:104804000C840D000E403C111282138414403D07A9
:104814001B4C1E880001010802010A333D00473287
:104824007B01341036100000374000100C000000EB
:1048340037040004C0000000000051C2520000010F
:104844004C432D5345524945530000004F0002008C
:1048540053000400440001005200400053002000B3
:104864005400800074000800580010004500000443
:1048740000000000000000003D940008000000005B
:10488400257320254625732F00000000257320255D
:10489400302E3166465300002520362E3346000064
:1048A400180000004D25640017252E3371487A0046
:1048B400252E3371487A00001725642D25643A00AB
:1048C40025632571487A0000254673202825466D06
:1048D400290000004D25643A000000002571487A43
:1048E4000000000025634564656C61793A20254623
:1048F40073202825466D2900533231206F66667374
:1049040065743A20252E33466442000025632573DE
:104914002025313571487A004357000053544152E1
:104924005400000053544F500000000043454E54BF
:10493400455200005350414E000000005354415270
:1049440054203073202020205646203D2025642505
:104954002500000053544F50202546732028254637
:104964006D29000042573A2575487A202575700054
:1049740050256300732564004C6F772D736964655B
:1049840000486967682D7061737300486967682D12
:1049940073696465004C6F772D70617373005332D3
:1049A400312046494C54455200663A20252E36465D
:1049B400487A2028254664422900427720282D255C
:1049C400646442293A20252E3646487A00513A201A
:1049D40025460066282D2564293A00526F6C6C3AEE
:1049E400004C2F43206D6174636820666F722073DE
:1049F4006F75726365205A30203D2025302E316654
:104A04001E004E6F204C43206D6174636820666FF6
:104A1400722074686973004E6F206E656564206649
:104A24006F72204C43206D6174636800537263207D
:104A34007368756E7400536572696573004C6F61B9
:104A440064207368756E7400533131204341424CC5
:104A540045005A30203D2025461E005646203D2064
:104A6400252E3266252520284C656E677468203D06
:104A74002025466D29004C656E677468203D20250D
:104A8400466D202856463D2564252529004C6F7324
:104A940073203D202546644220617420252E34462F
:104AA400487A00417474203D20254664422F3130F9
:104AB400306D20617420252E3446487A00533131FC
:104AC400205245534F4E414E4345002571487A2CA0
:104AD400202546252B6A461E00254664422F646520
:104AE4006300254664422F6F6374004E6F74206622
:104AF4006F756E640046733D2571487A004C6D3DB8
:104B04002546482020436D3D2546462020526D3DD4
:104B140025461E00513D252E33660046703D257105
:104B2400487A202017463D25640043703D254646BB
:104B340000000000000040400000C0400000204190
:104B44000000A04141444D495400000014120200E9
:104B5400481A0200C0330700184F070040771B00B3
:104B6400389C1C00E067350020753800009E390031
:104B7400C0FB3900C0CF6A00A0636F00201D9A00FB
:104B840070E09A00809FD500B0F6DA0020B21301DD
:104B9400C0381501406F4001104D470190CA7B0198
:104BA40030517D01003FAB01A02FC50180F0FA0216
:104BB40080F9370300449508004DD2088047A119B5
:104BC4008074D21A00E6E849006D7C4D141202008C
:104BD400481A0200C0330700184F070040771B0033
:104BE40080841E00E067350000093D0044565100F2
:104BF400C07E5200C0CF6A00A0636F00201D9A00DF
:104C040070E09A00809FD500B0F6DA0020B213015C
:104C1400C0381501406F4001104D470190CA7B0117
:104C240030517D01003FAB01A02FC50180F0FA0295
:104C340080F9370300449508004DD20880733B0D7A
:104C4400403A690D8047A1198074D21A806DC3352A
:104C54000028503700E6E849006D7C4D141202002C
:104C6400481A0200C0330700184F0700509E1B006B
:104C740080841E00E0673500C0FB39004CA8510059
:104C8400E4E25100C0CF6A0000DD6D00201D9A00EF
:104C940070E09A00809FD500B0F6DA0020B21301CC
:104CA400C0381501406F4001104D470190CA7B0187
:104CB40030517D01003FAB01A02FC50180F0FA0205
:104CC400007519030044950880C8B3088047A119EA
:104CD40000DE391A00E6E849006D7C4D141202002A
:104CE400481A0200C0330700184F0700509E1B00EB
:104CF40080841E00E0673500C0FB39004CA85100D9
:104D0400E4E25100C0CF6A0000DD6D00201D9A006E
:104D140070E09A00809FD500B0F6DA0020B213014B
:104D2400C0381501406F4001104D470190CA7B0106
:104D340030517D01003FAB01A02FC50180F0FA0284
:104D440000751903801D2C04A0BE3304004495088B
:104D540080C8B3088047A11900DE391A00E6E84983
:104D6400006D7C4D14120200481A0200C033070083
:104D7400184F070040771B0080841E00E067350051
:104D840000093D0044565100C07E5200C0CF6A0065
:104D9400A0636F00201D9A0070E09A00809FD500E8
:104DA400B0F6DA0020B21301C0381501406F40019B
:104DB400104D470190CA7B0130517D01003FAB018A
:104DC400A02FC50180F0FA0280F93703004495084A
:104DD400004DD20880733B0D403A690D00B10819AB
:104DE4008074D21A806DC3350028503700E6E84934
:104DF400006D7C4D14120200481A0200C0330700F3
:104E0400184F070040771B0080841E00E0673500C0
:104E140060823B004CA85100E4E25100C0CF6A001C
:104E240000DD6D00201D9A0070E09A00809FD5007F
:104E3400B0F6DA0020B21301C0381501406F40010A
:104E4400104D470190CA7B0130517D01003FAB01F9
:104E5400A02FC50180F0FA0280F9370300449508B9
:104E6400004DD2088047A11900DE391A00E6E8494E
:104E7400006D7C4D14120200481A0200C033070072
:104E8400184F070040771B00509E1B00E8D81B00FA
:104E9400389C1C00E067350060A03600B0E03700A5
:104EA40058423800F07C3800A0B33800E8243900B8
:104EB4009086390098D83900480F3A00C0CF6A006C
:104EC40000DD6D00201D9A0070E09A00809FD500DF
:104ED400B0F6DA0020B21301C0381501406F40016A
:104EE400104D470190CA7B0130517D01003FAB0159
:104EF400A02FC50180F0FA0280F937030044950819
:104F040080C8B3088047A11900DE391A00131A4B70
:104F1400006D7C4D14120200481A0200C0330700D1
:104F2400184F0700509E1B0080841E00E067350068
:104F3400C0FB3900043D5000247F5200C0CF6A00FA
:104F440000DD6D00201D9A0070E09A00809FD5005E
:104F5400B0F6DA0020B21301C0381501406F4001E9
:104F6400104D470190CA7B0130517D01003FAB01D8
:104F7400A02FC50180F0FA0200751903801D2C04CE
:104F8400A0BE33040044950880C8B3088047A11923
:104F940000DE391A00E6E84940E5F94E1412020031
:104FA400481A0200C0330700184F070040771B005F
:104FB40080841E00E067350000093D00445651001E
:104FC400C07E5200C0CF6A00A0636F00201D9A000B
:104FD40070E09A00809FD500B0F6DA0020B2130189
:104FE400C0381501406F4001104D470190CA7B0144
:104FF40030517D01003FAB01A02FC50180F0FA02C2
:1050040080F9370300449508004DD20880733B0DA6
:10501400403A690D00B108198074D21A806DC33505
:105024000028503700E6E849006D7C4D9C55010886
:10503400E04C010811000000A4550108684D010866
:1050440012000000AC550108F84D010810000000E2
:10505400B4550108A04F010812000000B85501081A
:10506400D04B010812000000C0550108184F010878
:1050740011000000C4550108604C01081000000034
:10508400CC550108784E010814000000D4550108DD
:10509400504B01081000000025342E3246256300D1
:1050A40000007FC07FC07FC07FC07FC07FC07FC043
:1050B4003F801F000E00040004000E001F003F800C
:1050C4007FC07FC07FC07FC07FC07FC07FC0000023
:1050D400FFE0802086208E20962086208620862051
:1050E4004F40208011000A000A0011002080464031
:1050F4008E2096208620862086208F208020FFE028
:10510400FFE080209F20B1A081A083208C20B020CC
:105114005F40208011000A000A00110020805F40D7
:10512400B1A081A083208C20B020BFA08020FFE00C
:10513400FFE080209F20B1A081A0872081A0B1A0A2
:105144005F40208011000A000A00110020805F40A7
:10515400B1A081A0872081A0B1A09F208020FFE082
:10516400FFE08020832087208F209B20B320BFA0D6
:105174004340208011000A000A00110020804340AF
:1051840087208F209B20B320BFA083208020FFE0B6
:10519400FFE08020BFA0B020BF20B1A081A0B1A0BB
:1051A4005F40208011000A000A00110020807FC0A7
:1051B400B020BF20B1A081A0B1A09F208020FFE03B
:1051C400FFE080209F20B1A0B020BF20B1A0B1A0FB
:1051D4005F40208011000A000A00110020805F4017
:1051E400B1A0B020BF20B1A0B1A05F408020FFE0FB
:1051F400FFE08020BFA0B1A081A0832086208C2066
:105204004C40208011000A000A00110020807FC059
:10521400B1A081A0832086208C204C408020FFE018
:10522400FFE080209F20B1A0B1A09F20B1A0B1A039
:105234005F40208011000A000A00110020805F40B6
:10524400B1A0B1A09F20B1A0B1A05F408020FFE039
:10525400C4530108C8530108B5A70008899700087A
:10526400D4530108D85301085DA7000889970008A2
:10527400E853010844590108899500088D950008F0
:10528400F0530108F8530108919500087DAA00081D
:105294000054010808540108919500087DAA0008EB
:1052A400145401081C540108F1A5000895A600082F
:1052B400245401082C540108F1A50008D9A60008BB
:1052C40038540108F853010841A60008D9A600087B
:1052D400445401080854010841A60008D9A600084E
:1052E40050540108F8530108E1AD000839AA000838
:1052F4005C54010808540108E1AD000839AA00080B
:1053040068540108F853010855A6000825A70008A9
:10531400745401080854010855A6000825A700087C
:10532400060001009C00010006000C009C000C001B
:10533400060017009C001700060022009C002200B3
:105344000000000000000000000000000003000056
:10535400C1A40008D9AA000802010000219D000888
:10536400F1AF000802010000219D0008F1AF000820
:1053740002010000219D0008F1AF000802010000B5
:10538400759B0008A9A20008010300009D9900086C
:1053940021B90008010300003DA00008BDB60008C3
:1053A4004C432D5348554E54005854414C2D5345AD
:1053B4005249455300000000C0F0FCF0C00000005A
:1053C4004C494E00252E326620252B2E31661F00B7
:1053D4004C4F4700252E3166644220252B2E316622
:1053E4001F0000005265202B20496D0052202B2005
:1053F4006A5800002546252B6A461E0052202B20A1
:105404004C2F430025461E2025462563000000003E
:1054140047202B206A4200002546252B6A4653006C
:1054240047202B204C2F4300254653202546256337
:10543400000000005270202B206A58700000000009
:105444005270202B204C2F4300000000522B6A582E
:10545400205348554E540000522B4C2F43205348A0
:105464002E2E0000522B6A582053455249455300B2
:10547400522B4C2F43205345522E2E004C4F474D58
:1054840041470000252E32662573000017252E3370
:1054940066257300504841534500000017252E32FD
:1054A40066257300252E344625730000534D495458
:1054B40048000000504F4C41520000004C494E45FA
:1054C4004152000017252E344625730053575200CD
:1054D400252E3366257300005245414C0000000020
:1054E400252E36662573000017252E356625730094
:1054F400494D414700000000252E36666A25730099
:1055040017252E35666A257300000000252E3346C4
:105514002573000017252E33462573001E00000056
:10552400580000007C5A7C005A2070686173650042
:10553400252E316625730000470000007C597C004D
:1055440052700000587000004373000046000000D1
:105554004C730000437000004C70000051000000C8
:10556400252E346625730000527365720000000016
:1055740058736572000000007C5A7365727C0000E9
:1055840052736800587368007C5A73687C0000008A
:1055940053575220414E5400494152552052310034
:1055A400494152552052320049415255205233004C
:1055B4005553410043414E4144410000554B0000C6
:1055C4004745524D414E59004A4150414E0000005A
:1055D4004155535452414C49410000008054010844
:1055E40088540108905401080C4901080000E04067
:1055F400000020415DA70008985401088854010860
:10560400A0540108E4530108000080400000B442A3
:1056140089970008B4700108A8540108A854010827
:1056240068710108000080405F708930D9960008D5
:10563400B054010800000000000000008038010898
:10564400000000000000803F00000000B854010882
:105654000000000000000000803801080000000085
:105664000000803F00000000C0540108A854010855
:10567400C854010880380108000000000000003E02
:10568400B5A70008D0540108D45401089054010867
:1056940080380108000000000000803E35A80008A2
:1056A400DC540108E4540108EC5401088038010872
:1056B400000080400000803E89950008F4540108F1
:1056C400FC5401080455010880380108000080409A
:1056D4000000803E8D950008BC5401081055010857
:1056E4001855010820550108000000000000C842B8
:1056F4009195000824550108105501081855010812
:1057040020550108000080400000C8427DAA00081E
:10571400285501081055010818550108205501089D
:10572400000000000000484271A800082C55010840
:1057340034550108A0540108E453010800008040D6
:105744000000B44281A900083C5501081055010825
:1057540018550108586D0108000000000AD7233CC1
:10576400F1A50008006D010810550108185501083D
:10577400586D0108000080400AD7233C95A6000814
:10578400405501081055010818550108586D0108C5
:10579400000000000AD7A33CD1A800084455010822
:1057A4001055010818550108205501080000000093
:1057B4000000C84241A600084855010810550108D8
:1057C4001855010820550108000080400000C84217
:1057D400D9A600084C550108A8540108C85401086A
:1057E400505501080000804077CC2B32B9AD000839
:1057F40054550108A8540108C8540108F46F01085D
:105804000000804077CC2B329DAD0008585501082C
:10581400A8540108C85401085055010800008040EC
:1058240077CC2B3209A700085C550108A85401085D
:10583400C8540108F46F01080000804077CC2B3273
:10584400EDA600086055010864550108905401084C
:10585400803801080000000000002041F5A900087C
:105864006C55010810550108185501082055010808
:10587400000080400000C84255A600087455010885
:1058840010550108185501082055010800008040F2
:105894000000C84225A700087C55010810550108DE
:1058A4001855010820550108000080400000C84236
:1058B400E5A8000884550108105501081855010889
:1058C40020550108000080400000C842E1AD0008F6
:1058D400885501081055010818550108205501087C
:1058E400000080400000C84239AA00088C55010815
:1058F4001055010818550108205501080000804082
:105904000000C84231A90008605501086455010827
:105914009054010880380108000000000000204174
:10592400BDA9000894550108D454010890540108F5
:1059340080380108000000000000803ED9A700085C
:105944002546252B6A460000736574204341424C6A
:1059540045204C4F53530000424D7A58020000003A
:1059640000007A0000006C00000040010000F0001C
:105974000000010010000300000000580200C40EE3
:105984000000C40E0000000000000000000000F849
:105994000000E00700001F00000000000000424774
:1059A400527300000000000000000000000000002E
:1059B40000000000000000000000000000000000E3
:1059C40000000000000000000000000000000000D3
:1059D400000000002400DC0058001429C400DC008E
:1059E400580014291C01DC002400140F0000DC0002
:1059F4002400140900000000A000160644454C00D1
:105A04003C003E0058004E4F204341524400455252
:105A1400524F52002D202575207C202575202D0005
:105A2400FFC0804080408040804080408040804073
:105A340080408040FFC0FFC08020806080C08180A3
:105A4400A340B6409C4088408040FFC000001E0038
:105A54002100408080408040804080404080210080
:105A64001E0000001E0021004C809E40BF40BF402D
:105A74009E404C8021001E00FFE080208FA099A052
:105A8400B1A0B1A0BFA0B1A0B1A08020FFE0FFE011
:105A94008020B1A0B1A0BBA0BFA0B5A0B5A0B1A00B
:105AA4008020FFE001030201040208061004000044
:105AB4009874010851DB0008E1D9000800000000D7
:105AC4009C74010851DB0008E1D9000800000000C3
:105AD400A074010865D90008CDD8000803000000AF
:105AE400A4740108FDD70008E5D6000803000000EF
:105AF4007043010875D600088DD600080000000028
:105B0400A874010861D6000800000000000000002D
:105B1400AC74010800000000F1D50008000000008A
:105B2400EC740108F4740108FC740108544F5543E3
:105B340048202573202A00544F5000424F54544F9C
:105B44004D0025730A200219252E3446257300437F
:105B540041424C45204C454E475448006D00452D6C
:105B640044454C415920532564310A200219252EFD
:105B7400374673004A4F4720535445500A200219B0
:105B8400252E3371487A0052454620504F534954CC
:105B9400494F4E0025730A200219252E344600531E
:105BA40043414C450025730A200219252E3446250D
:105BB400732F446976004A4F4720535445500A20B6
:105BC4000219254673000000000000005000340054
:105BD4000000500020002000205C01087C5E0108C9
:105BE400045E0108FC5B0108445C0108685C010870
:105BF400E05D0108285E01081000130A0300020199
:105C040012022203010411052106000710082009CD
:105C1400320B3315230C30FF31FF00001000130A40
:105C240003000201120222030104110521060007E8
:105C340010082009300F310E320D3314230C0000EC
:105C44001000130A030002011202220301041105C9
:105C5400210600071008200930113110320B3315CA
:105C6400230C00001000130A030002011202220395
:105C74000104110521060007100820093110320D16
:105C84003314230C30FF00000000204901089D0656
:105C940001080001284901089D0601080002304955
:105CA40001089D0601080003384901089D06010802
:105CB4000004AC6C01089D0601080005B46C0108E1
:105CC4009D0601080006C06C01089D06010801003C
:105CD400CC6C01086507010804003B5B01089903CB
:105CE400010806003B5B01089903010804013F5BBE
:105CF40001089903010806013F5B010899030108A3
:105D0400010CA35B0108C1040108060DA35B010893
:105D1400C104010803008B5B010825050108060086
:105D2400D46C01086D0501080600C06C0108550318
:105D340001080300DC6C0108C50501080200E86CD9
:105D44000108450701080100F46C0108E505010894
:105D54000500535B0108050601080000046D0108F5
:105D6400290701080000106D01080D070108010052
:105D74001C6D0108F10601080100286D010859068F
:105D840001080119346D010835E60008011A486D4F
:105D9400010835E6000803005C6D0108750601087A
:105DA4000700646D01089DFB00080701686D010888
:105DB4009DFB000807026C6D01089DFB00080703AA
:105DC400706D01089DFB00080704606D01089DFBD0
:105DD40000080705746D01089DFB00081000130AF4
:105DE4000300020112022203010411052106000727
:105DF40010082009301131123213330B230C000028
:105E04001000130A03000201120222030104110507
:105E140021060007100820093316230C30FF31FF38
:105E240032FF000028010031103220333034403575
:105E34005036603770388039903001511157214500
:105E440031524154515961557149814F9150024128
:105E540012532244324642475248624A724B824CA1
:105E6400925F032D135A2358334343565342634ED0
:105E7400734D831A931600001000130A03000201E5
:105E8400120222030104110521060007100820094B
:105E94003315230C30FF31FF32FF466F726D61748E
:105EA400206572720054524143452025640000006D
:105EB40002009074010809ED0008000000000000D1
:105EC400000000000300E474010871D40008030119
:105ED400E474010871D400080303E474010871D464
:105EE4000008030BE474010871D400080327E47468
:105EF400010871D400080383E474010871D4000814
:105F0400000000000000B45E010800000100946D70
:105F140001087C5F010803005473010861F1000863
:105F24000100607301086C680108030068730108CC
:105F340049E4000802007073010819D10008030045
:105F4400787301089DE0000803008073010875E080
:105F54000008000000000000B45E010843414C3A10
:105F6400202564700A20252E3646487A0A20252EDC
:105F74003646487A000000000301C8730108B5E4FE
:105F840000080302D0730108B5E400080300D873C5
:105F94000108B5E400080304E0730108B5E400084F
:105FA4000303E8730108B5E400080200F073010874
:105FB40095F100080201F873010895F1000800004A
:105FC40000000000B45E01085331312028524546D8
:105FD4004C290053323120285448525529000000DE
:105FE4000204446F0108EDFF0008000000000000F7
:105FF400B45E01080200CC6D0108EDFF0008020147
:10600400D86D0108EDFF00080100E46D0108EC60A3
:1060140001080203F46D0108EDFF00080100006EA1
:106024000108CC60010802020C6E0108EDFF0008B3
:106034000100146E0108346801080000000000002B
:10604400B45E01084E616E6F564E4100534E3A20C5
:10605400253038782D253038782D2530387820288B
:10606400257329005443584F203D202571487A2038
:1060740028257329000216496E206D656D6F7279AB
:10608400206F66204D61796102010054696D653AA3
:10609400203230253032642F253032642F253032BF
:1060A4006420253032643A253032643A2530326433
:1060B40020284C5325632900426174743A202564D6
:1060C4002E253033645600000302586F01088D02F8
:1060D400010803006C6F0108BDF000080000000017
:1060E4000000B45E010800000316206E010825F5C7
:1060F40000080315346E010825F500080317446EE3
:10610400010825F500080300586E0108DDF00008B9
:1061140003066C6E01088D02010803077C6E0108FA
:106124008D02010801008C6E0108906101080100D4
:10613400946E010848610108000000000000B45E8C
:10614400010800000300E06E0108F5E500080308FB
:10615400EC6E01088D020108030AFC6E01088D0231
:10616400010802050C6F010821F9000802061C6FE2
:106174000108290301080100346F0108E45F0108E4
:10618400000000000000B45E010800000200806FFF
:10619400010825020108000000000000B45E0108A7
:1061A40003002C71010875F0000801003471010826
:1061B400046301080100487101087C6301080300BD
:1061C4005C71010899DC00080100A35B0108B46854
:1061D400010801006C710108A86B010803007871C3
:1061E400010819F10008010090710108206A0108F2
:1061F400000000000000B45E010800000304B8546D
:106204000108B5F100080305C0540108B5F1000800
:106214000307DC540108B5F100080308F45401082D
:10622400B5F10008031694720108B5F10008030DD6
:10623400A0720108B5F10008030EAC720108B5F1B3
:106244000008030F40550108B5F100080100946EE1
:10625400010864620108000000000000B45E010847
:10626400030CB8720108B5F100080312C0720108EA
:10627400B5F100080313CC720108B5F1000803104E
:10628400D8720108B5F100080311E4720108B5F1F0
:1062940000080314F0720108B5F100080315FC723C
:1062A4000108B5F10008000000000000B45E010818
:1062B400039708730108B5F10008039814730108E3
:1062C400B5F10008039920730108B5F10008039A99
:1062D4002C730108B5F10008039B34730108B5F170
:1062E4000008039C3C730108B5F10008039D9472F7
:1062F4000108B5F10008000000000000B45E0108C8
:10630400030080540108B5F1000803019854010802
:10631400B5F100080302B4700108B5F100080303E5
:10632400B0540108B5F100080306D0540108B5F1D2
:106334000008031E94550108B5F1000803136472A4
:10634400010825F5000803097C720108B5F100086D
:10635400030A88720108B5F10008030B28550108E7
:10636400B5F100080100946E010800620108000004
:1063740000000000B45E0108038080540108B5F1F8
:106384000008038198540108B5F100080382B47031
:106394000108B5F100080383B0540108B5F1000801
:1063A4000384B8540108B5F100080385C0540108FA
:1063B400B5F100080387DC540108B5F1000803882F
:1063C400F4540108B5F100080100946E0108B462A8
:1063D4000108000000000000B45E010825730A02F1
:1063E400192573000300E86E010899D4000803011D
:1063F400E86E010899D400080302E86E010899D4F4
:1064040000080303E86E010899D400080304E86E49
:10641400010899D400080305E86E010899D400081E
:106424000306E86E010899D400080307E86E010822
:1064340099D400080308E86E010899D400080309F8
:10644400E86E010899D40008000000000000B45E62
:10645400010800000100946F010890650108030021
:10646400A46F01089DE5000802FFB46F0108F1DC88
:1064740000080201C46F0108F1DC00080100D46FB8
:106484000108A06401080300E06F010825E000088A
:10649400000000000000B45E0108000002008C70DF
:1064A4000108A9F50008020194700108A9F5000883
:1064B40002029C700108A9F500080203A8700108F3
:1064C400A9F500080206B0700108A9F5000800004B
:1064D40000000000B45E01080300E86E01081DF42A
:1064E40000080301E86E01081DF400080302E86EC9
:1064F40001081DF400080303E86E01081DF40008F8
:106504000304E86E01081DF400080305E86E0108A1
:106514001DF400080306E86E01081DF400080307D3
:10652400E86E01081DF400080308E86E01081DF474
:106534000008000000000000B45E01080300E86EDB
:1065440001081DF400080301E86E01081DF40008A9
:106554000302E86E01081DF400080309E86E01084F
:106564001DF40008030AE86E01081DF40008030B7B
:10657400E86E01081DF40008030CE86E01081DF420
:106584000008000000000000B45E01080300BC70B5
:106594000108A9D100080301BC700108A9D10008B1
:1065A4000302BC700108A9D100080303BC700108F0
:1065B400A9D100080304BC700108A9D1000803058F
:1065C400BC700108A9D100080306BC700108A9D158
:1065D40000080307BC700108A9D100080200C870B4
:1065E400010861D100080300D0700108FDE0000833
:1065F400000000000000B45E0108000003006668AB
:1066040001089DEC00080301EC6F01089DEC0008F3
:106614000306F86F01089DEC0008030708700108E1
:106624009DEC000803021C7001089DEC00080303A4
:106634002C7001089DEC00080304407001089DECD7
:1066440000080305547001089DEC000800000000D8
:106654000000B45E010800000300666801089DECB8
:1066640000080306F86F01089DEC0008031274701B
:10667400010825F500080314535B010825F50008FB
:10668400000000000000B45E01080000030066681A
:1066940001089DEC00080305547001089DEC0008F6
:1066A400000000000000B45E0108000003006668FA
:1066B40001089DEC00080301EC6F01089DEC000843
:1066C400000000000000B45E0108000003006668DA
:1066D40001089DEC00080307087001089DEC000800
:1066E400000000000000B45E0108000003006668BA
:1066F40001089DEC000803021C7001089DEC0008D1
:1067040003032C7001089DEC000803044070010889
:106714009DEC000803186470010825F500080000CA
:1067240000000000B45E01080300B4740108C5D57C
:1067340000080301B4740108C5D500080302B47449
:106744000108C5D500080303B4740108C5D50008C1
:106754000304B4740108C5D500080305B474010822
:10676400C5D500080306B4740108C5D5000803079D
:10677400B4740108C5D50008000000000000B45E30
:106784000108504155534500524553554D450000AD
:1067940003FFF87001089DD500080300BC740108CC
:1067A4009DD500080301BC7401089DD500080302AF
:1067B400BC7401089DD500080303BC7401089DD571
:1067C4000008000000000000B45E0108504F574567
:1067D400520219202025756D4100000002049473B3
:1067E4000108290301080300A8730108F1E3000864
:1067F4000301A8730108F1E300080302A873010868
:10680400F1E300080303A8730108F1E3000803049B
:10681400A8730108F1E30008000000000000B45E62
:106824000108252E3646487A0A252E3646487A002F
:1068340003199C6E010825F50008031AA86E0108C7
:1068440025F50008031BB46E010825F500080300B4
:10685400CC6E010841E00008000000000000B45EB6
:1068640001084F46460000000204B473010821F9F0
:1068740000080300A873010815ED00080301A873BC
:10688400010815ED00080302A873010815ED0008BE
:106894000303A873010815ED00080304A873010895
:1068A40015ED0008000000000000B45E01080000BF
:1068B40003002C71010849DC000802001072010871
:1068C40021E2000803083B5B010861F50008030AA4
:1068D4003F5B010861F50008030CA35B010861F547
:1068E4000008030E8B5B010861F50008030FD46CEC
:1068F400010825F5000803111C72010825F500089C
:106904000304347201088D0201080305487201086A
:106914008D0201080300547201083DF100080000D3
:1069240000000000B45E01080100D87301087C690E
:10693400010802000474010821F90008020110741E
:10694400010821F9000802021C74010821F9000859
:1069540002042874010821F9000803003C740108AA
:106964008D0201080309487401088D020108000022
:1069740000000000B45E010802025C7401082903EF
:10698400010802006C7401082903010802017874EB
:106994000108290301080204847401082903010879
:1069A400000000000000B45E0108000003007C6FDA
:1069B400010821DD000803017C6F010821DD0008C6
:1069C40003027C6F010821DD000803037C6F0108CA
:1069D40021DD000803047C6F010821DD00080305A4
:1069E4007C6F010821DD000803067C6F010821DDAE
:1069F400000803077C6F010821DD000803087C6F91
:106A0400010821DD000803097C6F010821DD00086D
:106A1400000000000000B45E0108000003019C7146
:106A240001088D0201080300B071010879E500082E
:106A34000301BC71010879E500080302BC71010877
:106A440079E500080304BC71010879E50008030531
:106A5400BC71010879E500080306BC71010879E5F9
:106A64000008000000000000B45E01080300204993
:106A7400010825F5000803012849010825F5000847
:106A840003023049010825F50008030338490108C9
:106A940025F500080304AC6C010825F5000803057E
:106AA400D870010825F500080306EC70010825F5E7
:106AB40000080300007101089DF00008030B147125
:106AC40001088D020108000000000000B45E010806
:106AD400434C4541520053544F5245000307C4747C
:106AE400010825F500080300D8740108D1D4000872
:106AF4000301D8740108D1D400080000000000008C
:106B0400B45E01080100786D0108A4610108010068
:106B1400806D0108586401080100886D0108706ADD
:106B240001080100946D0108105F01080100A06DC7
:106B34000108E06701080200A86D0108FDF00008E3
:106B44000100B06D01082C6901080100B86D01084D
:106B5400F85F01080300C06D010819DC000800009B
:106B640000000000000000000300A95E010819E510
:106B740000080301A95E010819E500080302A95EE3
:106B8400010819E500080303A95E010819E50008D6
:106B9400030048730108F1E400080000000000004D
:106BA400B45E01080300C0710108C5E000080302D7
:106BB400D0710108FDDF00080304E4710108FDDF62
:106BC40000080300F4710108FDDF000803000072EF
:106BD4000108F5CF000803127470010825F50008B8
:106BE400000000000000B45E01084D4158494D55B5
:106BF4004D004D494E494D554D004E4F524D414C5F
:106C040000000000330065002146696C6520637252
:106C14006561746564206279204E616E6F564E41E1
:106C24000D0A2320487A205320524920522035301F
:106C34000D0A0000257520252066202520660D0AF2
:106C4400000000002146696C65206372656174650B
:106C540064206279204E616E6F564E410D0A2320E6
:106C6400487A205320524920522035300D0A000022
:106C740025752025206620252066202520662025D0
:106C8400206620302030203020300D0A0000000023
:106C94004D4158494D554D004D494E494D554D00B6
:106CA4005A45524F000000004357204652455100B8
:106CB4004652455120535445500000004A4F472046
:106CC4005354455000000000504F494E54530000A7
:106CD400452D44454C415900533231204F464653CB
:106CE4004554000056454C4F43495459252500004E
:106CF4004341424C45204C4F535320644200000012
:106D04005443584F2032364D487A00005448524577
:106D140053484F4C44000000424154204F464653D0
:106D2400455400004D45415355524520526C0000D6
:106D340053455420444154450A5959204D4D20444B
:106D4400440000005345542054494D450A48482006
:106D54004D4D2053530000005254432043414C00F6
:106D64005331500053325000424D500054494600B4
:106D740042494E00444953504C4159004D41524BF5
:106D8400455200005354494D554C555300000000E2
:106D940043414C494252415445000000524543414D
:106DA4004C4C00004D45415355524500534420433B
:106DB40041524400434F4E464947000025730A534D
:106DC4005745455000000000544F55434820434167
:106DD4004C000000544F5543482054455354000080
:106DE4004558504552540A53455454494E4753004C
:106DF4005341564520434F4E46494700434F4E4E5C
:106E0400454354494F4E000056455253494F4E0096
:106E1400444154452F54494D4500000054485245BF
:106E240053484F4C440A200219252E3671000000A5
:106E34005443584F0A200219252E367100000000D1
:106E440056424154204F46465345540A20021925C0
:106E5400756D56004946204F46465345540A200254
:106E6400192564487A00000052454D454D4245526B
:106E74000A53544154450000464C49500A4449536E
:106E8400504C4159000000001B44465500000000CE
:106E94001B204D4F52450000534554204441544556
:106EA400000000005345542054494D4500000000A3
:106EB4005254432043414C0A200219252B622E339D
:106EC4006670706D00000000525443203531324822
:106ED4007A0A204C65643220257300004D4F4445E6
:106EE4000A20021925730000534550415241544F62
:106EF400520A20021925730055534220444556492D
:106F040043450A554944000044554D500A464952E8
:106F14004D574152450000004C4F414420434F4DD2
:106F24004D414E440A20534352495054000000003E
:106F3400434C45415220434F4E4649470000000010
:106F4400434C45415220414C4C0A414E4420524549
:106F540053455400434F4E4E454354494F4E0A2027
:106F6400021925730000000053455249414C205337
:106F7400504545440A2002192575000052455345E1
:106F84005420414E440A454E54455220444655002F
:106F940053454C4543540A4D41524B455200000061
:106FA4005345415243480A2002192573000000004A
:106FB4005345415243480A201A4C454654000000A8
:106FC4005345415243480A201B5249474854000044
:106FD4004F5045524154494F4E530000545241437F
:106FE4004B494E47000000004C2F43204D41544371
:106FF400480000004341424C450A202853313129BE
:10700400000000005245534F4E414E43450A20288C
:1070140053313129000000005348554E54204C434D
:107024000A20285332312900534552494553204CF4
:10703400430A2028533231290000000053455249A5
:1070440045530A5854414C2028533231290000003A
:1070540046494C5445520A20285332312900000035
:1070640020526C203D20021925622E34461E000059
:1070740056454C4F4349545920462E0A200219259F
:1070840064252525250000001B205354415254003B
:107094001B2053544F5000001B2043454E5445526F
:1070A400000000001B205350414E00001B20452DC2
:1070B40044454C41590000004D41524B4552202556
:1070C40064000000414C4C204F46460044454C545B
:1070D400410000004652455120535445500A2002B5
:1070E40019256246487A00004A4F472053544550B8
:1070F4000A2002194155544F0000000053574545DA
:107104005020504F494E54530A200219257500004F
:107114004D555445204F55545055540A4F4E205008
:1071240041555345000000005452414345000000BE
:10713400464F524D41540A2053313120285245467E
:107144004C290000464F524D41540A2053323120FD
:1071540028544852552900004348414E4E454C0A94
:1071640020021925730000005452414E53464F52D9
:107174004D00000049462042414E4457494454487A
:107184000A2002192575487A000000004441544140
:1071940020534D4F4F544800534D4F4F54480A20ED
:1071A400021925732061766700000000534D4F4F8C
:1071B40054480A4F46460000782564005452414E14
:1071C40053464F524D0A2573000000004C4F572080
:1071D400504153530A494D50554C5345000000004B
:1071E4004C4F5720504153530A535445500000000C
:1071F40042414E44504153530000000057494E440D
:107204004F570A2002192573000000004155544FBE
:10721400205343414C450000533231204F464653DE
:1072240045540A20021925622E33466442000000A8
:1072340053484F5720475249440A56414C554553E9
:1072440000000000444F542047524944000000000D
:1072540048414D2042414E44530A200219257300EF
:107264004341424C45204C4F53530A200219256296
:107274002E33466442000000524553495354414E54
:10728400434500005245414354414E4345000000EC
:107294005120464143544F5200000000434F4E4496
:1072A400554354414E43450053555343455054416F
:1072B4004E4345005A2050484153450053455249D6
:1072C4004553204300000000534552494553204C88
:1072D40000000000504152414C4C454C20520000EB
:1072E400504152414C4C454C2058000050415241B1
:1072F4004C4C454C20430000504152414C4C454CB1
:10730400204C0000534552494553205200000000D0
:1073140053455249455320580000000053455249F3
:107324004553207C5A7C00005348554E542052004B
:107334005348554E542058005348554E54207C5AB7
:107344007C00000025732054524143450000000096
:10735400504F57455220204155544F0053415645F4
:107364000000000052414E4745000000524553457D
:10737400540000004150504C59000000454E484113
:107384004E4345440A524553504F4E534500000066
:107394004C4F41442046524F4D0A20534420434110
:1073A40052440000456D707479202564000000008B
:1073B4005341564520544F0A2053442043415244DC
:1073C400000000004F50454E0000000053484F524B
:1073D400540000004C4F41440000000049534F4CFE
:1073E4004E0000005448525500000000444F4E45E2
:1073F40000000000444F4E4520494E2052414D00AC
:107404005341564520533150000000005341564526
:10741400205332500000000053435245454E534818
:107424004F540000534156450A43414C494252418E
:1074340054494F4E000000004155544F204E414DD9
:1074440045000000494D41474520464F524D4154A7
:107454000A200219257300004C4F41440A53435239
:1074640045454E53484F54004C4F414420533150EE
:10747400000000004C4F41442053325000000000F3
:107484004C4F41442043414C000000001A2042412B
:10749400434B00007331700073327000626D7000F2
:1074A4007469660062696E00636D647C6E76730055
:1074B4002564487A000000002575206D4100000015
:1074C40053455420504F494E54530A200219256401
:1074D40000000000256420706F696E7400000000D5
:1074E400257520487A000000536935333531000092
:1074F4004D5335333531000053574335333531005F
:1075040049492A00080000000700000103000100A7
:107514000000400100000101030001000000F00030
:1075240000000201030003000000620000000301E8
:1075340003000100000005800000060103000100B3
:1075440000000200000011010400010000006800B6
:10755400000015010300010000000300000000000A
:107564000000080008000800080049002A0008007C
:10757400F78008002A00490008004446553A204490
:107584006576696365204669726D77617265205519
:107594007064617465204D6F64650A546F2065786A
:1075A400697420444655206D6F64652C20706C65A9
:1075B40061736520726573657420646576696365BB
:1075C40020796F757273656C662E000095ED000866
:1075D40069F900089DF3000849F3000891E90008DF
:1075E40091EB00089DFE000819FE0008202046616A
:1075F400696C207772697465202000253038782EF4
:1076040025730025732E25730053442043415244AF
:107614002053415645005550504552204C45465440
:10762400004C4F57455220524947485400544F5537
:10763400434820544553543A204452414720504132
:107644004E454C2C20505245535320425554544FD0
:107654004E20544F2046494E495348002533642058
:107664002533642000000000004B00000096000059
:1076740000E1000000C201000084030000080700CC
:1076840000100E0000201C0080841E00C0C62D00C7
:10769400000000000004B42601080004C02601080C
:1076A40000040000000000040000000002040000C8
:1076B40000000204000000000004000000001A079B
:1076C400CC2601082804E02601080004000000007C
:1076D4000004000000000004010028003601603AA4
:1076E4000155BB011FC20201C31100290000FFFFA5
:1076F40001002800C00123C10110C5023E28C701B2
:10770400BE3601283A0155B1020018260101E00FE6
:107714000F312B0C0E084EF1370710030E0900E150
:107724000F000E1403110731C148080F0C31360F36
:10773400B70106B603088227F603000000110029EA
:10774400000000002888E8486000A0C00008040C7D
:10775400020A060E0109030B050D070F00000000C5
:10776400900E493CB00AC93C2CC3163D2FFB483D42
:10777400742B7B3D05A9963D80B6AF3D36BDC83D13
:107784002EBCE13D73B2FA3D86CF093E8340163EDE
:10779400B6AB223EA2102F3ECF6E3B3EC2C5473E43
:1077A4000115543E135C603E7F9A6C3ECCCF783E0C
:1077B400C07D823E938E883E229A8E3E31A0943EB6
:1077C40086A09A3EE59AA03E128FA63ED47CAC3E9B
:1077D400EF63B23E2A44B83E4A1DBE3E15EFC33E97
:1077E40053B9C93ECA7BCF3E4136D53E80E8DA3E26
:1077F4004F92E03E7533E63EBBCBEB3EEA5AF13E98
:10780400CBE0F63E275DFC3EE4E7003F3D9C033FB2
:10781400824B063F9BF5083F6B9A0B3FDA390E3FCC
:10782400CDD3103F2A68133FD9F6153FC07F183FC8
:10783400C6021B3FD17F1D3FCBF61F3F9967223FF6
:1078440025D2243F5636273F1594293F4AEB2B3F38
:10785400DE3B2E3FBB85303FC9C8323FF304353F82
:10786400233A373F4268393F3B8F3B3FF9AE3D3FB8
:1078740067C73F3F70D8413F00E2433F03E4453FC1
:1078840065DE473F12D1493FF8BB4B3F029F4D3F56
:107894001F7A4F3F3D4D513F4918533F31DB543F11
:1078A400E595563F5348583F6AF2593F1A945B3F57
:1078B400532D5D3F05BE5E3F2146603F98C5613F45
:1078C4005A3C633F59AA643F880F663FD86B673FB1
:1078D4003CBF683FA7096A3F0C4B6B3F5E836C3F1C
:1078E40093B26D3F9ED86E3F73F56F3F0809713FA9
:1078F4005213723F4714733FDD0B743F0BFA743F0E
:10790400C6DE753F07BA763FC58B773FF853783F9D
:107914009812793F9DC7793F02737A3FBE147B3F2B
:10792400CDAC7B3F283B7C3FC9BF7C3FAC3A7D3F1D
:10793400CCAB7D3F24137E3FB0707E3F6DC47E3F51
:10794400580E7F3F6D4E7F3FAB847F3F0FB17F3F2B
:1079540098D37F3F43EC7F3F11FB7F3F0000803F84
:08796400CC8CFE7F0100000045
:10796C000040380000000800564E4F4364A3E1115C
:10797C00E02E000012021B03840D160D000082077E
:10798C00A401030000460000FFFF8410E73C000048
:10799C00D69AFFE007FF07E0F81FF800001F1F0052
:1079AC00F80087F0FFFF8410001FC6380000FFFFAF
:1079BC00FFFF630C1F00F80000180000000000001F
:1079CC0000000000000000000096000080BA8C014E
:1079DC000000484200000000000000005044010874
:1079EC006044010898440108AC440108D4440108DF
:1079FC00E4440108004501083C45010860450108C4
:107A0C0090450108000000000100E900360100006B
:107A1C00D99300081D00000000660108B06601083B
:107A2C00F0660108F0660108F0660108906601082E
:107A3C005C660108D0660108086B010800000000B4
:107A4C00000000000000000000000000FF0000002B
:087A5C00E9110108DF5EF8FFEB
:04000005080000C12E
:00000001FF
