:020000040800F2
:1000000000010020A1010008950C0008F5880008F7
:10001000950C0008950C0008950C0008950C00083C
:10002000950C0008950C0008950C0008E5110008D7
:10003000950C0008950C0008950C0008950C00081C
:10004000950C0008950C0008950C0008950C00080C
:10005000950C0008950C0008950C00083536010831
:100060004D36010865360108950C0008950C00080E
:10007000950C0008950C000819360108950C00082D
:10008000950C0008950C000855310108950C0008E6
:10009000950C0008950C0008950C0008950C0008BC
:1000A000950C0008950C0008950C0008950C0008AC
:1000B00099200008950C0008950C0008950C000884
:1000C000950C0008950C0008950C0008950C00088C
:1000D000950C00081D210008950C0008950C0008DF
:1000E000950C0008950C0008950C0008950C00086C
:1000F000950C0008950C0008950C0008950C00085C
:10010000950C0008950C0008950C0008950C00084B
:10011000950C0008950C0008950C0008950C00083B
:10012000950C0008950C0008950C0008950C00082B
:10013000950C0008950C0008950C0008950C00081B
:10014000950C0008950C0008950C0008950C00080B
:10015000950C0008950C0008950C0008950C0008FB
:10016000950C0008950C0008950C0008AD240008BB
:10017000950C0008950C0008950C0008950C0008DB
:10018000950C0008950C0008950C0008950C0008CB
:10019000950C0008950C0008950C0008950C0008BB
:1001A00072B6344880F3098840F20000CCF20000B7
:1001B0004EF63471CEF200010860BFF34F8FBFF3EB
:1001C0006F8F40F20000C0F2F0004EF68851CEF280
:1001D00000010860BFF34F8FBFF36F8F4FF0000037
:1001E000E1EE100A4EF63C71CEF2000108600620E6
:1001F00080F31488BFF36F8F00F012FD02F09CFAB9
:100200004FF055301C491D4A91423CBF41F8040B48
:10021000FAE71B49174A91423CBF41F8040BFAE741
:100220001849194A194B9A423EBF51F8040B42F83B
:10023000040BF8E700201649164A91423CBF41F8EA
:10024000040BFAE700F0F2FC00F0ECFC124C134D4A
:10025000AC4203DA54F8041B8847F9E708F09AF92E
:100260000F4C104DAC4203DA54F8041B8847F9E7F1
:1002700000F0DABC00030020000000200001002094
:10028000000100205C96010800030020F00300201C
:10029000F0030020049B0020A0010008A00100083A
:1002A000A0010008A00100082DE9F04F2DED108AF3
:1002B000C1F80CD0C3689D46BDEC108ABDE8F08F34
:1002C000002383F311882846A047002000F042FF56
:1002D00000F0D0FE00DFFEE781F0004102E000BF49
:1002E00083F0004330B54FEA41044FEA430594EAF6
:1002F000050F08BF90EA020F1FBF54EA000C55EA31
:10030000020C7FEA645C7FEA655C00F0E2804FEA01
:100310005454D4EB5555B8BF6D420CDD2C4480EAE3
:10032000020281EA030382EA000083EA010180EA13
:10033000020281EA0303362D88BF30BD11F0004F61
:100340004FEA01314FF4801C4CEA113102D0404297
:1003500061EB410113F0004F4FEA03334CEA1333D2
:1003600002D0524263EB430394EA050F00F0A780EA
:10037000A4F10104D5F1200E0DDB02FA0EFC22FAE5
:1003800005F2801841F1000103FA0EF2801843FAD9
:1003900005F359410EE0A5F120050EF1200E012ACA
:1003A00003FA0EFC28BF4CF0020C43FA05F3C01808
:1003B00051EBE37101F0004507D54FF0000EDCF181
:1003C000000C7EEB00006EEB0101B1F5801F1BD32A
:1003D000B1F5001F0CD349085FEA30004FEA3C0C2E
:1003E00004F101044FEA445212F5800F80F09A8024
:1003F000BCF1004F08BF5FEA500C50F1000041EB28
:10040000045141EA050130BD5FEA4C0C404141EB2B
:10041000010111F4801FA4F10104E9D191F0000F52
:1004200004BF01460020B1FA81F308BF2033A3F1D5
:100430000B03B3F120020CDA0C3208DD02F1140CCC
:10044000C2F10C0201FA0CF021FA02F10CE002F107
:100450001402D8BFC2F1200C01FA02F120FA0CFC00
:10046000DCBF41EA0C019040E41AA2BF01EB045149
:10047000294330BD6FEA04041F3C1CDA0C340EDC47
:1004800004F11404C4F1200220FA04F001FA02F38A
:1004900040EA030021FA04F345EA030130BDC4F148
:1004A0000C04C4F1200220FA02F001FA04F340EA3D
:1004B0000300294630BD21FA04F0294630BD94F0EE
:1004C000000F83F4801306BF81F480110134013DD5
:1004D0004EE77FEA645C18BF7FEA655C29D094EA46
:1004E000050F08BF90EA020F05D054EA000C04BFC4
:1004F0001946104630BD91EA030F1EBF00210020AF
:1005000030BD5FEA545C05D14000494128BF41F04D
:10051000004130BD14F580043CBF01F5801130BDB1
:1005200001F0004545F0FE4141F470014FF000003C
:1005300030BD7FEA645C1ABF194610467FEA655CED
:100540001CBF0B46024650EA013406BF52EA03358F
:1005500091EA030F41F4002130BD00BF90F0000F7D
:1005600004BF0021704730B54FF4806404F13204B9
:100570004FF000054FF0000150E700BF90F0000F72
:1005800004BF0021704730B54FF4806404F1320499
:1005900010F0004548BF40424FF000013EE700BF69
:1005A00042004FEAE2014FEA31014FEA02701FBFF9
:1005B00012F07F4393F07F4F81F06051704732F02B
:1005C0007F4208BF704793F07F4F04BF41F4002182
:1005D000704730B54FF4607401F0004521F00041E0
:1005E0001CE700BF50EA010208BF704730B54FF06A
:1005F00000050AE050EA010208BF704730B511F06B
:10060000004502D5404261EB41014FF4806404F1A2
:1006100032045FEA915C3FF4D8AE4FF003025FEA28
:10062000DC0C18BF03325FEADC0C18BF033202EBAC
:10063000DC02C2F1200300FA03FC20FA02F001FA06
:1006400003FE40EA0E0021FA02F11444BDE600BFA9
:100650004FEA4102B2F1E04324BFB3F5001CDCF1E4
:10066000FE5C0DD901F0004C4FEAC0024CEA50701C
:10067000B2F1004F40EB830008BF20F0010070474B
:1006800011F0804F21D113F13872BCBF01F000404E
:10069000704741F480114FEA5252C2F11802C2F180
:1006A000200C10FA0CF320FA02F018BF40F0010001
:1006B0004FEAC1234FEAD32303FA0CFC40EA0C00B3
:1006C00023FA02F34FEA4303CCE77FEA625307D1F0
:1006D00050EA01331EBF4FF0FE4040F44000704727
:1006E00001F0004040F0FE4040F40000704700BFC1
:1006F00080F0004002E000BF81F0004142001FBFD7
:100700005FEA410392EA030F7FEA226C7FEA236CDF
:100710006AD04FEA1262D2EB1363C1BFD2184140D4
:1007200048404140B8BF5B42192B88BF704710F06A
:10073000004F40F4000020F07F4018BF404211F00D
:10074000004F41F4000121F07F4118BF494292EA75
:10075000030F3FD0A2F1010241FA03FC10EB0C00A1
:10076000C3F1200301FA03F100F0004302D549422E
:1007700060EB4000B0F5000F13D3B0F1807F06D3DB
:1007800040084FEA310102F10102FE2A51D2B1F1D3
:10079000004F40EBC25008BF20F0010040EA0300C8
:1007A0007047490040EB000010F4000FA2F1010275
:1007B000EDD1B0FA80FCACF1080CB2EB0C0200FAFF
:1007C0000CF0AABF00EBC25052421843BCBFD0404D
:1007D0001843704792F0000F81F4000106BF80F4C7
:1007E00000000132013BB5E74FEA41037FEA226C8A
:1007F00018BF7FEA236C21D092EA030F04D092F055
:10080000000F08BF0846704790EA010F1CBF002088
:10081000704712F07F4F04D1400028BF40F00040E5
:10082000704712F100723CBF00F50000704700F005
:10083000004343F0FE4040F4000070477FEA22622C
:1008400016BF08467FEA23630146420206BF5FEAFD
:10085000412390EA010F40F4800070474FF00003FD
:1008600004E000BF10F0004348BF40425FEA000CC4
:1008700008BF704743F0964301464FF000001CE06C
:1008800050EA010208BF70474FF000030AE000BFC2
:1008900050EA010208BF704711F0004302D5404200
:1008A00061EB41015FEA010C02BF84460146002072
:1008B00043F0B64308BFA3F18053A3F50003BCFA8D
:1008C0008CF2083AA3EBC25310DB01FA02FC63443A
:1008D00000FA02FCC2F12002BCF1004F20FA02F241
:1008E00043EB020008BF20F00100704702F1200234
:1008F00001FA02FCC2F1200250EA4C0021FA02F295
:1009000043EB020008BF20EADC70704753B94AB9D4
:10091000002908BF00281CBF4FF0FF314FF0FF3007
:1009200000F074B9ADF1080C6DE904CE00F006F8E2
:10093000DDF804E0DDE9022304B070472DE9F0475B
:10094000089E04468846002B40F085808A42154662
:1009500048D9B2FA82F24AB1C2F1200701FA02F391
:1009600020FA07F7954047EA030894404FEA154EEE
:10097000230CB8FBFEF71FFA85FC0EFB178843EA31
:10098000084307FB0CF1994209D9EB1807F1FF3036
:1009900080F0E380994240F2E080023F2B445B1AF2
:1009A000A4B2B3FBFEF00EFB103344EA034400FB99
:1009B0000CFCA44509D92C1900F1FF3380F0CB8041
:1009C000A44540F2C88002382C4440EA0740A4EB1A
:1009D0000C0400271EB1D4400023C6E90043394669
:1009E000BDE8F087002A53D0B2FA82F2002A40F024
:1009F000B680491B4FEA154E1FFA85F80127B1FB57
:100A0000FEFC230C0EFB1C1143EA014308FB0CF116
:100A1000994207D9EB180CF1FF3002D2994200F24B
:100A2000EC808446591AA3B2B1FBFEF00EFB101401
:100A300043EA044408FB00F8A04507D92C1900F14B
:100A4000FF3302D2A04500F2DC801846A4EB080474
:100A500040EA0C40BEE78B4208D9002E78D0002730
:100A6000C6E9000138463946BDE8F087B3FA83F796
:100A70007FB98B4202D3824200F2BD80841A61EBBF
:100A8000030301209846002EA9D0C6E90048A6E736
:100A9000FFDEC7F12005BB4022FA05FC4CEA030C3F
:100AA00001FA07F420FA05F821FA05F34FEA1C4E83
:100AB00048EA0404B3FBFEF9210C0EFB19331FFABC
:100AC0008CF841EA034309FB08FA9A4502FA07F257
:100AD00000FA07F10BD91CEB030309F1FF3080F09A
:100AE00088809A4540F28580A9F102096344A3EB0E
:100AF0000A03A4B2B3FBFEF00EFB103344EA034436
:100B000000FB08F8A04508D91CEB040400F1FF33F2
:100B10006BD2A04569D90238644440EA0940A4EB8D
:100B20000804A0FB02894C45C6464B4654D351D01D
:100B3000002E69D0B1EB0E0264EB030404FA05F554
:100B400022FA07F3FC401D43C6E90054002746E79C
:100B50003746304643E7184637E707461FE7C2F1F6
:100B6000200320FA03F7954001FA02F021FA03F37B
:100B70004FEA154E3843010CB3FBFEF71FFA85F818
:100B80000EFB173341EA034107FB08F38B4204FADB
:100B900002F407D9691807F1FF3C28D28B4226D905
:100BA000023F2944CB1A81B2B3FBFEF00EFB103397
:100BB00041EA034100FB08F38B4207D9691800F1B1
:100BC000FF3C10D28B420ED902382944C91A40EAA0
:100BD000074714E74145ABD2B8EB020E69EB0C02B4
:100BE00001381346A4E76046F0E7184695E76746E4
:100BF000D8E781467BE7384645E7ACF1020C2B4449
:100C000010E702382C4421E73746E8E6704700BF7A
:100C1000034613F8012B002AFBD1181A013870473C
:100C2000704700BF704700BFFEE700BFF0B4144F2D
:100C3000144D1548154B164907F1700C00269842C3
:100C400013D904391A4651F8044F42F8044B904224
:100C5000F9D8421ED21A22F003020432134404E0EF
:100C6000674505D10AE043F8046B9D42FBD8F7E7DE
:100C7000D7E90413D7E906051037E0E7F0BC704761
:100C8000903C0108049B0020049B0020049B002052
:100C90004C970108FEE700BFFEE700BF38B5184CCF
:100CA00000F004F900F07EF820468022154900F09B
:100CB000E3F9154B44F8180C144901610122002492
:100CC00002759C60D968124A12484FF6FF05294008
:100CD0000A43DA60C268104942F08072C2600A6852
:100CE000102542F0010220200A60DD7783F82200FF
:100CF00084F3118862B60948BDE8384000F0E2B9D3
:100D000050050020103D010800ED00E0000100202A
:100D10000003FA05F0ED00E0001000E0183D0108C6
:100D200072B6014B5862FEE7280500202DE9F04716
:100D30001B4D4FF080466C692A6A706AA368811A5D
:100D4000994205F1140900D21CE000274FF0200859
:100D50002168D4F80CA0134449452B62C1F80490D3
:100D60006961E76001D100F09DFA87F3118820697D
:100D7000D04788F311886C69706A2A6AA368811A5F
:100D80008B42E5D94C4509D013441B1A022B2CBFCA
:100D9000C0180230BDE8F04700F08ABABDE8F0871D
:100DA00028050020054B4FF0FF30002103F114020D
:100DB000C3E90701C3E90522704700BF28050020E9
:100DC000F8B51C4F3D46022955F8144F03614FF00A
:100DD000804338BF0221AC420646C260586A0AD13D
:100DE0003862C7E905660844C6E90044B160BDE859
:100DF000F84000F04FBA3D6AA3680844451BAB4277
:100E000003D900F055FA7C69A3689D4204D924688F
:100E1000ED1AA368AB42FAD36368C6E900431E60CB
:100E20006660B560A3684FF0FF325D1BA560FA6194
:100E3000F8BD00BF280500201B4B0268596981429C
:100E400010B40DD041680A600268143300249A423D
:100E50005160C46025D0816893680B44936020E0A2
:100E60001846002440F8142F82425060CC6003D111
:100E70005DF8044B00F016BA90688C68196A044457
:100E80004FF080409460406A421A944209D9091A8E
:100E90000B19022B2CBFC01802305DF8044B00F078
:100EA00007BA5DF8044B704728050020024B00226A
:100EB000C3E900339A60704728050020002281684A
:100EC000084B10B4044602751B689A688A42FBD22C
:100ED0005A682046C4E9003214605C605DF8044B37
:100EE000704700BF2805002008B5202383F3118830
:100EF000037D032B03D0042B05D043B90DE0836998
:100F000000221A6003E0D0E9003213605A604FF00B
:100F1000FF338361FFF7D2FF002383F3118808BDFD
:100F200000228168084B10B4044602751B689A6859
:100F30008A42FBD85A682046C4E9003214605C60DB
:100F40005DF8044B704700BF2805002038B50D4CF4
:100F50002569236828751A6822600121546023617D
:100F60001975EFF309822969643A914203D9064859
:100F7000FFF7D6FE236929461846BDE83840FFF73B
:100F800093B900BF28050020383D010830B54B1C3F
:100F900087B00FD00B4C0C4A2369054601A8FFF718
:100FA0000FFF2846FFF7D2FF049B33B101A8FFF7DC
:100FB00043FF02E0FFF7CAFF024C2369986907B0BC
:100FC00030BD00BF28050020E90E000870B5114DA6
:100FD00086682A6994688161A64203D8BDE870409A
:100FE000FFF76CBF04461046FFF768FF0123064673
:100FF0002C612375EFF309830269643B9A4202D99D
:101000000548FFF78DFE31462046BDE87040FFF7EA
:101010004BB900BF28050020383D0108044B1A6871
:101020001B6990689B68984294BF0020012070471C
:101030002805002038B50D4C236820691A68226005
:101040000121546019752361FFF76AFF0546EFF32C
:1010500009830269643B9A4202D90548FFF760FEA2
:1010600029462069BDE83840FFF71EB92805002051
:10107000383D0108FFF7DEBF0221826081827047A0
:10108000D0E9011330B4D0E90425C06843F8101C3E
:10109000A3F1840143F8141C43F8442C02210022DC
:1010A000074C03F80C1C03F80B2C43F8405C43F886
:1010B000180C43F8244CA3F1200030BC704700BF4B
:1010C000C1020008D0E90132934210B504D2552183
:1010D00003F8011B9A42FBD1202383F31188FFF709
:1010E000CFFF00210446FFF771FF002383F311882F
:1010F000204610BDF8B54518A842069E05D2044604
:10110000552704F8017BA542FBD1202484F31188E4
:1011100020394418A4F16407094D2061022144E9F3
:101120000936A182C4E9022744F8045C2046002164
:10113000FFF74CFF002383F311882046F8BD00BF62
:10114000C1020008024B1B6998610F20FFF7FEBE29
:1011500028050020202383F31188FFF7F3BF00BF89
:1011600008B50146202383F311880820FFF70EFFFE
:10117000002383F3118808BD69B1084B10B40246FF
:1011800044681B690420C3E90024236053605DF8B0
:10119000044BFFF7FBBE4FF0FF30704728050020DF
:1011A000026890420AD010B4146804600346636079
:1011B000104691615DF8044BFFF780BE704700BF99
:1011C00038B5036898420BD004460D461A68226071
:1011D000184654609D61FFF771FE23689C42F5D16B
:1011E00038BD00BF80B4094A536823F0010300AF43
:1011F0005360EFF30983683383F30988002383F393
:101200001188BD465DF8047B704700BF30EF00E0F9
:1012100098B5202300AF83F31188114B5B6813F45A
:1012200000631AD0F1EE103AEFF309840D4B4FF042
:101230008072DB6844F8083C44F84C2CA4F1680345
:1012400083F30988FFF7EAFE18B1074B44F8503CD6
:1012500005E0064B44F8503C01E083F3118898BD4B
:1012600000ED00E030EF00E0D1020008D4020008F9
:1012700008B500F0A9FE00F0DBFA00F08BFC00F0EE
:1012800073FB01F05BFABDE8084000F001B800BF55
:1012900000F018BF4FF0804300210222586319610B
:1012A000DA6070474FF080430022DA60704700BF79
:1012B0004FF0804358637047C36810B444691960A5
:1012C000816982680B44A342C36002F1010228BF16
:1012D000036A826028BFC3605DF8044B704700BF9B
:1012E00070B40432039D049C826103FB0216002249
:1012F0004661C0E90B54C0E90000C0E90311C0E930
:1013000007318260C0E9092270BC7047016A00227F
:10131000C0E903118260C0E909226FF00101FFF703
:101320004FBF00BF10B5FFF7C7FF0021BDE8104059
:10133000FFF736BF836810B504463BB123691A68CE
:1013400004331A44C4E90932002003E0FFF714FF14
:101350000028F3D010BD00BF10B4D0E90514036914
:10136000826823448B42036124BF036A0361013A0C
:10137000C36A82600022426213B15DF8044B1847D1
:101380005DF8044B704700BF70B52023054683F31A
:101390001188446A44B9FFF7CDFF064608B96C6A64
:1013A00002E084F311880BE014F8016BAA6A6C6206
:1013B000944202D32846FFF7CFFF002383F311881E
:1013C000304670BD2DE9F8439846044689461746D5
:1013D000202383F311880025616A29B941462046FC
:1013E000FFF7A8FFB0B9616AA36A7E1B5B1A9E4231
:1013F00028BF1E463246484612F0DEFBD4E90932C9
:101400003344934235446362204601D3FFF7A4FF7F
:10141000AF42E1D8002383F311882846BDE8F88362
:10142000D0E90332934203D182680AB100207047A9
:10143000181D7047836823B1006950F8043B0B60A6
:1014400070471846704700BF10B4D0E9051403690F
:10145000826823448B42036102F1FF3228BF036A92
:10146000826028BF036100215DF8044BFFF798BE3E
:10147000D0E90332934210B5044601D1826832B9F3
:10148000A1691A1D0B44C4E90923002004E0FFF7F9
:1014900073FE08B9E368F3E710BD00BF10B5FFF7AE
:1014A0000BFFC36A0022426213B1BDE81040184727
:1014B00010BD00BF70B520230E46044683F311888B
:1014C000456A45B91146FFF7D3FF08B9656A02E0DE
:1014D00085F311880EE02E70D4E90932013393426E
:1014E000636204D3A16920460439FFF7D7FF0020C7
:1014F00080F3118870BD00BF2DE9F843984604467B
:1015000089461746202383F311880025606A28B98D
:1015100041462046FFF7ACFFC8B9606AA36A7E1B4C
:101520001B1A9E4228BF1E46324609EB050112F0E7
:1015300043FBD4E909323344934235446362204685
:1015400003D3A1690439FFF7A9FFAF42DED8002316
:1015500083F311882846BDE8F88300BF38B5856855
:1015600055B9416A41B1C2680439891A06D0FFF7FA
:10157000A3FE4562012002E0002000E0084638BDDD
:10158000034630B40269C0695C69DD68411C013AF8
:10159000A1421A61D96128BF0022285C28BFDA6104
:1015A00030BC70478269036930B4C468551C01338C
:1015B00085610361A154D0E905329A4224BF00231A
:1015C000836130BC704700BF10B400240461C0E9DF
:1015D0000644C0E90000C160426183605DF8044BCD
:1015E000704700BF0022C0E9062202616FF00101CE
:1015F000FFF7E6BDD0E90432934207D210B5FFF7FA
:10160000D1FF0021FFF7CCFD002010BD4FF0FF30CF
:10161000704700BF38B50446202383F3118803695F
:1016200033B12046FFF7ACFFA36805462BB906E0AF
:10163000FFF7A2FD054610B9F3E7204698470023BF
:1016400083F31188284638BD2DE9F04F83B0054655
:1016500001938A469046202383F31188002737E0C0
:10166000A8EB07039C4228BF1C465CB3012C0AEB85
:10167000070306D12846FFF783FF0AF80700013762
:1016800020E0EE69D5F814B0E968ABEB06094C45EB
:10169000314406D21846224612F08EFAEE692644EC
:1016A0000BE04A46184612F087FAA6EB0B062644D2
:1016B00048443246E96812F07FFA2B69EE611B1B41
:1016C00027442B61AB680BB128469847B84509D928
:1016D0002C69002CC4D101992846FFF74DFD08B9AB
:1016E0002C69BDE7002383F31188384603B0BDE8B9
:1016F000F08F00BF70B520230E46044683F3118897
:10170000D0E904539D4206D231462046FFF74AFFF6
:10171000A3682BB905E01146FFF72EFD10B9F3E7DA
:1017200098470020002383F3118870BD026938B503
:1017300042B10446FFF724FF002105462046FFF78B
:101740002FFD01E04FF0FF35284638BD2DE9F04F61
:1017500083B0044601938B469146202383F311887E
:101760000027B84639E07D1BA9EB08039D4228BF3E
:101770001D4665B3012D0BEB080307D11BF80810BC
:10178000204608F10108FFF70DFF20E0A669E06898
:10179000A7EB060A5545304406D219462A4612F0F0
:1017A0000BFAA6692E440DE0194652460093F61B2B
:1017B00012F002FA009BE0682E4403EB0A01324665
:1017C00012F0FAF92369A6612B44A8442361A368A7
:1017D0000BB120469847C1450BD9D4E90457BD4207
:1017E000C1D301992046FFF7C7FC10B9D4E90457CB
:1017F000B9E7002383F31188404603B0BDE8F08FBA
:1018000008304FF0FF31FFF705BF00BF28304FF021
:10181000FF32FFF76FBF00BF08304FF0FF33FFF715
:1018200013BF00BF28304FF0FF33FFF78FBF00BF5B
:1018300000F0AEBC70B50C4B0360044601201546A9
:101840000B46207104F1480104F108004022FFF723
:10185000BBFE2B4604F1880104F128004022BDE8BC
:101860007040FFF7B1BE00BF483D010810B520230E
:10187000044683F3118800F0B5FC02232371002392
:1018800083F3118810BD00BF10B5046BD4F83C2160
:1018900013681978042982B016D12179022913D14D
:1018A00011791A8901238B4013420DD101A904F14A
:1018B0003C00FFF7BFFD024630B1D4F83C01019B6C
:1018C0000179006800F0B6F902B010BD38B5D0F863
:1018D0003C311A681178042901D0012017E0017900
:1018E0000229FAD15979548901238B401C40F4D143
:1018F00005460830FFF794FD0028EED0D5F83C31BE
:10190000024659791868402300F080F9204638BD16
:10191000006BFFF7DBBF00BF08304FF0FF31FFF770
:1019200033BD00BFD0F83C311B681B78042B04D1B9
:101930003C304FF0FF32FFF7BDBD6FF00100704744
:1019400008304FF0FF33FFF73DBD00BFD0F83C310A
:101950001B681B78042B04D13C304FF0FF33FFF79A
:10196000CBBD0020704700BF704700BF10B582B0EC
:1019700001230D490D4A019004460160037100F1F5
:101980007001009208304022FFF7AAFC084B009338
:10199000019404F1B40104F13C0002234022FFF75A
:1019A0009FFC02B010BD00BF683D0108111900087E
:1019B000891800080B68202282F311880A7903EB4A
:1019C000820290624A79113243F822008A7912B178
:1019D00003EB8203986202230371C0F83C110023D9
:1019E00083F31188704700BF10B504460830FFF735
:1019F0008DFC04F13C00BDE81040FFF787BC00BF40
:101A000010B504460830FFF781FC04F13C00FFF7F5
:101A10007DFC2046BDE81040FFF758BF90F87430B9
:101A200003F06003202B13D190F87530202B0FD3D7
:101A3000212B02D9222B06D00AE0064B836607230E
:101A4000C366012070470023C0E91A3301207047A4
:101A50000020704700030020D0F83C21136819785B
:101A600004291FD1017902291CD111791A89012376
:101A70008B40134216D130B500F13C0583B00446CB
:101A80002846FFF76BFD58B101A92846FFF7D2FCA5
:101A9000D4F83C41019B21790246206800F0CAF845
:101AA00003B030BD704700BFF0B500EB810383B0D9
:101AB0009C6A3CB30E460546202282F311881F46DD
:101AC000DB685B691B683C3413B12046FFF7BCFC44
:101AD000204601A9FFF7AEFC024628B13146284650
:101AE000019B00F0A7F80AE0FB6859691B8A0968A6
:101AF000994204D131462846134600F09BF8002352
:101B000083F3118803B0F0BD113110B550F82140B6
:101B1000B4B1202383F31188D4F83C21136852799F
:101B200003EB8203DB689B69596819B104F1080073
:101B3000FFF7F8FB2046FFF7C9FE002383F3118867
:101B400010BD00BF704700BF10B50021044600F073
:101B5000A1FD2046002100F08BFD63681B6813B1D6
:101B6000052120469847062384F8643010BD00BF45
:101B700010B5B0F8763080F87E30044600F08EFB69
:101B800063681B6813B10121204698470323237023
:101B900010BD00BF00F056BB01230022037042605D
:101BA00000F12C0300F1480143F8042B8B429A61A9
:101BB000FAD18260704700BF38B50446202383F312
:101BC000118800254160C0E90355C0E90555C0E909
:101BD0000755C0E9095500F03BFB0223237085F34C
:101BE000118838BD10B4536900EB8104E2601BB169
:101BF00000241C605C609C6093691BB100221A6029
:101C00005A609A605DF8044B00F052BBF0B400EBF0
:101C100081044789D4F80CC00124DCF818508C40AA
:101C20003C4300274481AA60C5E90037F0BC00F0BE
:101C3000EBBB00BFF0B400EB81040789D4F80CC003
:101C40000124DCF814508C403C4300270481AA6036
:101C5000C5E90037F0BC00F0E9BB00BF70B5022356
:101C6000002504460370C567C0E90255C0E9045564
:101C7000C0E90655C0E90855856280F8645000F057
:101C80006BFB63681B6823B129462046BDE87040A2
:101C9000184770BD42681368052101700BB103211C
:101CA00018477047426813680421017003B1184750
:101CB000704700BF38B50446002580F8645000F135
:101CC000740200F085FB636825679B682BB994F864
:101CD000743013F0600F06D0A6E020469847002825
:101CE00040F0A780F3E703F01F03012B94F8752061
:101CF00055D013B1022B55D096E0092A00F29480FA
:101D0000DFE802F0050B920B921F2592363C04F19E
:101D10007C030220C4E91A308CE0B4F87630012B41
:101D200040F08280B4F87C3023F002039BB2032A97
:101D300008BF43F00203A4F87C300023C4E91A333F
:101D40007DE00023564A2267C4E91A3377E0B4F8ED
:101D500076106268B4F8783055682046CAB2090A2D
:101D6000A847002860D0D0E90003C4E91A3061E038
:101D700004F17F030120C4E91A305BE0626894F843
:101D8000763084F87F30002B136814BF04220322BE
:101D90002270002BD1D0022120469847CDE7002A9F
:101DA00042D110E0B4F8783003F00F0103F0800363
:101DB0000C2A39D8DFE802F00C22382238383838BB
:101DC000383838380700374BA3660220E06631E028
:101DD000C9B2204613B100F0EDFA01E000F0DCFAE0
:101DE000012802D0022805D01EE02F4BA366022056
:101DF000E0661FE02D4BC4E91A301BE0B4F8760012
:101E000090B989B1012AC9B2204606D113B100F0B8
:101E10006BFC92E700F050FC8FE713B100F03AFC46
:101E20008BE700F025FC88E72046BDE83840FFF747
:101E30008BBEE06EB4F87A30834238BFE36620236D
:101E400083F3118894F97430002BE36E12DA43B1F6
:101E5000A26E00212046FFF7EDFE012384F86430D6
:101E60001AE01A4619462046FFF7D0FE032384F8ED
:101E7000643011E043B1A26E00212046FFF7C6FE98
:101E8000042384F8643007E01A4619462046FFF719
:101E9000D1FE052384F86430002383F3118838BD14
:101EA000711B0008903D01088C3D0108883D010828
:101EB00038B590F864300446062B3AD8DFE803F0D2
:101EC00035041E35352E3500C36EB0F87A209342A6
:101ED00014D2C268128AB3FBF2F502FB15356DB954
:101EE000202383F311882B462A462946FFF7A2FEBA
:101EF00085F31188022384F864301AE0202383F3E9
:101F0000118800231A4619462046FFF77FFE00235A
:101F100083F31188032384F864300AE0036F03B16C
:101F20009847002384F8643003E0BDE83840FFF7A9
:101F30000BBE38BD90F86420062A29D838B5012395
:101F4000934013F067051ED1DA06044602D41B073E
:101F50000ED41CE0202383F311882B462A46294601
:101F6000FFF768FE85F31188052384F864300EE0DE
:101F7000C3689B695B6853B9036F03B1984700233B
:101F800084F8643003E0BDE83840FFF7DDBD38BDBC
:101F9000704700BF430910B49B0000F1604404F592
:101FA000614403F16043090103F5614300F01F0040
:101FB0000122C9B284F8001302FA00F0C3F88001CC
:101FC0005DF8044B186070470E4B0F489A6A4FF04B
:101FD000FF31002210B499629A621C6919611A617A
:101FE000DC68D960DA60DA695DF8044B42F080524F
:101FF000DA619A6942F001029A61036843F02003B2
:102000000360704700100240000001401F4A13683F
:1020100043F00103136013689807FCD553681B490C
:1020200023F003035360536853604B6813F00C03B1
:10203000FBD10868154A00F0F90008604B600B6896
:1020400043F480330B6013689903FCD5104B536045
:1020500042F210113023D162136313680B4943F02D
:10206000807313600B689B01FCD50A4B074A122052
:1020700018604B6843F002034B60536803F00C0395
:10208000082BFAD1136B1363704700BF0010024096
:1020900000041D07002002404FF080431A69920798
:1020A0000DD510B500241C61202383F31188FEF7A1
:1020B0003DFE84F31188BDE81040FFF7A9B8FFF793
:1020C000A7B800BF0F4A1048D36970B443F00103AA
:1020D000D36181684FF080430022012441F0010167
:1020E00040F2CF264FF0FF3581609E620221DD6213
:1020F0001C209A615A63DA605A605C611C6070BC93
:10210000FFF748BF00100240002004E0024A1368B5
:1021100043F080031360704700380140F8B51A4E51
:10212000D6F8C8402768E5692562202383F3118823
:10213000AA0608D50836A18C3046C9B2FFF75AFA6C
:10214000E569AB06F7D43E0610D528060ED50F4E2E
:102150003046FFF7EBFA002880B203DA27F080035D
:10216000236003E02085E5692906F1D47A0604D5C9
:102170006B0644BF27F040072760002383F31188D4
:10218000BDE8F840FFF744B86C0500209405002036
:1021900010B5094C094A20460021FFF74BFB084ABD
:1021A000084BC4F8C820C4F8CC3002212520BDE873
:1021B0001040FFF7EFBE00BF6C0500200D210008A6
:1021C0000038014000A24A04D0E932321868B2FB5C
:1021D000F1F120F001001860D9601A6842F00102A4
:1021E0001A60704770B561B1D1E90135CA680968F4
:1021F00043F4967343F0010345F0400542F00102B9
:1022000006E04FF4164140F22D13012244F240053E
:102210000479012C07D1094CA04204D1084EB469BD
:1022200044F48044B461D0F8C8406560A260236083
:10223000FFF7CAFF4FF0FF33236270BD6C0500202B
:10224000001002400148FFF7A7BC00BF3C06002079
:1022500038B50378012B19D10D4A9042044610D1AC
:102260000C490D4DCA6942F40002CA614A202B6430
:102270000D21FFF78FFE03214B20FFF78BFE00237C
:102280002B642046BDE83840FFF7E8BC38BD00BFEE
:102290003C06002000100240005C004090F87E30B8
:1022A000024A43F08003D364704700BF005C0040E3
:1022B00000EB810370B4DD682B6813F0030308D0D2
:1022C000022B09D9032B0CBF4FF4C0644FF40074E8
:1022D00003E04FF4007400E000241E4B6E691B6D98
:1022E00003F1804303F5C04303EB01126EB12B8A67
:1022F00000265660D0F88060013323F00103334498
:10230000C0F8803044F020041660AB69B3B16B8A2A
:102310003E2B05D95D1E6D1145F02005013301E00E
:1023200001335D10AD02D560D0F8805023F0010379
:102330002B44C0F8803044F4005495608B0003F1C6
:10234000804303F5B84321431A681A6070BC1960D2
:10235000704700BF005C004041680D4BC96870B415
:1023600000294FF080054FF000011965094C5964B0
:1023700008BF4FF41C46DD6418BF4FF41E464025CD
:102380001E64C0F88050C46070BCFFF791BF00BFEE
:10239000005C0040943D0108054B53F8210010F407
:1023A000405004D0B0F5805F0CBF01200220704780
:1023B000005C0040054B53F8210010F0300003D0C2
:1023C00010280CBF01200220704700BF005C0040B5
:1023D0000C4B1B6D03F1804303F5C04303EB01116C
:1023E00010B48B6803F1005303F540535B00D3E94D
:1023F0000040D3E90213148050809180D3805DF8AF
:10240000044B7047005C0040890001F1804101F5F8
:10241000B8410B6823F4904323F0700383F44053D6
:1024200043F4004343F080030B60704700EB8100EE
:10243000F0B4C2681C4B5569148A1B6DAF68D5E9AE
:102440000006801B844203F1804328BF044603F545
:10245000C04303EB0112601C4008136854600ED0A7
:1024600003F1005303F540535B00B21E03EB800001
:102470003A4432F8027F43F8047B8342F9D1890061
:1024800001F1804101F5B84134440B686C6023F4DC
:10249000F04323F0400383F0300343F4004343F060
:1024A00080030B60F0BC7047005C00402DE9F04FEA
:1024B0006C4B5C6CE243660587B05A6402D56A488F
:1024C000FFF7CCFB250507D5664A6748136C43F038
:1024D00008031364FFF7DEFBE0040AD5614B9A6C36
:1024E000110406D41A6C604822F008021A64FFF73F
:1024F000D9FBA20507D5DFF870B1DBF80430DB6843
:102500000BB158469847230406D5DFF85CB1DFF8D5
:102510005CA1DFF8509104E007B0BDE8F04FFEF792
:1025200077BE04F00F02930003F18043961C03F57D
:10253000B8430BEB8601E70618684D6819681DD48F
:102540006869D0E9000401EA0A0141F400418442CB
:10255000196004D211464448FFF768FF7CE0BBF8DD
:102560000830AC680121914023EA0103ABF8083040
:10257000002C71D011463C48A0476DE001EA0A01E9
:1025800041F0800104051960D1B203D56B6836486B
:10259000984761E0D9F85000D5F818E000F1804084
:1025A00000F5C04000EB0210DEF80840D0F808C08B
:1025B000C0680394DEF804700290C0F309080CF1BF
:1025C00000540398019704F54054384464005FEACE
:1025D000580705940490039708D0023800EB470C85
:1025E00054F8047B20F8027F6045F9D10298C007B7
:1025F0000AD50598039C074657F82400049F07F85E
:102600001400DEF8040001900198DEF80040404418
:10261000A042CEF8040002D2688A404510D90BEBE4
:102620008606BBF80A307468012000FA02F2E468FA
:1026300023EA0203ABF80A3074B10B48A0470BE061
:102640001A6822F4904222F0700282F4405242F45E
:10265000004242F080021A60D9F8444023043FF55A
:1026600060AF59E7005C00403C0600200F07FFFF09
:10267000890001F1804101F5B8410B6823F49043D2
:1026800023F0700383F4805343F4004343F080034A
:102690000B607047890001F1804101F5B8410B687A
:1026A00023F4F04323F0400383F0100343F400438A
:1026B00043F080030B607047890001F1804101F510
:1026C000B8410B6803F44053B3F5405F0BD00B687F
:1026D00023F4904323F0700383F4005343F4004346
:1026E00043F080030B607047890001F1804101F5E0
:1026F000B8410B6803F03003302B0BD00B6823F488
:10270000F04323F0400383F0200343F4004343F0FD
:1027100080030B60704700BF80B4054B00AF1B689F
:1027200083F30888034B1B68BD465DF8047B18479C
:1027300000D8FF1F04D8FF1FFFF768BC014B112210
:102740001A6070470020024084460B30F0B4054602
:1027500000E00023B1FBF2F602FB1617092F8CBF35
:10276000372430243C44E4B20F4605F8014D31468D
:102770000BB1013BEED19742EBD2401B60440CF809
:10278000014B604502D015F8014FF8E7F0BC7047E7
:10279000092970B51C4B0E46A8BF0926FCEEC07A6D
:1027A00053F82630B8EE677A06EE903A30EE470AD4
:1027B000F8EE666AB6EE007AA0EE267A0D46BCEE1A
:1027C000C77A17EE104AA34205D8E41A17EE903ADA
:1027D000013307EE903A00230A2217EE901AFFF712
:1027E000B3FF03467DB1094A928A12F4807F14BF79
:1027F0002C232E2300F8013B214633460A22BDE854
:102800007040FFF7A1BF70BDC43D01080803002060
:102810000389012B06D943685A1C42601970038949
:10282000013B0381002070472DE9F04F2DED028B15
:1028300000248BB0202306468B469046CDE9014309
:102840009FEDB08ADFEDB08A03E02B19019300E021
:1028500001941BF8011B002900F00283252901D1F6
:10286000002407E0019A336801329B6801923046E8
:102870009847EEE75B461BF801ABBAF12D0F02D18A
:1028800044F00204F6E7BAF12B0F02D144F004043D
:10289000F0E7BAF1300F02D144F01004EAE7BAF1E0
:1028A0006A0F02D144F08004E4E7BAF1200F02D1AC
:1028B00044F02004DEE7BAF1620F02D001330025B4
:1028C00002E044F48074D5E7AAF13002D2B2092ABA
:1028D00041469B4605EB850006D9BAF12A0F08D17F
:1028E00051F8042BD2B2884602EB400513F801AB35
:1028F000EAE7BAF12E0F14D100271BF801ABAAF1B9
:102900003003DBB2092B424607EB870106D9BAF147
:102910002A0F09D152F8043BDBB2904603EB410782
:10292000EBE744F040040027AAF14403342B00F203
:102930002C82DFE813F06C002A0230012A022A02FE
:102940006C002A022A022A022A022A021C022A02F5
:102950002A022A022A022A021A022A022A0235001E
:102960002A022A022A022A022A022A022A022A0207
:102970002A022A0237006C002A0230012A022A02A7
:102980006C002A022A022A022A022A021C022A02B5
:10299000A0002A0243002A021A022A022A02350053
:1029A0001022E5E158F8043B8DF8103024F01004B3
:1029B00001230DF1100A0DF11107EDE158F804ABF8
:1029C00024F01001BAF1000F04D16006DFF844A131
:1029D00006D412E062069AF8003000F13D8209E068
:1029E00047F6FE70574617F8012FAAEB070303447A
:1029F0003AB908E0002B00F0D481781E002FF1D105
:102A0000CFE10133EFD10C46A7EB0A03C4E158F83C
:102A1000041B00290ADA2D2344F0080449428DF8EA
:102A200010300DF111000DF1100916E0670707D500
:102A30002B238DF810300DF111000DF110090CE071
:102A4000A00607D520238DF810300DF111000DF1EF
:102A5000100902E00DF110094846220644BF6A231E
:102A600000F8013B0A220023FFF76EFECA46074624
:102A7000A0EB090390E1434653F8042B0393002F86
:102A800040F0DB814FF0030C4FF00E081F49A1FB13
:102A90000230C00800EB8003A2EB43033033DBB20B
:102AA000092A8DF81D3037D9894644F6241E4FF087
:102AB000000A0DF11D070CE01EF0010F07D04FF0CA
:102AC000200307F8023C0AF1010A023F00E00F462A
:102AD0001046A9FB0032D20802EB8203A0EB4303AD
:102AE0003033DBB209284FEA5E0E07F8013C07F1EC
:102AF000FF31E1D8064A0DF11E0E12F80AA0AEEB26
:102B0000010E0FE000007A446F12833ACDCCCCCC9A
:102B1000B03D0108BC3D01084FF0010E4FF0200A06
:102B20000DF11D010DF11009CE444A46202B01F193
:102B300001000CF001070AD11FB10CF0FE0C2E238E
:102B400006E01CF0020F03D1881C4B7800E02FB97F
:102B5000B8F1000F08F1FF3107DB884602F8013BAE
:102B6000724502D003780146E0E71CF0020F02F143
:102B7000010708D0BAF1200F05D01346202203F830
:102B8000022B3A461F4682F800A0DDF80C80A7EB26
:102B90000903CA4600E1E30504D558F8043B00EEFA
:102BA000103A0AE008F1070828F00708F8E80201DF
:102BB000FDF74EFD00EE100A0346B5EEC00AF1EE39
:102BC00010FA0DD5B1EE400A2D2244F0080410EEA3
:102BD000103A8DF810200DF111000DF1100916E0DA
:102BE000600707D52B228DF810200DF111000DF193
:102BF00010090CE0A10607D520228DF810200DF158
:102C000011000DF1100902E00DF1100948462206ED
:102C100048BF6A2223F0004348BF00F8012BB3F1FC
:102C2000FF4F09D10746192307F8023B2022A7EBE3
:102C30000903CA464270AFE0630604D5BAF1460FF5
:102C400007D0092779E0BAF1460F76D10FFA87FA53
:102C500001E00327BA46B4EEC80AF1EE10FA0EDB23
:102C600020EE280A814B04E013F8012F20EE280AF9
:102C7000FAB1B4EEC80AF1EE10FAF5DA19E0F7EE9F
:102C8000007AB4EEE70AF1EE10FA19D520EE080A40
:102C9000774B04E013F8012F20EE080A22B1B4EEBE
:102CA000E70AF1EE10FAF5D4B4EEE80AF1EE10FA04
:102CB00006DD13F8013C23B1013F0FFA87FA00E06B
:102CC0000023FCEEC07A17EE902A632A04D9AAF1F9
:102CD000020A0FFA8AFA05E0092A84BF0AF1FF3ACC
:102CE0000FFA8AFABAF1000F039305DA0021FFF711
:102CF0004FFD039B07461CE05146FFF749FD039B30
:102D00000746BAF1000F14D010F8012C302A05D173
:102D1000411E0F4611F8012D302AFAD05549898AF3
:102D200011F4807F14BF2C212E218A4208BF07F1A5
:102D3000FF3733B107F8013B03E03946FFF728FDC1
:102D40000746E00600D41CE017F8013C302B84F065
:102D5000100405D17A1E174612F8013D302BFAD027
:102D60002E2B08BF07F1FF370BE00A2200E00822F4
:102D70000DF1100958F8041B48460023FFF7E4FC46
:102D80000746A7EB0903CA4606E08DF810A0012309
:102D90000DF1100A0DF11107ED1A07D4E10607D461
:102DA00001E00C4657462023029303E0002501E092
:102DB00030230293A2072FD414F02C0F16D0E30671
:102DC00014D5019A33681AF8011B9B68013230460A
:102DD000019298470AE0DDF808902C46336849468E
:102DE0009B6830469847013CF8D12DE0002DF2D188
:102DF0000FE0019CD146336819F8011B9B683046EF
:102E0000984709EB0403B945A3EB0A03F3D31C4627
:102E100005E0BA45EDD31CE5BA45EAD3019C002D87
:102E20003FF416ADDDF808902F46336849469B689D
:102E300030469847013FF8D107E50E2FA8BF0E276F
:102E4000B8464FF0010C21E6019BBA452B44019393
:102E500038BF2546CDD3FCE4002B7FF4C1ADA0E7FD
:102E600001980BB0BDEC028BBDE8F08FB23D0108BC
:102E7000ED3D0108080300200CB430B50C1E85B0F0
:102E800012DD09AB0B4D02901A460899ADF80C40C3
:102E900001A8CDE90035FFF7C7FC029B0022844260
:102EA0001A7002DC601E00E0002005B0BDE8304072
:102EB00002B07047F83D0108024400F8011B90423F
:102EC000FBD1704710B5024410F8013B11F8014BDB
:102ED0009042A3EB040301D0002BF5D0184610BD9F
:102EE000C3690239023B8B4283BF4389006B01FBFC
:102EF0000300002070470000024600F10B01002093
:102F0000C30143EA500312F8010B50FA83F38A42DB
:102F1000D8B2F5D170470000417800230131490152
:102F20001A46022A05D1032201329142F9D81846E5
:102F3000704710B5845C04EBC334A4B204EB5303B4
:102F40009BB20132914203D9022AF3D10322F8E75E
:102F5000184610BD03685A1C02601878A0F161037E
:102F6000192B01D8203870477F2803D9024B184409
:102F700010F8800C704700BF083E0108F0B585B01E
:102F80000546019114461E4614F0FF0F07D001A814
:102F9000FFF7E0FF08B900203EE0013CF4E72B78A2
:102FA000002B35D1002C33D0012035E02A2B0FD057
:102FB00002A8FFF7CFFF074603A8FFF7CBFF874222
:102FC00001461ED1002FEFD0029B1B783F2BEDD185
:102FD000002EE0D00022029B581C029019785B78EA
:102FE0003F290CBF013242F480723F2BF3D02A2BD1
:102FF000F1D0731E0399FFF7C1FF0028D4D1039BC2
:10300000197801A8FFF7A6FF002CC4D00029C2D070
:10301000019B02950393D7E705B0F0BD02687AB132
:10302000134613F8011B1F2908D93A29F9D1911C1D
:103030008B4205D11278302A02D1036000207047FC
:103040004FF0FF307047000038B50D4610B9092029
:10305000002311E003680446002BF8D01A78002AF8
:10306000F5D08188DA889142F1D158780FF0BCFD13
:1030700010F00100EBD123682B6038BD38B50D4648
:1030800040F26231144602F057FBFF2806D9012CAA
:1030900009D9030A2B706870022407E028B12CB10B
:1030A0002870012402E0002400E00446204638BDD8
:1030B0002DE9F8430025D0F800808D76836B002B36
:1030C00000F0C78098F80030042B0C46064645D126
:1030D0002B462E464027D8F8102092F82310A942FC
:1030E00021D97F2F03D93F23A37601261FE0F906BC
:1030F00008BF02370135D05B02372BB900F52052EB
:1031000092B2B2F5006F0CD306F11A01C6F120029B
:10311000214440EA0340FFF7B1FF0028E3D0064412
:1031200000200346D7E7002BDDD1002EDBD026445C
:103130000023B3766373D8F810301A7902F03701A0
:103140002173D20658BFD3E90E019A89628144BF28
:1031500000200021C4E90001DB8979E0C36C013360
:1031600025D0A9462F46D8F80C30585BB8B1B9F134
:10317000000F05D100F520539BB2B3F5006F0BD3C0
:1031800007F11A01C7F12002214440EA0940FFF784
:1031900075FF28B10744002002358146E3E7384631
:1031A000B9F1000F18BF0020204400238376F26B92
:1031B0000023551E18462E2615F8011F202900F160
:1031C00001000CD0052908BFE521092804D10B2BEB
:1031D00002D8E71801337E73E718013379730B289F
:1031E000EAD1E11800204873A17E31BB33B16FF002
:1031F0000C0604F10D000825361B0BE03F23A376D7
:10320000012114E09BB22E2B0FD0A3F1410119290B
:1032100006D90373311810F8013B002BF2D106E0F8
:10322000117B0D42F5D02033F3E71025F1E721445F
:1032300000238B76137B03B96373D37A03F03F03C8
:103240002373D369236000236360D38A6381138B64
:103250002381BDE8F883000038B50546002435F821
:10326000020B80B102F0A4FA630880B203EBC4330E
:10327000C2B212FA83F39BB2000A00EB530000EBD8
:10328000C33084B2EBE7204638BD000001380A4461
:1032900011F8013B00F8013F9142F9D1704700005D
:1032A000436B8B60D0E90E23C1E9042390F82130F1
:1032B00003F00203CB710023CB61704770B500F1BE
:1032C0003C060546826B4078012331460FF0D4FC62
:1032D00088B9A96BAB6A2A6AE870CB1A9342044694
:1032E0000AD2AB78022B07D10A4401233146687811
:1032F0000FF0C2FC00E00124204670BD38B5836B9E
:103300008B4216D0C37804460D4673B92A46012372
:1033100004F13C0160780FF073FC002816BF4FF0F9
:10332000FF3500200120A56304E0FFF7C7FF08B9BF
:10333000ECE7002038BD000038B50023C3704FF023
:10334000FF3383630446FFF7D9FF002848D1B4F860
:103350003A524AF655239D4207D10B22234904F1E4
:103360003C00FFF7AFFD00283CD094F83C30EB2B3D
:1033700003D01833DBB2012B2BD84AF655239D42DC
:1033800006D108221A4904F18E00FFF79BFD60B3B5
:10339000B4F84730B3F5007F1BD194F84930C3B17E
:1033A0005A1E1A4215D1B4F84A3093B194F84C30F1
:1033B000013B012B0DD8B4F84D3053B1B4F84F3068
:1033C0007F2B03D8E36DB3F5803F02D3B4F85230BE
:1033D00053B94AF6552085420CBF0220032004E071
:1033E000042002E0012000E0002038BD953E0108E5
:1033F000A13E01082DE9F0478C1E416BC4F3C808BB
:1034000001EB14314FF0010904F0070409FA04F448
:10341000054616461F46E4B2284601F1010AFFF7A9
:103420006DFF00BB05EB080292F83C30234214BF4D
:1034300001210021B94218D06340013E82F83C309E
:1034400085F8039012D0640014F0FF04EAD108F16B
:103450000103B3F5007F4FF001044FF0000851461F
:10346000DAD09846DEE7012000E00220BDE8F087D0
:10347000012940F289802DE9F8430668F3698B42FF
:1034800040F284803378013B0C46032B7ED8DFE882
:1034900003F00229374701EB5105B16A304601EBD1
:1034A0005521FFF72BFF10B14FF0FF3072E06F1C7A
:1034B000B16AC5F30805354401EB5721304695F84C
:1034C0003C50FFF71BFF0028EED1C7F308073E442E
:1034D000E30796F83C0045EA00204CBF0009C0F322
:1034E0000B0057E0B16A304601EB1421FFF706FFED
:1034F0000028D9D1640004F4FF742644B08F49E059
:10350000B16A304601EBD411FFF7F8FE0028CBD1A9
:10351000A40004F4FE742644F06B20F0704039E0FF
:10352000D0E9048958EA0903C17901D0836803B955
:1035300061BB826875890229A4EB02020DD118F1E2
:10354000FF3349F1FF315B0A43EAC153B3FBF5F3A3
:103550009A421BD81CD0601C1CE0032902D183694D
:103560009342F8D8C3699BB9B16A304601EBD411D4
:10357000FFF7C4FE002897D1A40004F4FE7426448B
:10358000F06B20F0004005E001207047012001E0D1
:103590006FF00040BDE8F883F8B504682378042B89
:1035A0000CBF4FF080524FF400128A4201D8022023
:1035B00039E0CA060E46FAD10546826829636AB91F
:1035C000022B06D82389B3EB561FF0D9E36AAB630D
:1035D0001AE0E36AC271002BF4D01A4667897F02B1
:1035E000BE4211460CD32846FFF742FF431C024659
:1035F00018D00128DBD9E3698342D8D9F61BEFE75D
:103600002046FFF76DFCA863AB6B6A63002BCED03E
:1036100003EB56233C34C6F308063444AB63EC6337
:10362000002000E00120F8BD01296AD92DE9F84306
:10363000C3698B4205460C4665D90378013B1646A3
:10364000032B60D8DFE803F00239454501EB510751
:10365000816A01EB5721FFF751FE002854D114F085
:10366000010407F1010905F13C08C7F3080708D078
:1036700018F8073003F00F02330103F0F00313438F
:1036800000E0F3B208F80730A96A0123EB7001EB00
:1036900059212846FFF732FEB0BBC9F3080914B11F
:1036A000C6F3071606E018F80920C6F3032622F031
:1036B0000F02164308F8096020E0816A01EB14212B
:1036C000FFF71CFE00BB640004F4FF742C44A687C3
:1036D00014E0816A01EBD411FFF710FEA0B92B466C
:1036E000A40013F83C2B042A04F4FE7405D01A59E4
:1036F00026F0704602F0704216431E510123EB7013
:1037000002E0022070470220BDE8F88370B504464D
:103710000E461546E36973B1F21A012B02F101015D
:1037200020688CBF02322A46FFF77EFF20B9E3698A
:10373000013BE361EEE7184670BD000001292DE969
:10374000F843046801D8022075E0E3698B420D4616
:10375000F9D9064617460AB9A94628E02378042B6A
:1037600002D1C379022BF7D04FF0FF323946204601
:10377000FFF75AFF0028EFD05DE00128E3D0B0F159
:10378000FF3F2CD02378042B2BD1D4E90632023A08
:10379000934205D20133A361237943F001032371DE
:1037A0006A1C424525D1E3694345454606D9294669
:1037B0003046FFF75DFE80460028DED12378042BDB
:1037C00038D123E0F37953BBB468BC4230D02146F2
:1037D0003046FFF74DFE0128B5D9431C1AD1012010
:1037E00029E0002229462046FFF71EFF0028CCD002
:1037F00021E02378042B07D10023A2EB09024946DC
:103800002046FFF7F7FDB0B9C146CCE7002FD9D16C
:10381000F7710FE0631C83420446D6D00AE0032B05
:1038200008D1B368BB4205D8B2691344BB4201D387
:103830000223F3710020BDE8F8830000C379032B55
:1038400012D18168836970B50446CD18A94208D0A9
:103850004E1C32462068FFF7E7FE31460028F5D0BF
:1038600004E00020E07101E00020704770BD00001E
:103870002DE9FF4800230B600F461546FFF7CEFBEE
:10388000061EC0F2F980B14B53F82640002C00F020
:10389000F5803C60237805F0FE056BB160780FF091
:1038A000A3F9C70708D4002D00F0E48010F004004D
:1038B00000F08D810A208AE1F0B20023237060704D
:1038C0000FF00CF9C60700F1DB800DB14107F1D410
:1038D00000212046FFF730FD02281BD1D4F8023228
:1038E0000093D4F812320193D4F822320293D4F820
:1038F000323203936E46002556F8041B29B1204648
:10390000FFF71AFD012801D80CE003200135042D32
:10391000F2D158E1042801D1012058E1012801D950
:103920000D2054E10128A16B0AD104F1470304F1F1
:103930007C0213F8015B002DF2D19A42F9D1A1E08B
:10394000B4F84730B3F5007FEAD1B4F8526006B955
:10395000266E94F84C002662431E012BA070DFD81F
:1039600094F84950ABB26381002BD9D06B1E2B4227
:10397000D6D1B4F84DC0A4F808C01CF00F0FCFD1B9
:10398000B4F84F3003B9E36DB4F84A20002AC7D029
:1039900006FB00FE02EB1C177744BB42C0D3D81BCA
:1039A000A842B0FBF5F3BBD369488342B8D84FF6C1
:1039B000F570834240F20081032502330A440F442C
:1039C000032DE3616162A262276308D1B4F8662027
:1039D0005CEA0202A4D1A26EE2629B000EE0BCF19E
:1039E000000F9DD07244022DE2624FEA43021BBFDA
:1039F000D21803F00103134603EB520303F2FF1343
:103A0000B6EB532F8CD34FF0FF33C4E90533032DAE
:103A10004FF08003237122D1B4F86C30012B1ED1FA
:103A200001312046FFF76AFCC8B9B4F83A22207188
:103A30004AF655239A4212D1E26B464B9A420ED176
:103A400003F1FF53D4F8202203F5005320339A42A8
:103A500005D1D4F82432A361D4F8283263613E4AF8
:103A60002570138801339BB21380E3803B4BE360E6
:103A70003B4B23610020AAE00B20A8E00C20A6E02D
:103A80000320A4E0B4F8A430B3F5807F7FF448AFFE
:103A900094F8A830092B7FF443AFD4E9212312EB2B
:103AA000010B43F1000CBCF1010F08BFBBF1000F8B
:103AB000BFF436AFD4F89000206294F8AA00A0704A
:103AC00001287FF42DAF94F8A96000FA06F6B0B291
:103AD000608100283FF424AFD4F8987021488742D1
:103AE0003FF61EAFB81CE061D4F89400D4F88C30D7
:103AF0006162B6B208447E431944206300238019F2
:103B0000A16243F100018C4508BF8345FFF408AF73
:103B1000D4F89C30E3622E467DB96389B3427FF6C8
:103B2000FFAEE16A2046FFF7DBF981192046FFF777
:103B3000E5FB00287FF4F0AE0136631993F83C30C2
:103B4000812B11D02035C5F30805E5E74C0700208F
:103B5000F5FFFF0F5252614150070020540700202B
:103B6000CC060020FDFFFF7F04F13C0635446D6963
:103B7000012D7FF6D5AEE369AB427FF6D1AE628907
:103B8000216BAB1E03FB02136363A16A204601EBAA
:103B9000D511FFF7B3FB00287FF4BEAE05F07F031D
:103BA00056F823305A1C03D00135AB42EDD0B7E6AE
:103BB000C4E90533042552E740F6F575AB428CBFE6
:103BC00002250125F9E604287FF4AAAEA4E604B094
:103BD000BDE8F0882DE9F84F07460568884631B9F9
:103BE0006E69A6B1EB69B34298BF012610E0FFF7FA
:103BF0003FFC0128044601D80124DBE0421C00F010
:103C0000BB80EB69834200F2D580464600E0012686
:103C1000AB690BB90024CDE02A78EB69042A5CD1AA
:103C2000A6F10209023B994528BF4FF00009CA4698
:103C30004FF0010B696B284601EB1A31FFF75EFB71
:103C400038BB0AF00703EA690BFA03F3CAF3C801A9
:103C5000DBB2023A6818544690F83C000AF1010AB7
:103C6000924500EA030002D25B00DBB204E04FF0B1
:103C7000000A4FF40071534608B902340DE0D145F3
:103C80000AD0002BE6D10131B1F5007FD2D2012359
:103C9000E0E74FF0FF3400E00024631E033300F23E
:103CA000898001231A4621462846FFF7A3FB0228F4
:103CB000A2D0012860D0B8F1000F02D10223FB711D
:103CC00065E0FB79022B5AD1731CA3425FD0BB681D
:103CD000F61A0323BE61FB7151E0464515D1741CF1
:103CE0009C4228BF022421463846FFF7C1FB012829
:103CF00082D0431C40D038B16B69012B05D9EA69E9
:103D0000934238BF1E4600E0ACB93446EB6901343B
:103D1000A34203D8012E7FF67DAF02242146384608
:103D2000FFF7A6FB38B101283FF466AF013023D07E
:103D3000B442EBD16EE74FF0FF3221462846FFF741
:103D400073FCB0B9B8F1000F05D0224641462846B1
:103D5000FFF76AFC68B9D5E90632023A93429CBF84
:103D600003F1FF33AB612B796C6143F001032B71DD
:103D700020E001287FF440AF4FF0FF341AE008F153
:103D80000102A242FB6908D12BB10133FB6100287B
:103D90007FF432AFDFE70223F8E70BB90123FB61C1
:103DA000224641463846FFF7B1FC0028E1D1012305
:103DB000FB61D0E72046BDE8F88F0000F8B5C37876
:103DC00004460D467BB929462046FFF789F804F1E1
:103DD0003C06A06307464FF4007200213046FFF70F
:103DE0006BF800250DE0FFF769FA0028EBD0012001
:103DF0000EE001237A19314660780EF03DFF18B9C4
:103E0000013563899D42F4D36089401B18BF0120AE
:103E1000F8BD00002DE9F8430568076B2B78042BEB
:103E20000CBF4FF080534FF400132037BB429CBFB0
:103E300000238363836B002B47D0C7F308088946B0
:103E40000446B8F1000F3AD1416B0133836331B9B5
:103E50002B89B3EB571F32D80023A36335E06B895E
:103E6000013B13EA57232AD1FFF702FB012806463C
:103E700001D802202CE0421C01D1012028E0EB698E
:103E8000834216D8B9F1000FE6D0616B2046FFF7E8
:103E9000A1FE0646D8B10128EBD0431CEDD0014667
:103EA0002846FFF78BFF0028E7D1E37943F00403AE
:103EB000E371666331462846FFF712F8A0633C358C
:103EC00045442763E563002002E0042000E007206A
:103ED000BDE8F8832DE9F04105460068A96B066945
:103EE000FFF70CFA044600285AD1E96B0B78852BB2
:103EF00055D120223046FFF7C9F9777801377F0185
:103F0000A7F16003B3F5007F49D821462846FFF7A3
:103F100081FF0428044642D0002841D1A96B2868BB
:103F2000FFF7ECF9044600283AD1E96B0B78C02B77
:103F300035D12022B018FFF7A9F996F823300F22C7
:103F40002C33B3FBF2F3B7EB431F28D34FF04008F9
:103F500000212846FFF75EFF042804461FD0F8B969
:103F6000A96B2868FFF7CAF90446C8B9E96B0B7852
:103F7000C12B14D1B8F17F0F04D8202206EB080022
:103F8000FFF784F908F120084745E1D8B8F1800F20
:103F900006D83046FEF7C0FF7388834200D0022463
:103FA0002046BDE8F0810000F8B50E460021074626
:103FB0000568FFF7F1FA00BB0446B96B2846FFF726
:103FC0009DF9D0B92A78FB6B042A1B7803D1DB4317
:103FD000C3F3C01305E0E52B1ABFB3FA83F35B0903
:103FE00001231BB10134B44201D109E01C46012177
:103FF0003846FFF70FFF0028DFD0042808BF07204E
:10400000F8BD000003682DE9F0411E690546304601
:10401000FEF782FFE96C708028467778FFF7BCFADC
:104020004FF001080446B4B9A96B2868FFF766F998
:10403000044680B920223146E86BFFF727F92B6848
:1040400083F803803FB121462846FFF7E3FE203680
:104050000446013FE7E7022C28BF0224E0B2BDE896
:10406000F0810000C16C4B1C2DE9F041044605684D
:10407000066B03D14FF0E508012717E0FFF78CFA34
:104080000028F7D01BE02A78E36B042A09BF1A78CE
:1040900083F8008002F07F021A70EF70236BB34246
:1040A0000DD200212046FFF7B5FE28B9A16B2846A6
:1040B000FFF724F90028E6D0042808BF0220BDE855
:1040C000F08100002DE9F843FF27D0F80080054675
:1040D0003C4604264FF6FF79A96B002977D040466D
:1040E000FFF70CF90646002875D1E86B0378002B22
:1040F00070D098F80020042A10D1852B5FD12B6B4B
:10410000EB642846FFF7E6FE0646002863D1D8F8A0
:1041100010301B7903F03F03AB715EE0C27AE52BF0
:1041200002F03F02AA7149D02E2B47D022F0200185
:10413000082943D00F2A36D1590605D503F0BF040C
:104140002B6B477BEB6401E0A34237D1437BBB423F
:1041500034D1428B92BB0378D8F80C60DFF880E052
:1041600023F040030D21013B4B4301211EF801CBFD
:1041700030F80CC031B1162B20D826F813C0614698
:10418000013301E0CC4519D101320D2AEED102787C
:10419000520605D521B1162B10D8002226F813207F
:1041A000013CE4B20BE02CB9FEF7A6FEB84201D107
:1041B000002612E04FF0FF33EB640EE0FF240021F5
:1041C0002846FFF727FE0646002885D003E0002E8C
:1041D000EED000E004260023AB633046BDE8F88350
:1041E000883E01082DE9F04F002187B00546076899
:1041F000FFF7D2F98346002840F0D0803B78042BAB
:1042000029D1F868FFF728F880462846FFF75AFFBB
:10421000002840F0B4803B6993F82390B9F1160F61
:10422000F3D89B8C4345F0D1044640264C4500F022
:10423000AB80F10608BF02363B69985B01F0B8FA23
:10424000FB68824633F8140001F0B2FA8245DCD1F3
:1042500002360134EAE74FF0FF33CDE902304FF088
:10426000FF0AEB64D046A96B3846FFF747F80028F1
:1042700040F08580EC6B2678002E00F08280E27A98
:10428000E52E02F03F03AB716CD0120702D50F2B65
:1042900068D101E00F2B52D195F84B30580667D406
:1042A000710606D52B6B94F80DA0EB6406F0BF06E3
:1042B00001E0B0455AD1637B534557D1638B002B46
:1042C00054D194F80080D7F80CB0DFF8DC90049655
:1042D00008F03F0808F1FF334FF00D0808FB03F822
:1042E00001212646019519F8010B345A91B1B8F114
:1042F000160F3AD8204601F05BFA05903BF81800FB
:1043000001F056FA0599814208F101052DD12146A7
:10431000A84603E04FF6FF739C4226D1214B9945F6
:10432000E1D13446019D2378049E5A0603D511B18C
:104330003BF81830D3B9013E5FFA86F818E0B8F1BF
:10434000000F04D12046FEF7D7FD504524D095F844
:104350004B30DB0706D40B2205F140012046FEF767
:10436000B1FDC8B1029BEB6400E0019D4FF0FF0876
:1043700000212846FFF74EFD00283FF474AF834626
:104380000CE04FF0040B09E024B2FB6833F8143062
:10439000002B7FF43AAF01E0DDF80CB0584607B0CF
:1043A000BDE8F08F953E0108883E01082DE9F04FE9
:1043B00090F84B5015F0A00599B040F09481066834
:1043C000F36833F815200AB10135FAE73378042B86
:1043D000044640F090800F230E35B5FBF3F5A91C81
:1043E000FFF7E2FD8246002840F08381236B05F150
:1043F00000650135A3EB4515E379E5645A0748D517
:1044000023F00403E3712046FFF718FA002840F078
:104410006D814FF0FF32616B2046FFF777F900287E
:1044200040F06481A368002B33D023680293236A91
:104430000493636A8DF80F30A16ACDF824A023F0AD
:10444000FF0302A8CDE9063A1591FFF7A5F8002869
:1044500040F04C8102A8FFF73DFD002840F0468166
:10446000D4E9042370894FF40071E1FB0023316922
:10447000C4E90423C1E90E23C1E90A23E37943F027
:10448000010381F8213002A8FFF7BCFD002840F0AD
:104490002D81D6E90354402200212046FEF70CFD71
:1044A000852300212370C02384F8203001200A4690
:1044B00040234FF0C10E8C465F1C04F803E004F863
:1044C00007C0CEB2023320B135F8120008B1013274
:1044D000D2B2E0520233DF06F5D135F81270013165
:1044E000002FE9D1B31C84F8232063702846FEF71F
:1044F000B3FEA084FDE000F140070C22394602A87B
:10450000FEF7C4FE9DF81330DB0770D54023DFF8BB
:10451000EC8184F84B304FF001090B2202A9384698
:10452000D6F80CA0FEF7B2FEB9F1050F14D9AAF126
:1045300002024B4632F8021F79B1102001F0010C43
:104540000CEB430313F4803F18BF83EA08030138E0
:104550004FEA5101F2D1EDE74B460DF1070007227A
:1045600003F00F0C0CF13001392988BF0CF1370131
:10457000013A4FEA131E00F8011903D00F2B01D99D
:104580007346EDE718AB13447E2104F13F0003F8B6
:10459000601C014600239A420DD011F801CFBCF1F6
:1045A000200F03F1010E06D07346F4E720210133FA
:1045B000072BC15407D8072AF8D818A9114401328B
:1045C00011F8601CF3E72046FFF70CFE38B909F13B
:1045D0000109B9F1640FA0D14FF0070A89E004285E
:1045E000824640F086809DF8133084F84B309DF869
:1045F00013309B0705D50C350D23B5FBF3F50135BD
:1046000000E0012529462046FFF7CEFC824600281F
:104610006FD1013D19D1A16B3046FEF76FFE824686
:10462000002866D101462022E06BFEF745FC0B22F4
:104630003946E06BFEF72AFE94F84B30E26B03F04C
:10464000180313730123F37053E0216B2046A1EB91
:104650004511FEF7A1FF824600284AD13846FEF7F1
:104660004BFC4FF6FF798046A16B3046FEF746FEC5
:10467000034600283CD1E36BD6F80CE0DFF880A0BD
:1046800083F80D804FF00F02E9B24FF00D0CDA7293
:104690004A1E0CFB02F2187358838446484518BF23
:1046A0003EF812001AF801BB0CF1010C18BF0132E0
:1046B00023F80B00002808BF4846BCF10D0FEDD1D0
:1046C000484502D03EF812200AB941F04001197065
:1046D0000123F37000212046FFF79CFB034638B905
:1046E000013DC1D197E74FF0060A02E0824600E0A3
:1046F0009A46504619B0BDE8F08F00BF2110010066
:10470000883E010838B5C37804461BB92378032BCB
:104710002BD103E0FEF7D2FD78BBF7E72379012B1D
:1047200023D104F13C054FF4007200212846FEF726
:10473000C3FB4AF65522A4F83A22104AE26302F17A
:10474000FF5202F500522032C4F82022A269C4F8B8
:1047500024226269C4F82822626A60780132A26366
:1047600029460EF089FA0023237100221146607851
:104770000EF0CCFA003018BF012038BD5252614112
:104780002DE9F04F85B00368029304468A4611F87C
:10479000013B2F2BFAD05C2BF8D00021A160E16106
:1047A0009AF800301F2B75D88023204684F84B30B0
:1047B00005B0BDE8F04FFEF7EFBE002B40F0B9802A
:1047C0002E2900F0B68032F8021D2E2901D0013EBC
:1047D000F9D10B22202104F140004FF00008FEF730
:1047E0006BFB4FF008095A464746CDF804A0A34694
:1047F00032F813005C1C002800F0FE80202800F036
:104800009E802E2800F09880C845C0F09C80B9F1A9
:104810000B0F40F09B80DDF804A05C4645F00305DB
:104820004FF00B0994F84030E52B04BF052384F8C2
:104830004030B9F1080F04BFBF00FFB207F00C030E
:104840000C2B40F0DD8045F0020584F84B502046EB
:10485000FFF7C8FC94F84B30002840F0E2805A077C
:1048600000F1FD80A379DB0640F1F280029B19780C
:10487000042940F0DD80A36823622369E27923F0F4
:10488000FF0313436362E36CA362029B2146186932
:10489000FEF706FD2368D3F80CB000261AF8010BCA
:1048A00050B340F2623100F06FFF002800F0CE807C
:1048B0001F2821D92F2811D05C280FD07F2806D897
:1048C000684B13F8012B12B19042FAD1BEE0162EBC
:1048D00000F0BC802BF816000136DFE75246137853
:1048E0002F2B924602F10102F9D05C2BF7D01F2B3F
:1048F0008CBF0025042500E004250BEB46033EB1E8
:1049000033F8022D202A01D02E2A01D1013EF6E7EC
:1049100000230BEB46022BF81630002E00F0968099
:104920003BF81310202903F101007FF446AF034642
:10493000F6E745F0030546E7B44200F08B8045F00A
:104940000305234654E7B4420DD183E0B44202D0BC
:1049500045F0030550D8BF00FFB234464FF00B09B5
:104960004FF00808EDE77F2824D940F26231039226
:1049700000F0E2FE10F0800F45F0020A039A04D026
:1049800000F07F00384B185C12E0FF2810D909F1C5
:10499000FF33984503D345F00305C846D1E70BEB39
:1049A0000803010A83F8401008F1010855461CE08D
:1049B000554628B12D4B13F8011B29B18142FAD17C
:1049C00045F003055F2010E0A0F141039BB2192BD5
:1049D00002D847F0020708E0A0F161039BB2192B4F
:1049E00003D8203847F0010780B20BEB080308F129
:1049F000010883F84000A4E7DDF804A05C4611E755
:104A000007F00303032B3FF41EAFAE073FF51DAFC6
:104A1000F80748BF45F01005790748BF45F008057D
:104A200013E704281BD113F0040F08BF052016E07C
:104A3000029B226B3C33C2F30802134403295A8BB6
:104A400004BF9B8A42EA0342A26023E7062006E0F5
:104A5000052004E0B9F10B0F7FF47DAFDBE605B074
:104A6000BDE8F08FAA3E0108083E0108B33E0108E8
:104A70001FB5CDE9001003A814460391FEF7CEFA46
:104A8000002812DB0B4B53F820200AB100211170D3
:104A9000019A0AB10021117043F820203CB1002294
:104AA00001A96846FEF7E4FE02E00B2000E0204684
:104AB00004B010BD4C0700202DE9F0479AB00191D9
:104AC000002800F0318102F03F060446174603A992
:104AD000324601A8FEF7CCFE0546002840F02081B2
:104AE000039B0199049304A8FFF74AFE20B99DF99E
:104AF0005B30002BB8BF062017F01C0F7BD058B1DD
:104B0000042840F00D8104A8FFF750FC002840F075
:104B1000078146F008060AE09DF8163013F0110FE1
:104B200040F0FB80780700F1F480390774D5039BCF
:104B30001A78042A31D1186923602146FEF7B0FBA8
:104B4000039B18691E2200210230FEF7B5F9039B72
:104B500018691A2200212630FEF7AEF9039B1A6964
:104B6000202111711F690DF0B7FF039BB8601B690D
:104B7000012283F8212004A8FFF744FA002840F01E
:104B8000CF80A168002947D002462046FEF7D6FD17
:104B9000A368039A013B53613BE00DF09DFF139B1B
:104BA000039AC3F80E00C3F8160011785F8B03292F
:104BB00004BF998A47EA01472021D972139900233B
:104BC0004B831078CB61032808BF8B820123D370FD
:104BD00017B3D2F838803946002204A8FEF7AEFD9C
:104BE000002840F09D8041460398FEF787FB039B19
:104BF000013F5F610DE0002840F092809DF8163083
:104C0000DA0600F18880BF0706D5D80700F1858055
:104C100002E0002840F08480039A936BA364139B06
:104C2000E3643107117848BF46F0400604290FD1EC
:104C3000069B2362089B9DF81710106923F0FF0361
:104C40000B436362179BA3622146FEF729FB0AE030
:104C500003295A8B04BF998A42EA0142A260DB69A8
:104C6000236100236361039B2360DB88A380002111
:104C70000022002304F1500AC4E90E2384F83060B6
:104C80004FF4007284F8311061645046FEF714F955
:104C9000B2064AD5D4E9046756EA070345D0039B18
:104CA000A168B3F80A80C4E90E674FEA48284FF0BC
:104CB0000009B94508BFB0450DD22046FEF7D8FB24
:104CC000B6EB080667EB09070128014605D9431C26
:104CD000EFD1012002E0002000E002202164F8B9B9
:104CE000C6F30802034613431FD0DDF80C8040468C
:104CF000FEF7F6F898B1720A42EAC75202446264BB
:104D00000123514698F801000DF07AFF68B10120A7
:104D100006E0082004E0042002E0072000E0022072
:104D200000232360054600E0092528461AB0BDE8A7
:104D3000F08700002DE9F04F9B4687B000238A469C
:104D4000CBF8003005A904461746FEF77DF9054665
:104D5000002840F0B58094F83150002D40F0B0802C
:104D600094F83030D90740F1AA80D4E90E31D4E963
:104D70000420B2EB030860EB01090023994508BF4A
:104D8000B84538BF474604F150090295002F00F09E
:104D90009480D4E90E01C0F308030093002301932B
:104DA000DDE9002313436CD1059B5B895A1E430A3E
:104DB00043EAC153134015D150EA010201D1A06862
:104DC00005E0216C03932046FEF752FB039B01286C
:104DD00001D8022502E0421C03D1012584F831509C
:104DE0006EE02064DDF81480216C03934046FEF7EA
:104DF00077F80028EDD0039BB7F5007F03EB0006A2
:104E000020D37D0AB8F80A2098F801005919914278
:104E100088BFD51A2B46324651460DF0F1FE0028C8
:104E2000DBD194F93030002B0ADA606C801BA84289
:104E300006D24FF4007249460AEB4020FEF726FAEC
:104E40006D022BE0626CB2421AD094F93030002B24
:104E50000DDA0123494698F801000DF00DFF0028F6
:104E6000BBD194F8303003F07F0384F830300598DC
:104E700001233246494640780DF0C2FE0028ACD1ED
:104E80006664A16BC1F30801C1F50075BD4228BF7E
:104E90003D462A4649445046FEF7F8F9DBF8003013
:104EA0002B44CBF80030D4E90E23501943F1000114
:104EB0007F1BAA44C4E90E0168E7029D00E00725B4
:104EC000284607B0BDE8F08F2DE9F04F87B01546B2
:104ED0000293029A00238B46136005A90446FEF74D
:104EE000B3F88246002840F0DB8094F831A0BAF194
:104EF000000F40F0D58094F830309A0740F1CE8012
:104F0000059B1B78042B03D0A36BEB4200D3DD433E
:104F100004F15009CDF80CA00DB3D4E90E23C2F36F
:104F20000801009100210191DDE90001014340F0F9
:104F300087800599B1F80AA0510A0AF1FF3A41EABF
:104F4000C3511AEA010A23D1134303D1A06878B9E7
:104F5000014600E0216C2046FEF73CFE40B994F883
:104F60003030DDF80CA043F0400384F8303097E097
:104F7000012802D14FF0020A03E0431C04D14FF094
:104F8000010A84F831A08BE0A368206403B9A06013
:104F900094F93030002B0EDA0598626C40780123CA
:104FA00049460DF069FE0028E9D194F8303003F04D
:104FB0007F0384F83030059E216C3046FDF790FF6A
:104FC0000028D7D0B5F5007F0AEB000724D34FEABD
:104FD0005528738970780AEB08029A4288BFA3EBC0
:104FE0000A0843463A4659460DF046FE0028C6D107
:104FF000616CC91B41450CD24FF400720BEB41218F
:105000004846FEF743F994F8303003F07F0384F804
:1050100030304FEA482826E0636CBB420FD0D4E919
:105020000423D4E90E01994208BF904207D201231C
:105030003A46494670780DF0E3FD00289FD1676439
:10504000A06BC0F30800C0F50078A84528BFA846AB
:10505000424659464844FEF719F994F8303063F057
:105060007F0384F83030029B029A1B68434413602C
:10507000D4E90E23D4E9040112EB080643F100073A
:10508000B94208BFB0423CBF30463946A5EB0805DF
:10509000C344C4E90E67C4E904013DE74FF0070AC1
:1050A000504607B0BDE8F08F70B598B001A904462E
:1050B000FDF7CAFF002840F0888094F830305A0687
:1050C00040F183801B060FD50198626C4078012364
:1050D00004F150010DF0D0FD002875D194F8303066
:1050E00003F07F0384F830300DF0F6FC054601989C
:1050F0000378042B45D12046FEF7A0FB002864D19D
:105100004FF0FF32216C2046FEF700FB00285CD1F7
:1051100023680293236A0493636A8DF80F3023F0A7
:10512000FF03CDE906300990A16A159102A8FEF7A8
:1051300033FA002849D102A8FEF7CCFE002844D15A
:10514000019E3269137943F020031371E3793269C8
:1051500043F0010382F821303169A3684B63D4E93D
:105160000423C1E90E23D4E904234875C1E90A23C5
:105170003369CD60186102A8FEF744FF28BB01988F
:1051800019E0A16CFEF7BAF8F8B9E36C0198DA7A85
:1051900042F02002DA72A26821685A830978032952
:1051A00004BF120C9A822269DA610022C3F81650F9
:1051B0005A820123C370FFF7A5FA94F8303023F028
:1051C000400384F8303000E0012018B070BD0000CA
:1051D00013B50446FFF768FF28B901A92046FDF77B
:1051E00033FF00B9206002B010BD00002DE9F04F80
:1051F00087B005A9044616461F46FDF725FF8246DF
:10520000002840F0048194F831A0BAF1000F40F07A
:10521000FE80059B1B78042B0DD0059D2B78042B5D
:1052200013D00023BB424FF0FF3208BFB2423CBF55
:1052300016461F4609E04FF0FF32216C2046FEF76C
:1052400065FA0028E9D08246E1E0D4E90423BB42B4
:1052500008BFB24205D294F8301089075CBF1646E9
:105260001F4600210020D4E90E23C4E90E0156EAAE
:10527000070101D1002592E06D8952EA03014FEA4E
:10528000452523D012F1FF3B43F1FF3816F1FF30E3
:1052900047F1FF312A460023FBF738FB2A46CDE9C8
:1052A0000001002358464146FBF730FBDDE90023AF
:1052B0008B4208BF824209D3694201EA0B03F61A06
:1052C000C4E90E3867EB0807216C13E0A16881B9C7
:1052D0002046FEF77FFC0128014602D14FF0020A6A
:1052E00003E0013004D14FF0010A84F831A08EE0D0
:1052F000A16021640029BDD0A8464FF000095546A1
:10530000B94508BFB045D4E90E322DD2B6EB080638
:1053100094F8300067EB090718EB030A49EB020B1E
:105320008207C4E90EAB11D5D4E904235B4508BF5D
:10533000524505D2C4E904AB40F0400084F8300087
:105340002046FEF747FC014620B90FE02046FEF755
:105350008FF801464B1CC6D00129BFD9059BDB69DC
:105360008B42BBD92164CBE7AA4602E0AA460026BD
:105370000027D4E90E329B1947EB0202C4E90E3232
:10538000C6F30802002313433FF474AF0598FDF7FA
:10539000A7FD0028A2D0730A43EAC753C518D4E971
:1053A0000E01D4E904238B4208BF824207D294F84D
:1053B0003030C4E9040143F0400384F83030C0F3D6
:1053C00008020023134322D0626CAA421FD094F932
:1053D0003030002B04F150060EDA059801233146D7
:1053E00040780DF049FC00287FF47DAF94F8303010
:1053F00003F07F0384F83030059801232A463146B4
:1054000040780DF0FDFB00287FF46DAF65645046D9
:1054100007B0BDE8F08F00001FB50191002840D013
:105420000446002203A901A8FEF722FA002835D17C
:10543000039B236001992046FFF7A2F9002832D18F
:1054400094F94B30002B1FDBA379DB0601D4052038
:1054500024E0039A117804290ED1A36823622369FA
:10546000E179106923F0FF030B436362E36CA362ED
:105470002146FDF715FF07E0E26B0329538B04BFBC
:10548000928A43EA0243A360039BDB88A380002146
:105490002046FEF781F80428D9D038B100232360D4
:1054A00004E0092002E00428D1D0F7E704B010BDE1
:1054B00013B501A90446FDF7C7FD00B9206002B08D
:1054C00010BD000073B50D4601A90446FDF7BCFDF3
:1054D000B0B925B901462046FEF75EF810E0204637
:1054E000FEF7F0FD10F0FB060AD129462046FDF735
:1054F000DFFD31462046FEF78DFC042808BF002062
:1055000002B070BDF8B506460C4601F11A072146F7
:105510003046FFF7D7FF054650B94CB1A37E3BB1EB
:10552000024604233946306DFDF728FD0028EED0F1
:105530002846F8BD10B5BCB00222019003A901A80D
:10554000FEF796F9002854D1039B0199109310A8F7
:10555000FFF716F900284CD19DF98B30002B47DB63
:105560009DF84630DA0701D5072042E0039B0493FB
:105570001A78042A05D104A91869FDF791FE069C42
:1055800006E01F9B032A5C8B04BF9B8A44EA03440A
:105590009DF84630DB0604D410A8FEF763FDD8B1B1
:1055A00027E0039B269328941B78042B07D1DDE981
:1055B0000823CDE92A239DF817308DF89F3000216C
:1055C00026A8FDF7E9FFA0B926A8FEF77BFD002875
:1055D000CAD004280DD1DFE71CB90398FFF792F871
:1055E00007E00246214604A8FEF7A8F808B9F4E748
:1055F00006203CB010BD000070B5A6B0022201909C
:1056000003A901A8FEF734F90446002840F0918070
:10561000039B01991093054610A8FFF7B1F80446C3
:10562000002800F08580042840F08380039B0493C9
:10563000294604A8FEF7CEFA054628B1012805D070
:10564000431C5C425C4102E0072400E002240DF0B0
:1056500043FA0646002C65D129460398FEF7AEFBB7
:10566000044600285ED103980378042B2AD00B222D
:1056700020213C30FDF720FC03982E2380F83C309D
:10568000102380F847300378C0F85260032B04BF22
:105690002B0CA0F8503000F13C01A0F8565020220D
:1056A0005C30FDF7F3FD039B2E22197883F85D2013
:1056B000129AA3F87620032904BF120CA3F87020D5
:1056C0000122DA7010A8FEF771FE044650BB039B5E
:1056D0001A78042A12D159891A6949029163916290
:1056E000032182F821101B69D660556310221A71BC
:1056F00010A8FEF787FC0446D8B90EE01F9A558320
:10570000C2F816601978032908BF2D0C4FF010015C
:1057100008BF9582D1720122DA700398FEF7F2FF7A
:10572000044606E00022294604A8FEF707F800E038
:105730000824204626B070BD7F2801D880B270476B
:10574000B0F5803F18D240F26233994214D110B4C0
:105750000C4900234FF4826203E0802B0AD031F819
:10576000022F82429CB203F10103F6D104F18000C2
:1057700080B203E0002001E0002070475DF8044B98
:10578000704700BF6C4101087F280DD940F2623399
:10579000994208D1FF2806D800F10040034B803819
:1057A00033F8100070470020704700BF6C410108BB
:1057B000B0F5803F4ED2284A284BB0F5805FF0B458
:1057C00041F67D512CBF1346612186B204331F463A
:1057D00000293CD08E423AD333F8022CD4B265185B
:1057E000A8424FEA122228DA082A30D8DFE802F06D
:1057F00005090F1215181B1E2100411A33F81160FC
:1058000025E0711A01F00103F61AB6B21FE0103E4E
:10581000B6B21CE0203EB6B219E0303EB6B216E099
:105820001A3EB6B213E00836B6B210E0503EB6B239
:105830000DE0A6F5E356B6B209E0043312B133F831
:10584000041CC4E707EB440337F81410BEE73046E6
:10585000F0BC7047704700BFB0400108BC3E010873
:1058600008B5202383F311880348FCF7F5F80023DB
:1058700083F3118808BD00BF8407002038B50C46AB
:10588000202383F31188022902D003290ED010E0CF
:1058900005460A4A0121FCF7A5F928462146084A8F
:1058A000FCF7A0F90748FCF7ABF802E00548FCF765
:1058B0009BF8002383F3118838BD00BFE44A010838
:1058C000004B010884070020164B174A17491B6834
:1058D0001268096870B4164E13440B43304606F143
:1058E000180503F01F040A2C34BF3022372222444B
:1058F00020F8022F5B09A84243EAC1634FEA511125
:10590000EFD10C4840F21A311A220023C0F8DC6FA4
:10591000A0F8E01FA0F8D82FA0F8DA3F70BC00F67E
:10592000D8707047ACF7FF1FB4F7FF1FB0F7FF1F29
:10593000DC9A0020FC8A0020022913D0032904D01D
:1059400001290A4818BF00207047032A05D1084BD7
:105950009B8A1B0502D5FFF7B7BF05D8054800EBAA
:10596000C20070470448704700207047804B010810
:1059700008030020D84B0108344B010830EE010A1F
:10598000F0EE007AA0EEA70AF5EE007A20EE270AE4
:10599000704700BF002A50D001390B1A00FB03F0FA
:1059A00002FB00F000FB02F007EE900A01FB01F1A0
:1059B000B8EE677A07EE901AF8EE676A9FED202A34
:1059C0009FED203A9FED204A9FED205A9FED206ADF
:1059D000DFED201ADFED202ADFED203ADFED204A4F
:1059E000DFED205AC7EE267AB7EE000AF0EE426AE3
:1059F000B5EE007AE1EEA76AE6EEA72AF0EE436A7A
:105A0000E2EEA76AE6EEA73AF0EE446AE3EEA76A92
:105A1000E6EEA74AF0EE456AE4EEA76AE6EEA75A7C
:105A2000F0EE466AE5EEA76AA6EEA77AF0EE406AC7
:105A3000E7EE876AA7EEA60A7047B7EE000A70473E
:105A40004EE534269998052D22152933B4A29138B4
:105A5000398EE33CD4CBA022C400AB2922152930D7
:105A60002E740136398EE33A054B1B6810B41C685E
:105A700024680A460146184623465DF8044B184739
:105A80008063002030B42C4D6C8B002C4BD005EB88
:105A9000C4042A4605F6585105F5CF53F7EE002AFF
:105AA00093ED007A92ED343AD1ED016AD2ED353AB8
:105AB000D1ED005AD3ED017A73EE474A37EE437ABF
:105AC00033EEE76A35EEA24A77EEE37A32EEE55A34
:105AD00067EE265A012826EEC66A64EEA64A67EEED
:105AE000043A67EEA66AE7EE845A08D1F0EE466AF9
:105AF000F0EE645AE7EE056AE7EE855A08E0B0F189
:105B0000FF3F12BF73EEE66A76EEE36AF1EE655A86
:105B10000832A242C3ED006AC3ED015A01F1080147
:105B200003F10803BCD1AB8C23F0040343F0400322
:105B3000AB8430BC704700BFF8080020084A08B5A5
:105B4000138B03F00101814209D023F001030343C9
:105B50002820138306F008F9024B00221A7708BDAB
:105B6000F8080020080300202DE9F04F2DED028BEE
:105B7000061E85B0154601DB574C98E0564CD4F80C
:105B80000CA08A45894680F09180B4F8228027696C
:105B900008F1FF388F421FFA88F801D8464686E0A0
:105BA000A7EB0A07A1EB0A003A460023A0FB080175
:105BB000FAF7ACFE0646A6FB0723F11707FB0133F5
:105BC0004FEA580112EB010B43F1000C1FFA88F267
:105BD000002358466146CDE902BCCDE90023FAF71F
:105BE00095FEDDE902128346781842F10001DDE9F5
:105BF0000023FAF78BFE0AEB0B0291458244A0EBDF
:105C00000B0054D060B1A9EB020307EE103A07EE87
:105C1000900AB8EE477AF8EE677A87EE278A01E0B5
:105C20009FED2E8A104603F03DF90746504603F0DB
:105C300039F9B84201D1731C15E0484603F032F936
:105C4000B84208D1002E32DDF7EE007A334638EE46
:105C5000278A013E07E0B04529DDF7EE007A38EEED
:105C6000678AB31C013604EBC60604EBC3042B1D84
:105C70002C35D6ED347A94ED347A37EE677AE7EE48
:105C8000087A43ED017AD6ED357A94ED357A37EE20
:105C9000677A06F68846E7EE087A04F6884417EE37
:105CA000902A43F8082BAB42E3D110E000262B1DCD
:105CB00004EBC6042C35D4F8D02043F8042CD4F8D7
:105CC000D42043F8082B9D4204F68844F3D105B054
:105CD000BDEC028BBDE8F08FF8080020000000004A
:105CE00010B52DED028B82B0044601A96846D4EDB3
:105CF000008A94ED018A0DF0B1FDDDED007ADDED55
:105D0000016A28EE677A67EEA87AA6EEA87AE6EE30
:105D1000887A84ED007AC4ED017A02B0BDEC028B82
:105D200010BD00BF012818D108B508680B4902F062
:105D30009BFE28B90A4A137843F04003137006E02B
:105D4000012804D1064A137823F0400313704FF45E
:105D50008D70BDE8084006F007B87047CC4D0108CB
:105D6000A803002000283ED002283CDC1E4B9B8A62
:105D70005B0738D470B5022890B00D460CD1486846
:105D80001A4C02F0D7FD1A4A04FB00F404F2E7347F
:105D9000A2FB0434A40901E044F620642E68154DEA
:105DA0003046FAF735FF31460246234605F120001A
:105DB000FBF7CCFC234602220F49104E05F12000D0
:105DC000FBF7C4FC03E033680C481B68984740228B
:105DD000694623462846FBF737FC694602460028F9
:105DE000F1D110B070BD704708030020A0860100FB
:105DF000D34D621074050020E4560108840700208A
:105E0000022838B509D108680D4602F079FD04B2C0
:105E1000686802F075FD02B202E04FF0FF321446EE
:105E200021460220BDE838400CF04EB902280FD1BF
:105E300038B508680C4602F063FD0546606802F05C
:105E40005FFD29B202B2BDE8384001200CF03CB938
:105E5000704700BF0BF024BB08B52DED048BB0EEEE
:105E6000419AB0EE608A38EE098AF0EE408A20EE60
:105E7000810A38EE288A20EE280AB0EEC00A0DF01A
:105E800047FDB5EEC08ABDEC048BF1EE10FA48BFB9
:105E9000B1EE400A08BD00BF0C494A8BAAB140F2DE
:105EA000911303FB002310B440F68844002201EB59
:105EB000C30304FB001080ED340AC0F8D42008307E
:105EC0009842F8D15DF8044B70477047F8080020FD
:105ED0000828044B024628BF082210201A7005F03B
:105EE00043BF00BF8C630020014B1878704700BF90
:105EF0008C630020024A137823F00103137070476B
:105F0000A8030020FFF7F6BF084A117881F00103CB
:105F100003F0FB03C807137006D50549898AC90435
:105F200044BF43F002031370704700BFA803002072
:105F3000080300200FB400B5074B186883B028B1E0
:105F400005AB1A4604990193FCF76EFC03B05DF8AB
:105F500004EB04B0704700BF8063002038B5052211
:105F60000D4902F09FFD0D4B80B20528188004D921
:105F70000B48FFF7DFFF00240CE050B1094C0A4842
:105F8000054D296802F070FD20B154F80A0F002871
:105F9000F7D10024204638BD246300207C63002014
:105FA0000C4C010824540108044C0108022870B567
:105FB0001DD02648264C274DFFF7BCFF002634F89D
:105FC000023FDA08580900F0F800190402F4E05220
:105FD000024301F478015B030A439BB231461A4342
:105FE00028460136FFF7A6FF202EE8D12DE00868ED
:105FF0000C4602F09FFC83B21F2B064625D8606832
:1060000002F098FC0546606802F094FCED00430144
:1060100003F4F853606805F460451D4302F08AFC00
:10602000030C03F0F80360681D4302F083FC0A4B85
:10603000B6B2C0F3423003EB46060543F58340F2A7
:106040001A30BDE8704005F08FBE70BD544D010898
:1060500024030020704D0108080300200149024874
:10606000FFF768BFF84B01081C54010838B5064C0F
:10607000216839B1054D2846FFF75CFF54F8041F2D
:106080000029F8D138BD00BF7C0300201C54010852
:1060900038B50948094C0A4DFFF74CFF0949284615
:1060A000FFF748FF54F80A1F0029F8D10648BDE859
:1060B0003840FFF73FBF00BFF44D010824540108EA
:1060C000004E0108044C0108E4560108012808B5F7
:1060D00007D0074B07495A680748BDE80840FFF753
:1060E00029BF086802F026FC014B586008BD00BFBC
:1060F00008030020BC510108E45101082DE9F041DA
:10610000071E43D048DDDFF89880244E0C1F002581
:10611000414654F8040F02F0A7FC072836D8DFE800
:1061200000F004080C131A1F262B0120FFF706FDB0
:1061300028E00020FFF702FD24E0338B23F0060364
:1061400043F0020333831DE0338B23F0060343F057
:106150000403338316E0338B23F00603338311E00B
:10616000338B23F0180343F0080333830AE0338BA7
:1061700023F01803338305E0338B23F0180343F037
:10618000100333830135AF42C2D105E0044905480D
:10619000BDE8F041FFF7CEBEBDE8F081F808002071
:1061A0004C5301082C530108012808B506D0064BB2
:1061B0000648198BBDE80840FFF7BCBE086802F02E
:1061C0009FFB014B188308BD08030020804F010886
:1061D000022816D138B50C460C49206802F044FC60
:1061E000051E08DB606802F0A5FBC1B2A8B2BDE8DD
:1061F00038400BF08BBA05490548BDE83840FFF739
:1062000099BE02490248FFF795BE00BFDC4E010867
:10621000804D0108012808B507D0084B08491A78B5
:106220000848BDE80840FFF785BE086802F082FB19
:10623000BDE80840C0B2FFF74BBE00BF8C63002032
:106240003C510108E4510108012808B50BD1086848
:106250000D4902F009FC30B90C48FFF76BFEBDE8B0
:1062600008400BF03DBA0A48FFF764FEBFF34F8FBA
:106270000849094BCA6802F4E0621343CB60BFF3DC
:106280004F8F00BFFDE700BFA44F0108A84F0108D2
:10629000C84F010800ED00E00400FA05012808B528
:1062A00007D0074B07495A6E0748BDE80840FFF77B
:1062B00041BE086802F03EFBBDE8084002F0CABDDE
:1062C00008030020A0510108E451010808B50CF0B2
:1062D000D1FEBDE8084001460148FFF72BBE00BFD4
:1062E00014540108012811D108680A4908B502F0C0
:1062F000BBFB002804DBC0B2BDE8084005F076BD5A
:1063000004490548BDE80840FFF714BE01490248AA
:10631000FFF710BEA44E01088C4E0108012813D1CE
:1063200008B5086802F006FB062806D80CF050FDF8
:106330001020BDE8084005F017BD062205490648B3
:10634000BDE80840FFF7F6BD062202490248FFF704
:10635000F1BD00BFDC4F0108E44F010810B90B4844
:10636000FFF7E8BD38B5044608680D4602F0E2FACA
:10637000012CCCBF69680021022C0246CCBFA86862
:106380000020BDE838400AF063BB00BF144F01088D
:1063900000B50D4883B0FFF7CDFD0BF05DF80B495C
:1063A0000B48B1F912300093B1F91030B1F90E2059
:1063B000B1F90C10FFF7BEFD40F21A3003B05DF8E2
:1063C00004EB05F0D1BC00BF5852010808030020BF
:1063D000845201082DE9F041274C284BC02222802D
:1063E0002688E0B0012836B2C3F800D008D108688A
:1063F00002F086FA224B10F1FF3018BF01201880FE
:10640000002002F0D9FE1F4B1F485B8B1F4902334F
:106410004FF080429BB2526A038023881BB2C8327D
:10642000002B0A6004DD30BF23881BB2002BFADC8E
:10643000002E10DC1DE035F9021BFFF77BFD0C2C54
:1064400003D14046FFF776FD0024B542384604F1FB
:106450000104F0D10DE00E48BDF90010DFF83480E2
:1064600007460DEB4606FFF765FD0DF10205012419
:10647000EBE760B0BDE8F081784800207448002068
:106480007A48002008030020B868002090610020AE
:10649000BC4D0108E4560108012802D00A48FFF764
:1064A00049BD08B50868094902F0DEFA20B108487C
:1064B000BDE80840FFF73EBD0CF00EFD0548BDE805
:1064C0000840FFF737BD00BFAC4C0108D44C0108B1
:1064D000DC4C0108F04C010808B50CF033FC024814
:1064E000BDE80840FFF726BDF84F010810B50122AE
:1064F00005490648FEF7BCFA044610B10448FFF708
:1065000019FD204610BD00BFEC4C0108C0980020CA
:10651000A0500108012802D00B48FFF70BBD10B5B1
:106520000C46FFF7E3FF70B924682046FFF702F836
:10653000064A074B2146002818BF1A46BDE81040FE
:106540000448FFF7F7BC10BDB8500108B05001086F
:10655000B4500108D850010830B5012883B003D0E9
:106560001848FFF7E7FC2BE004460D68FFF7BEFF75
:1065700030BB294622461448FEF79EFA054618B15C
:106580001248FFF7D7FC1BE0114C0421D4F8843BE0
:1065900000936846FFF768FA019501E0FFF764FA97
:1065A00001AB4FF4007221460748FEF7C3FB20B948
:1065B000019B20461946002BF0D10348FEF708FE48
:1065C00003B030BD10510108709600202C51010815
:1065D000FC8A002030B5A7B004460D46FFF786FFC1
:1065E00050BB14B1012C03D005E0144B249306E0FA
:1065F0002B68249303E01248FFF79CFC1CE010A8D2
:106600001049FEF709FF08B90F4C07E010A8FEF784
:106610004FFF11E0DDE90023FFF78CFC694610A86D
:10662000FEF770FF0DF11A010028EFD19DF81A3026
:106630002046002BEED1E9E727B030BDE850010835
:10664000EC500108EC4C0108085101082DE9F04319
:10665000354B364D1E6887B006F07F3424F0FE447B
:1066600004945F68032805EA07058846059512D15A
:106670002F49D8F8000002F0F7F900283ED1D8F8E9
:10668000040002F057F90446D8F8080002F052F965
:10669000014620462DE0022830D12649D8F80000D6
:1066A00002F0E2F98146B9F1060FD8F8040006D1EC
:1066B00002F066F907B0BDE8F0430CF051BE02F0FD
:1066C00039F9B9F1000F19DB632817D81A4B1B4AA7
:1066D000A3FB0013DB0803EB830112F80920A0EBF6
:1066E000410006A90A4440EA031002F8080CDDE95B
:1066F000041007B0BDE8F0430CF0C6BDC4F3062299
:1067000006F07F060B490391240CCDE90042029666
:1067100007F03F03C5F30422290C0948FFF70AFCE0
:1067200007B0BDE8F08300BF002800403F1FFF0016
:10673000005201084C5A0108CDCCCCCC8856010837
:1067400004520108012808B507D0074B07499A6889
:106750000748BDE80840FFF7EDBB086802F0D0F835
:10676000BDE8084002F05CBA08030020384F010879
:10677000E4510108012802D00748FFF7DBBB08B548
:10678000086802F0D7F8FFF7B5FB044BD97FBDE8E6
:10679000084002F09FBB00BFD44D0108F80800205C
:1067A0002DE9F043012883B013D1086802F0A8F85E
:1067B000062805D91A4803B0BDE8F043FFF7BABB75
:1067C000012809DC174C184E40F6884303FB0044AF
:1067D0000AE0144C144E07E0023840F6884404FBEB
:1067E00000F4114ED0343444738BB3B10F4F0025F5
:1067F0002068F9F7D5FE804660688946F9F7D0FE33
:106800004B46CDE9000142463846FFF793FB738BB8
:106810000135AB4204F10804EADC03B0BDE8F083C3
:106820009C4D01087C480020F8080020B44D010868
:1068300010B50446102005F097FA094B042CDA7FB6
:1068400028BFFF24A24209D0064ADC771378DB0771
:1068500004D42046BDE8104002F05EBC10BD00BF6D
:10686000F8080020A8030020012808B506D0074B2F
:106870000748D97FBDE80840FFF75CBB086802F015
:106880003FF8BDE80840C0B2FFF7D2BFF8080020CB
:10689000584F01082DE9F04F85B0402308212B48BF
:1068A000ADF80E30FFF7E0F802210DF10E00FFF712
:1068B000DBF82748DFF8A480BDF80E10A0F11E0613
:1068C000FFF7D2F8A8F14009002409F1020BCA46EB
:1068D00008F2BE3527460020CDF8008001234FF492
:1068E000F07239460BF016FE1A4800F1010C06EB67
:1068F000440330F8021FDB8B8B4209D0164B002477
:1069000002E00134202C05D033F8022F8A42F8D15E
:10691000E3B201E000242346A8420CF8013FE6D18F
:106920004FF4F07259460D4802F0FAF881B203466E
:10693000013702315046A9F80030FFF795F8B7F556
:10694000A07FC8D105B0BDE8F08F00BFD8560108C0
:10695000260300203A8B0020240300203C8B0020DB
:10696000002801DDFFF796BF70B50B4D82B0002403
:106970002E46022321464FF4F072002000951C445D
:106980000BF0C8FD4FF4F0613046FFF76DF8B4F539
:10699000A07FEED102B070BDFC8A002070B40F4918
:1069A0000F4A104B4C8B1E88508B157F002364F3CD
:1069B000080360F35123547F908A0B4A66F3954392
:1069C00065F3985364F35F634D688C684969136598
:1069D00055659465D16570BC10667047F808002055
:1069E00008030020FE9A002000280040F8B5224D40
:1069F0002A8892B2002A3DD04FF080431F495B6A3B
:106A000009685B1A002B35DB1D491E4C498B10F0C1
:106A1000020F01F10101A4F1C00008BF0446914238
:106A200002DA02F0AFFC03E06021204602F022FC13
:106A3000154B164FB3F900003E68154904EB4000B2
:106A4000021D0024C4300B881BB20BB974B10CE0DA
:106A50000B8832F9044C013B04321BB282420B809A
:106A600026F8024B4FF00104EDD13E602B88013B2C
:106A70009BB22B80F8BD00BFB86800209061002059
:106A800008030020546200207A4800207448002047
:106A900078480020034BC0F308024FF481605A830A
:106AA00005F062B908030020012808B504D1086880
:106AB00001F040FF80B215E0022815D1086801F00E
:106AC00039FF83B2B3F57A6F08D8072B08D94FF492
:106AD0007A60B0FBF3F0013880B203E0002001E0FF
:106AE00040F2FF10FFF7D6FF054B0648598B4FF4D5
:106AF0007A624B1CB2FBF3F2BDE80840FFF71ABA0A
:106B0000080300204C4C01084FF47A630130B3FBBA
:106B1000F0F0704730B4094A094C0A4B0A4925681D
:106B200012881B680C6803FB0053510804FB00101B
:106B300030BCB0FBF2F01844704700BFF0080020F2
:106B4000F4080020E8080020EC0800202DE9F04FB0
:106B5000764F774C7A8B23882DED028B9A4295B035
:106B600004D9002800F0CB8121B9B6E100232380AD
:106B70000028F9D16F4B97ED2A0ADFED6F7A02906A
:106B80004FF000529A6120EE270A0D460CF0DAFF12
:106B90001120B0EE408A0BF02DFE798B20888142C7
:106BA00040F2928105F00303009305F040034FF09B
:106BB000000A05F0010905F00208C82604932B46D7
:106BC000D346CDF804A04D46B24699464646FFF757
:106BD000A1FF009B80465BB1F97F02F07BF9049B2B
:106BE000834613B92388039302E04FF0FF330393E6
:106BF000002D61D0002002F0DFFA4FF080424F4BB1
:106C0000516A5A8B4E484F4B51440232594492B20A
:106C100019F0200B01601A8000F06B810AAA41462E
:106C200003980593FEF7A0FF059B1A8892B2002AED
:106C300000F0558130BF1A8892B2002AFAD106A816
:106C400002F058FBBBF1000F34D0DDED076A9DED7B
:106C50000B4A9DED0C5A9DED066ADDED0A7ADDEDDD
:106C60000D5A9DED0E7ADDED0F4A76EEC46A36EED2
:106C7000676A66EE857AA6EE057A4FF00A0BE6EEB5
:106C8000257AA6EEE57A77EEA47A26EEA75A67EE85
:106C9000A75A67EEC67AE7EE075AA6EE075AE6EE5F
:106CA000877AC5EE256A87EEA57ACDED066A8DED69
:106CB000077A01E04FF00A0B002E00F084800120DB
:106CC00002F07AFA4FF080421C4B516A1C485A8BF2
:106CD0001C4B8A440AEB0B010232016009F02101CE
:106CE00092B220291A801BD10AAA41460398059323
:106CF000FEF73AFF059B13E008A802F0FBFADDED72
:106D0000087A9DED097AF1EE677AB1EE477A19F0CB
:106D1000200FCDED087A8DED097A54D014E030BF04
:106D20001A8892B2002AFAD1E6E700BFF8080020DC
:106D30008E61002000080048E3C8EB3D08030020F6
:106D400090610020B86800209DED125A9DED116AF7
:106D5000DDED136ADDED105ABB8C77EEC57A37EEA8
:106D6000667A67EE866A27EE066AE7EE256A5B05B5
:106D700067EEA57AB0EE667A37EEC65ACDED096AAF
:106D80008DED085A1FD59DED0D4ADDED076ADDED4D
:106D90000C3ADDED064AF7EE005AE4EE265A66EEAE
:106DA000A36AE3EEE45AE4EE246A76EE677A27EE0D
:106DB000256A27EE267AA6EEA76AA5EE257A8DED3E
:106DC000096A8DED087A2388B3F5C87F42D8ADB142
:106DD00019F0040F0BD007EE908A97ED270AF8EE12
:106DE000677A06A827EE800AFEF77AFF2388474ACB
:106DF0000698079902EBC3031860596056B319F05F
:106E0000080F0AD007EE908AB8EE670AD7ED287A05
:106E100008A820EE270AFEF763FF19F0100F9DED7A
:106E2000087ADDED097A07D027EE087A67EE887ACE
:106E30008DED087ACDED097A2388344A03F2911159
:106E400002EBC30303F68C4302EBC10282ED007A2E
:106E5000C3ED007A2E4B1B780BB1029B1BBB2D4B55
:106E600020885A8B7B8B262A15D90199C0EBC00844
:106E70005A1E08EB881898FBF2F8A8EB0102002ACA
:106E800009DD14310846012300210BF0B3FB2088F3
:106E90007B8BCDF80480013080B2984220804FF087
:106EA000000AFFF494AEDDF804A0BAF1000F00D19F
:106EB00008E002200BF09EFC524601230021142022
:106EC0000BF098FB798B2088134B081A4FF4005273
:106ED000B0FA80F040099A6113E0084611E006A874
:106EE00002F008FAB1E606A802F004FA4FF00A0B25
:106EF000E2E61A8892B2002A7FF49CAEF3E7208083
:106F000038E615B0BDEC028BBDE8F08F7C48002060
:106F1000878A002008030020000800482DE9F04F70
:106F2000B44B2DED088B9B8A1E068BB002D5012039
:106F30000BF02AFB0BF0DAF806F0B8F9AE4BDFF8ED
:106F40001083DFF81093DFF810A3DFEDC49ADFEDB4
:106F5000ABBA9FEDABBADFEDABAA9FEDABAA5B007E
:106F600003F58052043203F580530992089304F02C
:106F7000E3FEB8F82430D8ED277AA44ADD0554BFE3
:106F800040F0030040F02300F5EE407AD8ED287A77
:106F900012781FFA80FB9C0548BF4BF0400B9C4BBE
:106FA000F1EE10FAF5EE407AD8ED2A7A1B7818BF88
:106FB0004BF0040BF1EE10FAF5EE407A18BF4BF0EF
:106FC000080BF1EE10FA18BF4BF0100B980710D019
:106FD00022B101F029FF8D4A002313705946012088
:106FE000FFF7B4FD8A4A137823F0020307461370B3
:106FF00031E0804B9B8AC3F30034944203F4805306
:1070000007D013B101F0F4FE01E001F00DFF7F4B5A
:107010001C7030BF00271EE0BAF80000D9F800301D
:1070200001383146984700212846C9F80040FAF750
:10703000B7F8D9F80030002BEED1754A1378144612
:1070400063F07F0313700AF0FFFF237803F07F03E0
:10705000237047B9C0E1D9F80030002BEDD06D4E58
:107060006D4D0024D8E76D4B1B7823B9B8F8183064
:10707000D90755D558E05F4B694D9A8A694B6A4CE0
:10708000CDE902BB12F0020F08BF1C46029BDA07D3
:107090000BD4029BC3F34F030293644B05F6884560
:1070A000AB42F3D1DDF80CB0E0E75C4B1F78012375
:1070B000013FBB40002B0193EBDD0026B8F81A30EE
:1070C00095ED000AD5ED018A022B04D8019B01360B
:1070D000B342F3D1DDE72F464FF0010B97ED028A63
:1070E00097ED041A97ED039AF0EE480AA04797ED42
:1070F000051A87ED020AD7ED030AB0EE680AA04729
:10710000B8F81A3087ED030A0BF1010B013B9B45E0
:10711000F0EE498AB0EE480A07F10807DEDBD5E752
:10712000012004F021FE57E103F00605022DB8F816
:107130001A4001D0042D06D1620092B201920122C0
:107140000594069203E00022CDE90522019413F094
:10715000180204D0102A0CBF0D27002700E00627D4
:10716000334903F01E0343EA44130A889BB29A4250
:1071700000F09480042D0B8072D107FB07F307EE1B
:10718000903AF8EEE77AB5EE007A67EE877AB7EED6
:10719000001A9FED284ADFED284A9FED285ADFEDBF
:1071A000285A9FED286ADFED286ADFED282AF0EEE5
:1071B0004B3AB0EE6A3AEBEEA73AA3EEA73AF0EEFE
:1071C0004A3AE3EE273AA3EEA74AE4EE274AA4EEB2
:1071D000A75AE5EE275AA5EEA76AE6EE276AA6EEBD
:1071E000A77AF0EE416AE7EE876AA7EEA61A21EECB
:1071F000221A4CE008030020FC8A0020D4CBA022F5
:107200004EE53426C400AB299998052D8C610020E9
:10721000A803002028630020846300208C630020E2
:107220007C480020595E00087D5900088C610020D0
:107230008E63002022152930221529332E74013641
:10724000B4A29138398EE33A398EE33C0000004411
:10725000F8080020386300207C6300200000000054
:107260001FED021A7CB1059E029534443546019EFD
:1072700028463A463146FEF78DFB0135AC4231EEE9
:10728000001AF5D1029D022D08BF31EE011AB7EEAA
:10729000007AC7EE017A624BC3ED007A614BCDE90B
:1072A00002B3029BDB070AD4029A039B52080292A4
:1072B0005D4A03F688439A420393F2D130E7B8F867
:1072C0001A3004935BB3564A039C92ED001ADDF822
:1072D00014B0564DDB0007931E1958463A460199E3
:1072E000FEF758FB94ED007AD4ED017A20EE010A06
:1072F000083427EE007A67EE807AA64285ED007AA0
:10730000C5ED017A0BF1010B05F10805E5D1049BF0
:10731000B3F5007F07DB069B002B64D012E0049BD3
:1073200007931A4600E0049A404B07990B44013238
:10733000B2F5007FC3ED009AC3ED019A03F1080393
:10734000F5D1E8E7049B012B57DD394B079ADDE9BE
:107350000845A3F108010A44E11A18680860D3ED52
:10736000017AE91A0833F1EE677A9A42C1ED007AA0
:10737000F2D142E02F4BA21E03F1080000EB820283
:1073800019EE900A43F8080B9A42F9D13FE0B8F899
:10739000183003F00603042B2CD101292ADD244BDD
:1073A000A3F1080202EBC101D3ED007A13ED027ADA
:1073B00077EE877A17EE902A43F8082B9942F3D19B
:1073C00018E00399194A0023013352F8040B41F8DD
:1073D000040BA342F8DB67E74FF4807004F0C4FCB1
:1073E00004F014FDC3E5012110480CF0ADF9B8F824
:1073F0001A406400002CE4D156E701210B480CF040
:10740000A3F9B8F81A104C00012CB3DCBFE7B8F8A8
:10741000183003F00603042BD3D10129BFDCD0E7D9
:10742000BC6800207C4800208C610020FC8A002081
:10743000048B0020008B002070B5084D6B8B63B16E
:10744000074E0024A0B2FFF765FB01463046FEF769
:1074500071FD6B8B0134A342F4DC70BDF808002091
:10746000F85101082DE9F047A64C84B0638BADF8C4
:107470000830831E022B03D9A348FEF75BFD3DE1D4
:10748000074608680E4601F055FA8046706801F01C
:1074900051FA0546B8F1000F02D008B1804503D972
:1074A0009A48FEF747FD29E1022F00F01A81B068E3
:1074B00001F040FA80B2431E9BB2B3F5C87FADF82D
:1074C000080003D99248FEF735FD17E10022042F8A
:1074D0006083ADF80A2004D08E4F84463A780321A9
:1074E00016E0F0688B4F01F025FA3A78BDF808C035
:1074F00081B21307ADF80A100CF1FF3348BF41F019
:107500008001608B48BFADF80A109BB2C1F3410106
:10751000A68C22F00802F6053A7005D5BDF80A20BF
:10752000120758BF41F02001D4ED277A94ED287A54
:10753000F5EE407AF1EE10FA0BD0BDF80A20D7062E
:1075400012D4B5EE407AF1EE10FA41F0040109D1FF
:107550000AE0B5EE407AF1EE10FA05D0BDF80A2047
:10756000D60601D441F00801D4ED2A7AF5EE407A2E
:10757000F1EE10FA05D0BDF80A20920658BF41F08E
:107580001001E268904540F0A9802269954240F0E0
:10759000A580628C824240F0A180A5EB08055E4880
:1075A000B5FBF3F203FB125505605C48A4F81AC062
:1075B0005B4E5C4C03808B073260C4F8008002D0C5
:1075C0000020FFF7C3FAFEF795FCBDF80A30002B48
:1075D00000F0948013F080040AD1BDF80820002A3E
:1075E00000F08C80504DDFF84CA1504F504E34E0ED
:1075F00002210DF10A00FEF737FA022102A8FEF778
:1076000033FABDF80830002B78D0474D0024BDF880
:107610000A30DF0709D5A0B2FFF77CFA04210390F6
:1076200003A8FEF721FABDF80A309E0704F1010411
:1076300005D508212846FEF717FABDF80A30580785
:1076400004D5082105F68840FEF70EFABDF808308B
:10765000A34205F10805DADC50E0D90708D5A0B24D
:10766000FFF758FA01465046FEF764FCBDF80A30B1
:107670009A0704F1010410D52868F8F791FF8046B5
:1076800068688946F8F78CFF4B46CDE90001424611
:107690003846FEF74FFCBDF80A305B0712D505F6F9
:1076A00088431868F8F77CFF05F68C438046186815
:1076B0008946F8F775FF4246CDE900014B4638464A
:1076C000FEF738FC3046FEF735FCBDF80830A34223
:1076D00005F1080512DDBDF80A30BEE741F04001B2
:1076E0005BE7BDF808C00B4F608B3A7800210CF1C6
:1076F000FF33ADF80A109BB2032109E704B0BDE8DF
:10770000F08700BFF8080020185001085050010809
:1077100070500108A8030020EC080020F0080020A9
:10772000E8080020F40800207C4800209850010858
:10773000E45601089450010810B5064C237843F034
:1077400008032370FFF78EFE237823F008032370CD
:1077500010BD00BFA8030020014B1868704700BF90
:10776000E8080020421C1BD0F8B50E4D6B8B8B42F5
:1077700015D904460B348FB205EBC40438460E46C7
:10778000FFF7C8F963886060B34208D0184603F079
:107790001BFE67802020BDE8F84004F0E5BAF8BD84
:1077A000704700BFF80800202DE9F843324C3349F8
:1077B000668B334F3348D4E90159013EA9EB0502EA
:1077C00007EE902A07EE106AF8EE677AB8EEC77AED
:1077D0002DED028B87EE278AB3B20B80B2FBF3F15B
:1077E00003FB1123284A3B6001601560A046002777
:1077F000D8F85C3013B9B8F85A1011E09D42314600
:107800000DD25A1B07EE902AF8EE677A994568EE7A
:10781000277A05D9FDEEE77A17EE901A00E00021ED
:1078200038460137FFF79EFF082F08F10808DFD11F
:107830004946284603F05CFCE3689D4214D1226966
:10784000A38C914511D1618B628C91420DD10FE0D7
:1078500040F21B40A38404F087FABDEC028B0B4B73
:1078600000221A80BDE8F883A38C43F40073EFE78D
:1078700023F400739BB2EBE7F8080020F008002027
:10788000EC080020E8080020F40800208E610020A9
:1078900010B50BF005FB0446FFF786FF034B93F88A
:1078A000210004F0A3FA204610BD00BFF808002014
:1078B000012815D108B5086801F03CF8062807D85A
:1078C000FFF7E6FF58B10948BDE80840FEF732BBB4
:1078D000062207490748BDE80840FEF72BBB08BD54
:1078E000062203490348FEF725BB00BF884F010865
:1078F0009C4F0108E44F01081528074B38BF15209D
:1079000040F2911188425A8B28BF0846824202D029
:107910005883FFF749BF7047F808002008B5FFF704
:1079200043FF034A137843F00103137008BD00BFFF
:10793000A80300202DE9F041044688B93F4D404E90
:1079400095F85830013433B1EB6DB5F85A20214623
:107950003046FEF7EFFA082C05F10805F0D16BE090
:107960000D46222004F000FA3649286801F07CF820
:1079700000281BDB314AB0FA80F301284FEA531389
:107980004FF0FF3018BF0020507782F8583082F84F
:10799000603082F8683082F8703082F8783082F88F
:1079A000803082F8883082F8903045E0286800F016
:1079B000A7FF471E072F064605D922492248BDE8E2
:1079C000F041FEF7B7BA012C0ED11C4D1C4806F150
:1079D0000A0805EBC802314653685288FEF7AAFA36
:1079E0006F7705F8384027E01649686801F03CF8E1
:1079F00010B1012807D012E0104B0A3601225F7740
:107A000003F8362018E00D4B93F91D200A360021AB
:107A1000BA4203F836100FD1FF225A770CE0074C18
:107A20000A36012304F83630686800F069FF014621
:107A30003846FFF797FE6777BDE8F081F808002029
:107A4000204E0108484E01082C4E010807289DBF12
:107A5000024B03EBC000C06D00207047F808002007
:107A6000022870B503D8B1F5167F1AD314E00528A3
:107A700012D1454B588B1A8B5D680138540601FBB7
:107A800000F1424804D42944814228BF014620E045
:107A9000814228BF014640E03C4B994228BF19462D
:107AA00001E04FF41671062862D8DFE800F0040FF9
:107AB0001A3351615900344B1A8B9868596022F07F
:107AC000400288421A8353D2996051E02E4B1A8BA0
:107AD0005D68996022F040028D421A8348D959604E
:107AE00046E02948294D048BD0E9013201326D1A54
:107AF000D21AA1F51673AB4228BF2B465208934207
:107B000028BF134644F04002CC1A19440283C0E94E
:107B100001412DE01C4B1A8B5D689E681B4805F0E7
:107B20000104490804EB550404EB560401F51675ED
:107B3000AC42A0EB010038BF2C46A04228BF204633
:107B4000441A42F0400208441A83C3E901400FE09E
:107B50000D4B1A8B596042F0400299601A8307E07E
:107B6000094B4FF48060BDE87040596104F0FCB8E7
:107B7000FFF71AFE064A1378590704D523F00403C9
:107B800043F00103137070BDF808002000BBEEA0A5
:107B9000A803002030B9294929484B8BD1E90112AB
:107BA000FEF7C8B9032844DC00282DE9F04104465B
:107BB0000D4604DD086800F0BDFE064600E0002624
:107BC000012C04DD686800F0B5FE074600E00027E0
:107BD000032C04D1A86800F0ADFE04460FE0022C8F
:107BE0000CD176B92868174900F03EFF431C18D025
:107BF000394680B2BDE8F041FFF732BF00242EB114
:107C000000E0002431460020FFF72AFF1FB139466B
:107C10000120FFF725FF54B1A0B2BDE8F041FFF706
:107C20006BBE08490848BDE8F041FEF783B9BDE8DE
:107C3000F08104490448FEF77DB900BFF808002030
:107C40004C510108285A010858510108044BD3E946
:107C500003015A8C5A83C3E90101FFF7A5BD00BF98
:107C6000F8080020042842D82DE9F041204CD4E93E
:107C700002126368658B934234D12269914231D1FB
:107C8000628CAA422ED1A38C1A49E27F84F820206C
:107C900000EB400040000A18174D095A5088AF7E8B
:107CA00092F80580167903400B43262FA3849CBFCE
:107CB00027236B83B8F1000F0CBF012102210020A4
:107CC000FEF744FF40F688420C4902FB064002FBE7
:107CD0000811D0300BF070FF6F831020BDE8F04129
:107CE00004F042B8C4E9033165840023CCE770474F
:107CF000F80800202C4C0108080300207C480020D4
:107D000038B56C4DAC8C14F0010004D19FED6A0ABB
:107D1000FEF7C2F8AC8CE10605D49FED670A04209B
:107D2000FEF7BAF8AC8C04F00603062B4DD1688B35
:107D300050B924F0020444F020044FF0FF30AC842A
:107D4000FDF7A0FEAC8C61E05A4A05EBC00002F6DC
:107D5000585302F5CF51D1ED005A93ED007AD1ED91
:107D6000014AD3ED017A92ED344A92ED355A77EE1D
:107D7000256A37EEA46A76EEC46A36EE456A77EE77
:107D8000E47A76EEC46A36EE456A37EE657A67EED7
:107D9000E65A26EE275A67EEA77AE6EE075A083229
:107DA0009042A6EE875A01F1080103F10803E7EEBD
:107DB000077AB0EE656A86EE277AC5EE275A03ED9C
:107DC000017A43ED025AC6D1B3E7A20712D53B4967
:107DD00040F6884288180BF0EFFE24F002049FED75
:107DE000360AAC840120FEF757F80120FDF74AFE61
:107DF000AC8C0BE0630709D59FED2F0A0120FEF73D
:107E00004BF84FF0FF30FDF73DFEAC8C20072CD532
:107E1000698B31B924F0080444F08004A4B2AC8426
:107E20002BE0274B03EBC10103F6884293ED016A77
:107E3000D2ED016A93ED007AD2ED005A76EE667AC1
:107E400037EE657A67EEA77A76EEC66AE7EE077ACE
:107E50000833083287EE276A86EEA77A03ED026AB6
:107E600003ED017A8B42E1D1D4E7210605D4B7EEC8
:107E7000000A0320FEF710F8AC8C620605D4B7EEBA
:107E8000000A0220FEF708F8AC8CA30605D49FED8B
:107E90000A0A0120FEF700F8AC8C0A4B44F4807407
:107EA0004FF6FF72AC841A804FF48260BDE8384010
:107EB00003F05ABFF8080020000000005016002010
:107EC000602F0020FE9A0020F8B5A0B92C4D2D4F50
:107ED0002D4E0446AB8C2341DB0704D557F8241004
:107EE0003046FEF727F80134092CF3D12748BDE8C6
:107EF000F840FEF71FB80D46102003F035FF286844
:107F0000234900F0B1FD082833D8DFE800F0050A66
:107F10000F14191E22282E000020BDE8F840FFF79C
:107F2000A1BE0120BDE8F840FFF79CBE0220BDE8DD
:107F3000F840FFF797BE0320BDE8F840FFF792BE78
:107F40000420BDE8F840FFF78DBEBDE8F840FFF71C
:107F5000D7BE0B4A938C43F4807393840FE0084A96
:107F6000938C23F48073938409E0054B00229A8458
:107F700005E007490748BDE8F840FDF7DBBFF8BD5D
:107F8000F808002090560108644C0108E4560108E6
:107F90007C4C0108684C0108064B074A00EB400086
:107FA00003EB800393F82A3003F0010352F8230017
:107FB000704700BFF8080020605A0108084B00EB2A
:107FC000400003EB800301F0010193F82A208A426C
:107FD00004D0212083F82A1003F0C6BE704700BFEA
:107FE000F8080020054B93F91C108142024603D08B
:107FF000A0201A7703F0B8BE704700BFF808002031
:10800000084B00EB400003EB8003D3ED0B7AF4EE5A
:10801000407AF1EE10FA04D0A12083ED0B0A03F0B0
:10802000A3BE7047F8080020084B00EB400003EBAC
:108030008003D3ED0C7AF4EE407AF1EE10FA04D01E
:10804000C12083ED0C0A03F08FBE7047F8080020B2
:1080500070B5164B00EB400503EB8503044693F81F
:1080600029608E4202F0010509D193F82A30AB4213
:108070001AD029462046BDE87040FFF79FBF0C4E3E
:1080800083F82910C1EBC10306EB830696ED040AC1
:10809000FFF7CAFF204696ED050AFFF7B1FF40F251
:1080A000034003F061FEE4E770BD00BFF808002064
:1080B0004C70010808B5144B00EB400203EB820240
:1080C00082F82810C1B1187711E093F834203AB93A
:1080D00093F8402032B993F84C3003202BB906E0D6
:1080E000012002E0022000E00846FFF77BFF0220AB
:1080F000BDE8084003F038BE93F82820FF20187729
:10810000002AE2D0F0E700BFF80800202DE9F04394
:10811000044685B038BB614D614F624E95F82830FA
:10812000DBB1002195F8290003F02EF995F82A30EB
:1081300003F001038046286B57F82390F8F730FAD4
:10814000CDE90201E86AF8F72BFA4B46CDE90001C8
:10815000424621463046FDF7EDFE0134042C05F180
:108160000C05DBD197E00D464F49286800F07CFCF8
:1081700088B9012C0FDD4D49686800F075FC0028B6
:1081800040F082800446204600210134FFF792FF30
:10819000042CF8D17FE0286800F0B2FB03280646E3
:1081A00069D8012C14D13D4C00EB400304EB83044F
:1081B000002194F8290003F0E7F894F82A30384CAD
:1081C00003F001030246314654F82330384856E0A4
:1081D0003649686800F048FC10B9014630461BE09B
:1081E0003449686800F040FC071E1ADB022C07DCEB
:1081F0002A4B06EB460203EB820393F82A0004E0C5
:10820000A86800F07DFB012835D802463946304683
:10821000FFF71EFF3046012105B0BDE8F043FFF730
:1082200049BF2549686800F01FFC002807DB1B4B8D
:1082300006EB460603EB860383F82B002BE0022CAB
:1082400029DD1E49686800F00FFC10B1012809D033
:1082500011E0A86800F094FB304605B0BDE8F0439B
:10826000FFF7CEBEA86800F08BFB304605B0BDE836
:10827000F043FFF7D9BE114B0F4A0E49104805B025
:10828000BDE8F043FDF756BE286800F039FB03282F
:1082900006469DD9EFE705B0BDE8F083F808002059
:1082A000605A0108AC520108C0520108C4520108CA
:1082B000C852010880530108504E010808500108B7
:1082C000D4520108084B263003EB8003D3ED017A2A
:1082D000F4EE407AF1EE10FA04D0202083ED010A8A
:1082E00003F042BD704700BFF808002070B5061EBD
:1082F0001ADD0D461749286800F0B6FB431C0446FA
:1083000004D1286800F03CFB002404E0022E0CD1CC
:10831000286800F035FBDFED107A204620EE270AB2
:10832000BDE87040FFF7CEBF00240C48DFED0C7AAB
:1083300000EB840090ED277A67EE277A17EE900A1B
:10834000F8F72EF9BDE8704002460B460548FDF7E8
:10835000F1BD00BFC44D0108CCBC8C2BF808002037
:10836000A5D46853B8520108094A92F91C30591C27
:108370000AD003EB430302EB830393F82A3002EBAA
:10838000830292ED270A70479FED020A704700BFF3
:10839000F808002000000000064BD3ED2A7AF4EE26
:1083A000407AF1EE10FA04D0202083ED2A0A03F07F
:1083B000DBBC7047F8080020012810B50BD0094B32
:1083C000D3F8A800F8F7ECF8BDE8104002460B46D9
:1083D0000548FDF7AFBD086800F0D2FABDE81040CF
:1083E000FFF7DABFF8080020B8520108104B114A15
:1083F00011491B681268096870B4104E13440B438E
:10840000304606F10C0503F01F020A2A34BF30245F
:108410003724224400F8012B5B09A84243EAC163D8
:108420004FEA5111EFD100233373044870BC7047F9
:10843000ACF7FF1FB4F7FF1FB0F7FF1F1463002056
:1084400008B5FFF7D3FF034A0146BDE808400248DC
:10845000FDF770BDF84B0108044E010838B50E4B0E
:10846000D3F83C311B681B78042B0ED115460C4603
:108470000E21FDF7F9FA29462046FDF7F5FA062107
:108480000648BDE83840FDF7EFBA054A137823F0F7
:108490004003137038BD00BF84070020E056010878
:1084A000A8030020024B014602481966F9F78CBE6A
:1084B000080300206C050020012808B506D0094BF0
:1084C0000948196EBDE80840FDF734BD086800F0A2
:1084D00031FAB0F5967F38BF4FF49670BDE808408A
:1084E000FFF7E0BF08030020005401080F4B1B7882
:1084F000042B10B50E4C00D008E0A38A0D485B0792
:1085000002D5F9F771FA01E0F9F77AFA0A48F9F7B2
:1085100069F80A48F9F766F8A08A0649084A094B3B
:1085200010F0040F08BF0B46136010BD3C0600207E
:108530000803002084070020940500207405002013
:10854000806300206C05002010B50C4C00232360D4
:10855000FDF704FD40B103891B0705D5084A4368B0
:108560001088084901389847074A084B918A084AF9
:1085700011F0040F08BF1346236010BD8063002074
:108580007C63002028630020080300206C05002085
:10859000840700202DE9804887B0F8F769FEF8F7D6
:1085A0007DFBAF4AAF4F5369AF4CB04E43F0010370
:1085B00053610AF099FF0AF09DFE0AF009FF0FCF00
:1085C00004F128050FC50FCF0FC597E80F0085E808
:1085D0000F000FCE04F158050FC50FCE0FC50FCEFB
:1085E0000FC596E80F00DFF8F0C2C4F800C085E8B8
:1085F0000F00DFF8E8C29E4D9E4A9F4F9F48C4F887
:10860000AC7000264CF250314FF48C43A4F89830F3
:10861000C4F89C600023C4F8A060C4F8A460C4F847
:10862000A860C4F8B0706160C4E906C52062E1606A
:10863000A260C4E90423A3840AF0A2FB904D00B118
:1086400029E0AB8A5E0626D58E4F3E6D26B3C6F373
:10865000834006280CD80AF023FC48B97B6DB96D1D
:10866000FA6D6360C6F30803A1606261638302E090
:1086700000200AF015FCC6F34661C6F38252814B16
:1086800069772A771B6EC6F3482043F04003AB821C
:10869000FEF700FA02E000200AF002FCFFF784F87F
:1086A00094F82100784F794EDFF83492DFF834A245
:1086B00003F09CFB0AF06AFD00F03CFDA86800F0A6
:1086C000AFFA734B7348C3E90033F9F74FF97249B6
:1086D0007048F9F76FF92B6E7048002402A9CDE9B4
:1086E0000234CDE90444F9F7C1F8286EFFF7DAFE49
:1086F0004FF0904801220C214FF090400AF044FFC7
:108700004FF08053C8F8183042F21070F8F728FD87
:1087100063493846F9F750FA40F2027240460C219C
:108720000AF032FFFFF7E2FE0AF010F800F034FD25
:1087300044F62060F8F714FDC0215A48DFF8A881FC
:108740000AF05CFE20460AF0C9F957480AF010FD0D
:108750000094564B56487F224FF4A561F8F7CAFCA7
:10876000AB8A5C0706D43B78042B03D05148F8F75A
:10877000F7FCF5E75048DFF874B1FDF7DBFB504636
:10878000FDF7D8FB002426E09DF80830082B01D027
:108790007F2B07D1FCB104214046013CFDF764F971
:1087A000A4B218E00D2B09D15846FDF7C3FB0023F6
:1087B00036483355FDF7D2FBD8B943E01F2B0AD911
:1087C0003E2C08D8012102A8FDF74EF99DF808308B
:1087D00033550134A4B2D9F80000036801225B6864
:1087E00002A998470028CFD144F62060F8F7B8FCDA
:1087F0002FE003894268580703F002010BD52F4888
:1088000090F90000002806DAB1B12D490B7843F049
:1088100004030B7010E003F0010321B12848017834
:1088200041F0040101703BB1264B19481A604FF02A
:10883000FF31F8F7A1FC0CE0234B244918880138DC
:10884000904706E0224B19680B7813B12148FDF7D9
:1088500071FBAB8A5B0792D43B78042B86D18EE701
:108860000010024058560108F80800201856010868
:108870000000FFFF00E9A43500004842FF0091011D
:1088800008030020002800403C0600203C63002034
:1088900084630020840700201C4B01086C05002025
:1088A000244B0108946100204128AA001D6F000894
:1088B00090630020A0860100B4560108A8030020A0
:1088C000878A0020386300207C6300202863002012
:1088D00024630020D0560108544E4F4300009101FC
:1088E00080630020C8560108284C0108E45601089E
:1088F000FEE700BF08B5EFF30980FFF7F9FF00BFFF
:1089000010B5027803462D2A04BF013301211A78DD
:1089100018BF00212B2A08BF013300200A2413F8B6
:10892000012B303A092A02D804FB0020F7E701B1F5
:10893000404210BD027803462B2A08BF01331A7843
:10894000302A0DD15A786F2A05D0782A05D0622AAC
:1089500006D1022102E0082100E01021023300E0EC
:108960000A21002013F8012B303A102A84BF22F08C
:108970002002073A8A4202D201FB0020F2E7704748
:1089800038B503782D2B044665D1012501342046E6
:10899000FFF7B6FF00EE100A204614F8013BA3F1E2
:1089A0003002092AF8D903F0FD032C2BB8EEC00AD7
:1089B00014D1DFED2C6A2246B7EE007A104612F889
:1089C000013B303BD9B2092908D807EE903A27EE8F
:1089D000267AF8EEE77AA7EE870AEFE70378B3B3D3
:1089E00003F0DF02452A05D10130FFF789FF002897
:1089F00016DC1CE0472B0ED04D2B0ED06B2B0ED06F
:108A00006D2B16D0752B17D06E2B18D0702B1ED156
:108A10006FF00B0015E0092002E0062000E00320C3
:108A2000F2EE047A013820EE270AFBD10FE008D1DC
:108A30000DE06FF0020004E06FF0050001E06FF060
:108A40000800DFED087A013020EE270AFBD13DB1A6
:108A5000B1EE400A04E02B2B4FF0000597D195E7CB
:108A600038BD00BFCDCCCC3D70B500220B46451EB5
:108A70001C4615F8016F14F8011B7C2908BF002162
:108A80008E4202D1234656B1F2E713F8014B24B1CE
:108A90007C2C1946F9D10132E8E74FF0FF3210463D
:108AA00070BD00002DE9F0430346DFF85480DFF885
:108AB00054E0002081461C78FCB1202C1BD0092CEE
:108AC00019D0222C06BF0133754645469042B8BFE7
:108AD00041F82030013080B21C46234614F8017B57
:108AE0005FB16E1E16F801CFBCF1000FF5D0BC458A
:108AF000F8D183F800900133DDE7BDE8F08300BFD3
:108B00006A5A0108685A010800238B4206DA30F8D5
:108B1000132052BA20F813200133F6E77047000003
:108B20002DE9F043074600204FF0FF3403469342FF
:108B300031DAA2EB030EBEF1800FA8BF4FF0800E1A
:108B400003F1010C17F8038076463B44AEEB0605B3
:108B5000013E03D013F8019FC145F7D0631C01D03B
:108B6000012D02DD0446013000E00025461C01F81D
:108B700000802DB1AC446D420D554FF0FF3407E03D
:108B8000331B023BDBB27F2B0B5528BF4FF0FF346A
:108B900030466346CBE7BDE8F08300007047000035
:108BA00002680B68F0B5E2B1B3FBF2F41B4FBC42B4
:108BB00017D802FB14331BB3B2FBF3F606FB04F524
:108BC0000135BD421CD8BE464FF0010C00271DE008
:108BD000B3FBF2F605FB0644744502FB163305D9D8
:108BE00001E00027012507600D6016E007FB06CCB9
:108BF00043B1B2FBF3F606FB0455754506D901E017
:108C00004FF0010CC0F800C00C6006E003FB162218
:108C100006FB0C77002ADBD1E5E7F0BDFFFF0F0074
:108C200010B50549054A00230B701360044600F097
:108C3000E3FA034B9C6010BDC7680020C8680020A1
:108C4000080300200A46014660200AF0ABBA00BFC4
:108C500070B584B01C0BC2F30345A1F500718DF80B
:108C6000040024F00F04180A2C43160A8DF806306D
:108C7000C1F301454BBA8DF80500092101A88DF813
:108C80000C208DF80A408DF80B608DF80750ADF878
:108C90000830FFF7D7FF04B070BD00BFF0B5124C2D
:108CA00083B0646E0899154604FB01F4DB010026CD
:108CB00043EA526107462246E8013346F7F726FEAB
:108CC00001A90546684600920194FFF769FFDDE9B6
:108CD00000239A4202D10096013532462946F8B265
:108CE000FFF7B6FF03B0F0BD08030020F0B585B074
:108CF00017460A9C8DF806300646180B1B0AB1F57C
:108D000000714FEA04141E4A8DF8053020F00F0060
:108D1000C7F3034340EA030008BF44F00C04C1F367
:108D2000014312F806C08DF80A001C433A0A4BBAF8
:108D300001A809219DF82C508DF80C708DF804C005
:108D40008DF80740ADF808308DF80B20FFF77AFF5B
:108D500017B145F00C0501E045F04C05094CA35D49
:108D6000AB420AD006F11003022168468DF801508B
:108D70008DF80030FFF766FFA55505B0F0BD00BFC8
:108D80003C5C0108C46800202DE9F04385B0DDE9B2
:108D90000C65C5F10704A4F1200702FA07F7A34008
:108DA000C4F120013B4322FA01F100271943804618
:108DB0003B4602FA04F03246F7F7A8FD03A9044641
:108DC00002A802929DF838900396FFF7E9FEDDE9CC
:108DD00002239A4202D1029701343A46CDE9005962
:108DE00021464046FFF782FF05B0BDE8F08300BF93
:108DF00000B583B040F2037301A80221ADF804303E
:108E0000FFF720FF04210548FFF71CFF0449054A2E
:108E100000230B70136003B05DF804FB385C01089D
:108E2000C7680020C868002000B583B04FF6030370
:108E3000022101A8ADF80430FFF704FF0349044AFA
:108E400000230B70136003B05DF804FBC7680020BB
:108E5000C868002070B4A0F1B772084E084B094DE5
:108E6000094C0A49A2F55852B24288BF184600235D
:108E7000686623700B6070BC704700BF00093D003E
:108E800080BA8C0108030020C7680020C868002051
:108E9000024A034B52F820201A6070472C5C0108EC
:108EA000C0680020094A0A4B30B414685D6800218C
:108EB0008AB202EB4203013154F82330132B98BFDE
:108EC0006B438342F4D3104630BC7047C068002027
:108ED000080300202DE9F04F04468DB0002800F073
:108EE0000781864BDFF824A2D3F80090DAF8082037
:108EF000D9F80C3082188342079209D8804B9842E7
:108F00000D460AD9FFF7CEFF00230593C6B207E04E
:108F1000072305930126002502E00423059302267A
:108F2000784B1A78AA420AD0DFF8E481DFF8E4B17E
:108F30001D70002388F80030CBF800300AE0DFF81D
:108F4000D4B1DBF80030A34200F0D380DFF8C08159
:108F500098F8003006EB4607BF009E4209EB070277
:108F60000ED003EB430309EB830311891B898B426A
:108F700006D0517A107A00F02DF9604B1A683A4405
:108F80009379032D03F00F014FEA13130691089311
:108F900005D9D37903F00F051B09099300E0099562
:108FA00092F80490B9F1010F04D0B9F1020F43D047
:108FB000002087E098F800305779B34218D04B462C
:108FC0000022F9011A20FFF743FE4B4600224FF41E
:108FD00080512220FFF73CFEDAF864204A4B0093D0
:108FE000202100235201CDE901310220FFF7CCFE00
:108FF000099BDAF864C00293089BA7FB0301ACFB52
:1090000000230CFB01330798059901910090002083
:10901000FFF7BAFE069BDAF864C00295A7FB0301CE
:10902000ACFB00230CFB013305990120CDE9004185
:10903000FFF7AAFE0A2045E0089B51790093079BA1
:109040000791A1FB03231A20A1FB049AFFF726FE38
:10905000069B00934A4653462220FFF71FFE274BEC
:1090600098F800201B6802EB42021F4403EB8203C6
:109070007A795B79934216D00799099B0193002274
:10908000059B0093CF01104639460123FFF72EFEC2
:1090900045F02005059A00920123394601951846AE
:1090A0000022FFF723FE059B01931749069B202012
:1090B00001FB03F102904A46022053460091FFF75C
:1090C00063FE0C2098F80030B3420ED04FF4C87005
:1090D000F8F746F84AF6B1430BA80221ADF82C3058
:1090E000FFF7B0FD88F80060C820CBF8004001E031
:1090F00000E00A200DB0BDE8F08F00BFC06800207E
:1091000040420F00CC68002000127A0008030020C3
:10911000C7680020C8680020044B1B78834204D035
:10912000034B01461868FFF7D5BE7047CC68002096
:10913000C868002038B50C4B02245D1C2146284627
:10914000FFF780FD2B192C5D002CF6D1074B084A48
:1091500093F86C10074B52F821201A6021460648FC
:10916000BDE83840FFF7B6BE405C010808030020A8
:109170002C5C0108C068002080BA8C0138B5044618
:1091800000EB410502222146182014440AF00AF897
:10919000A542F7D138BD00BF08B51B210448FFF731
:1091A000EDFF04210348BDE80840FFF7E7BF00BF1B
:1091B000505C0108985C01080449054B0522002811
:1091C00008BF1946182009F0EDBF00BF885C0108F0
:1091D000905C010800B583B03B238DF805008DF845
:1091E0000610032201A918208DF8043009F0DAFFD7
:1091F00003B05DF804FB00BF30B507EE900A2DED1B
:10920000048BB8EEE79ADFED187A184CDFED188A78
:1092100029EE279AB6EE008A29EE088A83B004F177
:10922000C005B0EE480A01A968460AF017FB9DED9B
:10923000007ADDED017A27EE287A67EEA87ABDEE96
:10924000C77AFDEEE77A17EE103A238017EE903AD0
:10925000043424F8023CAC4238EE098AE1D103B070
:10926000BDEC048B30BD00BF3EC3AE36F0680020BD
:109270000078FF462DE9F04FDFF864C0DFF864B0F6
:10928000DFF86490DFF86480DFF864E049080438B0
:109290004FF0000A0AF1010A51455BF8042B50F81F
:1092A000043FD9E90076C3FBA276D8E90054C3FB9A
:1092B000B254C9E90076C8E90054DCF80070DEF861
:1092C0000060DCF80440DEF80450C3FB9274C3FB7A
:1092D0008265CCE90074CEE90065DBD8BDE8F08F8B
:1092E000D0680020F0680020E8680020E0680020D6
:1092F000D868002010B51F4B2DED048B0446D3E930
:109300000001F7F7C5FA07EE900AF7EE008A88EE3B
:10931000A78A194BD3E90001F7F7BAFA174B07EE02
:10932000900AD3E9000127EE889AF7F7B1FA144BB7
:1093300007EE900AD3E9000167EE889AF7F7A8FADA
:1093400007EE900A27EE888AB0EE697AF0EE687A26
:10935000A9EE087AE9EE097AA9EE698AC7EE276ACA
:1093600088EE277ABDEC048BC4ED006A84ED017AA7
:1093700010BD00BFD0680020D8680020E068002041
:10938000E868002030B40848084D094C094900221B
:109390000023C5E90023C4E90023C0E90023C1E993
:1093A000002330BC704700BFE8680020D868002068
:1093B000D0680020E068002001FB01F300FB0033CF
:1093C00045F6D822934246DC45F6A812934244DC87
:1093D000002942D00029B8BF494210B44FF4987216
:1093E0009824002804FB01F102FB103220DB4B28FB
:1093F0000FDDC1F5B5440C341444982C31D9E42464
:1094000004FB103404F535540634002C27DB4C2CB7
:1094100027DDA2EB410404F5B5445834B4F5987F38
:109420001FD9982404FB10344C3418D4982C18DD20
:10943000A2EB810202F5B6427032B2F5187F10D964
:109440004C2202FB1030A0F532502E38E4288CBF9D
:109450000020012006E00020704701207047002016
:1094600000E001205DF8044B704700BFF0B5D0422A
:10947000059E38D4CC1836D4202CA8BF202400292F
:1094800020DAD31DDB0801FB136600211AE0344605
:1094900013F0070F04BF14F8011B26464C0011F00F
:1094A000800F00EB0305E1B205D01F2D9CBFBCF877
:1094B000004027F8134001339342E8D14037774505
:1094C0000FD110E0A1420EDA074BDFF820C01B6875
:1094D00000EB411100EB441403EB410703EB440E96
:1094E00000210023D3E7F0BDB8690020F88A0020EE
:1094F00040095209904230B44FEA51114FEA5313D8
:109500000CD1994201D002460AE0154A012332F8F3
:1095100011408340234322F811301EE0054601D854
:1095200015460246AD1A01350124AC40013C994272
:1095300004FA02F409D80BE0028801318DB222430B
:109540009D4220F8022BF7D907E00A461946134638
:109550000348A4B200EB4100EEE730BC704700BF07
:10956000CC6900202DE9F0471C4E0C46318830F8BC
:1095700024C0174649008AB24FEA8408BC45054614
:109580009A46328000EB080903D1B9F802305345FE
:1095900002D042F0010232809307114E00D113E055
:1095A00004B911E0B9F80230718830886246A8F138
:1095B0000408FFF79DFF05EB080335F808005988FC
:1095C0003A465346FFF794FF55F82430336025F8A8
:1095D0002470A9F802A0BDE8F08700BFBE69002092
:1095E000C8690020121A10B4541C0122A240013A8A
:1095F000994202FA00F00BDC074C0133092904DC24
:1096000034F81120024324F8112001319942F5D198
:109610005DF8044B704700BFCC69002091ED000A53
:10962000704700BF91ED010A704700BF0D4B00EB82
:10963000400003EB800393F829301E2B0FD10A4B17
:109640001B780BB1094B00E0094BD3ED007AF5EE26
:10965000407AF1EE10FA0CBF012000207047002084
:10966000704700BFF8080020B4690020606A00203D
:10967000B0690020D1ED005AD1ED017ADFED0A6A20
:109680009FED0A6AB7EE007A37EE657A67EEA77A41
:1096900067EE266AE7EE077A86EEA70A30EE460AFC
:1096A000B0EEC00A704700BF0000C8420000484248
:1096B00009494B8BD1E90112013B00FB03F307EE93
:1096C000903A531A00EE103AFAEEEB7AB8EE400AEE
:1096D00087EE800A704700BFF808002008B5FFF742
:1096E000E7FF074B9FED077A93F8993007EE903A22
:1096F000F8EEE77A67EE877A27EE800A08BD00BFAA
:10970000F808002092FAB6498842D4BF0020012010
:10971000704700BF8842ACBF00200120704700BFE7
:1097200030EE000A002370EE007A21EE671AA0EEF8
:10973000A01AB5EEC01AF1EE10FA02D5436003602C
:109740007047B1EEC11A31EE607AF1EE600AC7EEF1
:10975000007A30EEC11AC0ED007AC1EE007AC0ED99
:10976000017A7047B4EEE00AF1EE10FACCBF0120A6
:1097700000207047B4EEE00AF1EE10FA4CBF012071
:1097800000207047084B00F2911203EBC20203EB7A
:10979000C00303F68C4393ED000AD2ED007A20EE6D
:1097A000000AA7EEA70A70477C480020074B03EB8E
:1097B000C00200F2911002F68C4203EBC00392ED5E
:1097C000000AD3ED007A80EE270A70477C4800201B
:1097D000024B03EBC00090ED010A70477C4800206B
:1097E0001A4A70B5548B051C18BF0125013C201A7C
:1097F000D2E901634FEA457218BF0120521B01EB09
:10980000C20201EBC001D2ED017A91ED010AD2ED65
:10981000006A91ED007A60EE270A20EE660AE7EE14
:10982000260A28449B1BA7EE270A94FBF0F4B3FBFF
:10983000F4F40AF01DF99FED067A07EE904A20EE47
:10984000070AF8EE677A80EE270A70BDF808002054
:10985000610B363BD1ED000A91ED010A0AF008B91F
:1098600008B580B2FDF756F907EE100ADFED037A6E
:10987000B8EE470A20EE270A08BD00BFDB0FC9403B
:1098800008B5FDF747F907EE900AB8EE670A08BD7C
:1098900008B5FDF73FF907EE900AB8EE670ADFED6D
:1098A000037A20EE270AB1EEC00A08BD5F70893046
:1098B0000CB430B501F10B032A2B85B00ED81F284C
:1098C0000CDC09AC084D02900B4622460899039324
:1098D00001A8CDE90045F8F7A7FF00E0002005B09A
:1098E000BDE8304002B07047D05C01082DE9F04F70
:1098F0002DED028B424C434A89B005460E46FFF7D8
:10990000D7FF94ED018AB5EE408AF1EE10FA71D0DE
:10991000A068DFF80491DFF804A1F6F741FECDE975
:10992000020118EE100AF6F73BFE06F10C07CDE92E
:109930000001354A39462846FFF7BAFF04F10C0802
:1099400004F1140BB8EC018AF9EC017AB5EE408A07
:10995000FDEEE77AF1EE10FACDED077A07F10C078C
:1099600021D0D8ED018AF5EE408AF1EE10FA1AD036
:1099700078EEC87A17EE900AF6F712FECDE90401E8
:1099800018EE900AF6F70CFECDE9020118EE100A67
:10999000F6F706FE079B1D4ACDE900013946284629
:1099A000FFF786FF05E0079B524639462846FFF73A
:1099B0007FFFD845C6D1D4ED077AF5EE407AF1EEB7
:1099C00010FA06F130060BD017EE900AF6F7E8FD14
:1099D0000F4ACDE9000131462846FFF769FF09E04B
:1099E0000C4A3146284609B0BDEC028BBDE8F04F69
:1099F000FFF75EBF09B0BDEC028BBDE8F08F00BF82
:109A0000E0690020A15F0108AC5F0108C25F0108A6
:109A1000F65F0108FE5F010844700108E15F01087C
:109A2000F0B52DED028B414C414A85B007460E46FC
:109A3000FFF73EFFD4ED017AF5EE407AF1EE10FA31
:109A40000BD017EE900AF6F7ABFD0C36CDE900010E
:109A5000384A31463846FFF72BFF94ED058AB5EEBC
:109A6000408AF1EE10FA06F10C0511D0324B18685D
:109A7000F6F796FDCDE9020118EE100AF6F790FD13
:109A80002E4ACDE9000129463846FFF711FF17E0BD
:109A9000D4ED027AF5EE407AF1EE10FA0FD0284BB1
:109AA00017EE900A93F899300293F6F779FD254A5C
:109AB000CDE9000129463846FFF7FAFE00E03546B9
:109AC0002068F6F76DFDCDE902012069F6F768FD23
:109AD00005F10C06CDE900011B4A31463846FFF777
:109AE000E7FE94ED028AB5EE408AF1EE10FA18D046
:109AF0002068F6F755FD9FED157AD4ED047A67EEF0
:109B0000877ACDE90201C7EE887A183517EE900AF8
:109B1000F6F746FD0E4ACDE9000129463846FFF723
:109B2000C7FE05B0BDEC028BF0BD00BFE0690020B0
:109B3000105F01081A5F0108606A0020235F0108B6
:109B4000F80800203E5F0108555F01080000C84288
:109B50006B5F0108F7B516461A4605460C46FFF737
:109B6000A7FED6ED007AF5EE407AF1EE10FA0CD0B1
:109B700017EE900AF6F714FD04F10C07CDE9000189
:109B80001C4A39462846FFF793FED6ED017AF5EEDA
:109B9000407AF1EE10FA0CD017EE900AF6F700FDBD
:109BA00004F11807CDE90001124A39462846FFF7AB
:109BB0007FFED6ED047AF5EE407AF1EE10FA17D07A
:109BC00017EE900AF6F7ECFC04F12407CDE900014A
:109BD000094A39462846FFF76BFE7069F6F7E0FC44
:109BE0003034CDE90001054A21462846FFF760FEE2
:109BF00003B0F0BDE9830108056001080E600108AB
:109C0000F0B52DED028B5B4C5B4A85B005460F46E7
:109C1000FFF74EFED4ED017A9FED587AF4EEC77A45
:109C2000F1EE10FA00F1A28094ED0E8A17EE900A80
:109C3000F6F7B6FCB5EE408AF1EE10FA07F10C0625
:109C4000CDE9020131D018EE100AF6F7A9FC4C4A12
:109C5000CDE9000131462846FFF72AFEE06BF6F712
:109C60009FFC07F11806CDE900010323454A314660
:109C70002846FFF71DFE206CF6F792FC07F124063C
:109C8000CDE9000106233F4A31462846FFF710FE82
:109C9000606CF6F785FC07F13006CDE900013A4A21
:109CA00031462846FFF704FE09E02068F6F778FC05
:109CB000334ACDE9000131462846FFF7F9FDD4EDDE
:109CC000027AF5EE407AF1EE10FA06D1D4ED087A78
:109CD000F5EE407AF1EE10FA48D003232B4A06F154
:109CE00018012846FFF7E4FD0623284A06F124015F
:109CF0002846FFF7DDFD264A06F130012846FFF72A
:109D0000D7FDD4ED087AF5EE407AF1EE10FA06F1BF
:109D10000C0705F12A000FD0D4ED0E7A1D4A1E4B18
:109D2000F5EE407AF1EE10FA18BF134639461B4A99
:109D3000FFF710FF05F17E00D4ED027AF5EE407AD0
:109D4000F1EE10FA12D0D4ED0E7A154A154BF5EE5D
:109D5000407AF1EE10FA18BF1346134A394605B09F
:109D6000BDEC028BBDE8F040FFF7F4BE05B0BDECE2
:109D7000028BF0BDE0690020665E0108000048C269
:109D8000715E0108825E0108955E01089B5E010814
:109D9000A35E0108405E0108495E0108006A0020D8
:109DA000535E01085D5E0108E86900202DE9F0417D
:109DB0002A4F86B03A6888460646FFF779FD7B68E9
:109DC00008F10C043D464BB9BB6873BB244A2146DD
:109DD000304606B0BDE8F041FFF76ABD214A214692
:109DE0003046FFF765FDF869F6F7DAFBCDE90401C7
:109DF0007869F6F7D5FBCDE902013869F6F7D0FBB3
:109E000008F11804CDE90001174A21463046FFF752
:109E10004FFD386AF6F7C4FB08F12404CDE90001D0
:109E2000124A21463046FFF743FDAB6893B1EA681A
:109E3000009204F10C010E4A3046FFF739FDA86983
:109E4000F6F7AEFB1834CDE900010A4A2146304648
:109E5000FFF72EFD06B0BDE8F08100BFE0690020ED
:109E600017600108216001082960010840600108AD
:109E700047600108566001082DE9F04F614C2DED57
:109E8000028B02EB420504EB85048BB094F8295059
:109E9000169F1E2D00F2B0804FEAC50BDFF880A19F
:109EA00007901046ABEB05020AEB82021E46D2E990
:109EB00001938846B7F1FF3F18BF9946FFF7B6FBFD
:109EC00070B1514B514A1C78514B0798002C08BF78
:109ED0001A460BB0BDEC028BBDE8F04FFFF7E8BCB3
:109EE00094F82A004B49936940F6884202FB00121D
:109EF000089202EBC6024BB30993114630469847CD
:109F00007B1CB0EE408A0ED010EE103A23F00042D7
:109F1000B2F1FF4F07D00899099B01EBC70130460A
:109F2000984738EE408AABEB05050AEB850A18EE38
:109F3000100ADAF80C300293F6F732FB4A46CDE904
:109F4000000141460798FFF7B3FC55E0032D42D1CD
:109F500094F82B90B9F10C0F4ED82F48089200EBD3
:109F60000910D0E9023A1146456830469847089AE8
:109F70003046114610EE104AD04741F2505343FA92
:109F800009F313F00103B0EE408A12D03046FFF718
:109F900067FCB5EEC08AF1EE10FA07D528EE000A8C
:109FA000FFEE007A87EE808A462302E088EE008A80
:109FB0004823049318EE100AF6F7F2FACDE90201ED
:109FC0002046F6F7EDFA2A46CDE90001414607980A
:109FD000FFF76EFC10E01146304609930892FFF738
:109FE0001DFB089A0D4D114610EE104AFFF71AFBA3
:109FF000099BB0EE408ADCE70BB0BDEC028BBDE8FC
:10A00000F08F00BFF8080020B4690020B073010889
:10A01000C47301087C480020846C0108D4730108D3
:10A020004C7001082DE9F0472DED048B04883A4F60
:10A0300082B006462046F0EE409A8946154698467C
:10A040008847B4EEE90AF1EE10FAB0EE408ACCBFD0
:10A050004FF0010A4FF0000AF0EE408A7B8BA342DA
:10A0600016D92046C847F4EEC09AF1EE10FA4CBF5C
:10A07000012300235345B0EE409A06D12C44B0EEA4
:10A08000688AA4B2F0EE408AE8E77B8BA34202D84C
:10A090009FED220A3AE0641BA4B221464046348078
:10A0A000FDF760FB79EE480A38EE098AF6EE007A91
:10A0B000B0EE680A38EEE91A684660EEA70A98EE34
:10A0C000270AFFF72DFBDDED008AF5EEC08AF1EEE1
:10A0D00010FA06DDF7EE007AF4EEE78AF1EE10FAF8
:10A0E00001D4DDED018A0135204608BFF1EE688A12
:10A0F000FCF710FD08EE100AFDF72EFB07EE900AA4
:10A10000B8EE480AF8EE677AA7EEA80A02B0BDECEE
:10A11000048BBDE8F08700BFF808002000000000B5
:10A1200038B5194B002403F130001D461A4692F849
:10A1300028100C3201B101349042F8D113480021AB
:10A1400093F85820083302B101319842F8D18C427B
:10A15000B8BF0C46FEF708F9B5EE400AF1EE10FA6A
:10A1600001D1022308E0D5ED2A7AF5EE407AF1EE2E
:10A1700010FA0CBF02230423234401335B1003EBCA
:10A18000830003EB400038BDF808002038090020A8
:10A190002DE9F0431B4D1C4A85B080460E46FFF763
:10A1A00087FB95F8483023B12C460027DFF86090F4
:10A1B00008E0164A06F10C01404605B0BDE8F04340
:10A1C000FFF776BB95F84830BB4204F10C0415DD6F
:10A1D00054F8040CF6F7E4F9CDE9020154F8080C40
:10A1E000F6F7DEF9CDE900010C3654F80C3C4A468E
:10A1F00031464046FFF75CFB0137E3E705B0BDE8B9
:10A20000F08300BFE0690020855F01081760010846
:10A21000935F0108B5EEC00AF1EE10FA44BFBFEE3D
:10A22000007A87EE000A30B585B04CBF462348233C
:10A2300015460C46029307EE900A9FED0A7AF8EE57
:10A24000677A67EE877AC0EE277A17EE900AF6F7FC
:10A25000A7F9054ACDE9000129462046FFF728FB6A
:10A2600005B030BDDB0FC940846A01082DE9F04319
:10A270002DED028B83B0284FDFF8A890ADF80610C3
:10A28000B0EE408A0446904606460025B7EC010A27
:10A2900038EE400A2DB9B8F1FF3F0CBF012302236D
:10A2A00001E04FF0FF33424649460DF10600FFF74B
:10A2B000B9FE0135042DA6EC010AE7D1D4ED027AEE
:10A2C000F5EE407A0023F1EE10FA636123611ED0AF
:10A2D00094ED030AB5EE400AF1EE10FA17D009F03A
:10A2E00063FBB0EE408A94ED020A09F05DFB9FED3E
:10A2F0000B7A38EE400AB0EEC00AC7EE007A9FED46
:10A30000087AC4ED047AC7EE007AC4ED057A03B08A
:10A31000BDEC028BBDE8F08360600108F234B84107
:10A320009ECEDD4055A900082DE9F047284B294F66
:10A33000DFF8A4A02DED028B804600200D46002AF8
:10A3400008BF1F4688470126F0EE408A0024BAF86D
:10A350001A309E4210DA1FFA86F94846A847F0EEF6
:10A36000680AB0EE408AB847002818BFF0EE488A65
:10A3700018BF4C460136EAE71CB3013B9C4220DA89
:10A38000601E80B2A8F80040A847601C80B2B0EE02
:10A39000408AA847B4EE408AF1EE10FA11D0B0EE30
:10A3A000007A70EE487AA8EEC78A67EEA77A38EE90
:10A3B000008AB2EE000A28EE008A87EE887A78EEEC
:10A3C000C78AB0EE680ABDEC028BBDE8F08700BF1B
:10A3D0007597000865970008F808002037B5002534
:10A3E00001222E49ADF806500DF10600FFF79CFF43
:10A3F000DFED2B7A2B4CB4EEE70AF1EE10FA84ED88
:10A40000010A43DBBDF806102846FDF7ABF9BDF89D
:10A410000600FCF77FFB07EE900AF8EE677A20460D
:10A4200017EE903A4FF0FF3240F8203BBDF806108F
:10A4300094ED010AFFF71AFF0122BDF8061094ED12
:10A44000010A04F10800FFF711FF94ED027AD4ED40
:10A45000086A67EE267AF5EE407AF1EE10FAC4ED5E
:10A460000E7A13D0F1EEE77A37EE667A94ED096A48
:10A47000D4ED036A84ED0F7A76EEC66AC4ED0E7AE7
:10A48000C4ED106AC7EE876AC4ED116A062307227D
:10A4900002210020FFF7A6F803B030BD55A900083F
:10A4A000000048C2E069002070B52DED028B404CE1
:10A4B000404B4149236082B00026012201A8ADF83B
:10A4C0000460FFF731FFBDF8041000296BD0B1EE36
:10A4D000C00AB7EE008A88EE007A384DD5ED1A7AB8
:10A4E00037EE487A77EEA77A67EE877AF5EEC07A8C
:10A4F000F1EE10FAC4ED077A55D43046FDF732F983
:10A50000BDF80430ADF80630B0EE480A01234FF034
:10A51000FF322B490DF10600FFF784FDB5EE400A2E
:10A52000F1EE10FAB0EE408A3DD0BDF80430ADF83F
:10A530000630012202232249BFEE000A0DF1060077
:10A54000FFF770FDB5EE400AF1EE10FA2BD0D4ED16
:10A55000076A95ED1A7AF0EE007AF0EE665AE7EEA9
:10A56000275A30EE486A28EE008AB1EEC88AFCEE1F
:10A57000C87AC4ED017ADFED137A26EE275A68EE29
:10A58000277A85EE857A27EE888A67EE277A28EE85
:10A59000258A84ED047AC6EE085A87EEA67AC4EDC1
:10A5A000055A84ED087A02B0BDEC028B70BD00BF85
:10A5B000E0690020A05C01088597000808030020DE
:10A5C000AD970008DB0FC9402DE9F04F47681F2FFA
:10A5D00085B000F38480163901EB810801EB480156
:10A5E000414B13F801E00EF0070ECEF1080E7A1C75
:10A5F00012EB0E0F02D57744476070E0826812F1CB
:10A600000C0BF8D44FF0FF35CEF1200405FA04F41A
:10A610007D19A24652D5C7F10109002550E0334EFD
:10A62000039036686D0003EB0108403DC2F1010163
:10A63000002306EB82160A32CDE9017E8844574694
:10A640009C4696464846AA4600E0944608EB04021B
:10A650007445BDBF126812BA3A400022002C05DAD8
:10A6600000E0009A0134A34530D134E043EA0C0302
:10A670001343990841EA53010B434FEA5C0508B1C3
:10A68000854083400AEB0601002BEBD00092002DA1
:10A6900003DA174AB2F8009004E0002B04DA154AF6
:10A6A000B2F85290A1F800900231B1424FEA430350
:10A6B0004FEA4505D5D0002BE9D1D2E74FF000098C
:10A6C000541E5C4597DA1F2CA9DD94E7202C06F177
:10A6D00040066346B9D1DDE9017E03988BE700208F
:10A6E00005B0BDE8F08F00BF60460108B8690020E2
:10A6F000F88A002008030020024B03EBC00090ED15
:10A70000010A70477C4800202DE9F3473B4D814604
:10A7100068680C46F5F744FF394ACDE90001214647
:10A7200048460C34FFF7C4F81F2C63DCB5F9383009
:10A73000002B01DA334A01E007D1334A214648466B
:10A7400002B0BDE8F047FFF7B3B8304A21464846AB
:10A7500009F14608FFF7ACF809F18C072C4A2146AD
:10A760004046FFF7A5F82B4A21463846FFF7A0F8E8
:10A77000AA460026BAF93830B3423BDD0C341F2C10
:10A7800038DC95ED020AB4EE400AF1EE10FA0AD672
:10A79000B5EE400AF1EE10FA05D022464946DAF845
:10A7A0000000FFF737FD95ED030AB4EE400AF1EE25
:10A7B00010FA0AD6B5EE400AF1EE10FA05D022469C
:10A7C0004146DAF80000FFF725FD95ED040AB4EEE6
:10A7D000400AF1EE10FA0AD6B5EE400AF1EE10FA90
:10A7E00005D022463946DAF80000FFF713FD01369E
:10A7F0000C35BFE702B0BDE8F08700BFE06900207C
:10A80000A95E0108CA5E0108DF5E0108F45E010866
:10A81000FE5E0108055F010891ED007AD1ED017A35
:10A82000DFED0A6A9FED0A6AF7EE005A37EE257AE5
:10A8300067EEA77A67EE266AE7EE077A86EEA70A42
:10A8400030EE460AB0EEC00A704700BF0AD7233D7B
:10A850000AD7A33C08B5FFF7DFFFF7EE007A87EED3
:10A86000800A08BDD1ED017A91ED007ADFED066A2C
:10A8700067EEA77A27EE266AE7EE077A86EE270AC2
:10A8800030EE660A704700BF0000C842D1ED017A81
:10A8900091ED007ADFED076AB7EE006A37EE067ACF
:10A8A00027EEA70A67EEA67AA7EE070A87EE800AC8
:10A8B000704700BF0AD723BD08B5FFF7E7FFFFEEDB
:10A8C000007A87EE800A08BD08B52DED028BFFF7F0
:10A8D000F3FFB0EE408AFEF7C3FF88EE000ABDEC3E
:10A8E000028B08BD08B52DED028BFFF7CFFFB0EE50
:10A8F000408AFEF7B5FF88EE000ABDEC028B08BD6A
:10A90000D1ED017A91ED007ADFED056A27EEA70A15
:10A9100067EEA67AA7EE070A87EE800A704700BFA7
:10A920000000C8C291ED010AD1ED007A20EE000AC4
:10A93000A7EEA70A09F06AB8054908B501EBC001FE
:10A94000FFF7F0FFFEEE007A20EE270A08BD00BFF9
:10A950007C480020034B00F2911103EBC101FFF78B
:10A96000E1BF00BF7C48002091ED010AD1ED007AE3
:10A9700060EE000AB7EE007AE7EEA70A30EE000AB2
:10A9800077EE600A09F074B891ED017AD1ED007AA2
:10A9900067EE076AE7EEA76A77EEE67A87EE270AA0
:10A9A000B0EEC00A704700BFD1ED017AD1ED006A68
:10A9B0009FED0A0A67EEA77AB7EE007A37EE667A5D
:10A9C000B0EE676AA7EE076AE6EEA67A86EE277A09
:10A9D000B1EEC77A27EE000A704700BF0000C842F8
:10A9E000D1ED017AD1ED006A67EEA77AB7EE007A71
:10A9F00037EE667AB0EE676AA7EE076AE6EEA67AE9
:10AA0000B3EE090A87EE867AB1EEC77A27EE000A1E
:10AA1000704700BFD1ED017A91ED006A27EEA77A69
:10AA2000F7EE006AA6EE067A77EEA77A36EEC77AD8
:10AA300087EE870AB0EEC00A704700BFD1ED017AF9
:10AA400091ED006A9FED0B0AB7EE007A67EEA77AE8
:10AA500076EE076A37EE467AB0EE676AA6EEA66A29
:10AA6000E7EE077A86EE277AB1EEC77A27EE000A7C
:10AA7000704700BF0000484208B5FFF7DFFFF7EE60
:10AA8000007A87EE800A08BD91ED010AD1ED007AC7
:10AA900020EE000AA7EEA70AB1EEC00A704700BF79
:10AAA00008B5FFF7F1FFDFED097AB4EEE70AF1EE42
:10AAB00010FA08DCF7EE007A30EE277A77EEC07AEB
:10AAC00087EE270A01E09FED020A08BDA4707D3FD2
:10AAD0000000807F024901EBC001FFF7E1BF00BF2A
:10AAE0007C48002070B506462DED048B0846F0EE3C
:10AAF000406A0C46FFF7EEFFB4EEE60AF1EE10FAFC
:10AB00003DDAB0EE406A013E511C03D1B4FA84F341
:10AB10005B0903E0B442B4BF002301237BBBA5184B
:10AB2000ADB22846FFF7D6FFF4EEC06AF1EE10FA98
:10AB300003D9B0EE406A2C46E6E7B4EE460AF1EEE1
:10AB400010FA1CBF76EEC66A30EE460A204614BFE5
:10AB500086EE809A9FED0C9AFEF792FE2846B0EEA4
:10AB6000408AFEF78DFE2046F0EE408AFEF788FE12
:10AB700038EEC00AA0EE098AB0EE480A01E09FED67
:10AB8000020ABDEC048B70BD000000002DE9F0410D
:10AB900088072DED028B00F0EF807C4B7C4893F909
:10ABA0001D205E8B511C16BF03EBC2021446B2F887
:10ABB0005A400021202209F00DF8022E40F2DC80DC
:10ABC000631C18D10020FFF785FF0025F0EE406AD6
:10ABD00001221046FFF77EFFF4EEC06AF1EE10FA94
:10ABE000C8BF154602F1010292B2C8BFF0EE406A3A
:10ABF0009642EED125E0A2B2964209D8721E92B2D8
:10AC000006E074B90134072CFBD1AA4219D02A46B8
:10AC10001046FFF75FFF6FF00504F0EE406A15463F
:10AC2000EFE7A718BE42EDD9BFB23846FFF752FF93
:10AC3000B4EEE60AF1EE10FA44BF3D46F0EE406A8B
:10AC4000E0E75449524C01EBC5012846FEF712FDDE
:10AC50002580B0EE408AFEF713FE284684ED010AF7
:10AC6000FFF738FF4FF0FF3284ED020A29463046E5
:10AC7000B0EE000AFFF736FF012284ED030A2946F1
:10AC80003046B0EE000AFFF72DFF4FF0FF3284EDA3
:10AC9000050A29463046B0EE080AFFF723FF0122D5
:10ACA00084ED040A2946B0EE080A3046FFF71AFF81
:10ACB00094ED037A84ED060AB5EE407AF1EE10FACF
:10ACC00006D0D4ED057AF5EE407AF1EE10FA0FD108
:10ACD00094ED047AB5EE407AF1EE10FA4CD0B5EE70
:10ACE000400AF1EE10FA47D0F0EE407A012200E07F
:10ACF000002267EE276A77EEC77A274BF1EEE66A05
:10AD0000F5EEC07A03EB8203F1EE10FAC4ED016AAE
:10AD100093ED007A2CD9B5EEC08AF1EE10FA27D95E
:10AD2000B7EE006A37EE465A37EE067AC5EE075A96
:10AD30009FED1A7A65EEA55A38EE075A38EE477A33
:10AD400065EE854A27EE477A36EE656AA5EE247AE7
:10AD5000C7EE065AF5EEC05AF1EE10FA08D9F1EE38
:10AD6000E55A67EE887A66EEA56A86EEA77A01E074
:10AD70009FED0B7A84ED077ABDEC028B04230B2246
:10AD800002210020BDE8F041FEF72CBCF8080020AD
:10AD9000E06900207C48002044700108000048421F
:10ADA00000000000D1ED006AD1ED017AB7EE007A23
:10ADB00037EE667A27EEA70AF3EE096AA7EE070ACE
:10ADC00067EEA67A87EE800A704700BFD1ED017A60
:10ADD00091ED006ADFED076AB7EE007A37EE467A4A
:10ADE00027EEA70A67EEA67AA7EE070A87EE800A83
:10ADF000704700BF0000C84237B5754C94F91D007C
:10AE0000FCF724FE002800F0E18094F91D30714A1F
:10AE10009FED714A106004EBC30482ED014AB4F85F
:10AE20005A506E4C04EBC50421462846FEF722FC1E
:10AE3000F6EE007AB4EEE70AF1EE10FAF0EE405AC0
:10AE4000B0EE445A40F2B580FFF72AFEDFED644AC7
:10AE5000B4EEE40AF1EE10FA40F2AE80FFF7B6FF6E
:10AE600080EE257ADFED5F7AB4EEE77AF1EE10FA44
:10AE7000F0EE406A80F2A08065EEA44A0025F4EE70
:10AE8000C44AF1EE10FA0EDDDFED577AF4EEE75A20
:10AE9000F1EE10FA07D5F1EE406A15619560C2ED4A
:10AEA000036A01238BE025EEA56AF4EEC55AF0EEA5
:10AEB000464AF1EE10FAE6EEA64A76EEA63A06DA31
:10AEC00065EE857AF4EEE74AF1EE10FA37DD684672
:10AED00024EE851A63EE850A35EE650AFEF720FC3E
:10AEE000DDED007A956036EEA77AB0EE463A27EEB1
:10AEF000A74AA7EE073A556124EE074AC2ED047A45
:10AF000084EE037AF4EEC55A37EE677ADDED017A06
:10AF100082ED037A36EEA77A27EEA74AA7EE076AF4
:10AF200024EE074AF1EE10FA84EE067AC2ED077AB3
:10AF300037EE677A82ED067A40DA022100E00021DE
:10AF4000E5EEC54A4C006318284C6846B0EE641A1A
:10AF5000F0EE630AB7EE000A04EB8304FEF7E0FBB1
:10AF60009DED007AA56076EE877A84ED017A9FEDFB
:10AF7000207A656175EEC55A27EE875A67EEA77A83
:10AF80008B1CE5EEA57A1BB285EE276ADDED017A12
:10AF900084ED006A76EEA76AC4ED047A26EE877A1D
:10AFA00066EEA66AE5EEA56AC7EE267AC4ED037AD8
:10AFB00005E04FF0FF3302E0002300E00223138797
:10AFC0000221042307220020FEF70CFB03B030BD52
:10AFD000F8080020E0690020000048427C4800207A
:10AFE000CDCC8C3F0000C84200005C42E8690020E4
:10AFF00000401CC5044908B501EBC001FFF7E6FE9F
:10B00000B0EEC00A08BD00BF7C48002008B52DED99
:10B01000028BFFF7DBFEB0EE408AFEF721FC88EEE4
:10B02000000ABDEC028B08BD08B52DED028BFFF7C1
:10B03000CDFEB0EE408AFEF713FC28EE000ABDEC10
:10B04000028BFFEE007A87EE800A08BDD1ED006A20
:10B0500091ED017AF7EE007A77EEE67A27EE077A3D
:10B06000F3EE096AA7EEA77A67EEA67A87EE870A5B
:10B0700030EE660A704700BF0138C3B2082B9DBF8F
:10B0800000EB4000024B53F820000248704700BF1D
:10B090006C650108C48D01080138C3B2082B08D8BB
:10B0A000054B00EB400003EB800003890B804068F8
:10B0B00070470020704700BF6C650108431E082BD5
:10B0C0000FD8094B094A034410B413F8013C013B63
:10B0D00002EBC30452F83300A3880B805DF8044BE5
:10B0E00070470020704700BF60650108E0650108F7
:10B0F000F8B50D1A2FD11D4A1D4B15801D8033E068
:10B10000B5FBF3F2132A02D903EB83040CE0072A00
:10B1100001D95C0008E01C46A6FB0473032A4FEA31
:10B12000D30301D80139EBD1B0FBF4F34EF28036F2
:10B1300004FB13002A460023A0FB0601F5F7E6FBFB
:10B140000B4B0A4F18802A46A4FB06010023F5F793
:10B15000DDFB388008E0074B074C084E6A0AA3FB6A
:10B160000232D2090A21D7E7F8BD00BFC469002026
:10B17000C2690020834B040000CA9A3BCDCCCCCCE2
:10B18000044B1B78052B9ABF034A52F8230003484F
:10B19000704700BFB4690020385D01087060010885
:10B1A000044A13780133DBB2052B88BF00231370E8
:10B1B000704700BFB46900204D4B82B01B780190EE
:10B1C000002B00F08C80013BDAB2042A00F28B8065
:10B1D000484AD2ED006AF5EEC06AF1EE10FA40F28C
:10B1E000828007EE900AF8EE677AF5EEC07AF1EE0B
:10B1F00010FA78D99FED406A9FED407A404A67EE99
:10B20000867AC3EBC303F4EEC77A5B00F1EE10FA63
:10B2100002EB030005D8D35A9FED3A7A00EE103ABC
:10B2200017E09FED396AF4EEC67AF1EE10FA0BDA08
:10B230009FED366AF4EEC67AF1EE10FA2DDD344A4F
:10B240009FED346A01230DE083899FED337A00EE90
:10B25000103AB8EEC00A67EE877AF1EEE77A60EE50
:10B26000277A35E0B8EEC67A591CF4EEC77AF1EECB
:10B2700010FA0CDC294A32F8132007EE102A5B0082
:10B28000B8EE466AB8EE477AC1189A1C07E00B463A
:10B2900032F8021B06EE101AE4E701460222B1EE74
:10B2A000C77AF1EEE77AB1EEC66A36EE476A37EE54
:10B2B000C77A0B88825AC7EE065AD21A07EE902A2E
:10B2C000B8EEE77A07EE903AF8EEE77AE5EE877A9D
:10B2D0009FED090A26EE800A20EE270A05E0104BB2
:10B2E00093ED000A01E09FED0F0A02B0704700BF26
:10B2F000B4690020606A002017B7D13800003443D9
:10B30000F05C0108610BB63B00909C450000B44323
:10B31000E65C0108C6020000EE4B5139E05C010812
:10B32000B06900200000000008B52DED028BFFF78A
:10B33000ABFB80B2B0EE408AFBF7ECFBFFF73CFFC3
:10B34000DFED0E7A20EE270A08F0FCFBDFED0C7A29
:10B3500028EE000AB4EEE70AF1EE10FA08DCF7EE88
:10B36000007A30EE277A77EEC07A87EE270A01E07E
:10B370009FED040ABDEC028B08BD00BFE3C86B3E25
:10B38000A4707D3F0000807F032804D14FF4F07348
:10B390000B41DB0705D4044BC0EBC00053F8200081
:10B3A00070470248704700BF4C7001087860010880
:10B3B000014B000118587047846C0108014B187844
:10B3C000704700BFC069002070B5154C154D04F1E1
:10B3D000300605EB800594F828300C34DBB1698821
:10B3E00028881C2934BF01236FF00D03194411F183
:10B3F0000D0300F1050248BF01F12C0305380029B7
:10B40000B8BF1F310028B8BF1F3052115B1149115E
:10B410004011FEF7E7F8B44205F24465DBD170BD98
:10B42000F80800206C6A002070B50D4C04F140054E
:10B4300094F858301BB1B4F85A00FFF7C5FF083430
:10B44000AC42F5D1FEF76CFE031EB8BF1F330021DE
:10B450005B1108460E22BDE87040FEF7C3B800BF7E
:10B46000F8080020F0B52DED028B634C0025032871
:10B4700083B0C4E9015500F082800428064600F03C
:10B480008180022840F0B4805C4F5D4B5D49ADF88F
:10B4900004502A4601A82360FEF746FFB1EEC00A19
:10B4A00097ED1A7AF7EE007A20EE077A37EEC00AA7
:10B4B00030EE000AC7EE007AF5EEC07AF1EE10FA2F
:10B4C000C4ED077A00F18C80BDF804102846FCF723
:10B4D00049F9D7ED1A7AD4ED076ABDF80430ADF812
:10B4E0000630B1EE007AB0EE676AA6EE876A0123F5
:10B4F0004FF0FF324449C7EE868A0DF10600B1EEE7
:10B50000680AFEF78FFDB5EE400AF1EE10FAB0EED4
:10B51000408A65D0BDF80430ADF8063001223346CC
:10B520003949B0EE680A0DF10600FEF77BFDB5EE75
:10B53000400AF1EE10FA53D030EE487A28EE000AB5
:10B54000B1EEC00AFCEEC07AD4ED076AC4ED017A10
:10B55000C0EE077AC4ED087ADFED2C7A67EE275A41
:10B5600060EE277A86EEA56A27EE800A84ED046AEB
:10B5700020EE260AC7EE007AC4ED057A30E0FEF729
:10B5800093FF2DE0FEF790FF214B1E4923602A46D2
:10B590000DF10600ADF80650FEF7C6FEBDF8061028
:10B5A000F1B10320FCF7DEF8BDF80600FBF7B2FAB4
:10B5B0006368984214D307EE903AB8EE677AD4EDF8
:10B5C000057AA060C01A27EE277A07EE900AF8EEF7
:10B5D000677AE06077EEA77AC7EE276AC4ED066A5D
:10B5E0000423072202210020FDF7FCFFFFF71CFFC8
:10B5F00003B0BDEC028BF0BDE06900200803002021
:10B60000E06D010885970008AD970008DB0FC94081
:10B61000E96D01082DE9F8433D4E96F91C506A1C6E
:10B620002DED028B6FD096F91D00431C6BD0394B6A
:10B6300093F86E30022B3BD105EB450506EB8505F3
:10B64000354A95F82930C3EBC30302EB83039F69A6
:10B65000002F58D095F82A50304A738B40F6884115
:10B6600001FB05250BB34FF000089FED2D8A4446E2
:10B6700029462046B84710EE103A23F00042B2F1B6
:10B68000FF4F05F1080509D0F0EEC07AF4EEC87A54
:10B69000F1EE10FA44BFB0EE678AA046738B013416
:10B6A000A342E5DC96F91D0000E09846414624E0FF
:10B6B0001C4A1D4C1D4940F2446707FB0525728B4F
:10B6C0006F88012B0CBFA0468846012A12D902358B
:10B6D0004FF00009012435F824103846C04710B156
:10B6E00035F82470A146738B0134A342F3DC96F93C
:10B6F0001D0001E04FF000094946BDEC028BBDE89A
:10B70000F843FCF72FB8BDEC028BBDE8F88300BF0F
:10B71000F8080020080300204C7001087C48002035
:10B72000CAF249716C6A0020159700080997000851
:10B730002DE9F047DFF87C8198F91C506B1C00F074
:10B74000AA8098F91D30013300F0A580534B93F87F
:10B750006E30022B04460E4659D105EB450508EB29
:10B7600085054F4A95F82930C3EBC30302EB8303E9
:10B77000D3F81890B9F1000F00F08D8095F82A7079
:10B78000484B40F6884202FB073707EBC001C84729
:10B79000B8F81A30344410EE105A9C427BD207EBB2
:10B7A000C4012046C84710EE103A07EE905A23F025
:10B7B0000042B2F1FF4FF5EEC07A25F0004120D0F3
:10B7C000B1F1FF4F1DD0F1EE10FAB5EEC00A4CBF3B
:10B7D00001210021F1EE10FA4CBF0122002291421A
:10B7E0000FD0F0EEC07A07EE105AB0EEC77AF4EE42
:10B7F000C77AF1EE10FAC8BFA41B98F91D002146C4
:10B8000045E0B8F81A2034441D469442C6E7264A5B
:10B810002648274940F2446707FB052505EB8402CB
:10B82000012B0CBF81468946A419578833D4B8F838
:10B830001A309C422FDA023535F824103846C847B2
:10B8400020B935F82470A41908D524E0B8F81A30C6
:10B850009C42B8BF4FF0FF3A06DB1CE0B8F81A3044
:10B86000A342E9DC17E01C46394635F82400C847F6
:10B87000331930B9B8F81A2035F824709342A2462B
:10B88000F1D3BAF1FF3F06D098F91D005146BDE84B
:10B89000F047FBF767BFBDE8F08700BF0803002053
:10B8A0004C7001087C4800206C6A00201597000845
:10B8B00009970008F808002010B440F2446404FB23
:10B8C00000F0084C00EB81010819095B40885DF825
:10B8D000044B1B1A521A13FB03F310B200FB003087
:10B8E000704700BF6C6A0020124B2DE9F047B3F897
:10B8F0001A80B8F1000F18D04FFA82F907B20EB2D1
:10B9000000244FF461754FF0FF3AA1B233463A4636
:10B910004846FFF7D1FFA842B8BFA24604F1010490
:10B92000B8BF05464445F0D101E04FF0FF3A50461C
:10B93000BDE8F087F808002070EE017AB6EE007AD4
:10B94000F0EE606AD7EE876A31EE401A66EEA17AB1
:10B9500021EE070A20EE210AA7EEA10A30EE200A06
:10B96000704700002DE9F74F354A5368834263D88A
:10B970009768B84260D8568B0191FF1A06F1FF39DB
:10B98000C41A4FF0000B5B463A46A4FB0901F4F7DA
:10B99000BDFF033E431EB342B846054600934BD855
:10B9A0004FEA590632460023E7FB002316461F469E
:10B9B0004A465B4630463946F4F7A8FF824618EB04
:10B9C00006004BEB07014A465B46F4F79FFFB0EBDE
:10B9D0000A000CD0A4EB0A0407EE904A07EE100A06
:10B9E000F8EE677AB8EE477A87EE876A01E09FED56
:10B9F000156A154B00996A1C03EBC20203EBC505DF
:10BA000003EBC10392ED001AD5ED000A93ED000A95
:10BA1000F0EE461AFFF790FF019981ED000A93EDD1
:10BA2000010A92ED011AD5ED010AFFF785FF019B8E
:10BA3000012083ED010A00E0002003B0BDE8F08F93
:10BA4000F8080020000000007C48002073B5044680
:10BA50000D46104669461646FFF784FF034678B147
:10BA60000C20094960430C180E5069462846FDF722
:10BA700001FE694684ED010AFFF7A8F984ED020A88
:10BA8000184602B070BD00BFE069002030B52DED52
:10BA9000028BCB0783B03CD50024234D9FED238A36
:10BAA000ADF8064001224FF0FF332946B0EE480AB8
:10BAB0000DF10600FEF7B6FAFCEEC07A17EE902AFA
:10BAC0007AB1BDF806102046FFF7C0FF00B101347F
:10BAD000BDF80630062C03F10103ADF80630E1D1C4
:10BAE00014E09CB922461249ADF806400DF106005B
:10BAF000FEF71AFCBDF8065045B12846FBF70AF8D8
:10BB0000294602462046FFF7A1FF0446094B83F869
:10BB100048400523072202210020FDF763FD03B002
:10BB2000BDEC028B30BD00BFF9A60008000000008C
:10BB3000F5AF0008E06900202DE9F8432DED088BF2
:10BB40009FED338A0446894690461E460025B0EE96
:10BB5000489AF0EE488AF0EE48AAF0EE489AF0EEE5
:10BB600048BAB0EE48AAA5421ADAAFB23846C8477A
:10BB70003846B0EE40BAC0476BEE0B7A2BEE007A37
:10BB80003AEE0BAA7BEE80BA79EEA79A7AEE87AAF4
:10BB9000ABEE279A0135EBEE078AA7EEA78AE2E71C
:10BBA00007EE904AF8EEE77AF1EE696A8AEE276AC4
:10BBB0008BEEA77AC9EEA74AB1EE4AAAF0EE497A0F
:10BBC000E6EE867AEAEE07AAE6EE878AEAEE069ABB
:10BBD000A6EEA48A6AEEE75A67EEE76AE8EEA95A8B
:10BBE00068EEE78AE8EE296AE8EE2A8A85EEA65A28
:10BBF000C8EEA67ABDEC088B86ED025AA6EE677AEF
:10BC0000C6ED017AA4EEC57A86ED007ABDE8F88328
:10BC1000000000007FB5CC070D464BD59FED3C0AD8
:10BC20003C4C3D4984ED010A0023ADF806300DF18E
:10BC300006004FF0FF33012284ED020A84ED050A6D
:10BC4000FEF7F0F9FCEEC07A344E17EE900A58B3C6
:10BC50009FED337A334BF8EE677AC7EE276A93EDA0
:10BC6000007AB5EE407AF1EE10FA06D0C7EE267AE9
:10BC700084ED027AC4ED057A09E096F8993007EE72
:10BC8000903AF8EEE77A67EEA67AC4ED027A02A956
:10BC90004008FFF767FE38B102A90020FFF796F8C9
:10BCA000B0EEC00A84ED010A1F4B204A2049708B78
:10BCB000FFF742FFA80723D0184B93F91D20511C12
:10BCC0001ED003EBC203B3F85A00FAF723FF07EEC6
:10BCD000900A104BB8EE677ADFED167A83ED007AA2
:10BCE00093ED086A27EE277AD3ED077AF1EEC76A5B
:10BCF000E6EE267AD3ED096AE6EE877AC3ED047A9A
:10BD00000423072202210020FDF76CFC04B070BD63
:10BD100000000000E0690020D1970008F80800202A
:10BD200092FA3649606A0020FC69002039A90008AF
:10BD3000919800085F708930044B054A93F82130D0
:10BD400003EB430312F82300704700BFF8080020FC
:10BD5000746D0108024A034B10801980704700BFC0
:10BD6000AC030020AA030020024A13881843108065
:10BD7000704700BF646A0020F8B5124E0124357880
:10BD80008440254207D025EA040434700220BDE82F
:10BD9000F840FFF7E9BF0C4A92F91C30591C0FD04C
:10BDA0000A4F528B0A4927F8102040F244620430AF
:10BDB00002FB00102C4302FB031107F0FDFE347060
:10BDC000F8BD00BFC0690020F8080020686A0020A4
:10BDD0006C6A002008B50B2009230E220021FDF714
:10BDE00001FC0C20BDE80840FFF7BEBF082808D8BA
:10BDF000044A054B82F82100FF2202201A70FFF747
:10BE0000B3BF7047F8080020BC6900202DE9F04F4F
:10BE1000B74B2DED068B1B885805ABB003D5FAF751
:10BE2000BDFDB34B1B88D90740F1D580DFF804A3D3
:10BE3000DFF804B39FEDAFAA9FEDAF9ADFEDAF9AA5
:10BE4000FFF7F2FA5446CDF814A094F8283033B92D
:10BE5000AB4B0C349C420BF2446BF6D1ABE0059B30
:10BE600094F829105A8B94F82A80A648D4ED0B7ABE
:10BE700001238B4023F00045013A40F6884625F027
:10BE800018051FFA82F906FB0808002D4DD0C9EEEF
:10BE9000278A9D48069403429C4B9D4890FBF2F2F2
:10BEA000C1EBC10103EB81014FF00005D1F818A0EF
:10BEB0002F464FF4B02694ED0C7AB0EE698AA7EEC7
:10BEC000498A5446924618BF38EE288AF1EE688AAD
:10BED000A8B208EBC00164B1A04710EE103A23F0FD
:10BEE0000042B2F1FF4F13D0F0EE487AE8EE807ACC
:10BEF00001E0F0EE487AFDEEE77A17EE903AB3F5FE
:10BF0000987FA8BF4FF4987323EAE3739BB200E0D5
:10BF1000002301353946320C5846AFB2FDF722FBFB
:10BF2000B9455644D4D2069C92E713F0180F8FD02F
:10BF30008AEE276A2946F6EE006AABB208EBC30325
:10BF4000D3ED007A93ED017AF0EE665AE6EE275AC9
:10BF500058460135F0EE657AF0EE665AE6EE075A7D
:10BF6000FDEEE77ABDEEE57A17EE902A17EE103A6D
:10BF700096B206F1E802E336C3F19803B6B292B284
:10BF80009BB2B6F5E47F0FFA82FC1FB205D3BCF179
:10BF9000050FB4BF05224FF4E672B3F5987F04D9BC
:10BFA000002FB4BF00234FF49873FDF7DBFAA9B25A
:10BFB0008945C2D24CE7DDF814A0BAF818301A0649
:10BFC00001D5FFF727FB534C2378242043F00103CE
:10BFD0002370FFF7C9FE504B1B883BB9444A00232E
:10BFE00013802BB0BDEC068BBDE8F08F404B1C8856
:10BFF000A30506D5002006F0FDFB06F09FFB3C4B99
:10C000001C88A70709D5454B4FF6FF72A3F1140111
:10C0100023F8022D8B42FBD119E0A60603D5FFF7CA
:10C0200003FA334B1C88650605D5002211461046DD
:10C030000923FDF7D7FA200609D5394B9B8AD90683
:10C0400005D509230E2200210D20FDF7CBFA14F0AF
:10C05000E60F00F03287DFF8DCA09AF8210008280C
:10C0600013D8BAF81830DA070FD42E4B294C00EB4E
:10C07000400203EB82039A6802B904E05B782178FE
:10C08000194200D0904700232370274A224B118881
:10C090001B881F311F335B11491118938AB29BB261
:10C0A00031B9224B1F931D4B1F99002200F0FDBE9A
:10C0B000013B9BB21D49DFED108A9FED1DAA1F9128
:10C0C000013A013392B25B010132CDE91113520101
:10C0D000002717920597119A32F8023B08931192A4
:10C0E00063BB059B179A203393420593F3D1DAE79C
:10C0F000646A002000001843000018420040984382
:10C10000280900207C480020400000404C700108B5
:10C110000000C701BC690020AC030020E0690020DA
:10C1200008030020746D0108AA030020CC690020D8
:10C1300092FA364AF80800206C6A0020189B002BFF
:10C14000CFD0059AC2F59773591CC2F102031BB2F6
:10C150001A93C2F59873149119934901C2F15003CF
:10C16000002615911693B346089BDB0740F1908695
:10C17000B44B05991A88B44B1B88A2EB0B02591AD1
:10C180001F2A0692079101F30E801F2906DD002A5F
:10C1900040F37E8620238024079308E0069B002B33
:10C1A00040F37686079B002B40F372869C00A74BDA
:10C1B0000B931D4606F03CF9A549EA8B086003463F
:10C1C0001033099003EB041142EA024243E90422CE
:10C1D00043E9022210339942F8D19E4B0D9300227D
:10C1E00003F130050A9301244FF4F07693F82810F8
:10C1F00079B193F8291004FA01F0032942EA000208
:10C2000007D193F82B1046FA01F1CF0758BF42F03F
:10C2100000420C33AB42E9D122F000430B9923F0EA
:10C2200018030C934C8C13B9100764D4B1E00B992C
:10C23000894B898A1D88894B11F0200F09991F8825
:10C2400005EBCB15A5EB8115A5F520700E90069892
:10C25000ABF1050C0CEB000A079814BF4FF0020E6F
:10C260004FF0010E4FEA4E1563464FEA401940F277
:10C27000C71807E0079B05990998069D5F184FF0BE
:10C2800026091BE0B3F5E47F05D301339A4501F19C
:10C290000201F7D1EEE753B1434508D00E9800EB09
:10C2A0008116B6FBF7F007FB10607F28EDD8002061
:10C2B00021F8104028444845FADBE6E7B1F5987FBD
:10C2C00005DD01318F4200F14000F7D1ACE7644E4B
:10C2D0004B08A6FB0363DB0809FB1313002BF0D10B
:10C2E0000CEB0308B8F5E47F38BF20F81340734423
:10C2F000AB42F5DBE5E7002A24DA099BCBEBCB7AEE
:10C3000003EB4A0A059BA3F19809079B03EB090875
:10C31000069BABF1E8050AF5E87A5F1910E049469B
:10C320003046FDF749F808B12AF816400136B74201
:10C33000F5D109F10109C8450AF1400A00F09480DD
:10C340002E46ECE7059BDDF82480CDF838B0A3F14C
:10C350009806079B03EB0609069BCBF1E807FB1A3F
:10C36000C346B84627461C4610E028463146FDF72E
:10C3700023F8013D08B1AAF80070AC420AF1020AA4
:10C38000F3D10136B1450BF1400B58D04546DA46A2
:10C39000EBE7D10668D5099BCDF83CB0CBEBCB7071
:10C3A00003EB4000059BA3F19802079B13440E93F7
:10C3B000069BABF1E80500F5E87003EB050A45F6CE
:10C3C000A81840F27D3EAB462FE003FB0361A94273
:10C3D00022D841451ED8EBB1E2B171451CD940F2DB
:10C3E000B939494516D940F63369494514D9B94296
:10C3F00010D993420ED063450CD042F22109494531
:10C400000AD942F2D709494504D9A1F5655109393C
:10C41000F12901D820F8134001339A45D5D10E9B5C
:10C420000132934200F140001CD002FB02F65B4651
:10C4300045F6D82540F6AB67C2F1000CC5E7DDF83C
:10C4400038B011E0AC030020AA030020080300204C
:10C45000B8690020F8080020C2690020C4690020E3
:10C46000F31ACA6BDDF83CB00C9B002B00F008817E
:10C470000B9B0DF18E0193F86D00FEF70DFE1390EE
:10C48000002800F0FD800A9B1B8BDA0700F1F88082
:10C49000079A14998A42134640F3F28019998A4206
:10C4A000D4BF02F1FF33199B1B930A9B9C68D3F8FE
:10C4B00004801D94A04580F0E3800B9B24A993F891
:10C4C0006D00B3F850302193FEF7F8FDBDF88E50A3
:10C4D0002090A4EB080A002D00F0D2801B9B5B018A
:10C4E0001C9300230F93099B40331E93069B013B33
:10C4F0001093BDF83C30139A02EBC3025768B8455D
:10C5000006D90F9B01330F939BB29D42F1D8B7E040
:10C51000139A1D9C52F83360B442C0F0B180464576
:10C5200038BF464640F2C719A6EB0800A74252465C
:10C530004FF00003A0FB090128BF2746F4F7E6F9F6
:10C54000A7EB0803441D5246A3FB09010023F4F79F
:10C55000DDF9069B0530A0EB0B009842109BA4EB85
:10C560000B04A8BF184624EAE474A042C9DB1B9B55
:10C57000149A934204DABDF890300E93C3B92EE0BA
:10C58000159B099A241A61001C181C9B1844931CC3
:10C5900003EB44034232219C023902EB4000CA18EB
:10C5A00022F8024B9342FBD140339842F7D1E2E7A5
:10C5B000DDF880900C970025ABB203EB430309EB49
:10C5C00083077C68B44205D201350E9AABB29A4219
:10C5D000F2D804E059F823000C9B984202D9BDF828
:10C5E0008E508EE7B0422CBFC8EB0000C8EB0600AF
:10C5F00040F2C713A0FB030152460023F4F786F96B
:10C600000C9B40F2C7119C4294BFC8EB0403C8EBDB
:10C6100003035246441DA3FB01010023F4F776F9FE
:10C62000069B0530A0EB0B009842109BA4EB0B047B
:10C63000A8BF184624EAE474A042C5DB1B9B149AE9
:10C640009342C1DB3B7AB14A32F813101C9A159B16
:10C65000001BE3181444099A02EB43031E9A0130AD
:10C66000400002EB4404C7181A4622F8021B974206
:10C67000FBD140339C42F6D1BDF890300E93A3E736
:10C68000A34BDFF8B0821B78DFF8ACA203F0010304
:10C690001093069B5B440420139304E0A8F24468C3
:10C6A000AAF10C0A3846042800F1FF370AD09AF89C
:10C6B000583013B97B1CF1D1AFE00A9B5A8B013A79
:10C6C0000AD1F7E7109B002BE8D0924B1A88013A69
:10C6D000002A40F07C85E1E7FCF7A8FF0028E9D1BB
:10C6E00000F07FBD139C83185B1038F823108C4238
:10C6F000CCBF18461A46431C9342F4DB1046002375
:10C700001918491038F82140A345CCBF0B460846FC
:10C71000591C8142F4DB8049934231F817100C9187
:10C7200000DBC7E708EB820208EB83030E9219884F
:10C73000059D58889E88DC88B1EB0B01A0EB0502B3
:10C74000A6EB0B06A4EB050507D5002E80F23B8572
:10C750000E9A04339A42EAD1ACE7002A03DA002D9C
:10C7600080F22C85F4E71F2901DD1F2EF0DC1F2A43
:10C7700001DD1F2DECDCA04205D9144608462A46EF
:10C78000314625460646A1EB060CBCF1000FC8BF9A
:10C79000A6EB010CA5EB020ECCBF4FF0FF394FF01A
:10C7A00001091EEB0C0F4CBF0CEBDC700EEBDE70C6
:10C7B0004010002AC0F1000003DB520104460CE0E7
:10C7C00020468445BABF4944A0EB0E040446864582
:10C7D000F6DD0132A4EB0C04F2D106EB45150F9502
:10C7E00000E004461F2901EB020004D8099E3546EB
:10C7F0000C9E25F810600F9D8542A9D0A445BABFB4
:10C800004944A4EB0E002046A645EADD2032B2F5ED
:10C81000806FA0EB0C00E4DB9AE70B9B9B8ADE06A3
:10C8200005D43E4EDFF810A1CDF824B042E0BBF5B0
:10C83000C27FF6D90A9A92F91C00451CF1D000EB90
:10C84000400302EB8303012293F829108A4012F07F
:10C85000180FE6D13249D3ED0C7A93ED0B9AB2EE74
:10C86000008ACBF5D2740A4238EE678A24B205D02A
:10C87000B7EE007AC7EE097A38EE278A063080B222
:10C8800005F0ACFF274D1A9EF7EE009A69EE087A84
:10C8900038EE698A17EE900AF3F782FECDE90001BF
:10C8A000314626362A46204636B2FDF701F81F2EBD
:10C8B000ECDDB6E79AF8583033B91B4B3836B34243
:10C8C0000AF1080AF6D167E0A6F11C03BAF85A503B
:10C8D0000C93164BDDF8349003EB85054FF0000800
:10C8E00099F828304046002B4CD0FCF79FFE0028DA
:10C8F00048D109992B886A885B1A05991B2AA2EBF3
:10C9000001041BD80134374609491AE0D8650108EB
:10C91000C0690020686A002034030020E06A010832
:10C9200040000040685D0108A06C01086C6A0020AE
:10C93000A86A01087C830020F80800200C9FB649F3
:10C940000E3C9A1D2A2A04F10E001BD82D2819D856
:10C9500008F1060080B2A3F1050B0E9105F03EFF31
:10C960000E9900910E230B2221465846FCF77EFDBE
:10C970001A2005F033FF5846009721460E230B225C
:10C98000FCF774FD08F10108B8F1040F09F10C0976
:10C9900005F24465A4D190E7DDF824B0FDF7C0FBB3
:10C9A000059B834200F305820A9991F91D305C1CB6
:10C9B00000F0FF8191F91C000E90421C00F0F981FB
:10C9C00001EBC30391F91E20B3F85A3010930132E2
:10C9D00000F0D780831D4FF000089BB28F4FCDF839
:10C9E00030B045460F938B4697F8583008F1010454
:10C9F00005F1010A002B58D0894A0F9832F82860B7
:10CA000002EB8803B3F80290059BA9EB03090C9B8A
:10CA1000F61A05F0E3FE9BF91D30AB4207D10B9BE4
:10CA20001B7F23B97F4A49463046FCF741FF7E4AC7
:10CA300049465346F01DFCF73BFFB7F85A300993BF
:10CA40002846FBF703F8BBF818100346C80506F1A3
:10CA50001A0214D59BF91D00A84210D01B93139203
:10CA6000FAF7F4FF1B9B139A83428CBF1B1AC31A5D
:10CA7000494610466D4AFCF71BFF109D06E0104624
:10CA800049466B4AFCF714FF4FF0FF35012005F0D3
:10CA9000A5FE099B0095494606F18E000E9AFDF70A
:10CAA000EBF908F10203A0461C465546082D07F194
:10CAB000080799D164100A9A0599DDF830B004EBA3
:10CAC000840304EB4304138B0134641AD90516461E
:10CAD00000F12D8192F91D3092F91E20934200F051
:10CAE000268106EBC201013200920133B1F85A509F
:10CAF000504A2146CBF1FD00FCF7DAFE338BDB0711
:10CB00003746CBF5917616D497F91D00FAF79EFFBC
:10CB1000054697F91E00FAF799FF85422CBF281A9F
:10CB2000401B00902CBF2B232D233046424A214628
:10CB3000FCF7BEFEFBE0109F3846FCF7B9FD284627
:10CB4000B0EE409AFCF7B4FD3846B0EE408AFCF7F0
:10CB5000C5FD2846F0EE406AFCF7C0FD76EEC07ACF
:10CB600017EE900AF3F71CFD79EE487ACDE9020141
:10CB700017EE900AF3F714FD304ACDE90001304674
:10CB8000D2E00026254D3446254995F82830A01DD1
:10CB900001EB860280B206F1010A002B7AD0059BD8
:10CBA000B2F8028031F82670A8EB030805F016FEF3
:10CBB0000A9B93F91C30A7EB0B07A34207F121094D
:10CBC00004D1184A41463846FCF772FE2046FBF76E
:10CBD000E3F941460246F81DFCF76AFE95F8290084
:10CBE000174AD5ED0B7ADFF860C0164F95F82B1079
:10CBF000C0EBC00302EB8303A0F1030EB7EE007A93
:10CC0000BEF1010FF4EE477ADA681FD8F1EE10FAA0
:10CC100018BF67461BE000BF8C6A0108F8080020B7
:10CC2000546D0108705D0108745D0108785D0108AC
:10CC3000805D0108885D0108905D0108985D01082C
:10CC40004C700108644C01085C5D0108BF4FFEF7A1
:10CC50009BFB099017EE900A0292F3F7A1FC3A466B
:10CC6000099BCDE9000141464846FCF721FEC0EB97
:10CC7000C000871C012005F0B1FD4F444FF0FF3389
:10CC800000933846109B41462246FDF7F5F8B31C49
:10CC900056469A460134042C05F10C057FF474AF16
:10CCA0004FEA6A0303EB830403EB44020B9B541C1F
:10CCB0001B7F059AA41A2BB9A54A2146CBF1FD008A
:10CCC000FCF7F6FD0A9DA34A95F91D302146013374
:10CCD000CBF58270FCF7ECFD2B8B2A46D807CBF501
:10CCE0008E7505F101050AD492F91D00FAF7AEFE22
:10CCF000994A034621462846FCF7DAFD17E0109FC3
:10CD00003846FCF7D5FC10EE106AFCF7E7FC10EE95
:10CD1000100AF3F745FCCDE902013046F3F740FC79
:10CD20008E4ACDE9000128462146FCF7C1FDFBF7FC
:10CD30001BFBB5EE400AF1EE10FAB0EE408ACBF1E3
:10CD4000180523D00A9B93F8993007EE903AF8EE35
:10CD5000E77A0B9B67EE8A7A1B7F67EE807A042B5B
:10CD600017EE900A0CBF18262026F3F719FCCDE920
:10CD7000020118EE100AF3F713FC3346CDE9000167
:10CD8000774A21462846FCF793FD0B340A9BD3EDE6
:10CD90002A7AF5EE407AF1EE10FA0AD017EE900AF0
:10CDA000F3F7FEFB6F4ACDE9000121462846FCF768
:10CDB0007FFD0A9A92F82130082B11D8118B11F0BF
:10CDC00001010DD1684A03EB430302EB83035C6866
:10CDD00034B1152005F01AFD1699CBF10F00A047CC
:10CDE000CBF10603252B03D9069B202B31D148E03C
:10CDF0005E4EDDF834800024182598F82830F6EED1
:10CE0000007A03B398F8293045FA03F3D9071AD406
:10CE100098ED0C7A059BE7EE287AFDEEE77A17EE9F
:10CE2000907AC7F59877FF1AFB1C242B0BD8A01D0E
:10CE300080B205F0D3FC0096B91E05230622CBF183
:10CE40000000FCF713FB0134042C08F10C08D4D1CA
:10CE5000CAE7474B07991A68069B5D00481E02F116
:10CE600040032A4408E031F8027B24F8027FB142F3
:10CE7000F9D12A444033013803D0941E5E19194673
:10CE8000F1E7DDE9062305990BF10F0005F090FBB2
:10CE9000089B5B0808933FF424A9129B0BF1200B1D
:10CEA0009B457FF461A9FFF71CB923F8022D994235
:10CEB000FBD105F075FB2F4B1C88220740F1B68093
:10CEC0002D4C237F022B04D0032B4FF0200503D0E1
:10CED00000E01825202600E0182600210120DFF8B8
:10CEE000ACA005F093FC0F2340F231114FF4F07227
:10CEF000002005F07FFBBAF81810CB0760D4DAE900
:10CF000001239A4208D11D49019200912B461C4AE7
:10CF100040F233110F2016E04F0639D4194901921F
:10CF20002B460091164A40F233110F2005F012FDF6
:10CF3000DAF80830144A019300923346104A40F25E
:10CF400033114FF4A37005F005FD5DE0505D01085D
:10CF5000705D0108A45D0108805D0108985D01080D
:10CF6000AC5D0108C05D0108746D0108F86D010831
:10CF7000B8690020646A002008030020E05D010811
:10CF8000D45D0108E45D0108EC5D0108F8080020AB
:10CF90005B0803EB520302F001021344994A019328
:10CFA00000922B46984A40F233110F2005F0D2FC34
:10CFB000DAE90123954900919A1A01923346BDE7B7
:10CFC000934A9AF8993040F233110F2005F0C2FCD1
:10CFD000BAF81A50013D2846FCF76AFB10EE106AB9
:10CFE000FCF77CFB10EE100AF3F7DAFACDE9020148
:10CFF0003046F3F7D5FA874ACDE9000140F2331104
:10D000004FF4A37005F0A6FC122005F0E7FB608B3F
:10D01000F9F77AFDBAF81A3000937F4A034640F2D6
:10D020003311CE2005F096FC7C4B1C88E0067BD5A6
:10D0300000211820DFF804A205F0E8FB0F2264218C
:10D040006E23002005F0D6FABAF82420D1052AD59F
:10D05000734B43211B888DF890104FF6FF718B4264
:10D0600003F1300008BF2A238DF891004FF0000033
:10D0700008BF8DF891309305ADF8920006D51720C2
:10D0800005F0ACFB63238DF8903002E0012005F041
:10D09000A5FB24AA6421002005F05CFC012005F01A
:10D0A0009DFBBAF824205F4C022304F12407642678
:10D0B000134206F10B050AD022462946002005F04E
:10D0C00049FC06F11603BAF824202E461D46043406
:10D0D000A74201D06388EBE7D7059AF81F3008D53F
:10D0E0009AF820209A4204D0182005F077FB9AF88D
:10D0F0001F304D4A032B9ABF19335B006123294629
:10D10000002005F027FCF8F7EFFE044600B909E01F
:10D11000012005F063FB234606F12101434A00206C
:10D1200005F018FC3D4B1C88E5057EF557AF05F072
:10D13000A1FF051E7EF752AF40F6E3400021854275
:10D14000D4BF0D200C2005F061FB394B249325A999
:10D1500041F204020423812600E003469C0703F108
:10D16000010001D10E7005E09542B4BF8124BD24B9
:10D170000C70643AB2F5486F01F10101EDDC2AAAA6
:10D18000D418104424A98122FF25033300919BB2B7
:10D1900000F8182C0221082204F8165C032005F080
:10D1A0004BFBFEF71BBF079B1F2B4FF02003069383
:10D1B0007EF7F8AF07938024FEF7F9BF1F293FF7EA
:10D1C000D4AAFFF7D8BA002ABFF6D1AA14E0194BA7
:10D1D00033F817300C93C8BF00233FF7A3AAFFF71B
:10D1E0005DBA9AF85930144941FA03F313F0010378
:10D1F0003FF491AAFFF776BA002DBFF6BCAAFFF75D
:10D20000A7BA00BFF45D0108D45D0108FC5D010808
:10D21000045E01081C5E01082C5E0108646A00209F
:10D22000FE9A0020AC5C0108385E01083C5E0108F3
:10D23000003C3CFF34030020E7FFFF7FF80800209C
:10D24000421C2BD008B500F10B02154B13F832101D
:10D2500019B393F91D10814204D11248017841F0AD
:10D260000201017003EBC2035888FEF7ADF8FCF72A
:10D2700057FF031EB8BF1F3300215B110E22084663
:10D28000FCF7B0F9084A138823F0200343F00403A5
:10D290001380BDE80840FEF7B9BD08BD704700BF68
:10D2A000F8080020BC690020646A002008B540F23C
:10D2B0001B30FEF759FDBDE80840FEF7A7BD00BFD3
:10D2C0004FF090431869074B9B8A1B0600F00E0035
:10D2D00006D5C0F34003B3EBD00F18BF80F00A00AF
:10D2E000704700BF0803002030B50E4C238B03F0BD
:10D2F0001805082D08D0102D09D0002D0A4D0B4A15
:10D300000CBF10202A4604E0094A002001E0094A27
:10D31000082009B14A6003E023F018030343238384
:10D3200030BD00BFF8080020F07B0108F687010837
:10D33000EE870108E687010830B5094DC0430A446D
:10D3400091420BD011F8013B5840082340F30004F0
:10D350002C40013B84EA5000F8D1F1E7C04330BDD6
:10D360002083B8ED70B54FF6F07483B20A44000C18
:10D37000254691420ED011F8016B3344A34284BF7D
:10D38000A3F57F43F13B1844A84284BFA0F57F403A
:10D39000F138EEE743EA004070BD0000F8B50446FE
:10D3A000406815460F46FFF7C7FF236860602A46AE
:10D3B0001E6818693946B047A268A84214BF002009
:10D3C00002F00100A060F8BD7FB505460C4664B1CF
:10D3D000102C264628BF10266B68286932466946FD
:10D3E0009847B04203D1241AF1E7012000E0002061
:10D3F00004B070BD38B5436A026AC3F30803D15460
:10D40000436A826A013343622AB909B10223036382
:10D41000012383621FE003689B6A1344541C8462E7
:10D4200003F8011C0368816A5A690132914212D1E2
:10D43000C16A9A699142044602D30123236305E03D
:10D44000DD689A6A1869A8470028F6D0E36A0133B4
:10D45000E3620023A36238BDF0B505280746104EED
:10D46000A8BF052706EBC70256F837300B60536894
:10D4700036F837E05488958892F806C04B60052846
:10D480000CDD05380A22B0FBF2F313FB05E502FBC5
:10D49000130313FB0CF323440D804B80F0BD00BF3E
:10D4A000587401080A4A0B4B11880B4A1B881288D2
:10D4B00091424FF01E0008D1B3FBF0F200FB123096
:10D4C00080B213B1002808BF1E200430704700BF8F
:10D4D000508A0020528A0020888A0020044B0020B5
:10D4E00013F8012B1AB12E2A01D00130F8E770474A
:10D4F0005C8A002001230A2101FB03F2824201D24F
:10D500001346F9E75A00824204D803EB83038342AF
:10D5100088BF134618467047054A938C03F480630E
:10D520009384044B4FF6FF7210201A80FEF71CBC48
:10D53000F8080020FE9A002008B5064B1A7F8242A8
:10D5400006D018774FF48560FEF70EFC012000E04E
:10D55000002008BD080300200B4B002283F8582050
:10D5600083F8602083F8682083F8702083F878209F
:10D5700083F8802083F8882083F890200220FF22FF
:10D580009A775A77FEF7F0BBF80800202D4B93F9F5
:10D590001D2069B1824201D1042305E000F10B0294
:10D5A00013F832300BB10123CB7001304860704763
:10D5B00070B51C4600F10B03054614F8330058B152
:10D5C000AA420CD104F833100220FF2394F91E5014
:10D5D0006377FEF7C9FB02E0012204F833206DB245
:10D5E00094F91D20A2776B1C65770CD10021164899
:10D5F0000B4610F833600EB15DB201210133082BE8
:10D60000F7D101B1657794F91D00824202D1FF2361
:10D61000A37701E0013210D1002294F91E100A4DC7
:10D62000134615F833601EB198421CBF59B201224F
:10D630000133082BF5D102B1A1772020BDE870405D
:10D64000FEF792BBF80800205009002038B5104CB6
:10D650004FF08045696A2368CB1AB3F5FA6F03D897
:10D66000C820F3F77DFDF5E7FFF72AFE094A2160A0
:10D670001388108020EA03039BB2C3F380001A07CB
:10D6800048BF40F010009B0748BF40F0200038BD65
:10D69000748A0020708A00202DE9F047DFF884802A
:10D6A0001E4F1F4E4FF0804AC1464FF47A70DAF891
:10D6B0002440D8F80050F3F753FDFFF701FE3A88F5
:10D6C000651B4CF24F3182EA00038D429BB201D9B7
:10D6D00041071DD413F004031CD1824204D03880CA
:10D6E000C9F80040184616E04CF250339D42DCD990
:10D6F0003368A342D9D212F0020F0CBF0020602081
:10D7000004F6B834130748BF40F05000346002E01C
:10D71000042000E00120BDE8F08700BF708A0020EF
:10D72000788A0020748A00202DE9F047DDF820A0D7
:10D730009AF8025015F0070406460F46904699469F
:10D7400037D015F0100F14BF0F20102005F052F83D
:10D75000304623464246394604F04CFF15F0400F50
:10D7600014BF0F20102005F045F830464B462246E6
:10D77000394604F03FFF15F0800F14BF0F20102032
:10D7800005F038F806EB0800001B4B4622463946E8
:10D7900004F030FF15F0200F14BF0F20102005F00B
:10D7A00029F807EB090123464246091B304604F0DD
:10D7B00021FF9AF800109AF8010005F027F82B07CE
:10D7C0000AD46200A9EB02033919A8EB020230194E
:10D7D000BDE8F04704F00EBFBDE8F087044A1378B7
:10D7E000D90704D583F00103137005F0A5BC704779
:10D7F000F18A002070B50F4D00222846012105F066
:10D80000C3FE4FF09046402207214FF0904005F0B4
:10D81000BBFE01244023AC6122462846B3610021AF
:10D8200005F0B2FE224630460621BDE8704005F004
:10D83000ABBE00BF0004004861B1074B5B8B10B565
:10D8400083420CBF03230223CB700C46F9F75CF92B
:10D85000606010BDF9F71EB90803002038B50C4A06
:10D86000C5B261B192F86D20824214BF0223032336
:10D87000CB7028460C46FDF7FFFB606038BD82F890
:10D880006D5040F20240BDE83840FEF76DBA00BF6F
:10D8900008030020074B33F8100041B1064B5B8BA7
:10D8A000486083420CBF03230223CB707047FAF712
:10D8B00023B800BFC0880108F8080020F0B5041E96
:10D8C0008DB042DB04238DF80930214B93F90030F1
:10D8D000A34204D105238DF80830612303E003231C
:10D8E0008DF8083091231B4F8DF80A303B68640097
:10D8F000587823449D78184B03EBC00133F830303F
:10D900008A882E0902FB0636CB88498805F00F0568
:10D9100003FB051502A90091B0B2A9B2FFF704FFFD
:10D920003B681C44E078FF280FD05B7833B905F1E1
:10D93000190206F1340105F0A5F806E0022305F10D
:10D940000D0206F1120105F027F80DB0F0BD00BF81
:10D95000E8030020588A0020BC76010851B1074B2B
:10D96000DB7F83420CBF0323022301304000CB70D6
:10D9700048607047C0B2F8F75BBF00BFF8080020EE
:10D980004FF47A6300FB033041B1054B9B6848605C
:10D9900083420CBF03230223CB707047FBF740B9CF
:10D9A000080300202DE9F8430F4DDFF84890DFF819
:10D9B00048800E4F00242C70264699F80030A34270
:10D9C0000FDD0B4A04EB44131344C6F14201002C53
:10D9D00014BF42463A46A819F5F74EFA01340644F8
:10D9E000EBE7BDE8F88300BF088A00205D7F0108EF
:10D9F000C4890020C0890020CD7401082DE9F04FB2
:10DA0000534BDFF860811A78524B53F822408DB0A7
:10DA1000834601260027002C00F087800123BB40AD
:10DA200013EA0B0F75D004238DF80930FF238DF80E
:10DA30000B30494B1B78012B09D1484B93F900302F
:10DA4000BB4204D105238DF80830612303E0032392
:10DA50008DF8083091238DF80A302378032B0DF1CF
:10DA6000080A16D100238DF81030D4F806303BB9DF
:10DA7000039BD4F80220202104A8F5F7FDF906E065
:10DA80005146607898479DF81030002BF0D004ADD7
:10DA900001E0D4F80250CDF800A01FFA86F95B220D
:10DAA000B8F80030494640F28510FFF73DFE9DF979
:10DAB0000B20002A15DBB8F8001029480B39162373
:10DAC00002FB030301EBD171009309EB61010B230E
:10DAD0004FF4C5701A4689B204F0AEFE4FF4CC7014
:10DAE00001E04FF4C6706B1E012113F8012F1AB12B
:10DAF0000A2A08BF0131F8E7B8F800306FF00A02CF
:10DB000002FB013101EBD1712A4606EB610104F001
:10DB100021FFA37A01370BB10A3400E02469B8F879
:10DB20000030102F1E447FF476AFB6F5987F0BDCE3
:10DB3000002004F05FFEC6F5987301335B22314686
:10DB400040F2851004F056FD0DB0BDE8F08F00BF27
:10DB5000868A0020D4030020F28A0020E8030020F7
:10DB6000D4740108AE03002070B5044600250E46AB
:10DB70000A462B460068F7F739FBC4E90356A5604F
:10DB800070BD0000D0E90223934210B5044613D3C0
:10DB90000369134403614FF4807200F10803D0E974
:10DBA0000001F7F7C7F808B9A36823B90023A360F9
:10DBB0004FF0FF3005E0E060E3686268591CE16007
:10DBC000D05C10BD07B5054801ABF7F7B3F808B94D
:10DBD000019800E0002003B05DF804FB709600207F
:10DBE0002DE9F74F4FF00009DFF828B20192054602
:10DBF00088464F464C464FF00B0A2E78002E00F018
:10DC000003815C2E14D16B78002B00F0CF806C2C3C
:10DC10000CDC08F80430163B0AFB03F301341BF854
:10DC2000033003F00703C3F108031F440235E4E7A0
:10DC3000602E00F0CA805B2E2CD15D21284605F0B5
:10DC4000D1FF002800F0B2804378282B40F0AE804E
:10DC50002921009005F0C6FF009A002800F0A68058
:10DC60000135954210D26C2CFADC2B7808F8043080
:10DC7000163B0AFB03F301341BF8033003F00703E0
:10DC8000C3F108031F44EBE72921104605F0AAFF62
:10DC9000451CB2E72A2E01D05F2E49D16B78B342E2
:10DCA0000CBF022301231D44B9F1000F11D12846F6
:10DCB000CDF80080A84625461C46314605F092FF67
:10DCC000E0B1012C00F083804278B2427FD0013075
:10DCD000F3E7C4B108EB040212F8012C202A12D099
:10DCE0006C2C08DC631C4FF0020208F80420019A37
:10DCF00008F8032002344FF000097EE723462C4643
:10DD00004546DDF80080A6F116000AFB00F0002170
:10DD10006C2C09DC1BF8002008F8046002F00702F4
:10DD2000C2F108021744013401318B42F0D164E79B
:10DD300033063BD5CE2E6B7809D1A92B15D16C2C8F
:10DD40002BDC1E2308F804309BF858301FE0C22E4D
:10DD500015D1B02B07D16C2C1FDC1F2308F8043021
:10DD60009BF8633013E0B52B00E0BC2B07D16C2C83
:10DD700013DC1D2308F804309BF84D3007E06C2CB1
:10DD80000BDC4FF03F0308F804309BF8C33103F07D
:10DD90000703C3F108031F4401346B1C1D46013304
:10DDA0002A7802F0C002802AF8D026E76C2C0CDC1E
:10DDB00008F80460163E0AFB06F601341BF806302C
:10DDC00003F00703C3F108031F44013515E7234699
:10DDD0002C464546A842DDF8008094D92A78202AAE
:10DDE00091D010F8012C202A8DD06C2C09DC631CFA
:10DDF0004FF0020208F804204FF0060208F8032052
:10DE000002344FF00109F8E6384608F8046003B020
:10DE1000BDE8F08F604601082DE9F347164F8146B3
:10DE2000002507F5807601AB4FF4807239464846ED
:10DE3000F6F780FFD8B9019BCBB1DFF83C800446F0
:10DE40008246019BA342EED918F8013B0D2B06D167
:10DE500005F806A03046FAF777FB002505E01F2BF2
:10DE600003D97F2D9CBFAB5501350134E9E7002074
:10DE700002B0BDE8F08700BFFC8A002007B54FF470
:10DE8000802201AB4FF00061F7F71EF803B05DF898
:10DE900004FB000007B543F67C7201AB0249F7F7BB
:10DEA00013F803B05DF804FBF808002007B5054837
:10DEB00001ABF7F709F808B9019800E0002003B0BA
:10DEC0005DF804FB70960020D3B5D1E9006700230C
:10DED00043F67C729F4208BF964201D00F481BE078
:10DEE00004226B460DEB02010446F6F723FF0028DF
:10DEF000F4D10B4B019A9A42F0D120466B4643F67F
:10DF000078720849F6F716FF04460028E6D14FF666
:10DF1000FF70F9F7BDFC204602B0D0BDA279010820
:10DF2000544E4F43FC08002070B50C4CD0E90765F7
:10DF300002F5F07010F8013DAB4234BF5B000023E6
:10DF40009042F35A24F8023DF4D101234FF4F072C9
:10DF5000002004F041FB012070BD00BFBC8E0020FA
:10DF60002DE9F74F3B4C8B4601AB68222146814699
:10DF7000F6F7E0FE002869D1228844F649139A4258
:10DF800064D1638AB3F5F07F60D1E38BB3F5A07FF2
:10DF90005CD1E28E48F205039A4257D1054600262D
:10DFA00001AB022269464846F6F7C4FE9DF90070AF
:10DFB0009DF80110A155002F82463A4606F101084E
:10DFC00004EB060309DD01AB04EB08014846F6F754
:10DFD000B1FE07EB0806824607E00132012A02D0B3
:10DFE00003F8011FF9E7A8EB0706B6F5B46FD7DB16
:10DFF000184E0022304681784778174B490103EAD2
:10E00000C72301F4F851194310F8033B23F0070329
:10E0100043EA571301320B43B2F5F07F26F8023B77
:10E02000E9D1294601230020013504F0D5FAB5F5E0
:10E03000A07F02D0BAF1000FB1D00BF11A0240F26A
:10E040001F11002004F086FC002000E0034803B00C
:10E05000BDE8F08FFC8A002000E0FFFFA2790108F4
:10E060002DE9F04F85B03D4C00941546012306463E
:10E070004FF4F07200200F4604F04CFA05F2DF1363
:10E0800005F1FF3E039334F8023B326A00218A42D5
:10E09000F06905D030F8110098424ED00131F6E712
:10E0A000FF2904D84A1C326220F8113045E0DA0812
:10E0B0005D0905F0F80502F4E0522A431D045B03F4
:10E0C00005F478059BB22B4313434FEA13284FEA1C
:10E0D000134A5FFA88F84FF0000C4FF0FF39DBB2BB
:10E0E00030F81CB04FEA0B4202F478054FEA4B328D
:10E0F00092B22A434FEA5B154FEADB0B05F0F805B5
:10E100000BF4E05B45EA0B0B42EA0B02150AEDB299
:10E11000A8EB0505AAEB124B6D43D2B29A1A0BFB82
:10E120000B5B02FB02B24A4538BF61460CF1010CA1
:10E1300038BF9146BCF5807FD2D10EF8011F039BFA
:10E140007345A0D101231A46394640F2DF1004F08E
:10E1500051FA012005B0BDE8F08F00BFFC8A002015
:10E160002DE9F3411C4F1D4E04464FF00008636932
:10E1700043B9236808225D6818696946A8470828DA
:10E180000AD007E0C4F8148004212068FFF71CF9C6
:10E190000028EED100201BE0009D042239460DEB43
:10E1A00002002DBA05F0FAFC18B901202561606162
:10E1B0000EE0042231460DEB020005F0EFFC0028D2
:10E1C000E8D0291D2068FFF7FFF80028CFD1E1E74C
:10E1D00002B0BDE8F08100BFB5880108BA88010827
:10E1E000F0B585B003AB68222B492C4D0646F6F7F7
:10E1F0006BFE0746112004F0FDFA0024002F48D1E1
:10E2000021463846009501234FF4F07204F082F95C
:10E21000224940F2DF1035F81020130A43EA0223A6
:10E220009BB21A0A02F0F802802A88BF42F0070265
:10E2300081F81D26DA0802F0FC02DB00DBB2802A3E
:10E2400088BF42F00302802B88BF43F007030138E8
:10E2500081F81F36431C81F81E26A1F10301DAD193
:10E260004FF4B46229460E48FAF75AFC03AB024653
:10E27000039029463046F6F727FE0123214607463C
:10E280001A4640F2DF10013404F0B4F9B4F5A07F6F
:10E29000B4D1384605B0F0BD28920108FC8A0020B0
:10E2A0007C8B0020F0B585B003AB7A221649174E5F
:10E2B0000746F6F709FE0546112004F09BFA40F2E6
:10E2C0003F14F5B901234FF4F07221462846009619
:10E2D00004F020F94FF4F0710C48FAF715FC03AB89
:10E2E0004FF4707209493846F6F7EEFD01232146D6
:10E2F00005461A4640F2DF1004F07CF914F1FF34B1
:10E30000DFD2284605B0F0BDDC730108FC8A00208E
:10E310002DE9F04F97B0CDE902020025DFF83CA1CE
:10E32000DFF83C81A9462C462E4605AB4FF480729F
:10E3300051460298F6F7FEFC002865D1059B002B9C
:10E3400062D00746059ABBB29A42EED913F80A305A
:10E350000D2B4FD13C4800233354102206A9FAF765
:10E36000A1FB0128019043DD0698037803F0FD032B
:10E37000212B3DD0FAF7DEFAB4F5C87F054602D866
:10E38000324B984201D932485BE0002C08BF8146ED
:10E390000798FAF7F5FAE60008EB060B08988BEDFC
:10E3A000000AFAF7EDFA039B8BED010A012B04F248
:10E3B000911313D1019A032A10DD09980193FAF7FA
:10E3C000DFFA019B0A9808EBC30383ED000AFAF712
:10E3D000D7FA0BF68C4282ED000A07E0464408EBC0
:10E3E000C30306F68C4600221A6032600134A4B2E0
:10E3F000002607E01F2B05D97F2E03D81249721C77
:10E40000735496B201379DE7D4B1F7F773FD114B02
:10E41000002249460020C3F89C20C3F8A0205C835A
:10E42000F9F71EFB29460120F9F71AFB0A4A13786F
:10E43000012043F004031370FDF796FC002000E078
:10E44000204617B0BDE8F08FFC8B002000BBEEA08B
:10E45000A2790108F8080020A8030020FC8A002007
:10E460007C4800202DE9F0478AB0814609AB2A227A
:10E4700021B92249224FF6F727FD03E02149224F17
:10E48000F6F722FD214CDFF88C80214E0025B8F8EC
:10E490001A30AB422EDD083460BBA8B2F8F73AFB65
:10E4A00004F6844382461868F2F77AF8CDE906014B
:10E4B00004F5486301351868F2F772F8CDE90401F4
:10E4C00054F8040CF2F76CF8CDE9020154F8080C8A
:10E4D000F2F766F85346CDE900013A46802130460E
:10E4E000F4F7CAFC09AB0246099031464846F6F7F4
:10E4F000EBFCCCE70AB0BDE8F08700BFCC88010890
:10E50000F888010808890108348901087C4800203E
:10E51000FC8A0020F808002071B1084B08481B78DD
:10E52000084A13F0010F6FEA030308BF024603F025
:10E5300001034A60CB707047F7F7E6BCA8030020E0
:10E54000348301082E830108114A92F91C30581CAB
:10E550001DD039B108469A1D00F8082B20210D4A1C
:10E56000F4F78ABC10B418460C210130042808BF07
:10E57000002001FB002494F828401CB15DF8044BF6
:10E58000F9F730BD9842F0D15DF8044B7047704701
:10E59000F8080020D6790108104A92F91C00431CA3
:10E5A00002D1C9B10E4B0AE00C2303FB002393F800
:10E5B0002A2031B10B4B0C48002A18BF03464B6090
:10E5C000704793F8291040F2BF130B41DB0703D5C6
:10E5D00082F00101F9F7F2BC704700BFF808002093
:10E5E000F07B0108207B01082B7B010810B50A4C49
:10E5F00094F91D3004EBC303012808BF0121B3F9CE
:10E600005A0018BF4FF0FF31FDF792F8238B23F02B
:10E610008003238310BD00BFF8080020074B53F888
:10E62000200041B1064B1B6E486083420CBF0323A0
:10E630000223CB707047F9F735BF00BFA0930108E4
:10E640000803002010B5064A137813F0010406D120
:10E6500083F00103137004F055FD024B1C7010BDD4
:10E66000F18A0020F08A0020044AD2E901325808D9
:10E6700000EB520003F0010318447047F808002033
:10E68000F0B51E4B1E4CB3F9005024781D4BB3F966
:10E6900000300CB105602EE01B4CB4F90C60B4F9ED
:10E6A0000E70AD1B40F2BF126A43B4F91050AD1B9F
:10E6B00092FBF5F2DD1B40F21F136B43B4F91250CD
:10E6C000A48A103240F2DF16B242A5EB070593FB95
:10E6D000F5F340F23F1503F11003A8BF3246AB42F9
:10E6E00022EAE272A8BF2B46240623EAE37344BF62
:10E6F000B21AEB1A02600B60F0BD00BF828A0020E4
:10E70000F08A0020848A002008030020074A138B27
:10E7100039B103F0060398420CBF03230223CB70E8
:10E72000704723F00603034313837047F808002063
:10E73000054A138B19B1C3F3C013CB70704783F034
:10E7400080031383704700BFF8080020074B41B1D6
:10E750009B681B0245BF0123CB70054B054B4B60EB
:10E7600070479A6882F400029A607047002800405F
:10E770002284010884760108064A938C19B1C3F3F8
:10E780008023CB70704783F4806310209384FDF75F
:10E79000EBBA00BFF8080020064A938C19B1C3F306
:10E7A0000023CB70704783F4807310209384FDF7AF
:10E7B000DBBA00BFF80800200B4A08B5138B39B14B
:10E7C000DB0745BF0123CB70084B094B4B6008BDED
:10E7D00083F0010308461383FEF7AEFE0A20BDE86E
:10E7E0000840FDF7C1BA00BFF808002022840108E4
:10E7F00084760108064A138B19B1C3F30023CB704A
:10E80000704783F4807320201383FDF7ADBA00BFF7
:10E81000F808002030B58FB004460D4602A9FEF777
:10E820001BFE032C07D11D4B1B8813F0010F0CBFDF
:10E8300003230D2300E003238DF8103004238DF80B
:10E840001130174B93F900309C420CBF6124912486
:10E850000DB944F0080404AB0093BDF80C209DF8FA
:10E860000E30BDF80A10BDF808008DF81240FEF712
:10E870005BFF85B19DF80E10BDF80A40BDF8080099
:10E880009DF80F300B3901EBD1712A4604EB610181
:10E89000184404F05FF80FB030BD00BF4C8A002070
:10E8A000E8030020002801DBFFF7B4BF7047000039
:10E8B00008B50E490320FFF7ADFF0D4B0D4A19783F
:10E8C0000D4B0420012994BF11461946FFF7A2FF02
:10E8D0000A490020FFF79EFF09490120FFF79AFF30
:10E8E00008490220BDE80840FFF794BF8C74010876
:10E8F000C089002088740108F07B01089074010829
:10E90000927401089474010810B50C4C2378A3B1DB
:10E9100040F2311140F2D110FDF71CFA2378012B9F
:10E9200001D1FDF757FA2378023B012B03D840F2BF
:10E930001A30FDF719FA0023237010BDF28A002067
:10E940002DE9F0415B4C94F91C305A1C2DED048BE1
:10E9500000F0AC800C2202FB0343574993F8297066
:10E960001C2202FB0712D2F81880B8F1000F00F049
:10E970009D8093F82A60514B40F6884202FB063690
:10E98000002506EBC5012846C04710EE103A23F0DB
:10E990000043B3F1FF4F00F0898075B1F4EE408A77
:10E9A000F1EE10FAB4EE408A48BFF0EE408AF1EE84
:10E9B00010FAC8BFB0EE408A03E0F0EE408AB0EE35
:10E9C000408A638B0135AB42DBDC78EE289AB4EEEB
:10E9D000688AF6EE007AF1EE10FA69EEA79AB0EEC8
:10E9E000679AF7EE007A06D078EEC88A9FED348AEF
:10E9F00028EE888A0AE0B5EE408AF1EE10FA23D0BC
:10EA0000B0EEC88A9FED2F7A28EE078A9FED2E6A16
:10EA1000B0EE487AF7EE008AF2EE046AB4EEE77AD6
:10EA2000F1EE10FA04D527EE267A68EE868AF5E72D
:10EA30009FED256AB4EEE67AF1EE10FA08DB27EED8
:10EA4000067A68EEA68AF5E7B0EE008AF0EE678AED
:10EA5000B5EE007A28EE078AF4EEC88AF1EE10FAD5
:10EA600002DD68EE898AF7E7184B94F91C003B41F8
:10EA7000DB0748BF79EEE79AB0EE680AF9F7C0FA0B
:10EA8000C9EEA87A94F91C00B1EE000A77EE897AF3
:10EA9000FDEEE77AF8EEE77A30EE670AF9F7C4FAA6
:10EAA000BDEC048BBDE8F041FFF72EBFBDEC048B3D
:10EAB000BDE8F081F80800204C7001087C48002077
:10EAC000CDCC8C3F9A99993FCDCCCC3D40000040B5
:10EAD00070B52E4C064694F91D00F8F7B7FF0028D4
:10EAE00053D00546062E4CD8DFE806F00404040790
:10EAF0004B4B2A00014630461FE094F91E00411C92
:10EB000003D094F91D30834208D1FFF7ADFD854253
:10EB100034BF401B281A410003200EE0F8F796FF8F
:10EB2000044690B3854202D92B461C460546294629
:10EB30000020F8F795FF21460120F8F791FF20E02B
:10EB400094F91C305A1C1CD00C2202FB03431049C0
:10EB500093F82A5094F91D3004EBC30304EB8504A9
:10EB6000B3F85A0040F688436B4303EBC0031944E3
:10EB7000FAF736FED4ED277A284630EE270AF9F761
:10EB8000A1FBBDE87040FFF7BFBE70BDF8080020D4
:10EB90007C480020074B1B785BB107B5064B009003
:10EBA000064A07486421F4F767F9054803B05DF8A1
:10EBB00004FB7047C0890020088A0020CB7401083C
:10EBC0008C8A0020D0E902329A4270B504461DD3E7
:10EBD000256945B92046FFF7C3FA0028F8D101237B
:10EBE0002363002017E0B5F5807F236861685E68C5
:10EBF000186928BF4FF480752A46B047A842EED165
:10EC00000023E3602369A0601B1A2361E368626844
:10EC1000591CE160D05C70BD38B504460D46E3690F
:10EC2000AB420AD22046FFF7CDFFE369A2699840C4
:10EC300002430833A261E361F1E7A0694FF0FF31BD
:10EC400020FA05F25B1BA940A261E36120EA010002
:10EC500038BD000061B3F0B585B005460C4604F040
:10EC6000E5F80746E0B1D0ED027AF8EE677A04F1F4
:10EC7000080617EE900AF1F793FCCDE902017868D7
:10EC800007EE900AF8EE677A17EE900AF1F788FC23
:10EC9000094ACDE9000120213046F4F7EDF800E003
:10ECA0006560064B1B88AB4204D10123E37001E091
:10ECB000F8F7EEBD05B0F0BDE2830108FE9A002032
:10ECC0007FB51C4DAB8C13F0FF0F30D00C4603F416
:10ECD000007311B3002B14BF1723032304F8083B60
:10ECE000D5ED047A6E8CF8EE677A17EE900AF1F79C
:10ECF00057FCCDE90201E86807EE900AF8EE677A62
:10ED000017EE900AF1F74CFC3346CDE900010A4AB0
:10ED100020212046F4F7B0F809E043B1F8F796FF58
:10ED200095F8200004B0BDE87040F7F781BD04B04D
:10ED300070BD00BFF8080020B47A010838B5054658
:10ED40000A4C41B10A4A14F81030928C1A420BD086
:10ED50000123CB7008E0074B04EB45041980F8F75A
:10ED600081FF054B62781A7038BD00BF58750108E5
:10ED7000F8080020708A0020E803002069B138B547
:10ED800004460D46FCF71AFB054A064B204110F0DD
:10ED9000010F08BF13466B6038BDFCF7EDBF00BF25
:10EDA000B2860108AC86010830B4154C0C2202FB77
:10EDB0000042034692F8282091B172B1821D0A7078
:10EDC000104A92F90020824204BF05220A7094F989
:10EDD0001C20824204BF0122CA704B6030BC7047C5
:10EDE00032B194F91C10814202D030BCF9F7FAB864
:10EDF000B2FA82F14909184630BCF9F75BB900BF95
:10EE0000F8080020E803002010B521B10C46FCF7FB
:10EE1000B7F9606010BDFCF7C3F92320BDE81040CE
:10EE2000FCF7A2BF61B138B50D460446F7F75CF8B0
:10EE300080B284420CBF03200220E8706C6038BDB1
:10EE4000C0B2F7F745B8000070B5134A0D4692F806
:10EE50006E3089B1022B84BF002382F86E3092F8A5
:10EE60006E600E4C36B12046F1F7D2FE01300444FC
:10EE7000013EF7E76C6070BD0133DBB2022B94BF3B
:10EE800082F86E3082F86E10FCF7C4FB4FF480609D
:10EE9000BDE87040FCF768BF0803002054890108F2
:10EEA0000B4A92F86C3039B1032B28BF0023094A72
:10EEB00052F823304B6070470133DBB2022B94BF12
:10EEC00082F86C3082F86C1092F86C00F9F7E0BFB1
:10EED00008030020F475010870B5274D6C7F09B157
:10EEE0004C6070BD0321042003F090FC2823A12274
:10EEF0008C219C2003F07EFB2346204A1F4E932149
:10EF0000B82003F027FD1E4AA221A32003F022FD12
:10EF1000FEF79CFB10F0300F034622D0DA0648BF04
:10EF200005349B0601D5053C03D4642CA8BF64249A
:10EF300000E00024234632469321B82003F00AFD66
:10EF400004EB441000F52F7080B204F051FA44F63F
:10EF50002060F2F705F9FEF79FFB03460028DDD19C
:10EF6000D6E70128D4D140F202406C77FCF7FCFED2
:10EF7000BDE87040FFF7C8BC080300203A7A0108DA
:10EF80004C7A010800297ED13F4AF3B413683F4C04
:10EF900003F07F3323F0FE43009352683C4B134051
:10EFA0000193234614F8012BD2B10131303A0629DE
:10EFB00004F8012CF6D11A785C7899781D7944EA26
:10EFC0000214DA7842EA0112597941EA0511E4B2F1
:10EFD000D2B2C9B219281C705A70997038D104E0A5
:10EFE0005A5401310629FBD1E5E70AB9012202E0B2
:10EFF000122A01D912225A705F7809B901221EE043
:10F000007800244A4FF03B0CC0F12006B0F12005F7
:10F0100022FA00F20CFA06F658BF4CFA05F542EA5D
:10F02000060258BF2A4302F003021C320A20B2FB38
:10F03000F0F500FB152242EA05128A4200DA9A70C6
:10F040009B788DF806408DF805708DF8043014E03B
:10F05000232C84BF23201870592A84BF59225A7048
:10F06000592984BF59229A701A788DF802205A784B
:10F070009B788DF801208DF80030DDE9001002B09A
:10F08000F0BC04F001B97047002800405C8A002001
:10F090003F1FFF00CCEE0B00274B2DE9F041002471
:10F0A00003601A4626461178C1B15C2903F10103B9
:10F0B00006D155787C2D0DD1013203F8015C0BE0AF
:10F0C0007C2907D10134072C03F8016C06DC40F8D9
:10F0D000243001E003F8011C0132E4E7072C4FF073
:10F0E0000002D8BF01341A70054600EB84074FF0C8
:10F0F00000082E683378202B02D101362E60F8E705
:10F100003046F1F785FD30442B68984206D910F857
:10F11000013C202B02D100F8018DF5E70435AF4208
:10F12000E7D1012C04D057F8043C1B7803B9013C0B
:10F130002046BDE8F08100BF31950020094B1A46FA
:10F1400013F8011B2029FAD0602908D15378602BCD
:10F1500005D19078A0F160035842584170470020D3
:10F16000704700BF3095002070B50646FEF70AFDD7
:10F17000002812DB0B4D00240A280AD00D2803D0EA
:10F180005E2CDCBF605501343046FEF7FBFC0028E6
:10F19000F2DA044B0022E25401E04FF0FF34204643
:10F1A00070BD00BF309500200C4B93F8342A2D2AF7
:10F1B00011D193F8352A2D2A0DD193F8362A2D2A0C
:10F1C00009D103F6372313F8012B12B1202AFAD004
:10F1D00001E0012070470020704700BFFC8A00203A
:10F1E000F8B5FEF7FBFA042003F036FFB0F5FA6F2E
:10F1F0002E4E3ED92E4C4FF48033A36140F60302CD
:10F2000007214FF0904004F0BFF9042003F024FFE1
:10F210004FF090450223A36101224FF40003AB613C
:10F2200011460746204604F0AFF90122072128467F
:10F2300004F0AAF900221146204604F0A5F940F690
:10F2400003020621284604F09FF9032003F004FF7F
:10F250000446FEF7CFFA042003F0FEFEB0F5FA6F85
:10F2600003D9144B1C80144B1F80002333700120E2
:10F2700003E03078431E58425841104B1A788242BE
:10F2800013D04FF080420E49526A30B10968521AC9
:10F2900042F20F718A4207D900E00A600028187014
:10F2A0000CBF0320022000E00020F8BDF08A0020FF
:10F2B00000040048828A0020848A0020808A00207E
:10F2C0007C8A002008B5FFF78BFF0328FBD108BD1F
:10F2D000F7B506460F46012000211C46154603F0EF
:10F2E00095FA03F02BFA0C4B009309231A46394682
:10F2F000304603F0A1FA2B46084A9A21B12003F0C8
:10F3000029FBFFF7DFFF064B1B882380054B1B887B
:10F31000638003B0F0BD00BF909201080076010841
:10F32000828A0020848A00202DE9F04FA7B00024B3
:10F330001190B44F1297894611A82146CDE9134484
:10F340001594FEF711FC26464FF001082546A2460B
:10F35000A7F6341711A8FFF707FF002824DBB8F140
:10F36000000F08D097F8343A232B03D197F8353A99
:10F37000202B0FD00024FFF7E1FE18B186F0010624
:10F3800005460EE046B9FFF70FFF38B145B10AF167
:10F39000010A01E0444604E0354602E0012500E0B0
:10F3A0002E464FF00008D5E705EB0A0302936CB137
:10F3B000002111A8FEF7D8FB11A8FFF7D5FE92494E
:10F3C0000422A1F1CE00FEF70BFC13E009F11A03B1
:10F3D0008E4A8D487021F3F74FFD8B4B0344002874
:10F3E00008DD1A46013B11782E2901D00138F6E7D5
:10F3F00000231370029B002B08BF01230293FFF729
:10F40000EFFE08B10328FAD1FEF720F94FF0010A08
:10F4100003F094F90321042003F0F8F900210846D1
:10F420000B234FF4F07203F0E5F8774B774A012194
:10F43000022003F08FFA0AAC029B0093744A5346F1
:10F440000C212046F3F718FD00231D4698420CDDE1
:10F45000E25C0B21163A4A436E498A5C02F00702CD
:10F46000C2F1080215440133F0E72346674A01213F
:10F47000C5F5EF7003F06EFA0021012003F0C6F924
:10F48000002111A8FEF770FB4FF0010800252E4661
:10F49000474611A8DDE91494FFF766FE002803DA59
:10F4A000DDE91431194424E0B8F1000F0CD05A4BB7
:10F4B00093F8343A232B07D1574B93F8353A202B46
:10F4C00002D14FF00008E4E745B9FFF76DFE28B11F
:10F4D0000EB93546F5E701372E46F2E7FFF72EFE67
:10F4E00008B185F00105BA4501D00126E9E704EB32
:10F4F000090111A84FF00009FEF736FB4F46CDF881
:10F5000010A011A8DDE91445FFF72EFE0028C0F277
:10F510006981FFF713FE18B187F00107FFB25DE1C3
:10F5200047B10B2309F1010903FB09F1374A3B4BB2
:10F53000013150E1FFF738FE0746002840F05281C4
:10F54000354B93F8343A7C2B40F0118101462C4422
:10F5500010220DA804F03EFB08AD214611A8CDE90C
:10F560000877B846FEF700FB05970397069511A8A4
:10F57000DDE91456FFF7F8FD002869DB264B93F808
:10F58000343A7C2B64D10DF1580B5846FFF784FDBB
:10F59000B8F1010F064610D115E00132964215DD93
:10F5A00050F82230197841B1013B13F8011F0029AE
:10F5B000F3D02D29F9D03A29F7D00DAD0DF1580A25
:10F5C0004FF0000B2CE000225846E7E70025AE4242
:10F5D00015DD5BF825A05046F1F71AFB504410F8F2
:10F5E000013C3A2B06D19AF800303A2B0CBF02238B
:10F5F000012300E00023069A53550135E7E7012374
:10F600000593B4E730940020009600205D7F010848
:10F61000AD79010860460108FC8A00203095002081
:10F620005E450DDD012291495AF8040BFEF7D8FA28
:10F630002B889842C8BF28800BF1010B0235EFE7F9
:10F64000039BB342B8BF3346039308F101088EE72A
:10F65000214611A8FEF788FA854B93F86E3003F027
:10F660000703C3F10802002102230DF1780C0DAC51
:10F670000398884207D034F811004CF82130104428
:10F6800003440131F4E79B1A023B06EB050A06939B
:10F690000024DDE9142313449A4563D911A8FFF728
:10F6A00063FD00285EDB16A8FFF7F6FC012C07902F
:10F6B00009F1010914D1059BCBB12146204603F085
:10F6C000A5F80B2303FB09F1069A23460631022015
:10F6D00002F090FF2046002103F098F802243EE05B
:10F6E000002C0CBF4FF007084FF0010800E0A046C7
:10F6F0000021404603F08AF80B2303FB09F601368C
:10F7000000250DF1580B079BAB4227DD039BAB4255
:10F7100024D0424655495BF82500FEF761FA1EAB3E
:10F7200053F825C008ABEB5C012B04D10DAB33F8CB
:10F730001530181A0AE0022B07D10DAB33F815303B
:10F74000181A00EBD070401000E00020474B494AE7
:10F750003146604403F0FEF80135D4E70134B9F1D5
:10F760001B0F96DD514611A8FEF7FEF925E009F1C1
:10F7700001099BB30B2202FB09F4232B04F10104C2
:10F7800020D13D4B1A4612F8011B232901D1134603
:10F79000F8E71D4601332A78202AFAD000210720F5
:10F7A00003F034F8072231492846FEF719FA2F4BA7
:10F7B000304A2146022003F0CDF80021012003F059
:10F7C00025F80BE029490122A1F16000FEF708FAB3
:10F7D000264B284A2146022003F0BCF8B9F11B0F42
:10F7E0007FF78FAEDDF810A02448F9F7D7F9FDF7C1
:10F7F0002DFF10F0100F14BF01244FF0FF3410F054
:10F80000200F18BF002410F0010F18BF0224FFF7CB
:10F81000E7FC013880B201280FD81EA916A8FEF710
:10F820002FFF1E9B152B05DD169CEF2CD4BF00244B
:10F83000012400E00224FFF745FD022C0FD0012C2B
:10F8400005D1029B9A45CFDA0AF1010AE0E5002CC6
:10F85000CAD1BAF1010FC7D00AF1FF3AD8E502F0D8
:10F860006DFF002027B0BDE8F08F00BF909500200D
:10F87000604601085D7F010830950020A0BB0D00A7
:10F88000074B1A78074B53F82230002033B19A7A8D
:10F890000AB10A3300E01B690130F7E7704700BF87
:10F8A000868A0020D403002008B5FFF7E9FF0C4B3F
:10F8B00093F90020002A01DAFF2202E0824201DBF4
:10F8C000421E1A701028A8BF1020082840F23113D9
:10F8D000B8BF0820B3FBF0F0024B188008BD00BF92
:10F8E000E8030020AE03002010B50D4C39B194F8A8
:10F8F000213083420CBF03200220C87010BDC0B26B
:10F90000FCF774FA074B94F821101A78064B53F859
:10F910002110064BBDE8104043F82210FFF7C4BF8A
:10F92000F8080020868A0020B0030020D4030020BD
:10F9300008B5074A13784BB1013B01461370FFF736
:10F94000B3FF19B1BDE80840FEF7DEBF08BD00BF38
:10F95000868A00200020FFF7EBBF00007FB519B3B7
:10F9600006460C4603F062FA0546D8B1D0ED027A9D
:10F97000F8EE677A083417EE900AF0F711FECDE939
:10F980000201686807EE900AF8EE677A17EE900AAF
:10F99000F0F706FE0C4ACDE9000120212046F3F7DE
:10F9A0006BFA0EE066600CE003F012FA48B9012031
:10F9B000FFF7BEFF4FF4826004B0BDE87040FCF773
:10F9C000D3B904B070BD00BFE283010808B5084B8D
:10F9D00001224FF4BB7040F231111A70FCF7BAF9F2
:10F9E000FFF762FF4FF0FF30BDE80840FEF706B8B2
:10F9F000F28A0020C30706D5654B1B78012B00F067
:10FA0000C680FFF7E3BF2DE9F041624A157F034648
:10FA1000042D00F2BA80DFE805F003B83333780034
:10FA20005D4C94F91D20511C00F0AF800B3214F88E
:10FA30003220002A00F0A980082594F91D0004EB6B
:10FA4000C0029F06B2F85A1044BFA1EBD50121EACB
:10FA5000E171DE0606D5638B01EBD5018B42D8BF81
:10FA600003F1FF31F7F77EFE94F91D00FDF7E8FB87
:10FA7000FDF712FE0135ADB203460028DDD184E06A
:10FA8000454A108B5169022D00F0400003F010062A
:10FA9000904603F0200707D110B95468054615E0D9
:10FAA000FEF7E2FD044611E0946870B15368E41A71
:10FAB000A9B926B1A0000130FDF71CFD0446A7B18D
:10FAC000601EFDF717FD04460FE0012541B9D8E996
:10FAD0000130C01A8008FDF70DFD014600E0032546
:10FAE00006B10C4417B1641A00E00325FDF7D4FDFC
:10FAF0000028FBD1294BA4F516729A4245D821461D
:10FB00002846BDE8F041F7F7ABBF234A92F91C1035
:10FB1000D2ED297A481C1BBF0C2000FB01210020DC
:10FB200091F82A00F5EE407A02EB8001F1EE10FA2E
:10FB300003F0100291ED270A03F0200319D1B5EE6E
:10FB4000C00ADFED177A9FED177AF1EE10FAD8BFF1
:10FB5000F0EE477A2AB1B7EE007A37EE877A20EED8
:10FB6000070A63B1B7EE007A77EE677A20EE270ACC
:10FB700005E00AB130EE270A0BB130EE670AF8F75C
:10FB8000A1FBFDF789FD0028FBD1BDE8F08170479E
:10FB9000F28A002008030020F8080020A8B8EEA090
:10FBA000CDCC4C3ECDCC4CBE2DE9F8432D4E054678
:10FBB0000C4601F11A0801F1190721462846F5F70C
:10FBC00081FC00284AD1A37E002B47D0237BDB0693
:10FBD00003D53378012BF0D841E03B4601465A78F3
:10FBE00003F1010C32B1183B1B1B2E2A08BF19462A
:10FBF0006346F4E70029E0D02A6D8E46137818F8A2
:10FC00000EC07C2BACF1410908BF0023B9F1190FDC
:10FC1000A3F1410998BF0CF1200C5FFA89F998BF54
:10FC20005FFA8CFCB9F1190F04D82033DBB26345BD
:10FC300010D001E063450CD0134693F800C01A467B
:10FC40000133BCF1000FB8D0BCF17C0FF5D18E466A
:10FC500002E023B10EF1010E0132CFE70420BDE82E
:10FC6000F88300BFC0890020054B1A78032A9CBF87
:10FC700001321A701A78034B43F82200FFF714BEC2
:10FC8000868A0020D403002039B1064B93F91C303A
:10FC90005A1C05D006330B7070470348FFF7E4BFCA
:10FCA000704700BFF80800206487010819B1034BB2
:10FCB0005B8B4B6070470248FFF7D6BFF808002007
:10FCC000B886010819B1034B1B6E4B6070470248A0
:10FCD000FFF7CABF080300208885010819B1034B4C
:10FCE0009B684B6070470248FFF7BEBF08030020C7
:10FCF000D4820108034B93F82120034B53F82200D0
:10FD0000FFF7B2BFF8080020B003002039B1054B5F
:10FD100010B5588B0C46F6F7F7FE606010BD024830
:10FD2000FFF7A2BF08030020F479010841B110B524
:10FD3000054B93F86D000C46FBF79EF9606010BD13
:10FD40000248FFF791BF00BF08030020607F010851
:10FD5000084651B1074BDB7FFF2B09D001335B0015
:10FD6000054A20210830F3F787B80448FFF77CBF25
:10FD7000704700BFF8080020788301083C83010821
:10FD800008B51A4B1A781A4B53F8223010F1FF308D
:10FD900007D3002BFAD09A7A0AB10A33F6E71B6927
:10FDA000F4E70BB31A78022A08D0032A0CD0012AF0
:10FDB00010D1D3F80600FFF757FF0BE0D3F8062069
:10FDC00042B15878904705E0D3F8062012B10021DF
:10FDD00058789047074B1B78012B05D14FF0FF3027
:10FDE000BDE80840FDF70ABE08BD00BF868A0020B6
:10FDF000D4030020F28A0020B0F5C37F38B51CDBA5
:10FE0000114B01391C8891FBF4F4FFF739FDA04236
:10FE100013D90E4D95F900002C70012303FA00F060
:10FE2000A3401843FDF7EAFDFFF74CFAFF232B70C0
:10FE30002046BDE83840FFF7A3BFFFF743FABDE80F
:10FE40003840FEF761BD00BFAE030020E80300208C
:10FE500070B50146FFF714FD11F0010F85B2194C82
:10FE600001D101260CE094F9000083B2AB4203D328
:10FE7000BDE87040FEF748BDBDE87040FFF780BFA9
:10FE800094F90030CA0606FA03F044BF0133237028
:10FE90008B0602D52378013B237094F900309AB287
:10FEA000AA42E5D206FA03F31843FDF7A7FD42F292
:10FEB0001070F1F755F9FDF7EFFB01460028DFD18F
:10FEC00070BD00BFE803002010B50446F7F718FF27
:10FED0000020FFF72DFD24B90248BDE81040FFF7D0
:10FEE000C3BE10BD288401082DE9F3412E4F97F9B8
:10FEF0001C305A1C55D020F08004A4B2C0F3C015A9
:10FF000081B30C2202FB0372BC4692F82900A04286
:10FF100005D192F82A20AA4204BF0122CA700C20FF
:10FF200000FB03C00E4690F82B7020463946FBF7C5
:10FF30002BFA032C8046706033D115B940F2FF12C2
:10FF400001E041F607623A41D3072AD53846FBF76C
:10FF50002FFA43460090154A202106F10800F2F7D7
:10FF60008BFF1EE0032C14D10C2202FB037292F8CB
:10FF7000291003290DD192F82A20AA4209D10C4B4D
:10FF80000C48002A18BF184602B0BDE8F041FFF740
:10FF90006BBE2A462146184602B0BDE8F041F8F78C
:10FFA00057B802B0BDE8F081F8080020587F01087A
:10FFB000C08001085C80010837B543681BBA019313
:10FFC0000368042204461D6818690DEB0201A84766
:10FFD000A368042814BF002003F00100A06003B050
:10FFE00030BD0000104A92F91C3091B110B55C1C74
:10FFF0001BBF0C2404FB0323002393F82B30834204
:020000040801F1
:100000000CBF03230223CB700C46FBF7D1F96060D1
:1000100010BD591C07D00C2101FB032383F82B00D2
:100020002220FBF7A1BE7047F808002013B51BBAC9
:100030000446084600931368019321600B68006929
:10004000694608229847A3680422082814BF0020A4
:1000500003F00100A0600DEB02010020FDF76CF938
:10006000606002B010BD00008368CBB130B585B0D0
:10007000426A016803920446002501A8094A0191D9
:100080000295FFF7D3FFD4E9011201A8FDF786F925
:1000900001A8FFF791FF039B6362A56005B030BD27
:1000A000704700BFB588010830B4D0E90142551C43
:1000B0008560A1548368B3F5807F02D130BCFFF71F
:1000C000D3BF30BC70470000036910B50446C06858
:1000D000994008431A44E06022612369072B0AD93A
:1000E000217B2046FFF7E0FFE3681B0AE3602369FA
:1000F000083B2361F1E710BD002330B40C461946DC
:10010000013304F001059A4245EA41014FEA5404E3
:10011000F6D130BCFFF7D8BF2DE9F74FD0F820B0AB
:1001200004460F460BEB020A226A524580F0D38048
:10013000AAEB0200A2EB0B0C022807EB0C0E40F21C
:10014000958017F80C109EF801508B0183EAC503C7
:100150009EF80250C1EB41116B404B405FFA83F9AE
:10016000E369009333F81910130C1B040B439A42F4
:1001700003D8A3F580339A4227D9D61AB6F5007F63
:1001800023D84FF6FF75A9421FD0B0F5817FA7EBAA
:100190000B0128BF4FF48170002501919B4502D8C7
:1001A0000199C95C05E0C3F308018846A16911F80B
:1001B00008101EF80580884505D10135A84203F1D5
:1001C0000103EBD103E0022D01D800263546009B48
:1001D00023F81920002D49D04FF0000909F101083A
:1001E0003E4B33F818309D4204D3B8F11C0FC14682
:1001F000F4D10CE009F20113B3F58C7F06D241462D
:1002000007222046FFF778FFC84606E0C8460822C6
:1002100008F1A9012046FFF76FFF314B13F80820C2
:1002200032B12E4B33F818102046691AFFF74CFFF5
:10023000002303F101082B4A32F81820964203D319
:1002400043461D2BF5D100E0984605224146204645
:10025000FFF752FF244B13F808208AB1214B33F8E3
:1002600018102046711AFFF72FFF09E017F80C103D
:100270008F292CD8082230312046FFF73DFF012579
:100280000020236AA3EB0B02C3F30803B95CA26945
:10029000D154226AA8B1AAEB0203022B11D9A2EB16
:1002A0000B03FE18F95C96F801C0B6788B0183EA5F
:1002B000CC03C1EB411173404B40DBB2E16921F843
:1002C000132001300132A8422262DAD12CE7092240
:1002D00001F58071D0E703B0BDE8F08F5C880108BC
:1002E00098880108008801083C880108F8B5274B68
:1002F0001A78022A48D00021044602220846244ED9
:100300001A70FBF727FD0A203470224D224F444318
:1003100022482C5D50F8240038602148FF240470E6
:100320002048002404703B681B789C4204DA204675
:10033000FDF7C4FA0134F6E71421132002F066FA3F
:1003400020234FF4F0724FF49071002002F052F924
:1003500033780A2202FB0353D3F802200123511EF3
:1003600011F8010F18B10A2808BF0133F8E70B2173
:100370005943203101EBD1714910C1F5A0710A2018
:10038000BDE8F84002F0E6BAF8BD00BFF28A0020EE
:10039000558A00207C770108588A0020CC76010815
:1003A000E80300205C8A0020062804D1084B1B7F4C
:1003B000042B08BF102041B1064B0A2202FB00307B
:1003C000D0F806301BB140781847FFF78FBF704751
:1003D000080300207C770108124A92F91C30B3F11F
:1003E000FF3F1DD010B40C2404FB032393F82920F5
:1003F0000123934013F0180F01D0A0420DD10A4AF7
:100400001A4032B10123834013F4A85F1CBF0130AE
:1004100080B25DF8044BFFF7C7BF5DF8044B70472F
:10042000704700BFF808002004003C002DE9F04FA1
:10043000B64E0D460FCEA3B00AAC0FC40FCE0FC4FC
:1004400096E807000AAE84E80700212201A9304699
:100450000E96FDF7B7FB212840F086810822AC49B3
:1004600001A803F09BFB002840F07E810422A949EB
:1004700004A803F093FB002840F07681059B0F9AB7
:100480001BBA934201D0A4486FE1069B109A1BBA95
:100490009342F8D19DF81C30082BF4D19DF81D3003
:1004A000032BF0D19DF82030002BECD1139ADFF80C
:1004B0008092DFF88082994C159602F50071CDE9A3
:1004C0001613CDE91833CDE91A33CDE91C32CDE945
:1004D0001E33CDE92033082201A90E980B9B9847C3
:1004E000082840F04181019F0422494602A83FBAF2
:1004F00003F054FB002837D10323B7FBF3F303EBDE
:1005000043043C1B40F03081013FB7F5407F80F051
:100510002B81834F1293129B9C421DD2032269466A
:100520000E980B9B9847032840F01E819DF80220EF
:100530009DF80110520107EAC12302F4F8521A4350
:100540009DF8003023F0070343EA51131343119A37
:1005500022F814300134DEE704213046FCF734FF82
:10056000002800F0018116E00422414602A803F0B1
:1005700015FB002800F0F8800422214602A803F0B1
:100580000DFB002800F0F080391D3046FCF71CFF01
:100590000028A0D1E8E015A8FDF7E2FD002800F052
:1005A000E38015A8FEF70EFB78287FF46CAF15A842
:1005B000FEF708FBDFF880915A4F5B4E219B002B22
:1005C00040F0C080012115A8FEF726FB02218246DB
:1005D00015A8FEF721FB00BBCDE91B0015A8FEF70F
:1005E000F1FA044615A8FEF7EDFA44EA002415A82E
:1005F000FEF7E8FA15A8FEF7E5FA219B002C00F0BB
:100600009D80013C002B40F0998015A8FEF7DAFA96
:10061000C1B215A8FCF7EEFEEFE701283CD14FF080
:10062000070B0024012115A8FEF7F6FA6400BBF1C0
:10063000010B44EA0004F5D1172C02D804F58074AC
:1006400018E0012115A8FEF7E7FA40EA4400A0F1FE
:1006500030048F2C0ED9A0F1C003072B02D800F173
:10066000580407E04400012115A8FEF7D5FA044319
:10067000A4F58074219B002B60D1FF2C04D8E1B23B
:1006800015A8FCF7B7FECAE7B4F5807F56D06FF423
:1006900080731C441C2C02D9032321934EE0234B6E
:1006A00039F81480195D15A8FEF7B6FA08EB0004B6
:1006B0004FF00508012115A8FEF7AEFA4FEA4B0BE3
:1006C000B8F101084BEA000BF4D1BBF11D0FE3D8E0
:1006D00016F80B1037F81B8015A8FEF79DFA08EBEB
:1006E000000BBBF5007FD7D81E9B9B45D4D814F1D7
:1006F000FF3494D31E9B1D9AA3EB0B03C3F3080393
:1007000015A8D15CFCF776FEF1E700BF003C0108BC
:10071000C3790108CC790108B3790108BA880108C6
:1007200000E0FFFF008801083C8801089888010864
:10073000D1790108B58801085C880108BAF1000F79
:100740003FF43CAF219C032C3FF49DAE64B9209A4A
:10075000109B9A4208D105F11A0240F21F1120465F
:1007600002F0F8F8204600E0014823B0BDE8F08F21
:10077000A27901082DE9F34101F11A070646002389
:100780003846054610F8014B1CB12E2C08BF2B46ED
:10079000F7E773B15B7843F02003742B03D1304645
:1007A000FDF7DEFB3DE0702B03D13046FFF73EFE48
:1007B00037E01D4C01AB7A2221463046F4F7BAFAF5
:1007C00070BB638AB3F5F07F2AD1E38AB3F5A07FCB
:1007D00026D1A38B102B23D140F23F1501AB4FF450
:1007E000707221463046F4F7A5FA4FF4F071804656
:1007F0002046F8F789F9294601234FF4F0720020CA
:1008000001F0EAFE15F1FF3502D3B8F1000FE5D093
:100810003A4640F21F11002002F09CF8002000E050
:10082000024802B0BDE8F081FC8A0020A2790108EC
:1008300070B5804D0FCD9EB013AC0FC40FCD0FC45B
:1008400095E807007C4B84E8070013AD7B4A1795B9
:1008500003F1400153F8040B42F8040B8B42F9D129
:10086000112001F0C7FF1C9B099503F580620A92D5
:1008700001220024CDE90E2303F50073CDE90B44DA
:10088000CDE910340D941292199B17989C4208D20E
:100890001D9A159B21469847002800F0C580013419
:1008A000F2E708226649139B9847129B654A08287D
:1008B00014BF002003F00100189B12901BBA05938F
:1008C000199B1BBA06934FF442730793012300242C
:1008D000049329460D2302A88DF82040CDE9025447
:1008E000FFF7A4FB0D2205A902A8FCF757FD02A8FB
:1008F000FFF762FB1B9B544A03EB4303294602A804
:10090000FFF794FB1B9B9C421FD21A9B33F81420C9
:10091000D308510901F0F80103F4E0530B4311042B
:10092000520301F4780192B20A4313431A0C8DF872
:1009300004201A0A8DF8052001A9032202A88DF8C7
:1009400006300134FCF72AFDDCE702A8FFF734FB90
:10095000129B049A10981340FF214FF400721293D7
:1009600003F038F9782109A8FFF79EFB012109A8B7
:10097000FFF79AFB0122114609A8FFF7A5FB022207
:10098000012109A8FFF7A0FB00242646199B9C42E1
:100990001FD21D9A1798159B21469847002843D0CF
:1009A0000E988DF80460012201A9FCF7DBFC189A6F
:1009B0001D990E90FCF7D6FC01220E9001A909A802
:1009C000FFF7AAFB189A1D9909A8FFF7A5FB0134A8
:1009D000DCE70722002109A8FFF78EFB0D9B3BB146
:1009E0009DF8301009A8FFF75FFB0023CDE90C3319
:1009F0000E9B1BBA019301AE002416F8011B09A837
:100A00000134FFF751FB042CF7D109A8FFF72CFBA9
:100A100000230E4A294602A8FFF708FB02A8FFF7A9
:100A2000CBFA1298049B1840B0FA80F040091EB02F
:100A300070BD00BF2C3C010826030020BC930020A1
:100A40006C890108CC790108D1790108BA880108BC
:100A500070B58CB040F20343ADF8083000230C466B
:100A600015468DF80A3080B102AB06460093B422D9
:100A70003C2378219620FCF757FE32467D21A020AA
:100A800001F068FF0220FBF76FF98CB1012104200F
:100A900001F0BCFE2623AE228B21992001F0AAFD95
:100AA00022469921AA2001F055FF0220FBF75CF9AC
:100AB0000D4C6C434FF47A7304F2E734B4FBF3F457
:100AC00041F28833002D08BF1C462046F0F748FB52
:100AD0003DB9FCF7BBFD012803D0FEF781FB0228DE
:100AE000F3D10CB070BD00BFA0860100A9B908B554
:100AF0000A48037883B1FEF74DF8F4F77DFD58B14D
:100B0000074B08494FF4FA62082818BF19460648EF
:100B1000BDE80840FFF79CBF08BD70475C8A002015
:100B200057760108487601085C7601082DE9F04304
:100B30000122B3B006464A494A48F3F799FF40B14B
:100B40004FF4FA6248494948FFF782FFFDF7DCFE9F
:100B500083E0474B474A1B7847491B011CA8D358E1
:100B60003093F4F759FC0028EAD1741E032001F0F9
:100B700041FEC4EB0414414B6400A5B21C782CB1B7
:100B80001DB93F490520FDF745FE0124DFF8FC8033
:100B9000DFF8FC900CA91CA8FFF706F818BBAC42C4
:100BA00018DB05F11D03A34214DB9DF83C30C5F1B1
:100BB0000507DB06274408D523210DF14A034A46E1
:100BC00003A8F2F759F903A901E00DF14A013846EB
:100BD000FDF768FEB8F800300134002BDAD005F1DB
:100BE0001E03A342D6D11CA8F4F762FCB8F800306B
:100BF00063B9A8F8004034B1A3B21D331E22B3FB81
:100C0000F2F39BB200E001231E4A1380641B1D2CEB
:100C10000FDC601D03A9FCF71FFC9DF81230BDF826
:100C20001020BDF80E10BDF80C0001F0E3FC0134FB
:100C3000EDE714234FF4F0724FF49671002001F0A9
:100C4000D9FCFDF735FE0F4B0F4A1B88009340F28D
:100C500031113346DB2001F07DFE33B0BDE8F08377
:100C6000F07B0108C0980020967401089E7401086A
:100C7000558A002064750108088A0020C089002078
:100C8000A4740108888A0020A7740108528A0020F1
:100C9000CD74010810B511490C7868B1012C0ED83B
:100CA0000346601C08700E480E4A04EB44142121D0
:100CB0002044F2F7E1F802E00CB1621E0A70FCF782
:100CC00071FE094B00221A80084B01201880084B46
:100CD000FF221A70BDE81040FFF728BFC08900202E
:100CE000C48900205D7F0108528A0020508A0020BC
:100CF000E80300202DE9F041374D4FEA011805EBDC
:100D0000080C8CB0DCF80470002F61D0334B1B78DA
:100D10000E4604463BB1DCF80C30DB0703D5FDF78B
:100D2000F3FDFBF773F855F80800002203A9835C74
:100D300033B17C2B04D0032A02D08B540132F6E766
:100D40000CAB1A44002302F8243C04AD84B9244AB5
:100D500013685268019103F07F3323F0FE43009340
:100D6000204B2021134028461F4AF2F785F806E061
:100D7000009123461D4A20212846F2F77DF80122E2
:100D80001B491C48F3F774FE044668B90B22294638
:100D90001948F3F791FE044630B931461648B84772
:100DA00004461548F4F714FA144B1B78012B01D1B3
:100DB000F5F7AAF8124913484FF4FA62002C08BF5D
:100DC0002946FFF745FE0A20FAF7CEFFFDF79CFD06
:100DD0000CB0BDE8F08100BF64750108F28A002004
:100DE000002800403F1FFF002A9301083B930108A1
:100DF000F07B0108C098002070960020548A0020E3
:100E00001B9301084193010810B5124B124A1B783D
:100E100003F00103044613700BB1F5F775F80F4B9F
:100E2000022C9B8A07D15A0504D413F4007F18BF03
:100E3000032400E00424DB0705D5E1B20020BDE86F
:100E40001040FFF757BF04F11C00BDE81040FFF74A
:100E50004DBA00BFA8030020548A002008030020D8
:100E60002DE9F04F2DED028B87B0A0F10F03DFF8D5
:100E70000CB204934FF4617306460D46059101933D
:100E80004FF0FF3800245F469BF82830F3B163B27F
:100E9000DFF8E8A103934FF000099AF8583073B1D6
:100EA000BDF91430BDF91020BAF85A100398FAF7BA
:100EB00003FD019B9842BCBFCDE90104C84609F17E
:100EC0000109B9F1080F0AF1080AE6D10134042C2E
:100ED0000BF10C0BD8D1B8F1FF3F36D0674B93F92B
:100EE0001D2042451CBF9A7783F81D803B8B002054
:100EF00023F080033B83FCF71FFB0298F7F772F89F
:100F000005A904A8FDF7BCFBDDE9040197F91C2045
:100F10000F38FAF7E9FC011E0EDB97F91D0007EB0D
:100F2000C003B3F85A30994206D0F6F71BFC97F984
:100F30001D00FCF785F903E041F28830F0F710F965
:100F4000FEF74EF90328DBD192E0B5F5987F16DB6A
:100F5000A6F1CE03782B05D8FEF7B4F90220FFF7EF
:100F600053FF85E0B5F5987F2DD0444B1B8BDA07F6
:100F700029D4B6F5A37FB4BF0224032404E01D2DB9
:100F800021DCEF2E6CDD0024FEF79CF92046FCF7F7
:100F9000D3FA00286CD1032C09D0042C11D0022CD8
:100FA00066D1364B188B401100F0020006E0334B3F
:100FB0001B8B13F0400F14BF20460120FFF796F95A
:100FC00056E00F20FAE72D4A92F91C40631C3ED0F0
:100FD0000C2303FB042393F82920032A37D00A3E6D
:100FE000142E34D8B5F5997F31DA4B2DD3ED0C7A28
:100FF00093ED0B0AB6EE007A02DC37EE878A19E031
:10100000972D04DC30EE000AB8EE008A07E0E32DED
:101010000EDC20EE070ABAEE008AB0EE007AA7EEE8
:10102000878AF0EE487AB1EE008A37EE888A01E0CE
:1010300037EEC78A2046F6F7E3FF2046B0EE480AAF
:10104000F6F7F2FF44F62060F0F78AF810E0FEF7BA
:1010500039F90B4B1B78012B0AD0FEF7B7FC07E0E0
:10106000F7F782F9B5EE400AF1EE10FA8BD08BE774
:1010700007B0BDEC028BBDE8F08F00BFF808002080
:10108000F28A002019B9C1B20148FFF733BE704798
:101090005C8A00202DE9F04FABB0042836D8DFE899
:1010A00010F00500050039011D0025009C4B198832
:1010B00030B94A1E92B21A805AB99A4A128807E089
:1010C00098484A1C008892B290421A8001D20122AC
:1010D0001A801888814200F01F8118E1924A138813
:1010E00083F001031380FDF7E3FB15E18F4B1B78C1
:1010F000012B00F211818E4B1A788E4B1A708E4B99
:10110000012223201A70FFF7F1F805E1844D8B4E80
:101110002C8832881E23013C053803FB0404A3B24B
:101120009A4240F2DB80012285498648F3F7A0FC11
:10113000002840F0D3807D4B01931A783AB12CB946
:10114000794B1B88D90700F1E7803AE0013CDFF8D2
:10115000E0A1DFF80C92D0469AF800307A491B01E2
:1011600014A859F803302893F4F756F9002840F0F2
:10117000B580274604A914A8FEF716FD10B90FB1D3
:10118000013FF7E714A8F4F793F9002F40F0A68089
:10119000654B9DF81C201B88D20603F0010313D574
:1011A0000DF12A006BB1FDF7F5FCF4F7C3F9002847
:1011B00000F094804FF4FA6264496548FFF748FCF8
:1011C0008CE0FFF767FDA7E033B10DF12A00FDF7D2
:1011D000E1FCF4F7AFF981E098F8003009EB031374
:1011E000D3F808B0BBF1000F78D03946012001F0E8
:1011F0000DFB0DF12A00FDF7CDFC012201465548FB
:10120000F3F75AFC002869D198F80020514804A946
:10121000D84783464F48F3F7DBFF98F8003009EBD7
:101220000313DF6807F00207BBF1000F0BD001F0DA
:1012300085FA002F14BF64224FF4FA620DF12A01DF
:101240005846FFF705FC002F48D0FCF7FFF9C3060E
:101250005ABF80F0200343F3401B4FF0010B10F006
:10126000010F18BF4FF0020BFDF7BAFF013880B233
:101270000128274612D803A902A8FDF701FA029B0C
:101280009F2B07DDB3F5A07FB4BF4FF0020B4FF0EB
:10129000010B01E04FF0000BFEF714F82E48F7F7B2
:1012A0007DFC019B3288197809B9013A00E0023AC5
:1012B000BBF1000F03D1013C48BF14460BE0BBF16A
:1012C000010F04D101349442C8BF002403E0BBF1F4
:1012D000020FBAD102E0A742B7D03DE7124A138805
:1012E000D90708D5002131801C49FF2023F00103D4
:1012F000087013800AE00E4B1A78194B03EB0213A7
:10130000DB685B0706D5154BFF221A702888FFF7AC
:101310000DFC01E0FDF7F8FA2BB0BDE8F08F00BF3F
:10132000508A0020888A00204C8A0020C089002032
:10133000558A00204A8A00204E8A0020528A0020C6
:10134000F07B0108C0980020088A0020B3740108CF
:10135000BD74010870960020A0BB0D00E8030020BA
:10136000647501082DE9F74307460E461B4DFCF74F
:1013700099F895F90080814600244C452BDC69469C
:101380002046FCF769F8BDF80020BA420DDCBDF834
:1013900004301344BB4208DDBDF80220B24204DC35
:1013A0009DF806301344B34201DC0134E5E760B236
:1013B00000212870FDF776FA00214046FDF772FA09
:1013C000FDF780FFFF23204600212B70FDF76AFA0E
:1013D0002046FFF75FFE03B0BDE8F083E80300207E
:1013E0000128F8B51B4C07D194F90000002830DB28
:1013F000BDE8F840FFF74EBE0546FCF753F800275E
:101400000646AA0694F9000005D5431E5BB2002BE0
:10141000ACBF23702670EB0606D5237801335BB290
:10142000B342D4BF2370277094F90030834207D0B1
:101430000021FDF737FA002194F90000FDF732FA98
:1014400042F21070EFF78CFEFCF726F905460028F3
:10145000D7D1F8BDE803002070B50E4C0E4AA38A20
:1014600003F08003002B4FF00C0113BF10230C235B
:101470000225002523440846FDF72AFFAB1D04EB97
:101480004303064A40F22B1140F2CB10BDE87040F6
:10149000FDF71EBF080300204E9301085993010871
:1014A00010B5002186B0012001F0B0F901F046F935
:1014B000194A1A4C40F235110F2001F04BFAFCF793
:1014C000C5F8C30726D4FDF78BFE0228F7D103A980
:1014D00002A8FDF7D5F8039B00932246029B1E212C
:1014E0000A2001F037FA41F28830EFF739FE05A9FA
:1014F00004A8FDF7C5F8DDE90423DDE9020101F0E8
:10150000BFF8049B0293059B0393FDF769FE032834
:10151000E1D1D4E706B010BD6593010894930108AA
:101520002DE9F04786B0042800F2B680DFE800F02D
:101530000306099DA500FFF78FFFADE0FFF7B0FFA1
:10154000AAE00021012001F061F901F0F7F805227D
:10155000032311465548564F01F0AAFA9026242439
:1015600057F8045B6DB17608F10704F1050301D566
:101570001C46F8E70D342A462146052001F0EAF919
:10158000EEE74C4BDFF85091D3F80880D3E90067C1
:10159000F6F72CFF0097CDE901803346464ADFF885
:1015A0003C81464F04F10D01052001F0D3F9444A76
:1015B000444992F86C30032B28BF0023052051F8D2
:1015C00023300093536E404A04F11A0101F0C2F92E
:1015D0003E4A40F233114FF4AA7001F0BBF904F116
:1015E000340AFDF7FDFD0228AEB255D0FCF72EF807
:1015F000C20751D44FF47A60EFF7B2FD730701D000
:101600000135EEE701F0F6FD064601F009FED9F8D6
:10161000203003F44073B3F5807FC6F3074CC6F364
:10162000072E0CBF45234923C0F30722C1B2F6B2EF
:10163000CDE90021CDE904634246C0F3074351469A
:10164000CDE902CE052001F085F901F013FD4FF43C
:101650007A72B0FBF2F302FB1302009204F1410133
:101660003A46052001F076F9CAE701F06BFB01204C
:1016700006B0BDE8F047FEF75BB901F02DFCBFF303
:101680004F8F1349134BCA6802F4E0621343CB60D7
:10169000BFF34F8F00BFFDE7FDF736F940F21A3078
:1016A00006B0BDE8F047FAF75FBB00BFA67B0108B4
:1016B00080030020ACF7FF1FB27B01081E7C0108ED
:1016C00008030020F4750108CA7B0108DB7B0108D0
:1016D00000ED00E00400FA0500100240F17B010873
:1016E00008B5FCF77BF80021012001F08FF801F02C
:1016F00025F8044A1421052001F02CF9BDE8084022
:10170000F1F70AB8A2920108FFF7EABF38B5154C05
:1017100001238340A28A9BB211B922EA030303E0AA
:1017200001290CBF13435340A382A38A934218D0CC
:101730000D4A062303FB002305469888FAF714FB9D
:10174000022D0AD0072D0CD1A08AC0F3C01000F0E2
:101750001BFFBDE83840FAF759BBBDE83840F6F743
:10176000C5BE38BD08030020C8930108B9B10246C0
:101770000D4838B5062303FB02031D680B4B988AFE
:10178000104100F001000DB9C8700BE00C4620B10B
:101790002846EFF73DFA01300544656002E002217A
:1017A000FFF7B4BF38BD00BFC8930108080300208D
:1017B00008B5104B9B8A03F4806259B1084632B9D0
:1017C0000D4A13F4007F0D4B08BF134600E00C4B8D
:1017D000436008BD2AB99B0505D50920FFF796FF90
:1017E00001210A2001E001210920BDE80840FFF79E
:1017F0008DBF00BF08030020D37F0108CE7F010802
:10180000BF79010838B5184D2B78032B2BD0002158
:1018100004460846FAF79EFA03232B70134A144B2A
:101820001C70137813B1002313700DE0082C114CB9
:10183000237007D1104B114A11482121F1F71CFBED
:1018400001232370FCF7AEF80E4B0F4A01201880DD
:10185000002313800D4AFF2111700D4A1380BDE84B
:101860003840FFF763B938BDF28A00204E8A002065
:10187000558A0020C0890020149301085D7F01086B
:10188000C4890020508A0020528A0020E8030020EA
:101890004C8A0020FFF7B6BF8A4B2DE9F3411D6843
:1018A000894E05EB4000C4783046EFF7B1F96A780D
:1018B00003463546002A40F0C2800146A4F10D00DF
:1018C000092830D8002B00F0EA8002281CD8FBF74A
:1018D00005FE0C3C04EB4404A4B223180C2BC4BF3B
:1018E000C0F10C04A4B2054400216B782A7803B13E
:1018F0000AB9A970302305F8012F013CA4B205F8FC
:10190000013C002CF1D1BEE0A4F11003032B00F246
:10191000BA806E4B019302AB1C4414F8143C735410
:1019200031444A70AFE06A4A10784FF0C062024119
:1019300012F0010614BF06270C270C2C04D1002B33
:1019400000F0AD80591E2DE00B2C19D12A782D2ADC
:1019500008D129460C22487801F8010B013AFAD146
:10196000591E1FE005F10C0212F8010C02F80109E2
:101970009542F9D12D22BB422A7013DA591C11E08D
:10198000BB420FDA092C02DC3034EC5409E00A2C9B
:1019900008D1FBF7A3FD814204D10C2F02D12E23E5
:1019A0006B54013100236B5486B9FBF797FD032577
:1019B00090FBF5F505EB4505401BC0F1020044F630
:1019C000241545FA00F020F0010500E0542514210B
:1019D000132000F01BFF3C4E4FF0620816F8017B0D
:1019E0003FB32E2F02D12D010A2708E02D2F03D15E
:1019F00025F003050B2702E0303F092FEED805F054
:101A000001039C0023445B009C1C22464444404646
:101A1000162340F22511A4B200F0ECFD214640F25D
:101A20002512F8B210346D0801F02CF81FFA84F872
:101A3000D4E716231C2240F2251140461EE0162C46
:101A400001D160B31FE01A2C02D140B3421E04E062
:101A500012281ABF3454421C0246002314211320BA
:101A6000AB5400F0D3FE022340F225123F2116486A
:101A700001F01EF816230E2240F2251102B0BDE837
:101A8000F04100F0B7BD124B124A1B780A2101FB4E
:101A90000323D3F8062012B10021587890470E4B4B
:101AA0001B784BB10D4B00221A700D4B187802B009
:101AB000BDE8F041FFF7A6BE02B0BDE8F041FCF77B
:101AC00023BF00BF588A00205C8A00206D756E70AD
:101AD000558A00207C7701084E8A0020F28A002077
:101AE0004A8A002070B5214B214A1D686B7832F874
:101AF0003340844238DC02EBC30253888B4233DC30
:101B0000001BCB1AD1889288B0FBF2F02A46B3FBB7
:101B1000F1F303F00F0343EA001312F8021BDBB2E8
:101B20000024A14220DD12F81400984201D00134B3
:101B3000F7E705EB4405EB78FF2B15D00D4D95F934
:101B4000006060B22870FBF7B9FE3046FBF7B6FEC6
:101B5000FDF7B8FB2046FF232B70FBF7AFFE2046B6
:101B6000BDE87040FFF798BE70BD00BF588A0020E6
:101B7000BC760108E803002001282DE9F041214E40
:101B800007D196F9000000283ADBBDE8F041FFF7E5
:101B900083BE1D4C22681578013D96F90030D4F8BB
:101BA00000801F46002100F0200E4FFA85FC00F057
:101BB0001002BEF1000F05D0013B5BB2002BB8BF95
:101BC0006346012132B101335BB2AB424FF00101F8
:101BD000C8BF002308EB4300C078FF28E9D001B15B
:101BE00033703846FBF76AFE96F90000FBF766FE95
:101BF00042F21070EFF7B4FAFBF74EFD0028CCD19B
:101C0000BDE8F081E8030020588A00200148F6F77B
:101C1000B7BE00BF5C8A002013B50E4CA1B1D4ED55
:101C2000297AF5EE407AF1EE10FA11D017EE900A0B
:101C300001F10804EEF7B4FC074ACDE900012021C8
:101C40002046F1F719F903E0FFF7E0FF84ED290AD8
:101C500002B010BDF8080020A9760108F0B52DEDFE
:101C6000048B394ADFED398A92F91C40384D0C2338
:101C700003FB042494ED0C7A94F82970D4ED0B7ACC
:101C8000B2EE008A78EEC78A38EE478A3D4185B0C9
:101C9000064668EEA78A28EE278A05F0010529B3D3
:101CA000002818BFB0EE688A1DB1F7EE007A38EE52
:101CB000278A284A2848294C1C2303FB0722002E88
:101CC00018BF0446D368029318EE100A01F1080504
:101CD000EEF766FC2346CDE90001214A2021284683
:101CE000F1F7CAF805B0BDEC048BF0BD1446FFF760
:101CF0008DFFB0EE409A1DB1F7EE007A30EE679A94
:101D0000002E18BFF0EE498A08BFB0EE498A38EEBF
:101D1000680AF4EE007A20EE270AF4EE488AF1EE23
:101D200010FA18BF88EE809A94F91C00F6F768F94B
:101D300094F91C00B1EE490A05B0BDEC048BBDE876
:101D4000F040F6F771B900BFF8080020000000006D
:101D5000400000404C7001080F7601080B76010826
:101D60001676010830B5134B85B093F91C40C9B104
:101D70000C2000FB0434104A94F8293001F10805C6
:101D80001C2101FB0323DB680293E06AEEF708FCE9
:101D90000A4B0B4ACDE9000120212846F1F76CF8E7
:101DA00005B030BDFFF732FF204605B0BDE830403A
:101DB000F6F726B9F80800204C7001089276010861
:101DC0009876010837B50F4890F91C4089B10C236B
:101DD00003FB040401F10805206BEEF7E1FB0A4B5D
:101DE0000A4ACDE9000120212846F1F745F803B061
:101DF00030BDFFF70BFF204603B0BDE83040F6F7DB
:101E000013B900BFF80800207A7601088776010828
:101E100073B5134A92F91C30581C1BBF0C2000FBF1
:101E20000323002493F82A4091B102EB840201F1CC
:101E30000805D2F89C00EEF7B3FB661CCDE9000163
:101E40003346084A20212846F1F716F802B070BD43
:101E5000FFF7DCFE204602B0BDE87040F6F732BA6C
:101E6000F80800203276010808B521B1054BD3F8F7
:101E7000A8304B6008BDFFF7C9FEBDE80840F6F783
:101E80008BBA00BFF808002010B50C4631B1FCF742
:101E9000EBFBF9F791F984ED010A10BD054B1970C0
:101EA000FFF7B4FE044B2320BDE8104083ED000A89
:101EB000F9F75ABFB4690020B06900201FB5134C70
:101EC000B9B1D4ED007AF5EE407AF1EE10FA1AD0FD
:101ED0000F4B029317EE900A01F10804EEF760FB36
:101EE0000C4B0D4ACDE9000120212046F0F7C4FF3C
:101EF00009E0FFF78BFE232084ED000A04B0BDE863
:101F00001040F9F731BF04B010BD00BF606A002077
:101F100030760108237601081676010810B5054CC5
:101F200011B1A36E4B6003E0FFF770FE84ED1A0A57
:101F300010BD00BF0803002010B529B10C4601F008
:101F40002FFA84ED010A10BDFFF760FEBDE81040D6
:101F500001F006BA0148F6F7EDBC00BF5C8A00202C
:101F600010B5F1B106280C460AD1134B5B690BB3CF
:101F700004F10800114A2021BDE81040F0F77CBFB1
:101F8000052817D10C4AD2E90113528B5B1A013A8A
:101F9000B3FBF2F307EE903AF8EE677AC4ED017AFC
:101FA00008E00446FFF7D6FF01462046BDE8104092
:101FB000F5F756BD10BD00BFF80800206776010890
:101FC00010B5044C11B1238B4B6002E0FFF7C2FF48
:101FD000208310BD0803002010B5044C11B16368C4
:101FE0004B6002E0FFF7B6FF606010BD0803002001
:101FF00008B519B1044B5B6E4B6008BDFFF7AAFF33
:10200000BDE80840F6F726BF0803002010B5054CD0
:1020100019B194F899304B6003E0FFF79BFF84F807
:10202000990010BDF808002008B519B1054B5B8B6D
:102030004B6008BDFFF78EFFBDE8084080B2F5F7A2
:102040005BBC00BFF808002013B5144C2378DA07F6
:1020500008D5FBF7FBFA28B1114B1A78114B53F84E
:102060003230984723789B0711D5FDF7B9F801382E
:1020700001280CD801A96846FCF702FB084B1A7826
:10208000084B03EBC203DDE900015B689847FCF7EE
:10209000D9FA0023237002B010BD00BF878A002048
:1020A000F28A0020F4920108024A137843F00103F7
:1020B00013707047878A0020024A137843F00203A6
:1020C00013707047878A0020054B1870481C1CBF8E
:1020D000044B1980531C1CBF034B1A80FFF7ECBF45
:1020E000F08A0020828A0020848A002008B500F04F
:1020F00065FF01F0C3FA0121084601F0CFFA012182
:10210000022001F0CBFA0121032001F0C7FAFBF70E
:1021100071FB01F0F9FA08480A2101F009FBFCF70C
:1021200091FA064B587F00EB401000F52F70BDE888
:10213000084001F05DB900BF000400400803002022
:1021400005494B68002BFCD1044A0B605368002BF7
:10215000FCD11360704700BF300002401C000240F9
:10216000074A93681B06FCD4064940238B61136819
:1021700023F0380303434FF0006013608861704719
:102180000030014000040048034A93689B07FCD5D7
:10219000024B1870704700BF003001400C30014006
:1021A00089B14B1E9BB210B40133074A074CC118CA
:1021B00093689B07FCD510F8013B23708842F7D148
:1021C0005DF8044B70477047003001400C3001400F
:1021D00070B40C4CA3681D06FCD40B4B0B4D094C82
:1021E0004FF480069E614FF400069E612870A3683C
:1021F0001B06FCD4044B80249C61104670BCFFF786
:10220000CFBF00BF00300140000400480C30014047
:10221000044B054AFF2119709368DB07FCD5014B7D
:10222000187870470C3001400030014010B5074C61
:10223000A3681B06FCD4064B4FF400629A61FFF7BB
:10224000E7FF236823F03803236010BD003001400E
:102250000004004830B44C1EA4B201340749084AB7
:1022600004444FF0FF350D709368DB07FCD50B7805
:1022700000F8013BA042F6D130BC70470C30014061
:1022800000300140064A074900E00B789368D80700
:10229000FBD493681B06F8D4024B1B78704700BF31
:1022A000003001400C30014070B54FF080440646CC
:1022B000656AFFF7E7FFFFF7ABFFFF2804D0636A0B
:1022C0005B1BB342F7D3002070BD00BF10B50446BE
:1022D0000846FFF759FF134B4FF4007041F291018C
:1022E000DC601A46586019605368002BFCD11360FB
:1022F000FF20FFF749FFFF20FFF746FFFFF7C2FF70
:102300006424FFF785FFFF2803D1013CF9D1204663
:1023100006E000F01F00A0F10500B0FA80F04009CF
:1023200010BD00BF30000240F0B54FF0804483B0D4
:102330000746666AFFF7A6FF42F20F75FFF768FFD0
:10234000FE2805D0636A9B1BAB42F7D9002016E03C
:102350000C4A0D4B0D4CD7604FF4007141F2110047
:1023600041F2810551601560DC6059601860FFF72B
:10237000E7FE0DF106000221FFF76CFF012003B01C
:10238000F0BD00BF1C000240300002404C94010828
:1023900030B5020683B004460D4606D44CF25030E8
:1023A000FFF782FFFF2807D02EE000217720FFF7FC
:1023B000EFFF0128F2D939E004F07F03280E290C41
:1023C0002A0A402C8DF804508DF800308DF8010059
:1023D0008DF802108DF8032018D0482C1ED0012350
:1023E000062168468DF80530FFF7DAFE4C2C01D146
:1023F000FFF70EFFFFF746FF6424FFF709FF030610
:1024000014D5013CF9D111E0FF200FE095230621FE
:1024100068468DF80530FFF7C3FEEBE787230621FA
:1024200068468DF80530FFF7BBFEE3E703B030BD2B
:10243000034B04481B78DB0203F400631844704725
:10244000F48A0020FC8A0020024A0121024436203E
:10245000FFF7BEBE48940108F0B583B017460C469E
:102460001D46BDF82060FFF76BFE0744013F40EAC0
:10247000074040BA2544691E44EA0144009064BA0A
:1024800004216A462A200194FFF7A2FE01AA042132
:102490002B20FFF79DFE0022F0B21146FFF798FEB9
:1024A00003B0F0BD2DE9F04186B02C240094154610
:1024B0001C4680460F460C9EFFF7CEFF124B134A78
:1024C000DE6004FB05F041F2915158601960137809
:1024D0005B0615D515FB04F25200314640F60D237C
:1024E0000B4EADF80E8092B202A8ADF81070ADF8A8
:1024F0001250ADF814400296ADF80C30F5F7AEFF6F
:1025000006B0BDE8F08100BF30000240A803002003
:1025100062756C6BF0B583B0164E089D2E24009446
:102520001F461446FFF798FF336823F0380343F043
:1025300008033360FFF7A6FEFFF76AFE0E490F4A55
:10254000CD6014FB07F35B009BB241F211000C4C11
:102550004B6041F281050D60D46053601060FFF75D
:10256000EFFD3368074A23F038034021336091615F
:1025700003B0F0BD003001401C00024030000240BA
:102580004C9401080004004808B5FFF7D9FD002865
:1025900014BF02200020BDE80840FFF755BF00BF70
:1025A000024A5368002BFCD1136070473000024090
:1025B00030B583B004461D46FFF73AFF2B46009026
:1025C0002046FFF76FFF034A137883F0010313706F
:1025D00003B030BDF48A002010B582B0044C0094E2
:1025E000FFF760FF02B0BDE81040FFF7D9BF00BFA2
:1025F000FC8A00202DE9F04186B02C240094154679
:102600001C4688460746FFF727FF194A194BD36037
:1026100004FB05F179B14FF6FF7E41F21156714589
:10262000084628BF7046506016605368002BFCD1E6
:10263000091A1360F3D1104B1B785B0614D5DFF831
:102640003CC00C49ADF80E7040F60D23022202A8E2
:10265000ADF81080ADF81250ADF81440CDF808C0B8
:10266000ADF80C30F5F7FAFE06B0BDE8F08100BF1A
:1026700030000240F68A0020A803002066696C6CD6
:102680002DE9F04F824287B006469146CDE903130B
:1026900006DA18460A46334603904E460492994697
:1026A000049B03995F1A48BFCF1AA6EB09084CBFD9
:1026B0004FF0FF33012317EB080F059309D508EB03
:1026C000D8756D106D42DFF86CB0194CDFF868A05A
:1026D00004E007EBD7756D106D42F4E72C230093EF
:1026E000C6F5F072012303993046FFF7B5FE00E00E
:1026F0001D46A3689B07FCD5BBF80030AAF8003044
:10270000B14503D1DDE9033293420DD04545C6BF43
:102710000136EB1B2B46AF42EADDA3EB0805059A19
:10272000039B13440393D9E707B0BDE8F08F00BFC4
:1027300000300140F88A00200C300140002108469A
:102740004FF4A0734FF4F072FFF754BF1D481E4BB7
:1027500082691E4942F4805270B582611C4E1D4C44
:10276000002540F207321D601A6041F203725A6080
:10277000B160A1601A68184C4FF090464FF00041CC
:1027800042F040021A604FF4FA70B161EEF7E8FCD3
:102790004FF400434FF4FA70B361EEF7E1FC2946C1
:1027A0000120A21CFFF714FD637802331C44C820EB
:1027B000EEF7D6FC207808B16178F2E7BDE870400A
:1027C000FFF7BCBF00100240003001400C30014058
:1027D000300002401C00024018940108034B044AD8
:1027E00003EB4000C38B1380704700BF0803002039
:1027F000F88A0020034B044A03EB4000C38B13808C
:10280000704700BF08030020F68A0020074B084AE3
:1028100003EB400003EB410110B4064CC08BCB8BA3
:10282000208013805DF8044B704700BF0803002030
:10283000F68A0020F88A00202DE9F04FDDF824C048
:1028400063B3184D184CB5F80080B4F800E0DFF819
:102850005CA04FF000094D464FEA420B1BE0574683
:102860000024664614F0070F08BF16F8015B04F158
:10287000010408BFB44615F0800F14BF76464646E3
:10288000A2424FEA450527F8026BEAD1DA4409F182
:102890000109994502D0002AE1D1F8E7BDE8F04FDF
:1028A000FFF79ABEF68A0020F88A0020FC8A0020F2
:1028B000163800EB800330B500EB4303094DEC5CA8
:1028C00004F0070483B0C4F10804A4B22B4492B20C
:1028D00088B2009311460B232246FFF7ADFF204636
:1028E00003B030BD60460108838A9BB1012B06D13D
:1028F000154B164A03EB4101CB8B138007E0022BEB
:1029000005D1114B124A03EB4101CB8B13800023FD
:10291000838216E0082901D8818212E00A2902691F
:1029200004D143680B32C0E903320AE010B5044613
:102930000846E168FFF7BCFFE3681844E060002048
:1029400010BD0020704700BF08030020F68A002059
:10295000F88A00200CB470B58CB010AC0D4654F859
:10296000043B079019460990002308950A95094EE3
:102970000194224602AD06A8CDE902330593ADF8D5
:102980002C3004960695EFF74FFF0CB0BDE8704071
:1029900002B07047E928010816382DE9F04F00EB26
:1029A000800400EB4400334D334E2C5C334FB6F8BB
:1029B00000E0334EB7F8008004F0070489B0C4F19A
:1029C00008041FFA84FC13FB03F4451902960CFB60
:1029D00004F01EB27700CDE905124200039207FB16
:1029E0000CF2009205F10B020796019504922DE07E
:1029F000019ADDF8089092F800B04FF0000A09EB58
:102A000007015C464E46002514F0800F14BF704647
:102A10004046324622F8020B8A42FBD1013564005F
:102A2000AC45E4B23E4402EB0701EDD10AF1010AE4
:102A3000009A9A459144E2D1DDE902210A440292CA
:102A4000019A049901328A42019202D0002BCFD11F
:102A5000F6E7079D03FB0CF405EB8503DDE90501B3
:102A6000224605EB4303FFF7B7FD204609B0BDE85A
:102A7000F08F00BF60460108F88A0020F68A002027
:102A8000FC8A002010B5094B00EB800482B000EBFB
:102A9000440403EB840392B288B2009311461623D8
:102AA0001022FFF7C9FE02B010BD00BF6C42010842
:102AB000F8B50C46017869B1054617461E4608462A
:102AC000334621463A46FFF767FF15F8011F0444D5
:102AD0000029F4D12046F8BD00F0B8BB002863D12E
:102AE00070B53E4B3E4E4022307082B09A610A244F
:102AF000FFF78EFB013CFBD13820FFF731FB21466D
:102B00004020FFF745FC012803D0FFF78FFB012091
:102B100061E04FF4D5714820FFF73AFC01280546E3
:102B200023D104216846FFF795FB2E4B009A9A4269
:102B300003D0EAE7EEF714FB00E064244FF0804195
:102B4000E920FFF725FC88B3013C4FF47A70F1D1FE
:102B500032E004210DEB0100FFF77CFB019B13F039
:102B6000400F14BF8A24822419E02146E920FFF790
:102B70000FFC012894BFE9254125642401E0EEF70C
:102B8000EFFA00212846FFF703FCE0B1013C4FF4C7
:102B90007A70F4D110E0E92D0CBF81248324FFF773
:102BA00045FB3470002016E00120704701467A2072
:102BB000FFF7EEFB0028CCD0FFF738FB3078B0FAF7
:102BC00080F0400907E04FF400715020FFF7E0FB70
:102BD0000028E0D0F0E702B070BD00BF000400485C
:102BE000F38A0020000001AA28B9044B1878B0FA33
:102BF00080F0400970470120704700BFF38A002031
:102C0000F8B5A0BB1C461B4B1E7835062FD51746C2
:102C10000D46FFF7A5FA330758BF7F02012C39464E
:102C20000AD15120FFF7B4FBF0B92846FFF77CFB2F
:102C300080F00104E4B217E05220FFF7A9FB28B1AD
:102C4000003418BF01240FE005F500752846FFF792
:102C50006BFB18B9003418BF012401E0013CF3D12B
:102C600000214C20FFF794FBFFF7E0FA00E003247B
:102C70002046F8BDF38A0020F8B500283ED11C4656
:102C8000214B1E78370639D5750639D417460D46BF
:102C9000FFF766FA330758BF7F02012C39460BD184
:102CA0005820FFF775FB30BB2846FE21FFF70EFBCF
:102CB00080F00104E4B21EE05920FFF769FB28B15F
:102CC000003418BF012416E005F50075FC212846E4
:102CD000FFF7FCFA00B905E046F2A810FFF7E4FAA6
:102CE000FF2803D0003418BF012401E0013CEBD1E0
:102CF000FD20FFF749FAFFF799FA02E0032400E00C
:102D000002242046F8BD00BFF38A002010B598B910
:102D10000B4B93F90030002B0EDA0C46FFF720FA2C
:102D20000CB1042405E044F62060FFF7BDFAFF284B
:102D3000F7D1FFF77BFA00E00324204610BD00BF67
:102D4000F38A00200B4B0C4A10B519461A6003F1A8
:102D50006C000024814202EBF47402D051F8042F7D
:102D6000F8E77422034905481C6700F097FB002030
:102D700010BD00BF08030020564E4F4300F8030863
:102D80000F4B10491A688A4214D110B50E4C00201E
:102D9000191DA14202EBF07002D05A680B46F7E70A
:102DA00007490B6F834208D17422084800F004FFE2
:102DB000002004E04FF0FF3070474FF0FF3010BDAF
:102DC00000F80308564E4F4370F80308080300202C
:102DD00006281FD8114938B5114B124C0B600A4612
:102DE0000025A24203EBF57502D052F8043FF8E744
:102DF000044643F67873800300F10060CD5000F57F
:102E00000E3043F67C72054900F048FB064B00206B
:102E10001C8038BD4FF0FF30704700BFF80800201D
:102E2000544E4F436C480020FE9A0020062829D8B3
:102E3000F0B4184F97F800C081034CFA00F301F189
:102E4000006213F0010302F50E321FD11468124D17
:102E5000AC421AD1114E0E4411460D1DB54204EB81
:102E6000F37302D04C682946F7E743F6787151585E
:102E700099420AD1012303FA00F040EA0C0C87F8CA
:102E800000C003E000221046704700221046F0BC4C
:102E9000704700BFFC9A0020544E4F4378770208D9
:102EA0004FF6FF7238B50A4D90422A800CD0044686
:102EB000FFF7BCFF50B1014643F67C7205482C80F9
:102EC00000F07AFE002002E0002000E0012038BD82
:102ED000FE9A0020F808002030B4064B064C074844
:102EE00000224FF6FF751A7025804FF4E43130BC94
:102EF00000F0AABAFC9A0020FE9A002000380208CE
:102F00000368036070B40023961E01F00F04436051
:102F100002EB440403621A460163C360334623F89C
:102F2000022FA342FBD11025836843F00403836082
:102F300032460368590702D483685B07F9D432F834
:102F4000021F036CA2420B441380F2D1013DEBD16E
:102F500036F8023F1B09A6423380F9D170BC704796
:102F6000064A0748D36843F08003D360D3685B0602
:102F700002D40138FAD17047012070470028004080
:102F8000FFFF030010B50C4C236A03F00303032B6F
:102F900011D0236A43F01903236244F62060EEF750
:102FA000DFF8236A9A0706D4636A43F00103636279
:102FB000636A9B07FCD510BD0010024021494A6995
:102FC00038B54FF0A04342F0805200244FF08050BB
:102FD0004A619C6098609A6842F000429A609A68E0
:102FE000002AFCDB9A6842F001029A604FF0A0428E
:102FF0001368D907FCD5144B144C4FF4FC45002042
:103000004FF0805155619461986099609A6842F0E0
:1030100000429A609A68002AFCDB99680A4A41F0EB
:10302000010199601368DB07FCD5084B4FF4FC41A4
:103030005161122093610221EEF7ACFF044B054A67
:103040009A6038BD00100240000100500000FC07EB
:10305000000300500000410100B583B0810101AAC6
:103060000348FFF74DFFBDF8040003B05DF804FB13
:10307000000100504FF080431C4A596A13681C48F5
:10308000CB1A834225D910B51A4B116082B001AA20
:1030900019491C884FF0A040FFF732FFBDF804101B
:1030A000164BBDF8062041F6C81000FB01F0000BDE
:1030B00004FB00F0B0FBF2F000B26328188004DDDE
:1030C0000F4B1B8B184400B201E04FF0FF3002B0F1
:1030D00010BD0A4BB3F90000632804DD084B1B8BBD
:1030E000184400B270474FF0FF307047EC030020E7
:1030F0001FA10700BAF7FF1F41240100009B002019
:10310000080300200A4B0B4A196810B44FF0FA600C
:10311000196080244FF480715C6018621963DA6072
:103120009A685DF8044B42F004029A60704700BF51
:103130000001005000158000054A9368590706D524
:10314000936843F0100393609368DB06FCD47047E8
:1031500000010050054A08B5136813601B0601D52D
:10316000FEF7AAFFBDE80840EEF752B80001005094
:10317000054B1A6822F001021A6018611A6842F0C1
:1031800001021A60704700BF00540040034A04481F
:10319000D36943F40013D361FFF7EABF0010024084
:1031A0006450540130B4124DAB691C04FCD41304B8
:1031B00043EA400328680E4C43F0007343F4005385
:1031C00040F0010028600A446B60A36913F0110FFE
:1031D000FBD0A369DB0602D50020206005E011F8D2
:1031E000013BA3629142F0D1012030BC704700BF87
:1031F00000540040074B08481B68084A00EA530087
:1032000002EAD30203F00F33104423F07063184432
:10321000704700BF00280040383838000E0E0E00FE
:10322000074B08485B68084A00EA530002EAD302E9
:1032300003F00F33104423F070631844704700BF4D
:10324000002800401808780006021E0010B5FFF79D
:10325000D1FF0146FFF7E4FF0304C1F34604CA08A7
:1032600003F47F03234302F4FF524909134301F49B
:10327000FF2142031943C0F3074002F0FF531943F3
:10328000143041EA406010BD10B50446FFF768FEF7
:1032900010B1044B19605C60024AD36823F08003CC
:1032A000D36010BD00280040104A38B51368104C98
:1032B00043F480731360FFF765FE226A236A12F0FD
:1032C000020F14BF4FF401454FF4024503F40343CA
:1032D000AB4209D000234FF4803222622362FFF711
:1032E00051FE236A1D43256238BD00BF00700040B7
:1032F0000010024038B5FFF7D7FF154B1B6A13F4D7
:10330000407324D0134A1449144C5320CA255562E3
:103310005062D068B3F5807F18BF2146C30602D53E
:1033200013698B420FD0FFF71BFE30B1094B002011
:1033300080229860DA6019611961064AD36823F027
:103340008003D36003E0D36823F02003D36038BD4B
:103350000010024000280040FF007F00E703270024
:103360000C4AD368DB0313D49FED0B7ADFED0B7AA5
:10337000E0EE077AFDEEE77A17EE903AB3F5806F4C
:1033800006D8C3F5FF73013348F2FF110B40D36336
:10339000704700BF00280040BD37863F00C0FF4394
:1033A000094ADFED0A7AD36BD26BC3F30803120428
:1033B00054BF5B42C3F5007300EE103AB8EEC00A8A
:1033C00020EE270A704700BF002800400024743F09
:1033D0000549064ACB6943F00053CB61136843F4B7
:1033E00080331360704700BF00100240007400403B
:1033F000014B5861704700BF0074004038B5044667
:103400000D460E200321EEF7C5FD0B4B0B490C4872
:103410005D6043F2A7529960DC601A60C269094B93
:10342000002142F4804201254FF45B64C2611960BF
:103430005D601962DC6138BD440002400C38004018
:103440000010024000380040114B124A014410B4F1
:103450008842114C5C605A6016D2DA68012AFCD0AE
:103460001A6942F002021A6158611A6942F0400278
:103470001A61DA68012AFCD01A6900F5006022F0AE
:10348000020281421A61E8D85DF8044B704700BF20
:1034900000200240AB89EFCD2301674570B5164689
:1034A0000C4611460546FFF7CFFF760818D00D4BA6
:1034B000214604EB4604DA68012AFCD01A6931F887
:1034C000020B42F001021A612880DA68012AFCD05E
:1034D0001A69A14222F0010205F102051A61EAD13E
:1034E00070BD00BF002002401C481D4A41691D4BB1
:1034F00041F4FC0170B441614FF0904100201A4E3C
:103500001A4C48608E60CC604FF6DF144C61184D49
:10351000184C08624D620C60174C184D50606FF0EB
:103520000F064FF6FF719660D5605161146204F189
:103530002A4404F5A124124D556204F29F2414601C
:103540004FF0FF350F4C58604FF080629D60DC609B
:10355000596170BC186258621A60704700100240CE
:1035600000040048000800480000FFFFAA0101A86D
:1035700070E70E0000FCAA6A0050550050555555E2
:1035800044005550555555014368F0B401258D4010
:10359000C2F380048C4023EA0503234343604E00BA
:1035A00003238568B340DB43C2F3C1041D40B4402C
:1035B0002C438460C468C2F341151C40B54001F03F
:1035C0000707254302F00304BF0004FA06F60F24A0
:1035D000C2F3C312BC40022EC56002FA07F2C1F367
:1035E000C0016FEA04040BD100EB81010D6A2C408D
:1035F00022430A620268134043F00203036009E0B9
:1036000005682B4000EB8101334303600B6A1C40CB
:1036100022430A62F0BC7047054B1868586010F4EA
:10362000704F03D0C0F30330F3F7E0B9704700BF29
:1036300000000240044A536903F00203536113B1CE
:103640000120FEF731BD704700040140044A536970
:1036500003F00403536113B10220FEF725BD704748
:1036600000040140044A536903F00803536113B195
:103670000320FEF719BD70470004014008B506217C
:103680000720EEF787FC06210820EEF783FC0621D1
:103690000920BDE80840EEF77DBC00BF0F2870B4DC
:1036A00012D883089B0003F1804303F5803300F0B8
:1036B000030294009D680F26A640C1F3031225EA79
:1036C0000605A2402A439A600E4A012300F01F001B
:1036D00003FA00F09368C443CD074CBF0343234073
:1036E0009360084AD36889074CBF03432340D360E3
:1036F000044B1968084318605A6822405A6070BC2D
:10370000704700BF000401400649074ACB6910B466
:1037100043F00203054CCB612020946250605DF8B9
:10372000044B704700100240000400403F190100A4
:1037300010B40139012400220523C16244614262B0
:103740005DF8044B036070472DE9F0470022044602
:1037500040F2FF1701E00132083492FAA2F3DB0DC8
:1037600096B2B34200EBC30508D923682E682660E1
:103770002B6063686E6866606B60ECE7BE42EAD1FE
:103780004FF009094FF4807E0125DFF8CCC04EE0F0
:1037900007F07F03C3F180020CEB83030CEB820282
:1037A00093ED005AD2ED004A3B0649D401367744E6
:1037B0001FFA86FA09B9B1EE455A0AEB050292B230
:1037C00000EBCA0300EBC204D4ED017AD3ED006A2A
:1037D000D4ED005A25EE677AA5EEA47A76EEC76A94
:1037E00067EEA47AC4ED006A93ED006AD3ED016A36
:1037F000E5EE857A36EE077A76EEE76A83ED007AB3
:10380000C4ED016A93ED017A2A4477EE277A1FFA14
:1038100082FABAF5007FC3ED017ACED3B045B7D1B5
:103820006D00B9F10109ADB24FEA5E0E0FD005F19E
:10383000FF38774600269FED075AF7EE004AB7E7B4
:10384000F1EE457AB0EE645AF0EE674AAEE7BDE8B5
:10385000F08700BF0000000050940108FDEEC07A20
:1038600070B4F8EEE77A284B30EE670A0122B5EE25
:10387000C00AF1EE10FA44BFF7EE007A30EE270AE4
:10388000DFED227A20EE270AFCEEC07A17EE904A8E
:1038900004F07F05C5F1800603EB8606F8EE675A53
:1038A000D6ED007AC5F17F0603EB860696ED006A39
:1038B00003EB850696ED007AD6ED016AE30930EE5A
:1038C000650A36EE676A76EEC76A02FA03F313F00A
:1038D0000A0FE6EE007AA6EE807A05D0F0EE476A8F
:1038E000B0EE677AF0EE667A13F0060F18BFF1EECD
:1038F000677A13F00C0F18BFB1EE477A80ED007AAB
:1039000070BCC1ED007A704750940108000000447B
:1039100010EE103A13F0FF4F23F000410FD1C9B35E
:103920009FED1D7A1D481E4A60EE077A17EE903A09
:1039300023F00041A0FB010102EB510205E0174812
:10394000184AA0FB010102EB510203F000431343AC
:1039500007EE903A27EEA77AF0EE006A27EE277A74
:10396000B0EE406AF0EE475AE0EE265AA7EE266A1D
:1039700085EE867A67EE277A27EEA77A27EE277AF2
:10398000B0EE476AA0EE266AA7EE260A86EE007A17
:1039900027EE270A704700BF0000804BABAAAAAAF7
:1039A000F2195126F219512A10EE103A002B1EDDA1
:1039B000C3F3160242F07C5207EE102ADFED0D6AC7
:1039C000DFED0D4A9FED0D5A9FED0D0ADFED0D5A0B
:1039D00077EE266A07EE903A84EEA66AF8EEE77A6A
:1039E000A7EE850AA7EE650A30EE460A70479FEDFE
:1039F000060A70475643B43E721A993F1872B133A3
:103A0000A836ACC2C4E4843F000080FF10EE103A38
:103A1000002B1EDDC3F3160242F07C5207EE102A83
:103A2000DFED0D6ADFED0D4A9FED0D5A9FED0D0A9A
:103A3000DFED0D5A77EE266A07EE903A84EEA66A1D
:103A4000F8EEE77AA7EE850AA7EE650A30EE460A99
:103A500070479FED060A7047F45AB43E0F4FA640D8
:103A6000C6A8C03441FABAC39A4E9040000080FF05
:103A7000F0EEE07AF5EE407AF1EE10FAB0EEC07AB0
:103A800010EE902A10EE103A04D1B5EE407AF1EE25
:103A900010FA44D0F4EEC77AF1EE10FA1CD5C7EE56
:103AA000876ADFED204A9FED205ADFED205A9FED17
:103AB000206A9FED207A9FED200A66EEA67AA7EE97
:103AC000A45AE5EE275AA5EEA76AA6EE277AF0EEED
:103AD000477AA6EEC70A17E0C7EE276A9FED115A8C
:103AE000DFED115A9FED116A9FED117A9FED110ADA
:103AF00066EEA67AE7EE855AA7EEA56AA7EE867A65
:103B0000A7EE870A20EE260A002ABCBFDFED0B7A5B
:103B100037EEC00A002B04DAB1EE400A70479FED81
:103B2000080A704709E0983F95219CC06B28254101
:103B30008B6697C1092765420000B44200003443F8
:103B400000000000DFED147A20EE270A10B4BDEE6D
:103B5000C00A43F2D14010EE102A02F17E52C2F3A5
:103B6000CF11C1EBC10404EBC41400EBA43043F645
:103B7000DE5301FB00F003EBA04301FB03F39B13B7
:103B8000A3F59D33623B01FB03F302EBE32200EE5E
:103B9000102A5DF8044B70473BAA384B30B5013909
:103BA0000024A24201D1002005E0035D01340D5D37
:103BB000AB42F6D0581B30BD0A44914200F1FF33AE
:103BC00000D1704710B511F8014B03F8014F914235
:103BD000F9D110BD02440346934200D1704703F867
:103BE000011BF9E7C9B2034610F8012B1AB18A424A
:0E3BF000F9D118467047002918BF0023F9E7E5
:103C0000ADDE0008C5DB000861E0000829DF000820
:103C100000000000E001000040010000BC93002013
:103C200000000000BC8E0020FC8A0020ADDE0008F1
:103C3000C5DB000861E0000829DF00080000000083
:103C4000E001000040010000BC93002020000000C3
:103C5000BC8E0020FC8A002047656F6D00417269B0
:103C6000746800005553420053455249414C0000CE
:103C7000444F5420272E2700434F4D4D4120272CE1
:103C800027000000424D5000544946460000000005
:103C90004C970108049B0020049B0020049B0020FB
:103CA0004C97010800000000000000000000000028
:103CB0004C97010800000000000000000000000018
:103CC0004C97010800000000000000000000000008
:103CD0004C970108000000100000001000000010C8
:103CE0004C970108000000000000000000000000E8
:103CF0004C970108000000000000000000000000D8
:103D00004C970108000000000000000000000000C7
:103D10006D61696E00000000303D0108F003002075
:103D20002805002001000000990C00080000000098
:103D300069646C6500000000737461636B206F76CA
:103D40006572666C6F770000251800081918000866
:103D50000D18000801180008000000000000000015
:103D600000000000000000004D1900084119000883
:103D700025190008191900080000000000000000C3
:103D80000000000000000000000000000100000032
:103D90000000000000000000B51C0008B11E000873
:103DA000351F000840004000C0060020C00600206B
:103DB000206B4D475450455A59000000286E756CD1
:103DC0006C290000010000000A00000064000000EF
:103DD000E803000010270000A086010040420F0009
:103DE0008096980000E1F50500CA9A3B6D1D6E7043
:103DF00066617A7900000000000000000000000009
:103E00001128000800000000808182838485868755
:103E100088898A8B8C8D8E8F9091929394959697AA
:103E200098999A9B9C9D9E9F80818283848586879A
:103E300088898A8B8C8D8E8FB0B1B2B3B4B5B6B78A
:103E4000B8B9BABBBCBDBEBFC0C1C2C3C4C5C6C77A
:103E5000C8C9CACBCCCDCECFD0D1D2D3D4D5D6D76A
:103E6000D8D9DADBDCDDDEDF9091929394959697DA
:103E700098999A9B9C9D9E9FF0F0F2F2F4F4F6F6CE
:103E8000F8F9FAFBFCFDFEFF01030507090E10120D
:103E90001416181C1EEB76904558464154202020DD
:103EA000004641543332202020002A3A3C3E7C22F6
:103EB0003F7F002B2C3B3D5B5D00000061001A033F
:103EC000E0001703F8000703FF000100780100017C
:103ED000300132010601390110014A012E01790138
:103EE000060180014D0043028101820182018401AB
:103EF000840186018701870189018A018B018B0179
:103F00008D018E018F019001910191019301940126
:103F1000F60196019701980198013D029B019C01D1
:103F20009D0120029F01A001A001A201A201A40104
:103F3000A401A601A701A701A901AA01AB01AC0137
:103F4000AC01AE01AF01AF01B101B201B301B301E8
:103F5000B501B501B701B801B801BA01BB01BC0197
:103F6000BC01BE01F701C001C101C201C301C4010E
:103F7000C501C401C701C801C701CA01CB01CA01FB
:103F8000CD011001DD0101008E01DE011201F301FE
:103F90000300F101F401F401F801280122021201E9
:103FA0003A020900652C3B023B023D02662C3F02AF
:103FB00040024102410246020A01530240008101CF
:103FC0008601550289018A0158028F015A02900127
:103FD0005C025D025E025F02930161026202940173
:103FE0006402650266026702970196016A02622C0A
:103FF0006C026D026E029C01700271029D017302DF
:1040000074029F0176027702780279027A027B02BB
:104010007C02642C7E027F02A60181028202A90139
:104020008402850286028702AE014402B101B20118
:1040300045028D028E028F0290029102B7017B032E
:104040000300FD03FE03FF03AC03040086038803A3
:1040500089038A03B1031103C2030200A303A3036C
:10406000C4030803CC0303008C038E038F03D8031F
:104070001801F2030A00F903F303F403F503F6034E
:10408000F703F703F903FA03FA033004200350049B
:104090001007600422018A043601C1040E01CF0416
:1040A0000100C004D00444016105260400000000A2
:1040B0007D1D0100632C001E9601A01E5A01001FE9
:1040C0000806101F0606201F0806301F0806401F9E
:1040D0000606511F0700591F521F5B1F541F5D1F0B
:1040E000561F5F1F601F0806701F0E00BA1FBB1F00
:1040F000C81FC91FCA1FCB1FDA1FDB1FF81FF91FFC
:10410000EA1FEB1FFA1FFB1F801F0806901F0806FF
:10411000A01F0806B01F0400B81FB91FB21FBC1FA4
:10412000CC1F0100C31FD01F0206E01F0206E51FBF
:104130000100EC1FF31F0100FC1F4E210100322182
:1041400070211002842101008321D0241A05302C13
:104150002F04602C0201672C0601752C0201802CB3
:104160006401002D260841FF1A0300001004110409
:104170001204130414041504160417041804190473
:104180001A041B041C041D041E041F042004210423
:1041900022042304240425042604270428042904D3
:1041A0002A042B042C042D042E042F043004310483
:1041B0003204330434043504360437043804390433
:1041C0003A043B043C043D043E043F0491259225FF
:1041D000932502252425612562255625552563252D
:1041E000512557255D255C255B2510251425342593
:1041F0002C251C2500253C255E255F255A255425A8
:1042000069256625602550256C2567256825642568
:10421000652559255825522553256B256A251825CE
:104220000C25882584258C25902580254004410473
:104230004204430444044504460447044804490432
:104240004A044B044C044D044E044F040104510431
:1042500004045404070457040E045E04B000192239
:10426000B7001A221621A400A025A0000FF03FFCE1
:104270007FFE7C3EF81FF00FF00FF00FF00FF00FF5
:10428000F00FF00FF00FF00FF00FF00FF00FF81F1E
:104290007C3E7FFE3FFC0FF000F001F003F007F0E2
:1042A0000FF00FF00EF00CF000F000F000F000F056
:1042B00000F000F000F000F000F000F000F003FC6F
:1042C00003FC03FC0FF03FFC7FFE7C3EF81FF00F69
:1042D000F00F001F003F007E00FC01F803F007E034
:1042E0000FC01F803F007E00FC00FFFFFFFFFFFFAD
:1042F0000FF03FFC7FFE7C3EF81FF00FF00F001E1A
:10430000003E01FC01F801FC007E001F000FF00FD1
:10431000F00FF81F7C3E7FFE3FFC0FF001F801F824
:1043200003F803F807F807F80FF80F781F781E78DE
:104330003E783C787C787878F878FFFFFFFFFFFFC5
:104340000078007800780078FFFFFFFFFFFFF000A3
:10435000F000F000F000F7F0FFFCFFFEFC3EF81F5D
:10436000000F000F000F000FF00FF81F7C3E7FFEC4
:104370003FFC0FF00FF03FFC7FFE7C3EF81FF00F7C
:10438000F000F000F7F0FFFCFFFEFC3EF81FF00F1E
:10439000F00FF00FF00FF81F7C3E7FFE3FFC0FF098
:1043A000FFFFFFFFFFFF001F003E007C00F801F051
:1043B00001E003E003C007C0078007800F800F0003
:1043C0000F000F000F000F000F000F0007E01FF895
:1043D0003FFC7C3E781E781E781E3C3C1FF80FF098
:1043E0003FFC7C3E781EF00FF00FF00FF00FF81F2F
:1043F0007C3E7FFE3FFC0FF00FF03FFC7FFE7C3EDB
:10440000F81FF00FF00FF00FF00FF81F7C3F7FFF49
:104410003FFF0FFF000F000FF00FF81F7C3E7FFEE5
:104420003FFC0FF000000000000000000000000052
:10443000000000000000000000000000000000007C
:10444000000000000000038007C007C003800000D8
:10445000000000000000000000000000000000005C
:10446000000000003FFC3FFC3FFC3FFC0000000060
:10447000000000000000000000000000000000003C
:10448000004000C001C003C007C00FFF1FFF3FFF77
:104490007FFFFFFF7FFF3FFF1FFF0FFF07C003C02E
:1044A00001C000C000400000F000F000F000F0008B
:1044B000F000F000F03EF07CF0F8F1F0F3E0F7C02F
:1044C000FF80FF00FF00FF80F7C0F3E0F1F0F0F89D
:1044D000F07CF03EF00FF00FF81FF81FFC3FFC3FA0
:1044E000FE7FFE7FFFFFFFFFFFFFFFFFF7EFF7EF0E
:1044F000F3CFF3CFF18FF18FF00FF00FF00FF00F3C
:104500000FF03FFC7FFE7C3EF81FF00FF00FF00F26
:10451000F000F000F000F000F03FF03FF03FF00757
:10452000F00FF81F7C3F7FFF3FF70FE70000000010
:10453000000000000000000000000000EE1CFF3E34
:10454000FFFFFFFFF3CFF3CFF3CFF3CFF3CFF3CFE3
:10455000F3CFF3CFF3CFF3CF000000000000000053
:1045600000000000F01EF01EF01EF01EF01EF01EF7
:10457000F01EF01EF83EFC7EFFFEFFFFF7CFF38734
:10458000F000F0000000000000000000000000004B
:1045900000000000F1F0F7FCFFFEFE3EFC1FF80FEC
:1045A000F00FF00FF00FF00FF00FF00FF00FF00F13
:1045B000000000000000000000000000F3F0F7FC25
:1045C000FFFEFE1FFC0FF807F807F807FC0FFE1FA1
:1045D000FFFEF7FCF3F0F000F000F000000300072E
:1045E000000F001F003F007F000F000F000F60CF83
:1045F000F1EF7BCF3F8F1F0F1F0F3F8F7BCFF1EF6F
:1046000060CF000F000F000FF45F8644F54484C4B0
:10461000F44400000000000F000F000F000F000F17
:10462000000F000F180F380F7FFFFFFFFFFF7FFF06
:104630003800180000003C007E00E703C307C30FEA
:10464000E71E7E3C3C7800F001E003C007800F00CD
:104650001E3C3C7E78E7F0C3E0C3C0E7007E003C30
:10466000000606062666FEFE6020000010103838A0
:104670006C6CC6C6FE000280C0E0F0F8F0E0C080BE
:104680000000006EDB919989DB760000000010309D
:1046900060FEFE60301000000010180CFEFE0C18CA
:1046A000100001000000FC6C6C6CECCC0000000001
:1046B00000C6C6C6C6EED6C0007CC6C6C6C6C66C98
:1046C0006CEE000270D8D8700000000000000400FA
:1046D0000000000000000000000460606060606096
:1046E0000060600002D8D8D800000000000000027E
:1046F0005050F8F850F8F850500000307CB0B078C6
:104700003434F830006092966C18306CD2920C0001
:104710000070D8D87072DCCCDC720003E0E060C0BE
:1047200000000000000003306060C0C0C060603066
:104730000003C060603030306060C00001000020C5
:10474000A870A8200000000100003030FCFC3030D0
:1047500000000400000000000040E060C001000014
:104760000000FCFC0000000004000000000000400D
:10477000E04000010C0C1818306060C0C0000178E7
:10478000CCCCDCECCCCCCC7800013070B03030300C
:104790003030FC000178CCCC0C3860C0C0FC00018B
:1047A00078CCCC0C380CCCCC7800010C1C3C6CCCFC
:1047B000CCFC0C0C0001FCC0C0F8CC0C0CCC78007C
:1047C0000178CCC0C0F8CCCCCC780001FC0C0C1823
:1047D0001830306060000178CCCCCC78CCCCCC7870
:1047E000000178CCCCCC7C0C0CCC7800040040E0F0
:1047F000400040E0400000040040E0400040E04055
:104800008000010C183060C06030180C00010000FE
:1048100000FC0000FC00000001C06030180C1830E3
:1048200060C0000178CCCC0C18300030300001782A
:104830008C8CBCACB8808C78000178CCCCCCFCCC17
:10484000CCCCCC0001F8CCCCCCF8CCCCCCF8000152
:1048500078CCCCC0C0C0CCCC780001F8CCCCCCCCCF
:10486000CCCCCCF80001FCC0C0C0F8C0C0C0FC007B
:1048700001FCC0C0C0F8C0C0C0C0000178CCCCC032
:10488000C0DCCCDC6C0001CCCCCCCCFCCCCCCCCC1B
:104890000003F060606060606060F000010C0C0C70
:1048A0000C0C0C0CCC780001CCCCCCD8F0D8CCCCF7
:1048B000CC0001C0C0C0C0C0C0C0C0FC0000C6C6A3
:1048C000EEEED6D6D6C6C60001CCCCECECFCDCDCD9
:1048D000CCCC000178CCCCCCCCCCCCCC780001F8C2
:1048E000CCCCCCF8C0C0C0C0000178CCCCCCCCCCF7
:1048F000ECDC780C01F8CCCCCCF8D8CCCCCC0001DA
:1049000078CCCC603018CCCC780001FCB43030309E
:10491000303030300001CCCCCCCCCCCCCCCC7800FE
:1049200000C6C6C66C6C6C3838100000C6C6C6D649
:10493000D6D6D6FE6C0001CCCCCC483048CCCCCC02
:104940000001CCCCCCCC78303030300001FC0C0CE9
:10495000183060C0C0FC0003F0C0C0C0C0C0C0C000
:10496000F00001C0C060603018180C0C0003F0307B
:10497000303030303030F000013078CC840000002E
:10498000000000010000000000000000FCFC03C06B
:1049900060300000000000000001000000780C7C86
:1049A000CCCC7C0001C0C0C0D8ECCCCCECD8000191
:1049B00000000078CCC0C0CC7800010C0C0C6CDC82
:1049C000CCCCDC6C000100000078CCFCC0CC7800C2
:1049D00001386C6060F0606060600001000000748D
:1049E000CCCCCC7C0C7801C0C0C0D8ECCCCCCCCC2E
:1049F0000003606000E060606060F000010C0C008B
:104A00000C0C0C0C0CCC7801C0C0C0CCD8F0F0D889
:104A1000CC00017030303030303030FC000000000D
:104A200000ECFED6D6D6D60001000000D8ECCCCCE7
:104A3000CCCC000100000078CCCCCCCC78000100BC
:104A40000000D8ECCCCCF8C0C0010000006CDCCC7D
:104A5000CC7C0C0C01000000D8ECC0C0C0C0000130
:104A600000000078CC6018CC780001006060F8602D
:104A700060606C380001000000CCCCCCCCDC6C0059
:104A800001000000CCCC484830300000000000C6D7
:104A9000C6D6D6FE6C0001000000CC48303048CCB1
:104AA0000001000000CCCCCC7C0CCC7801000000D4
:104AB000FC0C1860C0FC000238606060C060606080
:104AC0003800036060606060606060600002E03039
:104AD000303018303030E0000164FC9800000000F5
:104AE000000000000200000000000000A91A0008F9
:104AF000091B000840004000C4080020D008002026
:104B00000300000000000000451B0008000000003A
:104B100010000000DC080020000000003C0600201F
:104B2000010102007D580008395900081D1A0008CB
:104B300061580008430000003C4B01080902430093
:104B4000020100C0FA09040000010202000005246D
:104B500000100105240100010424020205240600BE
:104B600001070582030800FF09040100020A000092
:104B70000007050102400000070581024000000017
:104B800012000000884B01081201100102000040D1
:104B900083044057000201020301000004030904DA
:104BA00018036E0061006E006F0076006E006100F9
:104BB0002E0063006F006D0016034E0061006E0052
:104BC0006F0056004E0041002D00480034000000E8
:104BD0000803340030003000040000009C4B010842
:104BE00018000000A04B010816000000B84B010897
:104BF00008000000D04B0108312E322E35372D73BE
:104C0000670000007363616E00000000746F6F2026
:104C10006D616E7920617267756D656E74732C209D
:104C20006D617820340D0A00082008000100FFFEA5
:104C3000000002009FFE010004009FFE0200080029
:104C40007FFE03011000FFFE0401000062616E643C
:104C5000776964746820256420282575487A290DB1
:104C60000A0000002573200075736167653A2063B0
:104C7000616C205B25735D0D0A0000006C6F616440
:104C80007C6F70656E7C73686F72747C746872750B
:104C90007C69736F6C6E7C646F6E657C6F6E7C6F0D
:104CA00066667C72657365740000000075736167E9
:104CB000653A20636C656172636F6E666967207B1D
:104CC00070726F74656374696F6E206B65797D0DAA
:104CD0000A00000031323334000000004B657920B7
:104CE000756E6D6174636865642E0D0A00000000C6
:104CF000436F6E66696720616E6420616C6C20632F
:104D0000616C206461746120636C65617265642EFE
:104D10000D0A446F207265736574206D616E756154
:104D20006C6C7920746F2074616B652065666665B4
:104D300063742E205468656E20646F20746F7563F1
:104D4000682063616C20616E6420736176652E0D4E
:104D50000A00000075736167653A20636F6C6F72BB
:104D6000207B69647D207B72676232347D0D0A008E
:104D7000202532643A203078253036780D0A00003C
:104D800075736167653A20636F6E666967207B257E
:104D9000737D205B307C315D0D0A000075736167A7
:104DA000653A2064617461205B61727261795D0DA6
:104DB0000A00000025662025660D0A0025366420BD
:104DC000000000007331317C733231006F6E7C6FF4
:104DD0006666000075736167653A206672657120CA
:104DE0007B6672657175656E637928487A297D0DD9
:104DF0000A000000436F6D6D616E64733A0000003D
:104E0000202573004E616E6F564E412C4E616E6FC1
:104E1000564E412D4820342C25732C25730D0A0045
:104E200025642025642025750D0A00006D61726BD4
:104E30006572205B6E5D205B25737C7B696E6465AB
:104E4000787D5D0D0A0000006F6E7C6F6666000065
:104E50006C696E7C6C6F677C72697C72787C726C3A
:104E6000637C67627C676C637C727078707C727044
:104E70006C637C727873687C726C6373687C727824
:104E80007365727C726C6373657200007573616721
:104E9000653A206D656173757265207B25737D0DA4
:104EA0000A0000006E6F6E657C6C637C6C637368D7
:104EB000756E747C6C637365726965737C787461FC
:104EC0006C7C66696C7465727C6361626C657C7213
:104ED00065736F6E616E6365000000006175746FCD
:104EE0007C6176677C636F6E6E656374696F6E7CE0
:104EF0006D6F64657C677269647C646F747C626BDF
:104F00007C666C69707C736570617261746F727CB1
:104F10007469660075736167653A206D7367206414
:104F2000656C6179205B746578745D205B68656190
:104F30006465725D0D0A00006F6666736574207BA0
:104F40006672657175656E6379206F6666736574E8
:104F500028487A297D00000075736167653A2070E2
:104F60006F776572207B302D337D7C7B3235352029
:104F70002D206175746F7D0D0A706F7765723A2010
:104F800025640D0A000000004572722C20646566DD
:104F900061756C74206C6F61640D0A0072656361E9
:104FA0006C6C000064667500506572666F726D69A6
:104FB0006E6720726573657420746F2044465520B7
:104FC0006D6F64650D0A0000506572666F726D69E1
:104FD0006E672072657365740D0A000073617665F3
:104FE0000000000075736167653A20257320302E3C
:104FF0002E25640D0A000000436F6E6669672073FA
:10500000617665640D0A00007363616C657C72658E
:1050100066706F730000000075736167653A2073F6
:1050200063616E207B737461727428487A297D20D5
:105030007B73746F7028487A297D205B706F696E6E
:1050400074735D205B6F75746D61736B5D0D0A0029
:105050006672657175656E63792072616E67652031
:10506000697320696E76616C69640D0A0000000046
:10507000737765657020706F696E747320657863EF
:10508000656564732072616E6765203430310D0A86
:105090000000000025752000256620256620000000
:1050A0006572723A206E6F20636172640D0A0000AF
:1050B0004F4B00006572720075736167653A20732B
:1050C000645F64656C657465207B66696C656E61A0
:1050D0006D657D0D0A00000064656C6574653A209D
:1050E00025732025730D0A002A2E2A007573616727
:1050F000653A2073645F6C697374207B70617474AB
:1051000065726E7D0D0A000025732025750D0A005D
:1051100075736167653A2073645F72656164207BB3
:1051200066696C656E616D657D0D0A006572723A27
:10513000206E6F2066696C650D0A0000736D6F6FDD
:105140007468207B302D387D0000000025752025F7
:10515000752025640D0A000075736167653A207338
:1051600077656570207B737461727428487A297D35
:10517000205B73746F7028487A295D205B706F69BB
:105180006E74735D0D0A097377656570207B2573F6
:105190007D207B6672657128487A297D0D0A0000A2
:1051A0007463786F207B5443584F20667265717525
:1051B000656E637928487A297D00000074687265FD
:1051C00073686F6C64207B6672657175656E637958
:1051D00020696E206861726D6F6E6963206D6F6407
:1051E000657D000075736167653A2025730D0A635C
:1051F000757272656E743A2025750D0A0000000004
:10520000620000003230253032782F253032782F7E
:105210002530327820253032783A253032783A25D8
:105220003032780D0A75736167653A2074696D656F
:10523000207B5B25735D20302D39397D206F7220F6
:105240007B6220307859594D4D444420307848488D
:105250004D4D53537D0D0A00666972737420746F4F
:10526000756368207570706572206C6566742C209B
:105270007468656E206C6F776572207269676874F8
:105280002E2E2E00646F6E650D0A746F7563682094
:1052900063616C20706172616D733A202564202512
:1052A000642025642025640D0A0000002564202563
:1052B000732025732025662025660D0A0000000056
:1052C000616C6C006F666600256420257320257371
:1052D0000D0A00007472616365207B307C317C3282
:1052E0007C337C616C6C7D205B25735D205B73720D
:1052F000635D0D0A7472616365207B307C317C32A2
:105300007C337D205B25735D0D0A747261636520BB
:105310007B307C317C327C337D207B25737D207B10
:1053200076616C75657D0D0A00000000757361671C
:10533000653A207472616E73666F726D207B25739F
:105340007D205B2E2E2E5D0D0A0000006F6E7C6F9F
:1053500066667C696D70756C73657C737465707C52
:1053600062616E64706173737C6D696E696D756D79
:105370007C6E6F726D616C7C6D6178696D756D00AE
:105380006C6F676D61677C70686173657C64656C68
:1053900061797C736D6974687C706F6C61727C6C10
:1053A000696E6561727C7377727C7265616C7C6911
:1053B0006D61677C727C787C7A7C7A707C677C62B9
:1053C0007C797C72707C78707C63737C6C737C639A
:1053D000707C6C707C717C727365727C78736572A2
:1053E0007C7A7365727C7273687C7873687C7A737C
:1053F000687C7132317C737772616E7400000000DA
:1054000053657269616C3A20257520626175640D7F
:105410000A0000002564206D560D0A0025730D0A50
:1054200000000000044C01086574000803002457C4
:10543000010839770008030030570108A167000808
:10544000000038570108397400080000445701086B
:10545000756700080F004C570108957B00080F0086
:10546000545701086968000808005C57010845673F
:1054700000080D0064570108A96A00080800705769
:1054800001084D660008040078570108D56500083A
:105490000700805701085965000807008857010870
:1054A00015650008070094570108D9640008080032
:1054B000A0570108996400080800AC570108D5639B
:1054C00000080300B4570108916300080300C057A7
:1054D0000108555E00080300CC570108055F00086D
:1054E0000E00D45701081D7900080F00DC57010891
:1054F0005D6300080B00E0570108C97E0008010049
:10550000DC4F01081D63000808009C4F0108B178BA
:1055100000080F00E45701080D8100080800EC574F
:105520000108357900080800F4570108ED820008E9
:105530000800FC570108B983000808000858010852
:1055400061690008070010580108E56200080F00B3
:1055500018580108255D00080700205801082D5E35
:105560000008070028580108015E000807003058AD
:105570000108CD6200080800385801089D62000843
:10558000080040580108496200080B00485801080B
:10559000156200080F0098570108D16100080F003C
:1055A00050580108B98400080F005C580108655D77
:1055B00000080F0064580108A9610008080070582D
:1055C0000108FD60000808007C580108CD60000853
:1055D00008008858010891600008000090580108F0
:1055E0006D6000080000985801085D600008000028
:1055F000A0580108418400080000A858010841840F
:1056000000080000B0580108AD5F00080800000065
:105610000000000000000000010027000000000062
:1056200000004F00000000000000770000000000B4
:1056300000009F00000000000000C7000000000004
:105640000000EF0000000000000017010000000053
:1056500000003F01000000000100000300002041A5
:105660000000E04001000102000020410000E04095
:10567000010300030000803F00000000010101025F
:105680000000B44200008040060504020100000052
:10569000E8560108F0560108F856010800570108BD
:1056A0000857010810570108145701081857010836
:1056B0001C5701080D0A4E616E6F564E412053680B
:1056C000656C6C0D0A00000063683E20000000005D
:1056D00025733F0D0A000000424DE0014001080122
:1056E00063683E200D0A00006C6F616400000000DA
:1056F0006F70656E0000000073686F7274000000C8
:10570000746872750000000069736F6C6E000000B1
:1057100045730000457200004574000063616C270A
:10572000656400007363616E5F62696E0000000073
:1057300064617461000000006672657175656E6376
:1057400069657300667265710000000073776565B6
:1057500070000000706F7765720000006F666673FE
:105760006574000062616E647769647468000000AB
:1057700074696D650000000073645F6C6973740088
:1057800073645F726561640073645F64656C657403
:105790006500000073617665636F6E66696700007F
:1057A000636C656172636F6E6669670064756D70C6
:1057B00000000000746F75636863616C0000000096
:1057C000746F75636874657374000000706175733D
:1057D00065000000726573756D6500006D7367008C
:1057E00063616C0074726163650000006D61726BCF
:1057F000657200006564656C617900007332316F19
:10580000666673657400000063617074757265008C
:105810006D656173757265007265667265736800A7
:10582000746F75636800000072656C656173650074
:1058300076626174000000007463786F00000000FD
:105840007265736574000000736D6F6F746800009B
:1058500075736172745F63666700000075736172CF
:1058600074000000766261745F6F66667365740031
:105870007472616E73666F726D0000007468726599
:1058800073686F6C6400000068656C700000000055
:10589000696E666F0000000076657273696F6E0056
:1058A0002A49444E3F0000002A69646E3F00000010
:1058B000636F6C6F7200000053313100533231005E
:1058C000426F6172643A204E616E6F564E412D48B0
:1058D00020340000323031392D3230323420436FE1
:1058E0007079726967687420404469536C6F7264A0
:1058F00020286261736564206F6E2040656479358D
:10590000353520736F757263652900004C696365D6
:105910006E73656420756E6465722047504C2E006E
:10592000202068747470733A2F2F676974687562E9
:105930002E636F6D2F4469536C6F72642F4E616ECE
:105940006F564E412D440000446F6E6174652073A4
:105950007570706F72743A0020205765624D6F6EDB
:1059600065793A205A333133383232383639313169
:105970003900000056657273696F6E3A20312E321D
:105980002E35372D7367205B703A3430312C204927
:10599000463A31326B2C204144433A3338346B2C35
:1059A000204C63643A343830783332305D00000084
:1059B0004275696C642054696D653A2041756720B1
:1059C00032382032303236202D2032313A31343ADA
:1059D000353400004172636869746563747572657B
:1059E0003A2041524D7637452D4D20436F72652048
:1059F00056617269616E743A20436F727465782DD6
:105A00004D344600506C6174666F726D3A20535489
:105A10004D333246333033784320416E616C6F67CB
:105A2000202620445350000073746172747C737498
:105A30006F707C63656E7465727C7370616E7C637D
:105A4000777C737465707C7661720000797C6D7C04
:105A5000647C687C6D696E7C7365637C70706D00BE
:105A6000B8580108BC5801082200200900000000B5
:105A700000000000000000FFFFFF01009065000033
:105A80000110110000000100000E27070120110085
:105A900000000100010000000204111100000100DB
:105AA0000084D7170208532314140100002B0C2381
:105AB00002065323141401000300000002045323C0
:105AC0001E1E010005000000020475233C3C01007D
:105AD00007000000020497334B4BFC000900000054
:105AE0000204B933505A8C010B0000000204DB336E
:105AF0005F5F100200000000000000FFFFFF0100D8
:105B000090650000010811000000010000E1F505AA
:105B1000012011000000010080A4BF07020811113C
:105B2000000001000095BA0A0206111100000100F0
:105B3000010000000204111100000100000B6B1BAA
:105B40000206531128283C000046C32302045311C7
:105B500028283C00030000000204531332323C00AA
:105B6000008C86470204752346468C000500000021
:105B70000204752346468C0000D2496B0204973319
:105B80004646FC0007000000020497334646FC002E
:105B900000180D8F0204B93355558C01090000001F
:105BA0000204B9335F5F8C010B0000000204CB33A9
:105BB0005F5F100200000000000000FFFFFF010017
:105BC000007D0000010611130000010080A4BF0742
:105BD000012811130000010001000000020411134C
:105BE00000000100002B0C230206531300003C00B0
:105BF000030000000204531300003C0005000000F5
:105C00000204753300008C00070000000204973383
:105C10002828FC00090000000204B93328288C0160
:105C20000B0000000204DB3328281002F45A01089C
:105C3000705A0108B45B0108108080802A323A0053
:105C40000203FF041080808002B7400203F80000C6
:105C50000000010104430591060C070B08400B826C
:105C60000C840D000E403C111282138414403D0739
:105C70001B4C1E880001010802010A333D00473217
:105C80007B01341036100000374000100C0000007B
:105C900037040004C0000000000051C2520000019F
:105CA0004C432D5345524945530000004F0002001C
:105CB0005300040044000100520040005300200043
:105CC00054008000740008005800100045000004D3
:105CD0000000000000000000C9A50008000000004E
:105CE000B4006801C6028C054808180B9213000026
:105CF00034004B0069009700B800D5001D01520028
:105D00007900B400F60048018A010D02A100DF000D
:105D10004801CB012E026F023403B8000D018A0145
:105D20002E02900213031A046901EC01B102F90377
:105D3000DF04A4059007000070600108D46F01081B
:105D4000DC6F0108E46F0108EC6F0108F46F0108D3
:105D5000257320254625732F00000000257320257C
:105D6000302E3166465300002520362E3346000083
:105D7000180000004D256400172571487A000000C6
:105D80002571487A000000001725642D25643A002B
:105D900025632571487A0000254673202825466D25
:105DA000290000004D25643A000000002563456489
:105DB000656C61793A20254673202825466D2900B7
:105DC000533231206F66667365743A20252E334650
:105DD00064420000256325732025313571487A001F
:105DE00043570000535441525400000053544F5045
:105DF0000000000043454E54455200005350414EB0
:105E000000000000535441525420307320202020C1
:105E10005646203D202564252500000053544F5050
:105E200020254673202825466D29000042573A2533
:105E300075487A202575700050256300732564002D
:105E40004C6F772D7369646500486967682D7061D0
:105E5000737300486967682D73696465004C6F77D8
:105E60002D70617373005332312046494C544552B2
:105E700000663A20252E3646487A20282546644278
:105E80002900427720282D25646442293A20252EB6
:105E90003646487A00513A2025460066282D25646A
:105EA000293A00526F6C6C3A004C2F43206D61749C
:105EB000636820666F7220736F75726365205A3055
:105EC000203D2025302E31661E004E6F204C432091
:105ED0006D6174636820666F722074686973004E28
:105EE0006F206E65656420666F72204C43206D6183
:105EF00074636800537263207368756E7400536531
:105F000072696573004C6F6164207368756E74000C
:105F1000533131204341424C45005A30203D202529
:105F2000461E005646203D20252E32662525202877
:105F30004C656E677468203D2025466D29004C65D0
:105F40006E677468203D2025466D202856463D2505
:105F500064252529004C6F7373203D20254664423B
:105F600020617420252E3446487A00417474203D07
:105F700020254664422F3130306D20617420252E5B
:105F80003446487A00533131205245534F4E414EEA
:105F90004345002571487A2C202546252B6A461E4C
:105FA00000533131205357522042570066303A2077
:105FB000252E3646487A202853575220252E326601
:105FC000290025643A312020252E3446202D202515
:105FD0002E3446487A2020427720252E3346487AB0
:105FE0000025643A31202065646765206F6666206D
:105FF000737765657000513A20252E316600513A5D
:10600000202D2D2D00254664422F64656300254612
:1060100064422F6F6374004E6F7420666F756E64F8
:106020000046733D2571487A004C6D3D2546482059
:1060300020436D3D2546462020526D3D25461E00DD
:10604000513D252E33660046703D2571487A20204B
:1060500017463D25640043703D254646000000007C
:10606000000040400000C040000020410000A0416E
:106070004D414E55414C000041444D4954000000F3
:1060800014120200481A0200C0330700184F07001C
:1060900040771B00389C1C00E067350020753800F5
:1060A000009E3900C0FB3900C0CF6A00A0636F00BA
:1060B000201D9A0070E09A00809FD500B0F6DA00AB
:1060C00020B21301C0381501406F4001104D470147
:1060D00090CA7B0130517D01003FAB01A02FC5016B
:1060E00080F0FA0280F9370300449508004DD20889
:1060F0008047A1198074D21A00E6E849006D7C4DF2
:1061000014120200481A0200C0330700184F07009B
:1061100040771B0080841E00E067350000093D00C9
:1061200044565100C07E5200C0CF6A00A0636F0089
:10613000201D9A0070E09A00809FD500B0F6DA002A
:1061400020B21301C0381501406F4001104D4701C6
:1061500090CA7B0130517D01003FAB01A02FC501EA
:1061600080F0FA0280F9370300449508004DD20808
:1061700080733B0D403A690D8047A1198074D21A93
:10618000806DC3350028503700E6E849006D7C4D2E
:1061900014120200481A0200C0330700184F07000B
:1061A000509E1B0080841E00E0673500C0FB390054
:1061B0004CA85100E4E25100C0CF6A0000DD6D0040
:1061C000201D9A0070E09A00809FD500B0F6DA009A
:1061D00020B21301C0381501406F4001104D470136
:1061E00090CA7B0130517D01003FAB01A02FC5015A
:1061F00080F0FA02007519030044950880C8B308BE
:106200008047A11900DE391A00E6E849006D7C4D8F
:1062100014120200481A0200C0330700184F07008A
:10622000509E1B0080841E00E0673500C0FB3900D3
:106230004CA85100E4E25100C0CF6A0000DD6D00BF
:10624000201D9A0070E09A00809FD500B0F6DA0019
:1062500020B21301C0381501406F4001104D4701B5
:1062600090CA7B0130517D01003FAB01A02FC501D9
:1062700080F0FA0200751903801D2C04A0BE3304BF
:106280000044950880C8B3088047A11900DE391A78
:1062900000E6E849006D7C4D14120200481A020025
:1062A000C0330700184F070040771B0080841E0092
:1062B000E067350000093D0044565100C07E5200A1
:1062C000C0CF6A00A0636F00201D9A0070E09A00A2
:1062D000809FD500B0F6DA0020B21301C038150156
:1062E000406F4001104D470190CA7B0130517D0144
:1062F000003FAB01A02FC50180F0FA0280F93703FF
:1063000000449508004DD20880733B0D403A690D5A
:1063100000B108198074D21A806DC3350028503737
:1063200000E6E849006D7C4D14120200481A020094
:10633000C0330700184F070040771B0080841E0001
:10634000E067350060823B004CA85100E4E2510058
:10635000C0CF6A0000DD6D00201D9A0070E09A0039
:10636000809FD500B0F6DA0020B21301C0381501C5
:10637000406F4001104D470190CA7B0130517D01B3
:10638000003FAB01A02FC50180F0FA0280F937036E
:1063900000449508004DD2088047A11900DE391A43
:1063A00000E6E849006D7C4D14120200481A020014
:1063B000C0330700184F070040771B00509E1B009A
:1063C000E8D81B00389C1C00E067350060A0360050
:1063D000B0E0370058423800F07C3800A0B33800F5
:1063E000E82439009086390098D83900480F3A00DF
:1063F000C0CF6A0000DD6D00201D9A0070E09A0099
:10640000809FD500B0F6DA0020B21301C038150124
:10641000406F4001104D470190CA7B0130517D0112
:10642000003FAB01A02FC50180F0FA0280F93703CD
:106430000044950880C8B3088047A11900DE391AC6
:1064400000131A4B006D7C4D14120200481A020012
:10645000C0330700184F0700509E1B0080841E00A9
:10646000E0673500C0FB3900043D5000247F520036
:10647000C0CF6A0000DD6D00201D9A0070E09A0018
:10648000809FD500B0F6DA0020B21301C0381501A4
:10649000406F4001104D470190CA7B0130517D0192
:1064A000003FAB01A02FC50180F0FA02007519036F
:1064B000801D2C04A0BE33040044950880C8B30896
:1064C0008047A11900DE391A00E6E84940E5F94E97
:1064D00014120200481A0200C0330700184F0700C8
:1064E00040771B0080841E00E067350000093D00F6
:1064F00044565100C07E5200C0CF6A00A0636F00B6
:10650000201D9A0070E09A00809FD500B0F6DA0056
:1065100020B21301C0381501406F4001104D4701F2
:1065200090CA7B0130517D01003FAB01A02FC50116
:1065300080F0FA0280F9370300449508004DD20834
:1065400080733B0D403A690D00B108198074D21A6E
:10655000806DC3350028503700E6E849006D7C4D5A
:1065600001020302020101030300000000700108A0
:10657000106201081100000008700108986201080B
:1065800012000000107001082863010810000000CC
:1065900018700108D0640108120000001C70010886
:1065A000006101081200000024700108486401081D
:1065B000110000002870010890610108100000001F
:1065C00030700108A8630108140000003870010849
:1065D0008060010810000000FB00051F064000005D
:1065E000F865010821000000846701081F00000011
:1065F000F86801082100000014120200B818020017
:1066000000000000B8180200481A02000100000053
:10661000C0330700783F070000000000783F070004
:10662000184F070001000000509E1B00B00B1C001B
:1066300000000000B00B1C00381F1C00010000000F
:10664000381F1C0080841E0002000000E067350037
:1066500050793600000000005079360080EE360098
:106660000100000080EE3600C0FB3900020000008F
:106670004CA8510010B251000000000010B25100AF
:10668000F0E0510002000000F0E05100E4E25100AF
:1066900001000000C0CF6A00006C6B000000000029
:1066A000006C6B0010936B000100000010936B00F6
:1066B00000DD6D0002000000201D9A0050929A003B
:1066C0000000000050929A0070E09A000100000063
:1066D000809FD500F0B0D60000000000F0B0D600DA
:1066E000082AD70001000000082AD700B0F6DA0017
:1066F0000200000020B21301981B140100000000EA
:10670000981B1401185A140101000000185A1401B2
:10671000C038150102000000406F4001B080410107
:1067200000000000B080410118BD420101000000DE
:1067300018BD4201104D47010200000090CA7B01C4
:10674000382C7C0100000000382C7C01B86A7C01E8
:1067500001000000B86A7C0130517D010200000098
:10676000003FAB017050AC01000000007050AC0164
:10677000E8ADAE0101000000E8ADAE01A02FC501FB
:106780000200000014120200B8180200000000000D
:10679000B8180200481A020001000000C0330700C8
:1067A000783F070000000000783F0700184F0700FF
:1067B0000100000040771B00509E1B0001000000FC
:1067C000509E1B0080131C000000000080131C0062
:1067D00080841E0002000000E0673500507936001A
:1067E000000000005079360080EE36000100000005
:1067F00080EE360000093D000200000044565100C2
:10680000C07E520002000000C0CF6A00006C6B0026
:1068100000000000006C6B00B8776B000100000006
:10682000B8776B00A0636F0002000000201D9A0083
:1068300050929A000000000050929A0070E09A0076
:1068400001000000809FD500F0B0D60000000000DD
:10685000F0B0D600082AD70001000000082AD700AF
:10686000B0F6DA000200000020B21301981B1401F8
:1068700000000000981B1401185A140101000000C8
:10688000185A1401C038150102000000406F400181
:10689000B080410100000000B080410118BD4201FC
:1068A0000100000018BD4201104D47010200000028
:1068B00090CA7B01382C7C0100000000382C7C0140
:1068C000B86A7C0101000000B86A7C0130517D018A
:1068D00002000000003FAB017050AC01000000005E
:1068E0007050AC01E0D2AF0101000000E0D2AF0176
:1068F000A02FC5010200000014120200B818020007
:1069000000000000B8180200481A02000100000050
:10691000C0330700783F070000000000783F070001
:10692000184F07000100000040771B00B00B1C004F
:1069300000000000B00B1C00381F1C00010000000C
:10694000381F1C0080841E0002000000E067350034
:1069500050793600000000005079360080EE360095
:106960000100000080EE360060823B000200000063
:106970004CA8510010B251000000000010B25100AC
:10698000F0E0510002000000F0E05100E4E25100AC
:1069900001000000C0CF6A0068316B0000000000F9
:1069A00068316B0078586B000100000078586B006C
:1069B00000DD6D0002000000201D9A0050929A0038
:1069C0000000000050929A0070E09A000100000060
:1069D000809FD500F0B0D60000000000F0B0D600D7
:1069E000082AD70001000000082AD700B0F6DA0014
:1069F0000200000020B21301981B140100000000E7
:106A0000981B1401185A140101000000185A1401AF
:106A1000C038150102000000406F4001B080410104
:106A200000000000B080410118BD420101000000DB
:106A300018BD4201104D47010200000090CA7B01C1
:106A4000382C7C0100000000382C7C01B86A7C01E5
:106A500001000000B86A7C0130517D010200000095
:106A6000003FAB017050AC01000000007050AC0161
:106A7000E0D2AF0101000000E0D2AF01A02FC501BC
:106A80000200000025342E324625630000007FC03E
:106A90007FC07FC07FC07FC07FC07FC07FC07FC0FE
:106AA0003F801F000E00040004000E001F003F8006
:106AB0007FC07FC07FC07FC07FC07FC07FC07FC0DE
:106AC0007FC00000FFE0802086208E209620862058
:106AD00086208620862086204F40208011000A00D4
:106AE0000A001100208046408E20962086208620B5
:106AF0008620862086208F208020FFE0FFE08020F7
:106B00008F2099A099A081A083208E209820982082
:106B10005F40208011000A000A00110020804F40D1
:106B200099A099A081A083208E20982098209FA0D2
:106B30008020FFE0FFE080209F20B1A0B1A081A0D5
:106B4000872081A0B1A0B1A05F40208011000A0081
:106B50000A00110020805F40B1A0B1A081A0872071
:106B600081A0B1A0B1A09F208020FFE0FFE08020A5
:106B7000832087208F209B20B320B320BFA08320B9
:106B80004340208011000A000A0011002080434089
:106B900087208F209B20B320B320BFA08320832099
:106BA0008020FFE0FFE08020BFA0B020B020BF2009
:106BB000B1A081A081A0B1A05F40208011000A0097
:106BC0000A00110020804040BFA0B020BF20B1A02B
:106BD00081A081A0B1A09F208020FFE0FFE0802065
:106BE0009F20B1A0B020B720B9A0B1A0B1A0B1A0A2
:106BF0005F40208011000A000A00110020805F40E1
:106C0000B1A0B020B720B9A0B1A0B1A0B1A09F2081
:106C10008020FFE0FFE08020BFA0B1A081A0832002
:106C200086208C208C208C204C40208011000A0073
:106C30000A00110020804040BFA0B1A081A08320A5
:106C400086208C208C208C208020FFE0FFE080209C
:106C50009F20B1A0B1A09F20B1A0B1A0B1A0B1A0D0
:106C60005F40208011000A000A00110020805F4070
:106C7000B1A0B1A09F20B1A0B1A0B1A0B1A09F20B0
:106C80008020FFE0006E0108046E010889AA000858
:106C900055980008106E0108146E010825A9000817
:106CA00055980008246E0108D47301081D96000849
:106CB000259600082C6E0108346E010875960008B0
:106CC000CDAD00083C6E0108446E010875960008C1
:106CD000CDAD0008506E0108586E010819A80008D3
:106CE0008DA80008606E0108686E010819A80008E8
:106CF000B9A80008746E0108346E010855A8000890
:106D0000B9A80008806E0108446E010855A8000863
:106D1000B9A800088C6E0108346E01084DB0000857
:106D2000A5AD0008986E0108446E01084DB000083A
:106D3000A5AD0008A46E0108346E010865A800081E
:106D400001A90008B06E0108446E010865A800089A
:106D500001A9000806000100E900010006000C007E
:106D6000E9000C0006001700E900170006002200E9
:106D7000E900220000000000000000000000000008
:106D80000003000009A70008F9AD00080201000097
:106D9000AD9D000865B4000802010000AD9D00082B
:106DA00065B4000802010000AD9D000865B400084C
:106DB00002010000019C0008DDA30008010300009F
:106DC000219A000815BC00080103000091A10008E9
:106DD0008DBA000801030000ED9800088DAB000893
:106DE0004C432D5348554E54005854414C2D534557
:106DF0005249455300000000C0F0FCF0C000000004
:106E00004C494E00252E326620252B2E31661F0060
:106E10004C4F4700252E3166644220252B2E3166CB
:106E20001F0000005265202B20496D0052202B20AE
:106E30006A5800002546252B6A461E0052202B204A
:106E40004C2F430025461E202546256300000000E8
:106E500047202B206A4200002546252B6A46530016
:106E600047202B204C2F43002546532025462563E1
:106E7000000000005270202B206A587000000000B3
:106E80005270202B204C2F4300000000522B6A58D8
:106E9000205348554E540000522B4C2F432053484A
:106EA0002E2E0000522B6A5820534552494553005C
:106EB000522B4C2F43205345522E2E004C4F474D02
:106EC00041470000252E32662573000017252E331A
:106ED00066257300504841534500000017252E32A7
:106EE00066257300252E344625730000534D495402
:106EF00048000000504F4C41520000004C494E45A4
:106F00004152000017252E34462573005357520076
:106F1000252E3366257300005245414C00000000C9
:106F2000252E36662573000017252E35662573003D
:106F3000494D414700000000252E36666A25730042
:106F400017252E35666A257300000000252E33466E
:106F50002573000017252E33462573001E00000000
:106F60007C5A7C005A20706861736500252E31665A
:106F700025730000470000007C597C00527000001F
:106F80005870000043730000460000004C7300007E
:106F9000437000004C70000051000000252E346644
:106FA000257300005273657200000000587365720B
:106FB000000000007C5A7365727C00005273680008
:106FC000587368007C5A73687C0000005357522045
:106FD000414E54004C4D522D3430300052472D322A
:106FE0003133000052472D385800000052472D35EC
:106FF0003800000052472D3137342F33313600002E
:1070000049415255205231004941525520523200D7
:1070100049415255205233005553410043414E419E
:1070200044410000554B00004745524D414E590028
:107030004A4150414E0000004155535452414C4981
:10704000410000000000004000004040BC6E01080C
:10705000C46E0108CC6E0108D05D01080000E0405C
:107060000000204125A90008D46E0108C46E010863
:10707000DC6E0108206E0108000080400000B44270
:1070800055980008AC8D0108E46E0108E46E010813
:10709000608E0108000080405F708930E197000831
:1070A000EC6E01080000000000000000EC4C01083C
:1070B000000000000000803F00000000F46E0108A6
:1070C0000000000000000000EC4C0108000000007F
:1070D0000000803F00000000FC6E0108E46E010823
:1070E000046F0108EC4C0108000000000000003EA5
:1070F00089AA00080C6F0108106F0108CC6E010806
:10710000EC4C0108000000000000803EA1AA00082D
:10711000186F0108206F0108286F0108EC4C010866
:10712000000080400000803E1D960008306F01087E
:10713000386F0108406F0108EC4C010800008040E6
:107140000000803E25960008F86E01084C6F01088B
:10715000546F01085C6F0108000000000000C84285
:1071600075960008E86F01084C6F0108546F01081C
:107170005C6F0108000080400000C842CDAD0008EF
:10718000606F01084C6F0108546F01085C6F0108C3
:1071900000000000000048423DAA0008646F01089A
:1071A0006C6F0108DC6E0108206E01080000804051
:1071B0000000B44269A90008746F01084C6F01080F
:1071C000546F0108208A0108000000000AD7233C00
:1071D00019A80008C88901084C6F0108546F0108FC
:1071E000208A0108000080400AD7233C8DA80008AF
:1071F000786F01084C6F0108546F0108208A01085C
:10720000000000000AD7A33C79AA00087C6F01089F
:107210004C6F0108546F01085C6F0108000000000A
:107220000000C84255A80008806F01084C6F010893
:10723000546F01085C6F0108000080400000C842E4
:10724000B9A80008846F0108E46E0108046F010802
:10725000886F01080000804077CC2B3229B00008ED
:107260008C6F0108E46E0108046F0108DC8C0108D2
:107270000000804077CC2B320DB00008906F0108E1
:10728000E46E0108046F0108886F01080000804067
:1072900077CC2B32E5A80008946F0108E46E010852
:1072A000046F0108DC8C01080000804077CC2B3291
:1072B000C9A80008986F01089C6F0108CC6E0108EE
:1072C000EC4C0108000000000000204115AA000855
:1072D000A46F01084C6F0108546F01085C6F01082E
:1072E000000080400000C84265A80008AC6F01089B
:1072F0004C6F0108546F01085C6F0108000080406A
:107300000000C84201A90008B46F01084C6F0108D1
:10731000546F01085C6F0108000080400000C84203
:10732000A9A90008BC6F01084C6F0108546F01083F
:107330005C6F0108000080400000C8424DB00008AA
:10734000C06F01084C6F0108546F01085C6F0108A1
:10735000000080400000C842A5AD0008C46F0108CD
:107360004C6F0108546F01085C6F010800008040F9
:107370000000C842E1A90008986F01089C6F01084D
:10738000CC6E0108EC4C0108000000000000204118
:1073900089A90008CC6F0108106F0108CC6E0108A4
:1073A000EC4C0108000000000000803E29B30008FA
:1073B000736574204341424C45204C454E47544828
:1073C00000000000736574204341424C45204C4F3F
:1073D000535300002546252B6A460000424D7AB0E3
:1073E0000400000000007A0000006C000000E001D2
:1073F000000040010000010010000300000000B088
:107400000400C40E0000C40E0000000000000000D4
:10741000000000F80000E00700001F00000000006E
:10742000000042475273000000000000000000000E
:10743000000000000000000000000000000000004C
:10744000000000000000000000000000000000003C
:10745000000000000000000054002C0172001435F0
:107460001A012C019C00144AB6012C012A001411A7
:1074700000002C012A00140A2A002C012A00140AF8
:1074800000000000A0001E064E45570044454C0079
:107490003C003E0058004E4F2043415244004552AC
:1074A000524F52002E2E002D202575207C20257550
:1074B000202D004E6F7420656D7074790044454C2A
:1074C00045544520464F4C4445520025732F2573A3
:1074D00000000000FFC0804080408040804080402D
:1074E0008040804080408040FFC0FFC0802080609E
:1074F00080C08180A340B6409C4088408040FFC04F
:1075000000001E002100408080408040804080407C
:10751000408021001E0000001E0021004C809E4083
:10752000BF40BF409E404C8021001E00FFE08020F5
:107530008FA099A0B1A0B1A0BFA0B1A0B1A08020A0
:10754000FFE0FFE08020B1A0B1A0BBA0BFA0B5A02C
:10755000B5A0B1A08020FFE00103020104020806EB
:1075600010040000AC91010865E4000811E3000874
:1075700000000000B091010865E4000811E3000874
:1075800000000000B4910108A5E200087507010899
:1075900003000000C0910108E1E1000861DF00087C
:1075A00003000000BC910108310801082D04010806
:1075B00003000000E057010895DE0008C9DE00085E
:1075C00000000000C49101087DDE000800000000FA
:1075D00000000000C89101080000000019DE00084A
:1075E00000000000D09101080000000029F300080D
:1075F000040000001092010818920108209201086E
:10760000544F554348202573202A00544F500042C0
:107610004F54544F4D0025730A200219252E34462D
:107620002573004341424C45204C454E4754480089
:107630006D00452D44454C415920532564310A20A5
:107640000219252E37467300416C726561647920FA
:10765000657869737473004661696C004E45572004
:10766000464F4C444552004A4F4720535445500A18
:10767000200219252E3371487A0052454620504F7A
:10768000534954494F4E0025730A200219252E34C0
:1076900046005343414C450025730A200219252E0C
:1076A000344625732F446976004A4F47205354458A
:1076B000500A200219254673000000000000000057
:1076C00078004800000060003000300010770108AA
:1076D0008079010808790108EC76010834770108FF
:1076E00058770108E47801082C7901081000130A82
:1076F0000300020112022203010411052106000702
:1077000010082009320B3315230C30FF31FF000025
:107710001000130A030002011202220301041105E2
:107720002106000710082009300F310E320D3314E6
:10773000230C00001000130A0300020112022203AE
:10774000010411052106000710082009301131102D
:10775000320B3315230C00001000130A0300020142
:107760001202220301041105210600071008200956
:107770003110320D3314230C30FF00000000E45DA3
:107780000108611F01080001EC5D0108611F01088B
:107790000002F45D0108611F01080003FC5D01089F
:1077A000611F0108000474890108611F01080005B8
:1077B0007C890108611F0108000688890108611F92
:1077C00001080100948901082920010804000B76B2
:1077D00001085D1C010806000B7601085D1C01080C
:1077E00004010F7601085D1C010806010F760108EF
:1077F0005D1C0108010C92760108651D0108060D4B
:1078000092760108651D010803007A760108C51DFE
:10781000010806009C890108111E010806008889DC
:107820000108191C01080300A4890108691E010848
:107830000200B08901080D2001080100BC8901087F
:10784000891E0108050023760108BD1E01080000FD
:10785000CC890108F11F01080000D8890108D91F4F
:1078600001080100E4890108C11F01080100F08935
:1078700001081D1F01080119FC89010885EF000896
:10788000011A108A010885EF00080300248A010804
:10789000391F010807002C8A01088510010807011B
:1078A000308A0108851001080702D37F010885107E
:1078B00001080703348A0108851001080704BF790D
:1078C0000108851001080705288A010885100108AC
:1078D0000706388A01088510010807003C8A01085C
:1078E000ED0A01081000130A03000201120222032C
:1078F000010411052106000710082009301131127A
:107900003213330B230C00001000130A0300020192
:1079100012022203010411052106000710082009A4
:107920003316230C30FF31FF32FF000028010031F5
:10793000103220333034403550366037703880395B
:1079400090300151115721453152415451596155DF
:107950007149814F915002411253224432464247AD
:107960005248624A724B824C925F032D135A23583D
:10797000334343565342634E734D831A93160000AC
:107980001000130A03000201120222030104110570
:1079900021060007100820093315230C30FF31FFA2
:1079A00032FF466F726D6174206572720025642F1C
:1079B000256400556E737570706F72746564205025
:1079C0004E470089504E470D0A1A0A004948445252
:1079D00000504C544500545241434520256400005A
:1079E0000200A491010855F9000800000000000001
:1079F0000000000003000892010839D800080301C4
:107A00000892010839D8000803030892010839D800
:107A10000008030B0892010839D8000803270892D0
:107A2000010839D8000803830892010839D80008F2
:107A3000000000000000E079010842524947485424
:107A40004E45535320253364252520001A205553D5
:107A500045204C4556454C455220425554544F4EB6
:107A6000201B00000100648A0108D07A010803008D
:107A70006090010851FD000801006C900108288405
:107A80000108030074900108C1EC000802007C901A
:107A9000010819D5000803008490010899E700083F
:107AA00003008C90010879E7000800000000000046
:107AB000E079010843414C3A202564700A20252EC4
:107AC0003646487A0A20252E3646487A00000000BD
:107AD0000301D49001083DED00080302DC90010889
:107AE0003DED00080300E49001083DED00080304AB
:107AF000EC9001083DED00080303F49001083DED12
:107B000000080200FC900108C9FE0008020104916F
:107B10000108C9FE0008000000000000E07901082B
:107B200053313120285245464C2900533231202808
:107B3000544852552900000002042C8C01082115DC
:107B40000108000000000000E079010802009C8AA2
:107B50000108211501080201A88A01082115010860
:107B60000100B48A0108507C01080203C48A01089C
:107B7000211501080100D08A0108307C01080202A9
:107B8000DC8A0108211501080300E48A0108D9EE06
:107B900000080100FC8A0108F083010800000000D1
:107BA0000000E07901084E616E6F564E412D48206D
:107BB0003400534E3A20253038782D253038782D32
:107BC000253038782028257329005443584F203D0C
:107BD000202571487A2028257329000216496E2035
:107BE0006D656D6F7279206F66204D61796102015C
:107BF0000054696D653A203230253032642F2530CB
:107C000032642F2530326420253032643A253032F8
:107C1000643A2530326420284C53256329004261A0
:107C200074743A2025642E25303364560000000019
:107C30000302408C01086D1701080300548C0108F1
:107C4000C5FC0008000000000000E0790108000009
:107C50000316088B0108A903010803151C8B0108F2
:107C6000A903010803172C8B0108A90301080300CD
:107C7000408B0108DDFC00080306548B01086D17DA
:107C800001080307648B01086D1701080100748B5C
:107C90000108F47C010801007C8B0108AC7C010820
:107CA000000000000000E079010800000300C88B1C
:107CB0000108A1EE00080308D48B01086D17010824
:107CC000030BE48B01086D1701080206F48B010811
:107CD000090E01080207048C01089518010801002B
:107CE0001C8C0108387B0108000000000000E079CE
:107CF000010800000200688C010809170108000053
:107D000000000000E07901080300248E010889FCCE
:107D1000000801002C8E0108687E01080100408ED9
:107D20000108F47E01080300548E010899E500085B
:107D3000010092760108848401080100648E010824
:107D4000A08701080300708E01080DFD00080100E6
:107D5000888E0108F8850108000000000000E07925
:107D6000010800000304F46E0108E9FE00080305A1
:107D7000FC6E0108E9FE00080307186F0108E9FE20
:107D800000080308306F0108E9FE00080316A08F01
:107D90000108E9FE0008030DAC8F0108E9FE0008A8
:107DA000030EB88F0108E9FE0008030F786F010881
:107DB000E9FE000801007C8B0108C87D0108000075
:107DC00000000000E0790108030CC48F0108E9FEFF
:107DD00000080312CC8F0108E9FE00080313D88FB6
:107DE0000108E9FE00080310E48F0108E9FE00081D
:107DF0000311F08F0108E9FE00080314FC8F01084D
:107E0000E9FE0008031508900108E9FE00080000DB
:107E100000000000E0790108039714900108E9FED2
:107E20000008039820900108E9FE000803992C90AF
:107E30000108E9FE0008039A38900108E9FE0008ED
:107E4000039B40900108E9FE0008039C489001084C
:107E5000E9FE0008039DA08F0108E9FE000800006C
:107E600000000000E07901080300BC6E0108E9FE93
:107E700000080301D46E0108E9FE00080302AC8D7E
:107E80000108E9FE00080303EC6E0108E9FE0008A2
:107E900003060C6F0108E9FE0008031ECC6F010801
:107EA000E9FE000803135C8F0108A9030108030021
:107EB000748F010809EE0008031423760108A90352
:107EC00001080309888F0108E9FE0008030A948F5E
:107ED0000108E9FE0008030B606F0108E9FE0008D5
:107EE00001007C8B0108647D010800000000000097
:107EF000E07901080380BC6E0108E9FE00080381F7
:107F0000D46E0108E9FE00080382AC8D0108E9FE89
:107F100000080383EC6E0108E9FE00080384F46E98
:107F20000108E9FE00080385FC6E0108E9FE00086F
:107F30000387186F0108E9FE00080388306F010805
:107F4000E9FE000801007C8B0108187E0108000092
:107F500000000000E079010825730A02192573006A
:107F600003005D7F01085DD8000803015D7F010803
:107F70005DD8000803025D7F01085DD80008030397
:107F80005D7F01085DD8000803045D7F01085DD8AE
:107F9000000803055D7F01085DD8000803065D7FCA
:107FA00001085DD8000803075D7F01085DD800085F
:107FB00003085D7F01085DD8000803095D7F0108A3
:107FC0005DD80008000000000000E0790108544975
:107FD000464600424D50000001007C8C0108108193
:107FE000010803008C8C010849EE000802FF9C8CFC
:107FF0000108EDE500080201AC8C0108EDE5000880
:108000000100BC8C0108208001080300C88C010815
:1080100031E70008000000000000E07901080000DE
:108020000200848D0108D1EA000802018C8D01084C
:10803000D1EA00080202948D0108D1EA0008020387
:10804000A08D0108D1EA00080206A88D0108D1EA36
:108050000008000000000000E079010803005D7FD7
:108060000108E5FF000803015D7F0108E5FF000846
:1080700003025D7F0108E5FF000803035D7F01083F
:10808000E5FF000803045D7F0108E5FF0008030524
:108090005D7F0108E5FF000803065D7F0108E5FF3D
:1080A000000803075D7F0108E5FF000803085D7F06
:1080B0000108E5FF0008000000000000E079010869
:1080C00003005D7F0108E5FF000803015D7F0108F3
:1080D000E5FF000803025D7F0108E5FF00080309D2
:1080E0005D7F0108E5FF0008030A5D7F0108E5FFE9
:1080F0000008030B5D7F0108E5FF0008030C5D7FAE
:108100000108E5FF0008000000000000E079010818
:108110000300B48D01088DD500080301B48D01085A
:108120008DD500080302B48D01088DD50008030326
:10813000B48D01088DD500080304B48D01088DD5D8
:1081400000080305B48D01088DD500080306B48D21
:1081500001088DD500080307B48D01088DD50008EE
:108160000200C08D010859D500080300C88D010820
:10817000F5E70008000000000000E07901080000B9
:10818000030022840108E9F800080301D48C0108E7
:10819000E9F800080306E08C0108E9F80008030785
:1081A000F08C0108E9F800080308048D0108E9F8DB
:1081B00000080302148D0108E9F800080303248D68
:1081C0000108E9F800080304388D0108E9F80008FF
:1081D00003054C8D0108E9F80008000000000000CC
:1081E000E0790108030022840108E9F80008030689
:1081F000E08C0108E9F8000803126C8D0108A9035E
:108200000108031423760108A903010800000000F7
:108210000000E07901080000030022840108E9F869
:10822000000803054C8D0108E9F800080000000073
:108230000000E07901080000030022840108E9F849
:1082400000080301D48C0108E9F8000800000000D0
:108250000000E07901080000030022840108E9F829
:1082600000080307F08C0108E9F80008000000008E
:108270000000E07901080000030022840108E9F809
:1082800000080302148D0108E9F800080303248D97
:108290000108E9F800080304388D0108E9F800082E
:1082A00003185C8D0108A90301080000000000000C
:1082B000E0790108030022840108E9F800080308B6
:1082C000048D0108E9F80008000000000000E079D2
:1082D000010800000300D891010881D900080301BA
:1082E000D891010881D900080302D891010881D9E9
:1082F00000080303D891010881D900080304D8912C
:10830000010881D900080305D891010881D9000826
:108310000306D891010881D900080307D891010804
:1083200081D90008000000000000E07901085041F8
:1083300055534500524553554D45000003FFF08D00
:1083400001085DD900080300E09101085DD900082B
:108350000301E09101085DD900080302E0910108E2
:108360005DD900080303E09101085DD90008000011
:1083700000000000E0790108504F574552021920D3
:108380002025756D410000000205A0900108951898
:1083900001080300B490010855EC00080301B490F3
:1083A000010855EC00080302B490010855EC0008E0
:1083B0000303B490010855EC00080304B4900108CD
:1083C00055EC00080305B490010855EC00080306BD
:1083D000B490010855EC0008000000000000E079AE
:1083E0000108252E3646487A0A252E3646487A0058
:1083F0000319848B0108A9030108031A908B010853
:10840000A9030108031B9C8B0108A90301080300B1
:10841000B48B01084DE70008000000000000E0797F
:1084200001084F46460000000205C0900108090EF1
:1084300001080300B49001085DF900080301B4903D
:1084400001085DF900080302B49001085DF9000815
:108450000303B49001085DF900080304B490010817
:108460005DF900080305B49001085DF900080306F2
:10847000B49001085DF90008000000000000E079F8
:10848000010800000300248E010849E500080200ED
:10849000088F010841E9000803080B760108D90399
:1084A0000108030A0F760108D9030108030C92762C
:1084B0000108D9030108030E7A760108D9030108DF
:1084C000030F9C890108A90301080311148F0108F7
:1084D000A903010803042C8F01086D170108030587
:1084E000408F01086D17010803004C8F01082DFD16
:1084F0000008000000000000E07901080100E4909D
:1085000001084C850108020010910108090E0108BC
:1085100002011C910108090E0108020228910108BC
:10852000090E0108020534910108090E0108030033
:10853000489101086D170108030054910108B11713
:108540000108000000000000E079010802026891C3
:108550000108951801080200789101089518010892
:108560000201849101089518010802059091010803
:108570009518010802089C9101089518010800004F
:1085800000000000E07901080300648C01081DE68A
:1085900000080301648C01081DE600080302648CD6
:1085A00001081DE600080303648C01081DE60008AD
:1085B0000304648C01081DE600080305648C0108AF
:1085C0001DE600080306648C01081DE60008030789
:1085D000648C01081DE600080308648C01081DE690
:1085E00000080309648C01081DE600080000000073
:1085F0000000E079010800000301948E01086D1766
:1086000001080300A88E010825EE00080301B48EBE
:10861000010825EE00080302B48E010825EE0008CB
:108620000304B48E010825EE00080305B48E01088A
:1086300025EE00080306B48E010825EE00080000B0
:1086400000000000E07901080300E45D0108A903CF
:1086500001080301EC5D0108A90301080302F45DB0
:108660000108A90301080303FC5D0108A90301082F
:10867000030474890108A90301080305D08D0108CA
:10868000A90301080306E48D0108A90301080300FA
:10869000F88D0108ADFC0008030C0C8E01086D1765
:1086A0000108000000000000E0790108434C45414A
:1086B000520053544F5245000307E8910108A903A3
:1086C00001080300FC91010895D800080301FC9102
:1086D000010895D800080302FC91010895D800080C
:1086E0000303FC91010895D800080304FC910108DC
:1086F00095D80008000000000000E07901080000A3
:108700000100488A0108087D01080100508A01081B
:10871000D87F01080100588A010848860108010035
:10872000648A0108647A01080100708A010888835C
:1087300001080200788A0108F5FC00080100808A1F
:108740000108FC8401080100888A01084C7B0108AB
:108750000300908A010819E50008000000000000ED
:10876000000000000300D6790108A9ED000803010C
:10877000D6790108A9ED00080302D6790108A9ED10
:1087800000080303D6790108A9ED000803005490FE
:1087900001087DED0008000000000000E0790108FC
:1087A0000300B88E0108B9E700080302C88E01086B
:1087B0000DE700080304DC8E01080DE70008030044
:1087C000EC8E01080DE700080300F88E0108E9D2DD
:1087D000000803126C8D0108A903010800000000C5
:1087E0000000E07901084D4158494D554D004D4973
:1087F0004E494D554D004E4F524D414C000000002A
:1088000001000200030004000500070009000D003C
:108810001100190021003100410061008100C100F8
:108820000101810101020103010401060108010C9B
:10883000011001180120013001400160000000001A
:1088400001010202030304040505060607070808E0
:1088500009090A0A0B0B0C0C0D0D000003000400A3
:10886000050006000700080009000A000B000D00C3
:108870000F001100130017001B001F0023002B0026
:1088800033003B0043005300630073008300A300E8
:10889000C300E3000201000000000000000000002F
:1088A00001010101020202020303030304040404A0
:1088B0000505050500494441540049454E44000062
:1088C00033006500C9002D01910100002146696C4B
:1088D000652063726561746564206279204E616E03
:1088E0006F564E410D0A2320487A205320524920CA
:1088F000522035300D0A00002575202520662025E0
:1089000020660D0A000000002146696C6520637234
:108910006561746564206279204E616E6F564E41C8
:108920000D0A2320487A2053205249205220353006
:108930000D0A0000257520252066202520662025AB
:1089400020662025206620302030203020300D0A7F
:10895000000000004D4158494D554D004D494E49CC
:108960004D554D005A45524F0000000089504E476A
:108970000D0A1A0A435720465245510046524551A6
:1089800020535445500000004A4F4720535445504F
:1089900000000000504F494E54530000452D4445FF
:1089A0004C415900533231204F4646534554000044
:1089B00056454C4F43495459252500004341424CEC
:1089C00045204C4F53532064420000005443584FFD
:1089D0002032364D487A00005448524553484F4C97
:1089E00044000000424154204F4646534554000085
:1089F0004D45415355524520526C0000534554207B
:108A0000444154450A5959204D4D2044440000002A
:108A10005345542054494D450A4848204D4D205354
:108A2000530000005254432043414C005331500046
:108A3000533250005449460042494E004E45570AB1
:108A4000464F4C4445520000444953504C41590054
:108A50004D41524B455200005354494D554C5553CE
:108A60000000000043414C4942524154450000007F
:108A7000524543414C4C00004D4541535552450031
:108A80005344204341524400434F4E46494700005F
:108A900025730A535745455000000000544F554375
:108AA000482043414C000000544F55434820544552
:108AB000535400004558504552540A5345545449A4
:108AC0004E4753005341564520434F4E46494700B9
:108AD000434F4E4E454354494F4E00005645525366
:108AE000494F4E004252494748544E4553530A207D
:108AF0000219256425252525000000004441544520
:108B00002F54494D450000005448524553484F4C9E
:108B1000440A200219252E36710000005443584F94
:108B20000A200219252E36710000000056424154D9
:108B3000204F46465345540A20021925756D5600AC
:108B40004946204F46465345540A20021925644899
:108B50007A00000052454D454D4245520A5354415A
:108B600054450000464C49500A444953504C415921
:108B7000000000001B444655000000001B204D4F24
:108B80005245000053455420444154450000000024
:108B90005345542054494D45000000005254432091
:108BA00043414C0A200219252B622E336670706DEA
:108BB0000000000052544320353132487A0A204CDC
:108BC00065643220257300004D4F44450A20021988
:108BD00025730000534550415241544F520A200220
:108BE00019257300555342204445564943450A55BB
:108BF0004944000044554D500A4649524D57415290
:108C0000450000004C4F414420434F4D4D414E44E0
:108C10000A2053435249505400000000434C454140
:108C20005220434F4E46494700000000434C454107
:108C30005220414C4C0A414E442052455345540069
:108C4000434F4E4E454354494F4E0A200219257357
:108C50000000000053455249414C205350454544C3
:108C60000A20021925750000524553455420414EF3
:108C7000440A454E544552204446550053454C4500
:108C800043540A4D41524B45520000005345415256
:108C900043480A2002192573000000005345415241
:108CA00043480A201A4C454654000000534541529F
:108CB00043480A201B524947485400004F50455230
:108CC0004154494F4E530000545241434B494E4783
:108CD000000000004C2F43204D4154434800000049
:108CE0004341424C450A20285331312900000000FD
:108CF0005245534F4E414E43450A202853313129A6
:108D0000000000005357522042570A2028533131A7
:108D1000290000005348554E54204C430A20285344
:108D200032312900534552494553204C430A2028EB
:108D300053323129000000005345524945530A5827
:108D400054414C20285332312900000046494C54EC
:108D500045520A20285332312900000020526C204D
:108D60003D20021925622E34461E000056454C4F08
:108D70004349545920462E0A2002192564252525E9
:108D8000250000001B205354415254001B20535413
:108D90004F5000001B2043454E5445520000000038
:108DA0001B205350414E00001B20452D44454C4193
:108DB000590000004D41524B4552202564000000EF
:108DC000414C4C204F46460044454C544100000065
:108DD0004652455120535445500A200219256246F7
:108DE000487A00004A4F4720535445500A20021940
:108DF0004155544F00000000535745455020504FF7
:108E0000494E54530A200219257500004D5554450A
:108E1000204F55545055540A4F4E205041555345FC
:108E2000000000005452414345000000464F524D9F
:108E300041540A2053313120285245464C29000024
:108E4000464F524D41540A20533231202854485243
:108E5000552900004348414E4E454C0A2002192531
:108E6000730000005452414E53464F524D000000D3
:108E700049462042414E4457494454480A20021969
:108E80002575487A000000004441544120534D4F5D
:108E90004F544800534D4F4F54480A200219257330
:108EA0002061766700000000534D4F4F54480A4F31
:108EB00046460000782564005452414E53464F52B6
:108EC0004D0A2573000000004C4F5720504153536A
:108ED0000A494D50554C5345000000004C4F572057
:108EE000504153530A5354455000000042414E44F0
:108EF000504153530000000057494E444F570A2039
:108F000002192573000000004155544F205343417E
:108F10004C450000533231204F46465345540A20F9
:108F2000021925622E3346644200000053484F5711
:108F300020475249440A56414C5545530000000011
:108F4000444F5420475249440000000048414D20FE
:108F500042414E44530A2002192573004341424CBA
:108F600045204C4F53530A20021925622E33466484
:108F7000420000004341424C4520545950450A20CC
:108F80000219257300000000524553495354414EC5
:108F9000434500005245414354414E4345000000C3
:108FA0005120464143544F5200000000434F4E446D
:108FB000554354414E434500535553434550544146
:108FC0004E4345005A2050484153450053455249AD
:108FD0004553204300000000534552494553204C5F
:108FE00000000000504152414C4C454C20520000C2
:108FF000504152414C4C454C205800005041524188
:109000004C4C454C20430000504152414C4C454C87
:10901000204C0000534552494553205200000000A7
:1090200053455249455320580000000053455249CA
:109030004553207C5A7C00005348554E5420520022
:109040005348554E542058005348554E54207C5A8E
:109050007C0000002573205452414345000000006D
:10906000504F57455220204155544F0053415645CB
:109070000000000052414E47450000005245534554
:10908000540000004150504C59000000454E4841EA
:109090004E4345440A524553504F4E53450000003D
:1090A0004C4F41442046524F4D0A205344204341E7
:1090B00052440000456D7074792025640000000062
:1090C0005341564520544F0A2053442043415244B3
:1090D000000000004F50454E0000000053484F5222
:1090E000540000004C4F41440000000049534F4CD5
:1090F0004E0000005448525500000000444F4E45B9
:1091000000000000444F4E4520494E2052414D0082
:1091100053415645205331500000000053415645FD
:10912000205332500000000053435245454E5348EF
:109130004F540000534156450A43414C4942524165
:1091400054494F4E000000004155544F204E414DB0
:1091500045000000494D41474520464F524D41547E
:109160000A200219257300004C4F41440A53435210
:1091700045454E53484F54004C4F414420533150C5
:10918000000000004C4F41442053325000000000CA
:109190004C4F41442043414C000000004755494496
:1091A000450000001A204241434B0000733170001B
:1091B00073327000626D707C7469667C706E6700DB
:1091C0007469660062696E00636D647C6E7673001C
:1091D0006D647C74787400002564487A0000000097
:1091E0002575206D4100000053455420504F494ED5
:1091F00054530A20021925640000000025642070E1
:109200006F696E7400000000257520487A00000028
:1092100053693533353100004D5335333531000056
:10922000535743353335310049492A0008000000BF
:1092300007000001030001000000E001000001013F
:1092400003000100000040010000020103000300D0
:10925000000062000000030103000100000005801F
:1092600000000601030001000000020000001101DF
:109270000400010000006800000015010300010067
:1092800000000300000000000000080008000800C3
:10929000080049002A000800F78008002A00490059
:1092A00008004446553A204465766963652046695E
:1092B000726D7761726520557064617465204D6FC1
:1092C00064650A546F206578697420444655206DA2
:1092D0006F64652C20706C656173652072657365C1
:1092E000742064657669636520796F757273656C47
:1092F000662E0000F5F90008610E010851FE000815
:10930000F9FD0008791B0108E51A0108E1130108BD
:1093100065130108475549444553002020466169BB
:109320006C207772697465202000564E415F2530AD
:1093300036785F253036782E25730025732E2573F9
:109340000053442043415244205341564500555058
:10935000504552204C454654004C4F5745522052E0
:109360004947485400544F55434820544553543AB4
:1093700020445241472050414E454C2C20505245EC
:10938000535320425554544F4E20544F2046494E7B
:109390004953480025336420253364200000000031
:1093A000004B00000096000000E1000000C2010038
:1093B000008403000008070000100E0000201C00BD
:1093C00080841E00C0C62D00000000000004583C30
:1093D00001080004643C01080004000000000004CF
:1093E0000000000002040000000002040000000071
:1093F0000004000000001A07703C01082804843CA7
:109400000108000400000000000400000000000447
:10941000000000000004000001002800B00100B1BD
:10942000010AB40102B60302023BB701C6C002172B
:1094300015C10141C5030012803601283A0155517A
:1094400001FF1100290000002888E848FFFF000004
:1094500000000000900E493CB00AC93C2CC3163DE8
:109460002FFB483D742B7B3D05A9963D80B6AF3D53
:1094700036BDC83D2EBCE13D73B2FA3D86CF093EF4
:109480008340163EB6AB223EA2102F3ECF6E3B3E2F
:10949000C2C5473E0115543E135C603E7F9A6C3E48
:1094A000CCCF783EC07D823E938E883E229A8E3EFF
:1094B00031A0943E86A09A3EE59AA03E128FA63E29
:1094C000D47CAC3EEF63B23E2A44B83E4A1DBE3E59
:1094D00015EFC33E53B9C93ECA7BCF3E4136D53E98
:1094E00080E8DA3E4F92E03E7533E63EBBCBEB3E82
:1094F000EA5AF13ECBE0F63E275DFC3EE4E7003F52
:109500003D9C033F824B063F9BF5083F6B9A0B3F08
:10951000DA390E3FCDD3103F2A68133FD9F6153FF5
:10952000C07F183FC6021B3FD17F1D3FCBF61F3FB8
:109530009967223F25D2243F5636273F1594293F6D
:109540004AEB2B3FDE3B2E3FBB85303FC9C8323F45
:10955000F304353F233A373F4268393F3B8F3B3F67
:10956000F9AE3D3F67C73F3F70D8413F00E2433F00
:1095700003E4453F65DE473F12D1493FF8BB4B3F0F
:10958000029F4D3F1F7A4F3F3D4D513F4918533F7A
:1095900031DB543FE595563F5348583F6AF2593FF7
:1095A0001A945B3F532D5D3F05BE5E3F2146603FF1
:1095B00098C5613F5A3C633F59AA643F880F663F94
:1095C000D86B673F3CBF683FA7096A3F0C4B6B3FB6
:1095D0005E836C3F93B26D3F9ED86E3F73F56F3FD5
:1095E0000809713F5213723F4714733FDD0B743FFC
:1095F0000BFA743FC6DE753F07BA763FC58B773FDF
:10960000F853783F9812793F9DC7793F02737A3FAC
:10961000BE147B3FCDAC7B3F283B7C3FC9BF7C3F2A
:10962000AC3A7D3FCCAB7D3F24137E3FB0707E3F94
:109630006DC47E3F580E7F3F6D4E7F3FAB847F3FB2
:109640000FB17F3F98D37F3F43EC7F3F11FB7F3FBC
:049650000000803F57
:08965400E872FE7F0100000036
:10965C000040380000000800564E4F4364A3E1114F
:10966C00E02E00007C019902100E7A0D000082079A
:10967C00A401030000460000FFFF8410E73C00003B
:10968C00D69AFFE007FF07E0F81FF800001F1F0045
:10969C00F80087F0FFFF8410001FC6380000FFFFA2
:1096AC00FFFF630C1F00F800001800000000000012
:1096BC0000000000000000000096000080BA8C0141
:1096CC00000048420000000000000000C0580108E3
:1096DC00D45801080C5901082059010848590108AF
:1096EC005859010874590108B0590108D459010896
:1096FC00045A01080000000001003101D1012600CC
:10970C00808101083882010878820108788201087A
:10971C007882010818820108E48101085882010846
:10972C00B48201080087010800000000000000005E
:10973C000000000000000000FF000000DF5EF8FFEA
:04000005080001A14D
:00000001FF
