:020000040800F2
:1000000000010020A1010008950C0008F5880008F7
:10001000950C0008950C0008950C0008950C00083C
:10002000950C0008950C0008950C0008E5110008D7
:10003000950C0008950C0008950C0008950C00081C
:10004000950C0008950C0008950C0008950C00080C
:10005000950C0008950C0008950C00089D4E0108B1
:10006000B54E0108CD4E0108950C0008950C00080E
:10007000950C0008950C0008814E0108950C0008AD
:10008000950C0008950C0008BD490108950C000866
:10009000950C0008950C0008950C0008950C0008BC
:1000A000950C0008950C0008950C0008950C0008AC
:1000B00099200008950C0008950C0008950C000884
:1000C000950C0008950C0008950C0008950C00088C
:1000D000950C00081D210008950C0008950C0008DF
:1000E000950C0008950C0008950C0008950C00086C
:1000F000950C0008950C0008950C0008950C00085C
:10010000950C0008950C0008950C0008950C00084B
:10011000950C0008950C0008950C0008950C00083B
:10012000950C0008950C0008950C0008950C00082B
:10013000950C0008950C0008950C0008950C00081B
:10014000950C0008950C0008950C0008950C00080B
:10015000950C0008950C0008950C0008950C0008FB
:10016000950C0008950C0008950C0008AD240008BB
:10017000950C0008950C0008950C0008950C0008DB
:10018000950C0008950C0008950C0008950C0008CB
:10019000950C0008950C0008950C0008950C0008BB
:1001A00072B6344880F3098840F20000CCF20000B7
:1001B0004EF63471CEF200010860BFF34F8FBFF3EB
:1001C0006F8F40F20000C0F2F0004EF68851CEF280
:1001D00000010860BFF34F8FBFF36F8F4FF0000037
:1001E000E1EE100A4EF63C71CEF2000108600620E6
:1001F00080F31488BFF36F8F00F012FD02F09CFAB9
:100200004FF055301C491D4A91423CBF41F8040B48
:10021000FAE71B49174A91423CBF41F8040BFAE741
:100220001849194A194B9A423EBF51F8040B42F83B
:10023000040BF8E700201649164A91423CBF41F8EA
:10024000040BFAE700F0F2FC00F0ECFC124C134D4A
:10025000AC4203DA54F8041B8847F9E708F09AF92E
:100260000F4C104DAC4203DA54F8041B8847F9E7F1
:1002700000F0DABC00030020000000200001002094
:1002800000010020A8B8010800030020D4030020CA
:10029000D8030020649B0020A0010008A0010008F2
:1002A000A0010008A00100082DE9F04F2DED108AF3
:1002B000C1F80CD0C3689D46BDEC108ABDE8F08F34
:1002C000002383F311882846A047002000F042FF56
:1002D00000F0D0FE00DFFEE781F0004102E000BF49
:1002E00083F0004330B54FEA41044FEA430594EAF6
:1002F000050F08BF90EA020F1FBF54EA000C55EA31
:10030000020C7FEA645C7FEA655C00F0E2804FEA01
:100310005454D4EB5555B8BF6D420CDD2C4480EAE3
:10032000020281EA030382EA000083EA010180EA13
:10033000020281EA0303362D88BF30BD11F0004F61
:100340004FEA01314FF4801C4CEA113102D0404297
:1003500061EB410113F0004F4FEA03334CEA1333D2
:1003600002D0524263EB430394EA050F00F0A780EA
:10037000A4F10104D5F1200E0DDB02FA0EFC22FAE5
:1003800005F2801841F1000103FA0EF2801843FAD9
:1003900005F359410EE0A5F120050EF1200E012ACA
:1003A00003FA0EFC28BF4CF0020C43FA05F3C01808
:1003B00051EBE37101F0004507D54FF0000EDCF181
:1003C000000C7EEB00006EEB0101B1F5801F1BD32A
:1003D000B1F5001F0CD349085FEA30004FEA3C0C2E
:1003E00004F101044FEA445212F5800F80F09A8024
:1003F000BCF1004F08BF5FEA500C50F1000041EB28
:10040000045141EA050130BD5FEA4C0C404141EB2B
:10041000010111F4801FA4F10104E9D191F0000F52
:1004200004BF01460020B1FA81F308BF2033A3F1D5
:100430000B03B3F120020CDA0C3208DD02F1140CCC
:10044000C2F10C0201FA0CF021FA02F10CE002F107
:100450001402D8BFC2F1200C01FA02F120FA0CFC00
:10046000DCBF41EA0C019040E41AA2BF01EB045149
:10047000294330BD6FEA04041F3C1CDA0C340EDC47
:1004800004F11404C4F1200220FA04F001FA02F38A
:1004900040EA030021FA04F345EA030130BDC4F148
:1004A0000C04C4F1200220FA02F001FA04F340EA3D
:1004B0000300294630BD21FA04F0294630BD94F0EE
:1004C000000F83F4801306BF81F480110134013DD5
:1004D0004EE77FEA645C18BF7FEA655C29D094EA46
:1004E000050F08BF90EA020F05D054EA000C04BFC4
:1004F0001946104630BD91EA030F1EBF00210020AF
:1005000030BD5FEA545C05D14000494128BF41F04D
:10051000004130BD14F580043CBF01F5801130BDB1
:1005200001F0004545F0FE4141F470014FF000003C
:1005300030BD7FEA645C1ABF194610467FEA655CED
:100540001CBF0B46024650EA013406BF52EA03358F
:1005500091EA030F41F4002130BD00BF90F0000F7D
:1005600004BF0021704730B54FF4806404F13204B9
:100570004FF000054FF0000150E700BF90F0000F72
:1005800004BF0021704730B54FF4806404F1320499
:1005900010F0004548BF40424FF000013EE700BF69
:1005A00042004FEAE2014FEA31014FEA02701FBFF9
:1005B00012F07F4393F07F4F81F06051704732F02B
:1005C0007F4208BF704793F07F4F04BF41F4002182
:1005D000704730B54FF4607401F0004521F00041E0
:1005E0001CE700BF50EA010208BF704730B54FF06A
:1005F00000050AE050EA010208BF704730B511F06B
:10060000004502D5404261EB41014FF4806404F1A2
:1006100032045FEA915C3FF4D8AE4FF003025FEA28
:10062000DC0C18BF03325FEADC0C18BF033202EBAC
:10063000DC02C2F1200300FA03FC20FA02F001FA06
:1006400003FE40EA0E0021FA02F11444BDE600BFA9
:100650004FEA4102B2F1E04324BFB3F5001CDCF1E4
:10066000FE5C0DD901F0004C4FEAC0024CEA50701C
:10067000B2F1004F40EB830008BF20F0010070474B
:1006800011F0804F21D113F13872BCBF01F000404E
:10069000704741F480114FEA5252C2F11802C2F180
:1006A000200C10FA0CF320FA02F018BF40F0010001
:1006B0004FEAC1234FEAD32303FA0CFC40EA0C00B3
:1006C00023FA02F34FEA4303CCE77FEA625307D1F0
:1006D00050EA01331EBF4FF0FE4040F44000704727
:1006E00001F0004040F0FE4040F40000704700BFC1
:1006F00080F0004002E000BF81F0004142001FBFD7
:100700005FEA410392EA030F7FEA226C7FEA236CDF
:100710006AD04FEA1262D2EB1363C1BFD2184140D4
:1007200048404140B8BF5B42192B88BF704710F06A
:10073000004F40F4000020F07F4018BF404211F00D
:10074000004F41F4000121F07F4118BF494292EA75
:10075000030F3FD0A2F1010241FA03FC10EB0C00A1
:10076000C3F1200301FA03F100F0004302D549422E
:1007700060EB4000B0F5000F13D3B0F1807F06D3DB
:1007800040084FEA310102F10102FE2A51D2B1F1D3
:10079000004F40EBC25008BF20F0010040EA0300C8
:1007A0007047490040EB000010F4000FA2F1010275
:1007B000EDD1B0FA80FCACF1080CB2EB0C0200FAFF
:1007C0000CF0AABF00EBC25052421843BCBFD0404D
:1007D0001843704792F0000F81F4000106BF80F4C7
:1007E00000000132013BB5E74FEA41037FEA226C8A
:1007F00018BF7FEA236C21D092EA030F04D092F055
:10080000000F08BF0846704790EA010F1CBF002088
:10081000704712F07F4F04D1400028BF40F00040E5
:10082000704712F100723CBF00F50000704700F005
:10083000004343F0FE4040F4000070477FEA22622C
:1008400016BF08467FEA23630146420206BF5FEAFD
:10085000412390EA010F40F4800070474FF00003FD
:1008600004E000BF10F0004348BF40425FEA000CC4
:1008700008BF704743F0964301464FF000001CE06C
:1008800050EA010208BF70474FF000030AE000BFC2
:1008900050EA010208BF704711F0004302D5404200
:1008A00061EB41015FEA010C02BF84460146002072
:1008B00043F0B64308BFA3F18053A3F50003BCFA8D
:1008C0008CF2083AA3EBC25310DB01FA02FC63443A
:1008D00000FA02FCC2F12002BCF1004F20FA02F241
:1008E00043EB020008BF20F00100704702F1200234
:1008F00001FA02FCC2F1200250EA4C0021FA02F295
:1009000043EB020008BF20EADC70704753B94AB9D4
:10091000002908BF00281CBF4FF0FF314FF0FF3007
:1009200000F074B9ADF1080C6DE904CE00F006F8E2
:10093000DDF804E0DDE9022304B070472DE9F0475B
:10094000089E04468846002B40F085808A42154662
:1009500048D9B2FA82F24AB1C2F1200701FA02F391
:1009600020FA07F7954047EA030894404FEA154EEE
:10097000230CB8FBFEF71FFA85FC0EFB178843EA31
:10098000084307FB0CF1994209D9EB1807F1FF3036
:1009900080F0E380994240F2E080023F2B445B1AF2
:1009A000A4B2B3FBFEF00EFB103344EA034400FB99
:1009B0000CFCA44509D92C1900F1FF3380F0CB8041
:1009C000A44540F2C88002382C4440EA0740A4EB1A
:1009D0000C0400271EB1D4400023C6E90043394669
:1009E000BDE8F087002A53D0B2FA82F2002A40F024
:1009F000B680491B4FEA154E1FFA85F80127B1FB57
:100A0000FEFC230C0EFB1C1143EA014308FB0CF116
:100A1000994207D9EB180CF1FF3002D2994200F24B
:100A2000EC808446591AA3B2B1FBFEF00EFB101401
:100A300043EA044408FB00F8A04507D92C1900F14B
:100A4000FF3302D2A04500F2DC801846A4EB080474
:100A500040EA0C40BEE78B4208D9002E78D0002730
:100A6000C6E9000138463946BDE8F087B3FA83F796
:100A70007FB98B4202D3824200F2BD80841A61EBBF
:100A8000030301209846002EA9D0C6E90048A6E736
:100A9000FFDEC7F12005BB4022FA05FC4CEA030C3F
:100AA00001FA07F420FA05F821FA05F34FEA1C4E83
:100AB00048EA0404B3FBFEF9210C0EFB19331FFABC
:100AC0008CF841EA034309FB08FA9A4502FA07F257
:100AD00000FA07F10BD91CEB030309F1FF3080F09A
:100AE00088809A4540F28580A9F102096344A3EB0E
:100AF0000A03A4B2B3FBFEF00EFB103344EA034436
:100B000000FB08F8A04508D91CEB040400F1FF33F2
:100B10006BD2A04569D90238644440EA0940A4EB8D
:100B20000804A0FB02894C45C6464B4654D351D01D
:100B3000002E69D0B1EB0E0264EB030404FA05F554
:100B400022FA07F3FC401D43C6E90054002746E79C
:100B50003746304643E7184637E707461FE7C2F1F6
:100B6000200320FA03F7954001FA02F021FA03F37B
:100B70004FEA154E3843010CB3FBFEF71FFA85F818
:100B80000EFB173341EA034107FB08F38B4204FADB
:100B900002F407D9691807F1FF3C28D28B4226D905
:100BA000023F2944CB1A81B2B3FBFEF00EFB103397
:100BB00041EA034100FB08F38B4207D9691800F1B1
:100BC000FF3C10D28B420ED902382944C91A40EAA0
:100BD000074714E74145ABD2B8EB020E69EB0C02B4
:100BE00001381346A4E76046F0E7184695E76746E4
:100BF000D8E781467BE7384645E7ACF1020C2B4449
:100C000010E702382C4421E73746E8E6704700BF7A
:100C1000034613F8012B002AFBD1181A013870473C
:100C2000704700BF704700BFFEE700BFF0B4144F2D
:100C3000144D1548154B164907F1700C00269842C3
:100C400013D904391A4651F8044F42F8044B904224
:100C5000F9D8421ED21A22F003020432134404E0EF
:100C6000674505D10AE043F8046B9D42FBD8F7E7DE
:100C7000D7E90413D7E906051037E0E7F0BC704761
:100C8000F8540108649B0020649B0020649B0020B2
:100C90007CB90108FEE700BFFEE700BF38B5184C7D
:100CA00000F004F900F07EF820468022154900F09B
:100CB000E3F9154B44F8180C144901610122002492
:100CC00002759C60D968124A12484FF6FF05294008
:100CD0000A43DA60C268104942F08072C2600A6852
:100CE000102542F0010220200A60DD7783F82200FF
:100CF00084F3118862B60948BDE8384000F0E2B9D3
:100D0000380500207855010800ED00E000010020C2
:100D10000003FA05F0ED00E0001000E08055010846
:100D200072B6014B5862FEE7100500202DE9F0472E
:100D30001B4D4FF080466C692A6A706AA368811A5D
:100D4000994205F1140900D21CE000274FF0200859
:100D50002168D4F80CA0134449452B62C1F80490D3
:100D60006961E76001D100F09DFA87F3118820697D
:100D7000D04788F311886C69706A2A6AA368811A5F
:100D80008B42E5D94C4509D013441B1A022B2CBFCA
:100D9000C0180230BDE8F04700F08ABABDE8F0871D
:100DA00010050020054B4FF0FF30002103F1140225
:100DB000C3E90701C3E90522704700BF1005002001
:100DC000F8B51C4F3D46022955F8144F03614FF00A
:100DD000804338BF0221AC420646C260586A0AD13D
:100DE0003862C7E905660844C6E90044B160BDE859
:100DF000F84000F04FBA3D6AA3680844451BAB4277
:100E000003D900F055FA7C69A3689D4204D924688F
:100E1000ED1AA368AB42FAD36368C6E900431E60CB
:100E20006660B560A3684FF0FF325D1BA560FA6194
:100E3000F8BD00BF100500201B4B026859698142B4
:100E400010B40DD041680A600268143300249A423D
:100E50005160C46025D0816893680B44936020E0A2
:100E60001846002440F8142F82425060CC6003D111
:100E70005DF8044B00F016BA90688C68196A044457
:100E80004FF080409460406A421A944209D9091A8E
:100E90000B19022B2CBFC01802305DF8044B00F078
:100EA00007BA5DF8044B704710050020024B002282
:100EB000C3E900339A607047100500200022816862
:100EC000084B10B4044602751B689A688A42FBD22C
:100ED0005A682046C4E9003214605C605DF8044B37
:100EE000704700BF1005002008B5202383F3118848
:100EF000037D032B03D0042B05D043B90DE0836998
:100F000000221A6003E0D0E9003213605A604FF00B
:100F1000FF338361FFF7D2FF002383F3118808BDFD
:100F200000228168084B10B4044602751B689A6859
:100F30008A42FBD85A682046C4E9003214605C60DB
:100F40005DF8044B704700BF1005002038B50D4C0C
:100F50002569236828751A6822600121546023617D
:100F60001975EFF309822969643A914203D9064859
:100F7000FFF7D6FE236929461846BDE83840FFF73B
:100F800093B900BF10050020A055010830B54B1CD7
:100F900087B00FD00B4C0C4A2369054601A8FFF718
:100FA0000FFF2846FFF7D2FF049B33B101A8FFF7DC
:100FB00043FF02E0FFF7CAFF024C2369986907B0BC
:100FC00030BD00BF10050020E90E000870B5114DBE
:100FD00086682A6994688161A64203D8BDE870409A
:100FE000FFF76CBF04461046FFF768FF0123064673
:100FF0002C612375EFF309830269643B9A4202D99D
:101000000548FFF78DFE31462046BDE87040FFF7EA
:101010004BB900BF10050020A0550108044B1A6809
:101020001B6990689B68984294BF0020012070471C
:101030001005002038B50D4C236820691A6822601D
:101040000121546019752361FFF76AFF0546EFF32C
:1010500009830269643B9A4202D90548FFF760FEA2
:1010600029462069BDE83840FFF71EB91005002069
:10107000A0550108FFF7DEBF022182608182704720
:10108000D0E9011330B4D0E90425C06843F8101C3E
:10109000A3F1840143F8141C43F8442C02210022DC
:1010A000074C03F80C1C03F80B2C43F8405C43F886
:1010B000180C43F8244CA3F1200030BC704700BF4B
:1010C000C1020008D0E90132934210B504D2552183
:1010D00003F8011B9A42FBD1202383F31188FFF709
:1010E000CFFF00210446FFF771FF002383F311882F
:1010F000204610BDF8B54518A842069E05D2044604
:10110000552704F8017BA542FBD1202484F31188E4
:1011100020394418A4F16407094D2061022144E9F3
:101120000936A182C4E9022744F8045C2046002164
:10113000FFF74CFF002383F311882046F8BD00BF62
:10114000C1020008024B1B6998610F20FFF7FEBE29
:1011500010050020202383F31188FFF7F3BF00BFA1
:1011600008B50146202383F311880820FFF70EFFFE
:10117000002383F3118808BD69B1084B10B40246FF
:1011800044681B690420C3E90024236053605DF8B0
:10119000044BFFF7FBBE4FF0FF30704710050020F7
:1011A000026890420AD010B4146804600346636079
:1011B000104691615DF8044BFFF780BE704700BF99
:1011C00038B5036898420BD004460D461A68226071
:1011D000184654609D61FFF771FE23689C42F5D16B
:1011E00038BD00BF80B4094A536823F0010300AF43
:1011F0005360EFF30983683383F30988002383F393
:101200001188BD465DF8047B704700BF30EF00E0F9
:1012100098B5202300AF83F31188114B5B6813F45A
:1012200000631AD0F1EE103AEFF309840D4B4FF042
:101230008072DB6844F8083C44F84C2CA4F1680345
:1012400083F30988FFF7EAFE18B1074B44F8503CD6
:1012500005E0064B44F8503C01E083F3118898BD4B
:1012600000ED00E030EF00E0D1020008D4020008F9
:1012700008B500F0A9FE00F0DBFA00F08BFC00F0EE
:1012800073FB01F05BFABDE8084000F001B800BF55
:1012900000F018BF4FF0804300210222586319610B
:1012A000DA6070474FF080430022DA60704700BF79
:1012B0004FF0804358637047C36810B444691960A5
:1012C000816982680B44A342C36002F1010228BF16
:1012D000036A826028BFC3605DF8044B704700BF9B
:1012E00070B40432039D049C826103FB0216002249
:1012F0004661C0E90B54C0E90000C0E90311C0E930
:1013000007318260C0E9092270BC7047016A00227F
:10131000C0E903118260C0E909226FF00101FFF703
:101320004FBF00BF10B5FFF7C7FF0021BDE8104059
:10133000FFF736BF836810B504463BB123691A68CE
:1013400004331A44C4E90932002003E0FFF714FF14
:101350000028F3D010BD00BF10B4D0E90514036914
:10136000826823448B42036124BF036A0361013A0C
:10137000C36A82600022426213B15DF8044B1847D1
:101380005DF8044B704700BF70B52023054683F31A
:101390001188446A44B9FFF7CDFF064608B96C6A64
:1013A00002E084F311880BE014F8016BAA6A6C6206
:1013B000944202D32846FFF7CFFF002383F311881E
:1013C000304670BD2DE9F8439846044689461746D5
:1013D000202383F311880025616A29B941462046FC
:1013E000FFF7A8FFB0B9616AA36A7E1B5B1A9E4231
:1013F00028BF1E463246484614F012F8D4E9093296
:101400003344934235446362204601D3FFF7A4FF7F
:10141000AF42E1D8002383F311882846BDE8F88362
:10142000D0E90332934203D182680AB100207047A9
:10143000181D7047836823B1006950F8043B0B60A6
:1014400070471846704700BF10B4D0E9051403690F
:10145000826823448B42036102F1FF3228BF036A92
:10146000826028BF036100215DF8044BFFF798BE3E
:10147000D0E90332934210B5044601D1826832B9F3
:10148000A1691A1D0B44C4E90923002004E0FFF7F9
:1014900073FE08B9E368F3E710BD00BF10B5FFF7AE
:1014A0000BFFC36A0022426213B1BDE81040184727
:1014B00010BD00BF70B520230E46044683F311888B
:1014C000456A45B91146FFF7D3FF08B9656A02E0DE
:1014D00085F311880EE02E70D4E90932013393426E
:1014E000636204D3A16920460439FFF7D7FF0020C7
:1014F00080F3118870BD00BF2DE9F843984604467B
:1015000089461746202383F311880025606A28B98D
:1015100041462046FFF7ACFFC8B9606AA36A7E1B4C
:101520001B1A9E4228BF1E46324609EB050113F0E6
:1015300077FFD4E90932334493423544636220464D
:1015400003D3A1690439FFF7A9FFAF42DED8002316
:1015500083F311882846BDE8F88300BF38B5856855
:1015600055B9416A41B1C2680439891A06D0FFF7FA
:10157000A3FE4562012002E0002000E0084638BDDD
:10158000034630B40269C0695C69DD68411C013AF8
:10159000A1421A61D96128BF0022285C28BFDA6104
:1015A00030BC70478269036930B4C468551C01338C
:1015B00085610361A154D0E905329A4224BF00231A
:1015C000836130BC704700BF10B400240461C0E9DF
:1015D0000644C0E90000C160426183605DF8044BCD
:1015E000704700BF0022C0E9062202616FF00101CE
:1015F000FFF7E6BDD0E90432934207D210B5FFF7FA
:10160000D1FF0021FFF7CCFD002010BD4FF0FF30CF
:10161000704700BF38B50446202383F3118803695F
:1016200033B12046FFF7ACFFA36805462BB906E0AF
:10163000FFF7A2FD054610B9F3E7204698470023BF
:1016400083F31188284638BD2DE9F04F83B0054655
:1016500001938A469046202383F31188002737E0C0
:10166000A8EB07039C4228BF1C465CB3012C0AEB85
:10167000070306D12846FFF783FF0AF80700013762
:1016800020E0EE69D5F814B0E968ABEB06094C45EB
:10169000314406D21846224613F0C2FEEE692644B3
:1016A0000BE04A46184613F0BBFEA6EB0B06264499
:1016B00048443246E96813F0B3FE2B69EE611B1B08
:1016C00027442B61AB680BB128469847B84509D928
:1016D0002C69002CC4D101992846FFF74DFD08B9AB
:1016E0002C69BDE7002383F31188384603B0BDE8B9
:1016F000F08F00BF70B520230E46044683F3118897
:10170000D0E904539D4206D231462046FFF74AFFF6
:10171000A3682BB905E01146FFF72EFD10B9F3E7DA
:1017200098470020002383F3118870BD026938B503
:1017300042B10446FFF724FF002105462046FFF78B
:101740002FFD01E04FF0FF35284638BD2DE9F04F61
:1017500083B0044601938B469146202383F311887E
:101760000027B84639E07D1BA9EB08039D4228BF3E
:101770001D4665B3012D0BEB080307D11BF80810BC
:10178000204608F10108FFF70DFF20E0A669E06898
:10179000A7EB060A5545304406D219462A4613F0EF
:1017A0003FFEA6692E440DE0194652460093F61BF3
:1017B00013F036FE009BE0682E4403EB0A0132462C
:1017C00013F02EFE2369A6612B44A8442361A3686D
:1017D0000BB120469847C1450BD9D4E90457BD4207
:1017E000C1D301992046FFF7C7FC10B9D4E90457CB
:1017F000B9E7002383F31188404603B0BDE8F08FBA
:1018000008304FF0FF31FFF705BF00BF28304FF021
:10181000FF32FFF76FBF00BF08304FF0FF33FFF715
:1018200013BF00BF28304FF0FF33FFF78FBF00BF5B
:1018300000F0AEBC70B50C4B0360044601201546A9
:101840000B46207104F1480104F108004022FFF723
:10185000BBFE2B4604F1880104F128004022BDE8BC
:101860007040FFF7B1BE00BFB055010810B520238E
:10187000044683F3118800F0B5FC02232371002392
:1018800083F3118810BD00BF10B5046BD4F83C2160
:1018900013681978042982B016D12179022913D14D
:1018A00011791A8901238B4013420DD101A904F14A
:1018B0003C00FFF7BFFD024630B1D4F83C01019B6C
:1018C0000179006800F0B6F902B010BD38B5D0F863
:1018D0003C311A681178042901D0012017E0017900
:1018E0000229FAD15979548901238B401C40F4D143
:1018F00005460830FFF794FD0028EED0D5F83C31BE
:10190000024659791868402300F080F9204638BD16
:10191000006BFFF7DBBF00BF08304FF0FF31FFF770
:1019200033BD00BFD0F83C311B681B78042B04D1B9
:101930003C304FF0FF32FFF7BDBD6FF00100704744
:1019400008304FF0FF33FFF73DBD00BFD0F83C310A
:101950001B681B78042B04D13C304FF0FF33FFF79A
:10196000CBBD0020704700BF704700BF10B582B0EC
:1019700001230D490D4A019004460160037100F1F5
:101980007001009208304022FFF7AAFC084B009338
:10199000019404F1B40104F13C0002234022FFF75A
:1019A0009FFC02B010BD00BFD055010811190008FE
:1019B000891800080B68202282F311880A7903EB4A
:1019C000820290624A79113243F822008A7912B178
:1019D00003EB8203986202230371C0F83C110023D9
:1019E00083F31188704700BF10B504460830FFF735
:1019F0008DFC04F13C00BDE81040FFF787BC00BF40
:101A000010B504460830FFF781FC04F13C00FFF7F5
:101A10007DFC2046BDE81040FFF758BF90F87430B9
:101A200003F06003202B13D190F87530202B0FD3D7
:101A3000212B02D9222B06D00AE0064B836607230E
:101A4000C366012070470023C0E91A3301207047A4
:101A50000020704700030020D0F83C21136819785B
:101A600004291FD1017902291CD111791A89012376
:101A70008B40134216D130B500F13C0583B00446CB
:101A80002846FFF76BFD58B101A92846FFF7D2FCA5
:101A9000D4F83C41019B21790246206800F0CAF845
:101AA00003B030BD704700BFF0B500EB810383B0D9
:101AB0009C6A3CB30E460546202282F311881F46DD
:101AC000DB685B691B683C3413B12046FFF7BCFC44
:101AD000204601A9FFF7AEFC024628B13146284650
:101AE000019B00F0A7F80AE0FB6859691B8A0968A6
:101AF000994204D131462846134600F09BF8002352
:101B000083F3118803B0F0BD113110B550F82140B6
:101B1000B4B1202383F31188D4F83C21136852799F
:101B200003EB8203DB689B69596819B104F1080073
:101B3000FFF7F8FB2046FFF7C9FE002383F3118867
:101B400010BD00BF704700BF10B50021044600F073
:101B5000A1FD2046002100F08BFD63681B6813B1D6
:101B6000052120469847062384F8643010BD00BF45
:101B700010B5B0F8763080F87E30044600F08EFB69
:101B800063681B6813B10121204698470323237023
:101B900010BD00BF00F056BB01230022037042605D
:101BA00000F12C0300F1480143F8042B8B429A61A9
:101BB000FAD18260704700BF38B50446202383F312
:101BC000118800254160C0E90355C0E90555C0E909
:101BD0000755C0E9095500F03BFB0223237085F34C
:101BE000118838BD10B4536900EB8104E2601BB169
:101BF00000241C605C609C6093691BB100221A6029
:101C00005A609A605DF8044B00F052BBF0B400EBF0
:101C100081044789D4F80CC00124DCF818508C40AA
:101C20003C4300274481AA60C5E90037F0BC00F0BE
:101C3000EBBB00BFF0B400EB81040789D4F80CC003
:101C40000124DCF814508C403C4300270481AA6036
:101C5000C5E90037F0BC00F0E9BB00BF70B5022356
:101C6000002504460370C567C0E90255C0E9045564
:101C7000C0E90655C0E90855856280F8645000F057
:101C80006BFB63681B6823B129462046BDE87040A2
:101C9000184770BD42681368052101700BB103211C
:101CA00018477047426813680421017003B1184750
:101CB000704700BF38B50446002580F8645000F135
:101CC000740200F085FB636825679B682BB994F864
:101CD000743013F0600F06D0A6E020469847002825
:101CE00040F0A780F3E703F01F03012B94F8752061
:101CF00055D013B1022B55D096E0092A00F29480FA
:101D0000DFE802F0050B920B921F2592363C04F19E
:101D10007C030220C4E91A308CE0B4F87630012B41
:101D200040F08280B4F87C3023F002039BB2032A97
:101D300008BF43F00203A4F87C300023C4E91A333F
:101D40007DE00023564A2267C4E91A3377E0B4F8ED
:101D500076106268B4F8783055682046CAB2090A2D
:101D6000A847002860D0D0E90003C4E91A3061E038
:101D700004F17F030120C4E91A305BE0626894F843
:101D8000763084F87F30002B136814BF04220322BE
:101D90002270002BD1D0022120469847CDE7002A9F
:101DA00042D110E0B4F8783003F00F0103F0800363
:101DB0000C2A39D8DFE802F00C22382238383838BB
:101DC000383838380700374BA3660220E06631E028
:101DD000C9B2204613B100F0EDFA01E000F0DCFAE0
:101DE000012802D0022805D01EE02F4BA366022056
:101DF000E0661FE02D4BC4E91A301BE0B4F8760012
:101E000090B989B1012AC9B2204606D113B100F0B8
:101E10006BFC92E700F050FC8FE713B100F03AFC46
:101E20008BE700F025FC88E72046BDE83840FFF747
:101E30008BBEE06EB4F87A30834238BFE36620236D
:101E400083F3118894F97430002BE36E12DA43B1F6
:101E5000A26E00212046FFF7EDFE012384F86430D6
:101E60001AE01A4619462046FFF7D0FE032384F8ED
:101E7000643011E043B1A26E00212046FFF7C6FE98
:101E8000042384F8643007E01A4619462046FFF719
:101E9000D1FE052384F86430002383F3118838BD14
:101EA000711B0008F8550108F4550108F0550108A8
:101EB00038B590F864300446062B3AD8DFE803F0D2
:101EC00035041E35352E3500C36EB0F87A209342A6
:101ED00014D2C268128AB3FBF2F502FB15356DB954
:101EE000202383F311882B462A462946FFF7A2FEBA
:101EF00085F31188022384F864301AE0202383F3E9
:101F0000118800231A4619462046FFF77FFE00235A
:101F100083F31188032384F864300AE0036F03B16C
:101F20009847002384F8643003E0BDE83840FFF7A9
:101F30000BBE38BD90F86420062A29D838B5012395
:101F4000934013F067051ED1DA06044602D41B073E
:101F50000ED41CE0202383F311882B462A46294601
:101F6000FFF768FE85F31188052384F864300EE0DE
:101F7000C3689B695B6853B9036F03B1984700233B
:101F800084F8643003E0BDE83840FFF7DDBD38BDBC
:101F9000704700BF430910B49B0000F1604404F592
:101FA000614403F16043090103F5614300F01F0040
:101FB0000122C9B284F8001302FA00F0C3F88001CC
:101FC0005DF8044B186070470E4B0F489A6A4FF04B
:101FD000FF31002210B499629A621C6919611A617A
:101FE000DC68D960DA60DA695DF8044B42F080524F
:101FF000DA619A6942F001029A61036843F02003B2
:102000000360704700100240000001401F4A13683F
:1020100043F00103136013689807FCD553681B490C
:1020200023F003035360536853604B6813F00C03B1
:10203000FBD10868154A00F0F90008604B600B6896
:1020400043F480330B6013689903FCD5104B536045
:1020500042F210113023D162136313680B4943F02D
:10206000807313600B689B01FCD50A4B074A122052
:1020700018604B6843F002034B60536803F00C0395
:10208000082BFAD1136B1363704700BF0010024096
:1020900000041D07002002404FF080431A69920798
:1020A0000DD510B500241C61202383F31188FEF7A1
:1020B0003DFE84F31188BDE81040FFF7A9B8FFF793
:1020C000A7B800BF0F4A1048D36970B443F00103AA
:1020D000D36181684FF080430022012441F0010167
:1020E00040F2CF264FF0FF3581609E620221DD6213
:1020F0001C209A615A63DA605A605C611C6070BC93
:10210000FFF748BF00100240002004E0024A1368B5
:1021100043F080031360704700380140F8B51A4E51
:10212000D6F8C8402768E5692562202383F3118823
:10213000AA0608D50836A18C3046C9B2FFF75AFA6C
:10214000E569AB06F7D43E0610D528060ED50F4E2E
:102150003046FFF7EBFA002880B203DA27F080035D
:10216000236003E02085E5692906F1D47A0604D5C9
:102170006B0644BF27F040072760002383F31188D4
:10218000BDE8F840FFF744B8540500207C05002066
:1021900010B5094C094A20460021FFF74BFB084ABD
:1021A000084BC4F8C820C4F8CC3002212520BDE873
:1021B0001040FFF7EFBE00BF540500200D210008BE
:1021C0000038014000A24A04D0E932321868B2FB5C
:1021D000F1F120F001001860D9601A6842F00102A4
:1021E0001A60704770B561B1D1E90135CA680968F4
:1021F00043F4967343F0010345F0400542F00102B9
:1022000006E04FF4164140F22D13012244F240053E
:102210000479012C07D1094CA04204D1084EB469BD
:1022200044F48044B461D0F8C8406560A260236083
:10223000FFF7CAFF4FF0FF33236270BD5405002043
:10224000001002400148FFF7A7BC00BF2406002091
:1022500038B50378012B19D10D4A9042044610D1AC
:102260000C490D4DCA6942F40002CA614A202B6430
:102270000D21FFF78FFE03214B20FFF78BFE00237C
:102280002B642046BDE83840FFF7E8BC38BD00BFEE
:102290002406002000100240005C004090F87E30D0
:1022A000024A43F08003D364704700BF005C0040E3
:1022B00000EB810370B4DD682B6813F0030308D0D2
:1022C000022B09D9032B0CBF4FF4C0644FF40074E8
:1022D00003E04FF4007400E000241E4B6E691B6D98
:1022E00003F1804303F5C04303EB01126EB12B8A67
:1022F00000265660D0F88060013323F00103334498
:10230000C0F8803044F020041660AB69B3B16B8A2A
:102310003E2B05D95D1E6D1145F02005013301E00E
:1023200001335D10AD02D560D0F8805023F0010379
:102330002B44C0F8803044F4005495608B0003F1C6
:10234000804303F5B84321431A681A6070BC1960D2
:10235000704700BF005C004041680D4BC96870B415
:1023600000294FF080054FF000011965094C5964B0
:1023700008BF4FF41C46DD6418BF4FF41E464025CD
:102380001E64C0F88050C46070BCFFF791BF00BFEE
:10239000005C0040FC550108054B53F8210010F487
:1023A000405004D0B0F5805F0CBF01200220704780
:1023B000005C0040054B53F8210010F0300003D0C2
:1023C00010280CBF01200220704700BF005C0040B5
:1023D0000C4B1B6D03F1804303F5C04303EB01116C
:1023E00010B48B6803F1005303F540535B00D3E94D
:1023F0000040D3E90213148050809180D3805DF8AF
:10240000044B7047005C0040890001F1804101F5F8
:10241000B8410B6823F4904323F0700383F44053D6
:1024200043F4004343F080030B60704700EB8100EE
:10243000F0B4C2681C4B5569148A1B6DAF68D5E9AE
:102440000006801B844203F1804328BF044603F545
:10245000C04303EB0112601C4008136854600ED0A7
:1024600003F1005303F540535B00B21E03EB800001
:102470003A4432F8027F43F8047B8342F9D1890061
:1024800001F1804101F5B84134440B686C6023F4DC
:10249000F04323F0400383F0300343F4004343F060
:1024A00080030B60F0BC7047005C00402DE9F04FEA
:1024B0006C4B5C6CE243660587B05A6402D56A488F
:1024C000FFF7CCFB250507D5664A6748136C43F038
:1024D00008031364FFF7DEFBE0040AD5614B9A6C36
:1024E000110406D41A6C604822F008021A64FFF73F
:1024F000D9FBA20507D5DFF870B1DBF80430DB6843
:102500000BB158469847230406D5DFF85CB1DFF8D5
:102510005CA1DFF8509104E007B0BDE8F04FFEF792
:1025200077BE04F00F02930003F18043961C03F57D
:10253000B8430BEB8601E70618684D6819681DD48F
:102540006869D0E9000401EA0A0141F400418442CB
:10255000196004D211464448FFF768FF7CE0BBF8DD
:102560000830AC680121914023EA0103ABF8083040
:10257000002C71D011463C48A0476DE001EA0A01E9
:1025800041F0800104051960D1B203D56B6836486B
:10259000984761E0D9F85000D5F818E000F1804084
:1025A00000F5C04000EB0210DEF80840D0F808C08B
:1025B000C0680394DEF804700290C0F309080CF1BF
:1025C00000540398019704F54054384464005FEACE
:1025D000580705940490039708D0023800EB470C85
:1025E00054F8047B20F8027F6045F9D10298C007B7
:1025F0000AD50598039C074657F82400049F07F85E
:102600001400DEF8040001900198DEF80040404418
:10261000A042CEF8040002D2688A404510D90BEBE4
:102620008606BBF80A307468012000FA02F2E468FA
:1026300023EA0203ABF80A3074B10B48A0470BE061
:102640001A6822F4904222F0700282F4405242F45E
:10265000004242F080021A60D9F8444023043FF55A
:1026600060AF59E7005C0040240600200F07FFFF21
:10267000890001F1804101F5B8410B6823F49043D2
:1026800023F0700383F4805343F4004343F080034A
:102690000B607047890001F1804101F5B8410B687A
:1026A00023F4F04323F0400383F0100343F400438A
:1026B00043F080030B607047890001F1804101F510
:1026C000B8410B6803F44053B3F5405F0BD00B687F
:1026D00023F4904323F0700383F4005343F4004346
:1026E00043F080030B607047890001F1804101F5E0
:1026F000B8410B6803F03003302B0BD00B6823F488
:10270000F04323F0400383F0200343F4004343F0FD
:1027100080030B60704700BF80B4054B00AF1B689F
:1027200083F30888034B1B68BD465DF8047B18479C
:1027300000D8FF1F04D8FF1FFFF768BC014B112210
:102740001A6070470020024084460B30F0B4054602
:1027500000E00023B1FBF2F602FB1617092F8CBF35
:10276000372430243C44E4B20F4605F8014D31468D
:102770000BB1013BEED19742EBD2401B60440CF809
:10278000014B604502D015F8014FF8E7F0BC7047E7
:10279000092970B51C4B0E46A8BF0926FCEEC07A6D
:1027A00053F82630B8EE677A06EE903A30EE470AD4
:1027B000F8EE666AB6EE007AA0EE267A0D46BCEE1A
:1027C000C77A17EE104AA34205D8E41A17EE903ADA
:1027D000013307EE903A00230A2217EE901AFFF712
:1027E000B3FF03467DB1094A928A12F4807F14BF79
:1027F0002C232E2300F8013B214633460A22BDE854
:102800007040FFF7A1BF70BD2C56010808030020DF
:102810000389012B06D943685A1C42601970038949
:10282000013B0381002070472DE9F04F2DED028B15
:1028300000248BB0202306468B469046CDE9014309
:102840009FEDB08ADFEDB08A03E02B19019300E021
:1028500001941BF8011B002900F00283252901D1F6
:10286000002407E0019A336801329B6801923046E8
:102870009847EEE75B461BF801ABBAF12D0F02D18A
:1028800044F00204F6E7BAF12B0F02D144F004043D
:10289000F0E7BAF1300F02D144F01004EAE7BAF1E0
:1028A0006A0F02D144F08004E4E7BAF1200F02D1AC
:1028B00044F02004DEE7BAF1620F02D001330025B4
:1028C00002E044F48074D5E7AAF13002D2B2092ABA
:1028D00041469B4605EB850006D9BAF12A0F08D17F
:1028E00051F8042BD2B2884602EB400513F801AB35
:1028F000EAE7BAF12E0F14D100271BF801ABAAF1B9
:102900003003DBB2092B424607EB870106D9BAF147
:102910002A0F09D152F8043BDBB2904603EB410782
:10292000EBE744F040040027AAF14403342B00F203
:102930002C82DFE813F06C002A0230012A022A02FE
:102940006C002A022A022A022A022A021C022A02F5
:102950002A022A022A022A021A022A022A0235001E
:102960002A022A022A022A022A022A022A022A0207
:102970002A022A0237006C002A0230012A022A02A7
:102980006C002A022A022A022A022A021C022A02B5
:10299000A0002A0243002A021A022A022A02350053
:1029A0001022E5E158F8043B8DF8103024F01004B3
:1029B00001230DF1100A0DF11107EDE158F804ABF8
:1029C00024F01001BAF1000F04D16006DFF844A131
:1029D00006D412E062069AF8003000F13D8209E068
:1029E00047F6FE70574617F8012FAAEB070303447A
:1029F0003AB908E0002B00F0D481781E002FF1D105
:102A0000CFE10133EFD10C46A7EB0A03C4E158F83C
:102A1000041B00290ADA2D2344F0080449428DF8EA
:102A200010300DF111000DF1100916E0670707D500
:102A30002B238DF810300DF111000DF110090CE071
:102A4000A00607D520238DF810300DF111000DF1EF
:102A5000100902E00DF110094846220644BF6A231E
:102A600000F8013B0A220023FFF76EFECA46074624
:102A7000A0EB090390E1434653F8042B0393002F86
:102A800040F0DB814FF0030C4FF00E081F49A1FB13
:102A90000230C00800EB8003A2EB43033033DBB20B
:102AA000092A8DF81D3037D9894644F6241E4FF087
:102AB000000A0DF11D070CE01EF0010F07D04FF0CA
:102AC000200307F8023C0AF1010A023F00E00F462A
:102AD0001046A9FB0032D20802EB8203A0EB4303AD
:102AE0003033DBB209284FEA5E0E07F8013C07F1EC
:102AF000FF31E1D8064A0DF11E0E12F80AA0AEEB26
:102B0000010E0FE000007A446F12833ACDCCCCCC9A
:102B100018560108245601084FF0010E4FF0200A04
:102B20000DF11D010DF11009CE444A46202B01F193
:102B300001000CF001070AD11FB10CF0FE0C2E238E
:102B400006E01CF0020F03D1881C4B7800E02FB97F
:102B5000B8F1000F08F1FF3107DB884602F8013BAE
:102B6000724502D003780146E0E71CF0020F02F143
:102B7000010708D0BAF1200F05D01346202203F830
:102B8000022B3A461F4682F800A0DDF80C80A7EB26
:102B90000903CA4600E1E30504D558F8043B00EEFA
:102BA000103A0AE008F1070828F00708F8E80201DF
:102BB000FDF74EFD00EE100A0346B5EEC00AF1EE39
:102BC00010FA0DD5B1EE400A2D2244F0080410EEA3
:102BD000103A8DF810200DF111000DF1100916E0DA
:102BE000600707D52B228DF810200DF111000DF193
:102BF00010090CE0A10607D520228DF810200DF158
:102C000011000DF1100902E00DF1100948462206ED
:102C100048BF6A2223F0004348BF00F8012BB3F1FC
:102C2000FF4F09D10746192307F8023B2022A7EBE3
:102C30000903CA464270AFE0630604D5BAF1460FF5
:102C400007D0092779E0BAF1460F76D10FFA87FA53
:102C500001E00327BA46B4EEC80AF1EE10FA0EDB23
:102C600020EE280A814B04E013F8012F20EE280AF9
:102C7000FAB1B4EEC80AF1EE10FAF5DA19E0F7EE9F
:102C8000007AB4EEE70AF1EE10FA19D520EE080A40
:102C9000774B04E013F8012F20EE080A22B1B4EEBE
:102CA000E70AF1EE10FAF5D4B4EEE80AF1EE10FA04
:102CB00006DD13F8013C23B1013F0FFA87FA00E06B
:102CC0000023FCEEC07A17EE902A632A04D9AAF1F9
:102CD000020A0FFA8AFA05E0092A84BF0AF1FF3ACC
:102CE0000FFA8AFABAF1000F039305DA0021FFF711
:102CF0004FFD039B07461CE05146FFF749FD039B30
:102D00000746BAF1000F14D010F8012C302A05D173
:102D1000411E0F4611F8012D302AFAD05549898AF3
:102D200011F4807F14BF2C212E218A4208BF07F1A5
:102D3000FF3733B107F8013B03E03946FFF728FDC1
:102D40000746E00600D41CE017F8013C302B84F065
:102D5000100405D17A1E174612F8013D302BFAD027
:102D60002E2B08BF07F1FF370BE00A2200E00822F4
:102D70000DF1100958F8041B48460023FFF7E4FC46
:102D80000746A7EB0903CA4606E08DF810A0012309
:102D90000DF1100A0DF11107ED1A07D4E10607D461
:102DA00001E00C4657462023029303E0002501E092
:102DB00030230293A2072FD414F02C0F16D0E30671
:102DC00014D5019A33681AF8011B9B68013230460A
:102DD000019298470AE0DDF808902C46336849468E
:102DE0009B6830469847013CF8D12DE0002DF2D188
:102DF0000FE0019CD146336819F8011B9B683046EF
:102E0000984709EB0403B945A3EB0A03F3D31C4627
:102E100005E0BA45EDD31CE5BA45EAD3019C002D87
:102E20003FF416ADDDF808902F46336849469B689D
:102E300030469847013FF8D107E50E2FA8BF0E276F
:102E4000B8464FF0010C21E6019BBA452B44019393
:102E500038BF2546CDD3FCE4002B7FF4C1ADA0E7FD
:102E600001980BB0BDEC028BBDE8F08F1A5601083B
:102E700055560108080300200CB430B50C1E85B06F
:102E800012DD09AB0B4D02901A460899ADF80C40C3
:102E900001A8CDE90035FFF7C7FC029B0022844260
:102EA0001A7002DC601E00E0002005B0BDE8304072
:102EB00002B0704760560108024400F8011B9042BE
:102EC000FBD1704710B5024410F8013B11F8014BDB
:102ED0009042A3EB040301D0002BF5D0184610BD9F
:102EE000C3690239023B8B4283BF4389006B01FBFC
:102EF0000300002070470000024600F10B01002093
:102F0000C30143EA500312F8010B50FA83F38A42DB
:102F1000D8B2F5D170470000417800230131490152
:102F20001A46022A05D1032201329142F9D81846E5
:102F3000704710B5845C04EBC334A4B204EB5303B4
:102F40009BB20132914203D9022AF3D10322F8E75E
:102F5000184610BD03685A1C02601878A0F161037E
:102F6000192B01D8203870477F2803D9024B184409
:102F700010F8800C704700BF70560108F0B585B09E
:102F80000546019114461E4614F0FF0F07D001A814
:102F9000FFF7E0FF08B900203EE0013CF4E72B78A2
:102FA000002B35D1002C33D0012035E02A2B0FD057
:102FB00002A8FFF7CFFF074603A8FFF7CBFF874222
:102FC00001461ED1002FEFD0029B1B783F2BEDD185
:102FD000002EE0D00022029B581C029019785B78EA
:102FE0003F290CBF013242F480723F2BF3D02A2BD1
:102FF000F1D0731E0399FFF7C1FF0028D4D1039BC2
:10300000197801A8FFF7A6FF002CC4D00029C2D070
:10301000019B02950393D7E705B0F0BD02687AB132
:10302000134613F8011B1F2908D93A29F9D1911C1D
:103030008B4205D11278302A02D1036000207047FC
:103040004FF0FF307047000038B50D4610B9092029
:10305000002311E003680446002BF8D01A78002AF8
:10306000F5D08188DA889142F1D1587811F0F0F9E1
:1030700010F00100EBD123682B6038BD38B50D4648
:1030800040F26231144602F057FBFF2806D9012CAA
:1030900009D9030A2B706870022407E028B12CB10B
:1030A0002870012402E0002400E00446204638BDD8
:1030B0002DE9F8430025D0F800808D76836B002B36
:1030C00000F0C78098F80030042B0C46064645D126
:1030D0002B462E464027D8F8102092F82310A942FC
:1030E00021D97F2F03D93F23A37601261FE0F906BC
:1030F00008BF02370135D05B02372BB900F52052EB
:1031000092B2B2F5006F0CD306F11A01C6F120029B
:10311000214440EA0340FFF7B1FF0028E3D0064412
:1031200000200346D7E7002BDDD1002EDBD026445C
:103130000023B3766373D8F810301A7902F03701A0
:103140002173D20658BFD3E90E019A89628144BF28
:1031500000200021C4E90001DB8979E0C36C013360
:1031600025D0A9462F46D8F80C30585BB8B1B9F134
:10317000000F05D100F520539BB2B3F5006F0BD3C0
:1031800007F11A01C7F12002214440EA0940FFF784
:1031900075FF28B10744002002358146E3E7384631
:1031A000B9F1000F18BF0020204400238376F26B92
:1031B0000023551E18462E2615F8011F202900F160
:1031C00001000CD0052908BFE521092804D10B2BEB
:1031D00002D8E71801337E73E718013379730B289F
:1031E000EAD1E11800204873A17E31BB33B16FF002
:1031F0000C0604F10D000825361B0BE03F23A376D7
:10320000012114E09BB22E2B0FD0A3F1410119290B
:1032100006D90373311810F8013B002BF2D106E0F8
:10322000117B0D42F5D02033F3E71025F1E721445F
:1032300000238B76137B03B96373D37A03F03F03C8
:103240002373D369236000236360D38A6381138B64
:103250002381BDE8F883000038B50546002435F821
:10326000020B80B102F0A4FA630880B203EBC4330E
:10327000C2B212FA83F39BB2000A00EB530000EBD8
:10328000C33084B2EBE7204638BD000001380A4461
:1032900011F8013B00F8013F9142F9D1704700005D
:1032A000436B8B60D0E90E23C1E9042390F82130F1
:1032B00003F00203CB710023CB61704770B500F1BE
:1032C0003C060546826B40780123314611F008F92F
:1032D00088B9A96BAB6A2A6AE870CB1A9342044694
:1032E0000AD2AB78022B07D10A4401233146687811
:1032F00011F0F6F800E00124204670BD38B5836B6C
:103300008B4216D0C37804460D4673B92A46012372
:1033100004F13C01607811F0A7F8002816BF4FF0C7
:10332000FF3500200120A56304E0FFF7C7FF08B9BF
:10333000ECE7002038BD000038B50023C3704FF023
:10334000FF3383630446FFF7D9FF002848D1B4F860
:103350003A524AF655239D4207D10B22234904F1E4
:103360003C00FFF7AFFD00283CD094F83C30EB2B3D
:1033700003D01833DBB2012B2BD84AF655239D42DC
:1033800006D108221A4904F18E00FFF79BFD60B3B5
:10339000B4F84730B3F5007F1BD194F84930C3B17E
:1033A0005A1E1A4215D1B4F84A3093B194F84C30F1
:1033B000013B012B0DD8B4F84D3053B1B4F84F3068
:1033C0007F2B03D8E36DB3F5803F02D3B4F85230BE
:1033D00053B94AF6552085420CBF0220032004E071
:1033E000042002E0012000E0002038BDFD56010865
:1033F000095701082DE9F0478C1E416BC4F3C8083A
:1034000001EB14314FF0010904F0070409FA04F448
:10341000054616461F46E4B2284601F1010AFFF7A9
:103420006DFF00BB05EB080292F83C30234214BF4D
:1034300001210021B94218D06340013E82F83C309E
:1034400085F8039012D0640014F0FF04EAD108F16B
:103450000103B3F5007F4FF001044FF0000851461F
:10346000DAD09846DEE7012000E00220BDE8F087D0
:10347000012940F289802DE9F8430668F3698B42FF
:1034800040F284803378013B0C46032B7ED8DFE882
:1034900003F00229374701EB5105B16A304601EBD1
:1034A0005521FFF72BFF10B14FF0FF3072E06F1C7A
:1034B000B16AC5F30805354401EB5721304695F84C
:1034C0003C50FFF71BFF0028EED1C7F308073E442E
:1034D000E30796F83C0045EA00204CBF0009C0F322
:1034E0000B0057E0B16A304601EB1421FFF706FFED
:1034F0000028D9D1640004F4FF742644B08F49E059
:10350000B16A304601EBD411FFF7F8FE0028CBD1A9
:10351000A40004F4FE742644F06B20F0704039E0FF
:10352000D0E9048958EA0903C17901D0836803B955
:1035300061BB826875890229A4EB02020DD118F1E2
:10354000FF3349F1FF315B0A43EAC153B3FBF5F3A3
:103550009A421BD81CD0601C1CE0032902D183694D
:103560009342F8D8C3699BB9B16A304601EBD411D4
:10357000FFF7C4FE002897D1A40004F4FE7426448B
:10358000F06B20F0004005E001207047012001E0D1
:103590006FF00040BDE8F883F8B504682378042B89
:1035A0000CBF4FF080524FF400128A4201D8022023
:1035B00039E0CA060E46FAD10546826829636AB91F
:1035C000022B06D82389B3EB561FF0D9E36AAB630D
:1035D0001AE0E36AC271002BF4D01A4667897F02B1
:1035E000BE4211460CD32846FFF742FF431C024659
:1035F00018D00128DBD9E3698342D8D9F61BEFE75D
:103600002046FFF76DFCA863AB6B6A63002BCED03E
:1036100003EB56233C34C6F308063444AB63EC6337
:10362000002000E00120F8BD01296AD92DE9F84306
:10363000C3698B4205460C4665D90378013B1646A3
:10364000032B60D8DFE803F00239454501EB510751
:10365000816A01EB5721FFF751FE002854D114F085
:10366000010407F1010905F13C08C7F3080708D078
:1036700018F8073003F00F02330103F0F00313438F
:1036800000E0F3B208F80730A96A0123EB7001EB00
:1036900059212846FFF732FEB0BBC9F3080914B11F
:1036A000C6F3071606E018F80920C6F3032622F031
:1036B0000F02164308F8096020E0816A01EB14212B
:1036C000FFF71CFE00BB640004F4FF742C44A687C3
:1036D00014E0816A01EBD411FFF710FEA0B92B466C
:1036E000A40013F83C2B042A04F4FE7405D01A59E4
:1036F00026F0704602F0704216431E510123EB7013
:1037000002E0022070470220BDE8F88370B504464D
:103710000E461546E36973B1F21A012B02F101015D
:1037200020688CBF02322A46FFF77EFF20B9E3698A
:10373000013BE361EEE7184670BD000001292DE969
:10374000F843046801D8022075E0E3698B420D4616
:10375000F9D9064617460AB9A94628E02378042B6A
:1037600002D1C379022BF7D04FF0FF323946204601
:10377000FFF75AFF0028EFD05DE00128E3D0B0F159
:10378000FF3F2CD02378042B2BD1D4E90632023A08
:10379000934205D20133A361237943F001032371DE
:1037A0006A1C424525D1E3694345454606D9294669
:1037B0003046FFF75DFE80460028DED12378042BDB
:1037C00038D123E0F37953BBB468BC4230D02146F2
:1037D0003046FFF74DFE0128B5D9431C1AD1012010
:1037E00029E0002229462046FFF71EFF0028CCD002
:1037F00021E02378042B07D10023A2EB09024946DC
:103800002046FFF7F7FDB0B9C146CCE7002FD9D16C
:10381000F7710FE0631C83420446D6D00AE0032B05
:1038200008D1B368BB4205D8B2691344BB4201D387
:103830000223F3710020BDE8F8830000C379032B55
:1038400012D18168836970B50446CD18A94208D0A9
:103850004E1C32462068FFF7E7FE31460028F5D0BF
:1038600004E00020E07101E00020704770BD00001E
:103870002DE9FF4800230B600F461546FFF7CEFBEE
:10388000061EC0F2F980B14B53F82640002C00F020
:10389000F5803C60237805F0FE056BB1607810F090
:1038A000D7FDC70708D4002D00F0E48010F0040015
:1038B00000F08D810A208AE1F0B20023237060704D
:1038C00010F040FDC60700F1DB800DB14107F1D4D7
:1038D00000212046FFF730FD02281BD1D4F8023228
:1038E0000093D4F812320193D4F822320293D4F820
:1038F000323203936E46002556F8041B29B1204648
:10390000FFF71AFD012801D80CE003200135042D32
:10391000F2D158E1042801D1012058E1012801D950
:103920000D2054E10128A16B0AD104F1470304F1F1
:103930007C0213F8015B002DF2D19A42F9D1A1E08B
:10394000B4F84730B3F5007FEAD1B4F8526006B955
:10395000266E94F84C002662431E012BA070DFD81F
:1039600094F84950ABB26381002BD9D06B1E2B4227
:10397000D6D1B4F84DC0A4F808C01CF00F0FCFD1B9
:10398000B4F84F3003B9E36DB4F84A20002AC7D029
:1039900006FB00FE02EB1C177744BB42C0D3D81BCA
:1039A000A842B0FBF5F3BBD369488342B8D84FF6C1
:1039B000F570834240F20081032502330A440F442C
:1039C000032DE3616162A262276308D1B4F8662027
:1039D0005CEA0202A4D1A26EE2629B000EE0BCF19E
:1039E000000F9DD07244022DE2624FEA43021BBFDA
:1039F000D21803F00103134603EB520303F2FF1343
:103A0000B6EB532F8CD34FF0FF33C4E90533032DAE
:103A10004FF08003237122D1B4F86C30012B1ED1FA
:103A200001312046FFF76AFCC8B9B4F83A22207188
:103A30004AF655239A4212D1E26B464B9A420ED176
:103A400003F1FF53D4F8202203F5005320339A42A8
:103A500005D1D4F82432A361D4F8283263613E4AF8
:103A60002570138801339BB21380E3803B4BE360E6
:103A70003B4B23610020AAE00B20A8E00C20A6E02D
:103A80000320A4E0B4F8A430B3F5807F7FF448AFFE
:103A900094F8A830092B7FF443AFD4E9212312EB2B
:103AA000010B43F1000CBCF1010F08BFBBF1000F8B
:103AB000BFF436AFD4F89000206294F8AA00A0704A
:103AC00001287FF42DAF94F8A96000FA06F6B0B291
:103AD000608100283FF424AFD4F8987021488742D1
:103AE0003FF61EAFB81CE061D4F89400D4F88C30D7
:103AF0006162B6B208447E431944206300238019F2
:103B0000A16243F100018C4508BF8345FFF408AF73
:103B1000D4F89C30E3622E467DB96389B3427FF6C8
:103B2000FFAEE16A2046FFF7DBF981192046FFF777
:103B3000E5FB00287FF4F0AE0136631993F83C30C2
:103B4000812B11D02035C5F30805E5E734070020A7
:103B5000F5FFFF0F52526141380700203C0700205B
:103B6000B4060020FDFFFF7F04F13C0635446D697B
:103B7000012D7FF6D5AEE369AB427FF6D1AE628907
:103B8000216BAB1E03FB02136363A16A204601EBAA
:103B9000D511FFF7B3FB00287FF4BEAE05F07F031D
:103BA00056F823305A1C03D00135AB42EDD0B7E6AE
:103BB000C4E90533042552E740F6F575AB428CBFE6
:103BC00002250125F9E604287FF4AAAEA4E604B094
:103BD000BDE8F0882DE9F84F07460568884631B9F9
:103BE0006E69A6B1EB69B34298BF012610E0FFF7FA
:103BF0003FFC0128044601D80124DBE0421C00F010
:103C0000BB80EB69834200F2D580464600E0012686
:103C1000AB690BB90024CDE02A78EB69042A5CD1AA
:103C2000A6F10209023B994528BF4FF00009CA4698
:103C30004FF0010B696B284601EB1A31FFF75EFB71
:103C400038BB0AF00703EA690BFA03F3CAF3C801A9
:103C5000DBB2023A6818544690F83C000AF1010AB7
:103C6000924500EA030002D25B00DBB204E04FF0B1
:103C7000000A4FF40071534608B902340DE0D145F3
:103C80000AD0002BE6D10131B1F5007FD2D2012359
:103C9000E0E74FF0FF3400E00024631E033300F23E
:103CA000898001231A4621462846FFF7A3FB0228F4
:103CB000A2D0012860D0B8F1000F02D10223FB711D
:103CC00065E0FB79022B5AD1731CA3425FD0BB681D
:103CD000F61A0323BE61FB7151E0464515D1741CF1
:103CE0009C4228BF022421463846FFF7C1FB012829
:103CF00082D0431C40D038B16B69012B05D9EA69E9
:103D0000934238BF1E4600E0ACB93446EB6901343B
:103D1000A34203D8012E7FF67DAF02242146384608
:103D2000FFF7A6FB38B101283FF466AF013023D07E
:103D3000B442EBD16EE74FF0FF3221462846FFF741
:103D400073FCB0B9B8F1000F05D0224641462846B1
:103D5000FFF76AFC68B9D5E90632023A93429CBF84
:103D600003F1FF33AB612B796C6143F001032B71DD
:103D700020E001287FF440AF4FF0FF341AE008F153
:103D80000102A242FB6908D12BB10133FB6100287B
:103D90007FF432AFDFE70223F8E70BB90123FB61C1
:103DA000224641463846FFF7B1FC0028E1D1012305
:103DB000FB61D0E72046BDE8F88F0000F8B5C37876
:103DC00004460D467BB929462046FFF789F804F1E1
:103DD0003C06A06307464FF4007200213046FFF70F
:103DE0006BF800250DE0FFF769FA0028EBD0012001
:103DF0000EE001237A193146607810F071FB18B992
:103E0000013563899D42F4D36089401B18BF0120AE
:103E1000F8BD00002DE9F8430568076B2B78042BEB
:103E20000CBF4FF080534FF400132037BB429CBFB0
:103E300000238363836B002B47D0C7F308088946B0
:103E40000446B8F1000F3AD1416B0133836331B9B5
:103E50002B89B3EB571F32D80023A36335E06B895E
:103E6000013B13EA57232AD1FFF702FB012806463C
:103E700001D802202CE0421C01D1012028E0EB698E
:103E8000834216D8B9F1000FE6D0616B2046FFF7E8
:103E9000A1FE0646D8B10128EBD0431CEDD0014667
:103EA0002846FFF78BFF0028E7D1E37943F00403AE
:103EB000E371666331462846FFF712F8A0633C358C
:103EC00045442763E563002002E0042000E007206A
:103ED000BDE8F8832DE9F04105460068A96B066945
:103EE000FFF70CFA044600285AD1E96B0B78852BB2
:103EF00055D120223046FFF7C9F9777801377F0185
:103F0000A7F16003B3F5007F49D821462846FFF7A3
:103F100081FF0428044642D0002841D1A96B2868BB
:103F2000FFF7ECF9044600283AD1E96B0B78C02B77
:103F300035D12022B018FFF7A9F996F823300F22C7
:103F40002C33B3FBF2F3B7EB431F28D34FF04008F9
:103F500000212846FFF75EFF042804461FD0F8B969
:103F6000A96B2868FFF7CAF90446C8B9E96B0B7852
:103F7000C12B14D1B8F17F0F04D8202206EB080022
:103F8000FFF784F908F120084745E1D8B8F1800F20
:103F900006D83046FEF7C0FF7388834200D0022463
:103FA0002046BDE8F0810000F8B50E460021074626
:103FB0000568FFF7F1FA00BB0446B96B2846FFF726
:103FC0009DF9D0B92A78FB6B042A1B7803D1DB4317
:103FD000C3F3C01305E0E52B1ABFB3FA83F35B0903
:103FE00001231BB10134B44201D109E01C46012177
:103FF0003846FFF70FFF0028DFD0042808BF07204E
:10400000F8BD000003682DE9F0411E690546304601
:10401000FEF782FFE96C708028467778FFF7BCFADC
:104020004FF001080446B4B9A96B2868FFF766F998
:10403000044680B920223146E86BFFF727F92B6848
:1040400083F803803FB121462846FFF7E3FE203680
:104050000446013FE7E7022C28BF0224E0B2BDE896
:10406000F0810000C16C4B1C2DE9F041044605684D
:10407000066B03D14FF0E508012717E0FFF78CFA34
:104080000028F7D01BE02A78E36B042A09BF1A78CE
:1040900083F8008002F07F021A70EF70236BB34246
:1040A0000DD200212046FFF7B5FE28B9A16B2846A6
:1040B000FFF724F90028E6D0042808BF0220BDE855
:1040C000F08100002DE9F843FF27D0F80080054675
:1040D0003C4604264FF6FF79A96B002977D040466D
:1040E000FFF70CF90646002875D1E86B0378002B22
:1040F00070D098F80020042A10D1852B5FD12B6B4B
:10410000EB642846FFF7E6FE0646002863D1D8F8A0
:1041100010301B7903F03F03AB715EE0C27AE52BF0
:1041200002F03F02AA7149D02E2B47D022F0200185
:10413000082943D00F2A36D1590605D503F0BF040C
:104140002B6B477BEB6401E0A34237D1437BBB423F
:1041500034D1428B92BB0378D8F80C60DFF880E052
:1041600023F040030D21013B4B4301211EF801CBFD
:1041700030F80CC031B1162B20D826F813C0614698
:10418000013301E0CC4519D101320D2AEED102787C
:10419000520605D521B1162B10D8002226F813207F
:1041A000013CE4B20BE02CB9FEF7A6FEB84201D107
:1041B000002612E04FF0FF33EB640EE0FF240021F5
:1041C0002846FFF727FE0646002885D003E0002E8C
:1041D000EED000E004260023AB633046BDE8F88350
:1041E000F05601082DE9F04F002187B00546076819
:1041F000FFF7D2F98346002840F0D0803B78042BAB
:1042000029D1F868FFF728F880462846FFF75AFFBB
:10421000002840F0B4803B6993F82390B9F1160F61
:10422000F3D89B8C4345F0D1044640264C4500F022
:10423000AB80F10608BF02363B69985B01F0B8FA23
:10424000FB68824633F8140001F0B2FA8245DCD1F3
:1042500002360134EAE74FF0FF33CDE902304FF088
:10426000FF0AEB64D046A96B3846FFF747F80028F1
:1042700040F08580EC6B2678002E00F08280E27A98
:10428000E52E02F03F03AB716CD0120702D50F2B65
:1042900068D101E00F2B52D195F84B30580667D406
:1042A000710606D52B6B94F80DA0EB6406F0BF06E3
:1042B00001E0B0455AD1637B534557D1638B002B46
:1042C00054D194F80080D7F80CB0DFF8DC90049655
:1042D00008F03F0808F1FF334FF00D0808FB03F822
:1042E00001212646019519F8010B345A91B1B8F114
:1042F000160F3AD8204601F05BFA05903BF81800FB
:1043000001F056FA0599814208F101052DD12146A7
:10431000A84603E04FF6FF739C4226D1214B9945F6
:10432000E1D13446019D2378049E5A0603D511B18C
:104330003BF81830D3B9013E5FFA86F818E0B8F1BF
:10434000000F04D12046FEF7D7FD504524D095F844
:104350004B30DB0706D40B2205F140012046FEF767
:10436000B1FDC8B1029BEB6400E0019D4FF0FF0876
:1043700000212846FFF74EFD00283FF474AF834626
:104380000CE04FF0040B09E024B2FB6833F8143062
:10439000002B7FF43AAF01E0DDF80CB0584607B0CF
:1043A000BDE8F08FFD560108F05601082DE9F04FE9
:1043B00090F84B5015F0A00599B040F09481066834
:1043C000F36833F815200AB10135FAE73378042B86
:1043D000044640F090800F230E35B5FBF3F5A91C81
:1043E000FFF7E2FD8246002840F08381236B05F150
:1043F00000650135A3EB4515E379E5645A0748D517
:1044000023F00403E3712046FFF718FA002840F078
:104410006D814FF0FF32616B2046FFF777F900287E
:1044200040F06481A368002B33D023680293236A91
:104430000493636A8DF80F30A16ACDF824A023F0AD
:10444000FF0302A8CDE9063A1591FFF7A5F8002869
:1044500040F04C8102A8FFF73DFD002840F0468166
:10446000D4E9042370894FF40071E1FB0023316922
:10447000C4E90423C1E90E23C1E90A23E37943F027
:10448000010381F8213002A8FFF7BCFD002840F0AD
:104490002D81D6E90354402200212046FEF70CFD71
:1044A000852300212370C02384F8203001200A4690
:1044B00040234FF0C10E8C465F1C04F803E004F863
:1044C00007C0CEB2023320B135F8120008B1013274
:1044D000D2B2E0520233DF06F5D135F81270013165
:1044E000002FE9D1B31C84F8232063702846FEF71F
:1044F000B3FEA084FDE000F140070C22394602A87B
:10450000FEF7C4FE9DF81330DB0770D54023DFF8BB
:10451000EC8184F84B304FF001090B2202A9384698
:10452000D6F80CA0FEF7B2FEB9F1050F14D9AAF126
:1045300002024B4632F8021F79B1102001F0010C43
:104540000CEB430313F4803F18BF83EA08030138E0
:104550004FEA5101F2D1EDE74B460DF1070007227A
:1045600003F00F0C0CF13001392988BF0CF1370131
:10457000013A4FEA131E00F8011903D00F2B01D99D
:104580007346EDE718AB13447E2104F13F0003F8B6
:10459000601C014600239A420DD011F801CFBCF1F6
:1045A000200F03F1010E06D07346F4E720210133FA
:1045B000072BC15407D8072AF8D818A9114401328B
:1045C00011F8601CF3E72046FFF70CFE38B909F13B
:1045D0000109B9F1640FA0D14FF0070A89E004285E
:1045E000824640F086809DF8133084F84B309DF869
:1045F00013309B0705D50C350D23B5FBF3F50135BD
:1046000000E0012529462046FFF7CEFC824600281F
:104610006FD1013D19D1A16B3046FEF76FFE824686
:10462000002866D101462022E06BFEF745FC0B22F4
:104630003946E06BFEF72AFE94F84B30E26B03F04C
:10464000180313730123F37053E0216B2046A1EB91
:104650004511FEF7A1FF824600284AD13846FEF7F1
:104660004BFC4FF6FF798046A16B3046FEF746FEC5
:10467000034600283CD1E36BD6F80CE0DFF880A0BD
:1046800083F80D804FF00F02E9B24FF00D0CDA7293
:104690004A1E0CFB02F2187358838446484518BF23
:1046A0003EF812001AF801BB0CF1010C18BF0132E0
:1046B00023F80B00002808BF4846BCF10D0FEDD1D0
:1046C000484502D03EF812200AB941F04001197065
:1046D0000123F37000212046FFF79CFB034638B905
:1046E000013DC1D197E74FF0060A02E0824600E0A3
:1046F0009A46504619B0BDE8F08F00BF2110010066
:10470000F056010838B5C37804461BB92378032B4B
:104710002BD103E0FEF7D2FD78BBF7E72379012B1D
:1047200023D104F13C054FF4007200212846FEF726
:10473000C3FB4AF65522A4F83A22104AE26302F17A
:10474000FF5202F500522032C4F82022A269C4F8B8
:1047500024226269C4F82822626A60780132A26366
:1047600029460FF0BDFE0023237100221146607818
:104770000FF000FF003018BF012038BD52526141D8
:104780002DE9F04F85B00368029304468A4611F87C
:10479000013B2F2BFAD05C2BF8D00021A160E16106
:1047A0009AF800301F2B75D88023204684F84B30B0
:1047B00005B0BDE8F04FFEF7EFBE002B40F0B9802A
:1047C0002E2900F0B68032F8021D2E2901D0013EBC
:1047D000F9D10B22202104F140004FF00008FEF730
:1047E0006BFB4FF008095A464746CDF804A0A34694
:1047F00032F813005C1C002800F0FE80202800F036
:104800009E802E2800F09880C845C0F09C80B9F1A9
:104810000B0F40F09B80DDF804A05C4645F00305DB
:104820004FF00B0994F84030E52B04BF052384F8C2
:104830004030B9F1080F04BFBF00FFB207F00C030E
:104840000C2B40F0DD8045F0020584F84B502046EB
:10485000FFF7C8FC94F84B30002840F0E2805A077C
:1048600000F1FD80A379DB0640F1F280029B19780C
:10487000042940F0DD80A36823622369E27923F0F4
:10488000FF0313436362E36CA362029B2146186932
:10489000FEF706FD2368D3F80CB000261AF8010BCA
:1048A00050B340F2623100F06FFF002800F0CE807C
:1048B0001F2821D92F2811D05C280FD07F2806D897
:1048C000684B13F8012B12B19042FAD1BEE0162EBC
:1048D00000F0BC802BF816000136DFE75246137853
:1048E0002F2B924602F10102F9D05C2BF7D01F2B3F
:1048F0008CBF0025042500E004250BEB46033EB1E8
:1049000033F8022D202A01D02E2A01D1013EF6E7EC
:1049100000230BEB46022BF81630002E00F0968099
:104920003BF81310202903F101007FF446AF034642
:10493000F6E745F0030546E7B44200F08B8045F00A
:104940000305234654E7B4420DD183E0B44202D0BC
:1049500045F0030550D8BF00FFB234464FF00B09B5
:104960004FF00808EDE77F2824D940F26231039226
:1049700000F0E2FE10F0800F45F0020A039A04D026
:1049800000F07F00384B185C12E0FF2810D909F1C5
:10499000FF33984503D345F00305C846D1E70BEB39
:1049A0000803010A83F8401008F1010855461CE08D
:1049B000554628B12D4B13F8011B29B18142FAD17C
:1049C00045F003055F2010E0A0F141039BB2192BD5
:1049D00002D847F0020708E0A0F161039BB2192B4F
:1049E00003D8203847F0010780B20BEB080308F129
:1049F000010883F84000A4E7DDF804A05C4611E755
:104A000007F00303032B3FF41EAFAE073FF51DAFC6
:104A1000F80748BF45F01005790748BF45F008057D
:104A200013E704281BD113F0040F08BF052016E07C
:104A3000029B226B3C33C2F30802134403295A8BB6
:104A400004BF9B8A42EA0342A26023E7062006E0F5
:104A5000052004E0B9F10B0F7FF47DAFDBE605B074
:104A6000BDE8F08F12570108705601081B57010866
:104A70001FB5CDE9001003A814460391FEF7CEFA46
:104A8000002812DB0B4B53F820200AB100211170D3
:104A9000019A0AB10021117043F820203CB1002294
:104AA00001A96846FEF7E4FE02E00B2000E0204684
:104AB00004B010BD340700202DE9F0479AB00191F1
:104AC000002800F0318102F03F060446174603A992
:104AD000324601A8FEF7CCFE0546002840F02081B2
:104AE000039B0199049304A8FFF74AFE20B99DF99E
:104AF0005B30002BB8BF062017F01C0F7BD058B1DD
:104B0000042840F00D8104A8FFF750FC002840F075
:104B1000078146F008060AE09DF8163013F0110FE1
:104B200040F0FB80780700F1F480390774D5039BCF
:104B30001A78042A31D1186923602146FEF7B0FBA8
:104B4000039B18691E2200210230FEF7B5F9039B72
:104B500018691A2200212630FEF7AEF9039B1A6964
:104B6000202111711F690FF0EBFB039BB8601B69DB
:104B7000012283F8212004A8FFF744FA002840F01E
:104B8000CF80A168002947D002462046FEF7D6FD17
:104B9000A368039A013B53613BE00FF0D1FB139BE9
:104BA000039AC3F80E00C3F8160011785F8B03292F
:104BB00004BF998A47EA01472021D972139900233B
:104BC0004B831078CB61032808BF8B820123D370FD
:104BD00017B3D2F838803946002204A8FEF7AEFD9C
:104BE000002840F09D8041460398FEF787FB039B19
:104BF000013F5F610DE0002840F092809DF8163083
:104C0000DA0600F18880BF0706D5D80700F1858055
:104C100002E0002840F08480039A936BA364139B06
:104C2000E3643107117848BF46F0400604290FD1EC
:104C3000069B2362089B9DF81710106923F0FF0361
:104C40000B436362179BA3622146FEF729FB0AE030
:104C500003295A8B04BF998A42EA0142A260DB69A8
:104C6000236100236361039B2360DB88A380002111
:104C70000022002304F1500AC4E90E2384F83060B6
:104C80004FF4007284F8311061645046FEF714F955
:104C9000B2064AD5D4E9046756EA070345D0039B18
:104CA000A168B3F80A80C4E90E674FEA48284FF0BC
:104CB0000009B94508BFB0450DD22046FEF7D8FB24
:104CC000B6EB080667EB09070128014605D9431C26
:104CD000EFD1012002E0002000E002202164F8B9B9
:104CE000C6F30802034613431FD0DDF80C8040468C
:104CF000FEF7F6F898B1720A42EAC75202446264BB
:104D00000123514698F801000FF0AEFB68B1012075
:104D100006E0082004E0042002E0072000E0022072
:104D200000232360054600E0092528461AB0BDE8A7
:104D3000F08700002DE9F04F9B4687B000238A469C
:104D4000CBF8003005A904461746FEF77DF9054665
:104D5000002840F0B58094F83150002D40F0B0802C
:104D600094F83030D90740F1AA80D4E90E31D4E963
:104D70000420B2EB030860EB01090023994508BF4A
:104D8000B84538BF474604F150090295002F00F09E
:104D90009480D4E90E01C0F308030093002301932B
:104DA000DDE9002313436CD1059B5B895A1E430A3E
:104DB00043EAC153134015D150EA010201D1A06862
:104DC00005E0216C03932046FEF752FB039B01286C
:104DD00001D8022502E0421C03D1012584F831509C
:104DE0006EE02064DDF81480216C03934046FEF7EA
:104DF00077F80028EDD0039BB7F5007F03EB0006A2
:104E000020D37D0AB8F80A2098F801005919914278
:104E100088BFD51A2B46324651460FF025FB002895
:104E2000DBD194F93030002B0ADA606C801BA84289
:104E300006D24FF4007249460AEB4020FEF726FAEC
:104E40006D022BE0626CB2421AD094F93030002B24
:104E50000DDA0123494698F801000FF041FB0028C4
:104E6000BBD194F8303003F07F0384F830300598DC
:104E700001233246494640780FF0F6FA0028ACD1BB
:104E80006664A16BC1F30801C1F50075BD4228BF7E
:104E90003D462A4649445046FEF7F8F9DBF8003013
:104EA0002B44CBF80030D4E90E23501943F1000114
:104EB0007F1BAA44C4E90E0168E7029D00E00725B4
:104EC000284607B0BDE8F08F2DE9F04F87B01546B2
:104ED0000293029A00238B46136005A90446FEF74D
:104EE000B3F88246002840F0DB8094F831A0BAF194
:104EF000000F40F0D58094F830309A0740F1CE8012
:104F0000059B1B78042B03D0A36BEB4200D3DD433E
:104F100004F15009CDF80CA00DB3D4E90E23C2F36F
:104F20000801009100210191DDE90001014340F0F9
:104F300087800599B1F80AA0510A0AF1FF3A41EABF
:104F4000C3511AEA010A23D1134303D1A06878B9E7
:104F5000014600E0216C2046FEF73CFE40B994F883
:104F60003030DDF80CA043F0400384F8303097E097
:104F7000012802D14FF0020A03E0431C04D14FF094
:104F8000010A84F831A08BE0A368206403B9A06013
:104F900094F93030002B0EDA0598626C40780123CA
:104FA00049460FF09DFA0028E9D194F8303003F01B
:104FB0007F0384F83030059E216C3046FDF790FF6A
:104FC0000028D7D0B5F5007F0AEB000724D34FEABD
:104FD0005528738970780AEB08029A4288BFA3EBC0
:104FE0000A0843463A4659460FF07AFA0028C6D1D5
:104FF000616CC91B41450CD24FF400720BEB41218F
:105000004846FEF743F994F8303003F07F0384F804
:1050100030304FEA482826E0636CBB420FD0D4E919
:105020000423D4E90E01994208BF904207D201231C
:105030003A46494670780FF017FA00289FD1676406
:10504000A06BC0F30800C0F50078A84528BFA846AB
:10505000424659464844FEF719F994F8303063F057
:105060007F0384F83030029B029A1B68434413602C
:10507000D4E90E23D4E9040112EB080643F100073A
:10508000B94208BFB0423CBF30463946A5EB0805DF
:10509000C344C4E90E67C4E904013DE74FF0070AC1
:1050A000504607B0BDE8F08F70B598B001A904462E
:1050B000FDF7CAFF002840F0888094F830305A0687
:1050C00040F183801B060FD50198626C4078012364
:1050D00004F150010FF004FA002875D194F8303033
:1050E00003F07F0384F830300FF02AF90546019869
:1050F0000378042B45D12046FEF7A0FB002864D19D
:105100004FF0FF32216C2046FEF700FB00285CD1F7
:1051100023680293236A0493636A8DF80F3023F0A7
:10512000FF03CDE906300990A16A159102A8FEF7A8
:1051300033FA002849D102A8FEF7CCFE002844D15A
:10514000019E3269137943F020031371E3793269C8
:1051500043F0010382F821303169A3684B63D4E93D
:105160000423C1E90E23D4E904234875C1E90A23C5
:105170003369CD60186102A8FEF744FF28BB01988F
:1051800019E0A16CFEF7BAF8F8B9E36C0198DA7A85
:1051900042F02002DA72A26821685A830978032952
:1051A00004BF120C9A822269DA610022C3F81650F9
:1051B0005A820123C370FFF7A5FA94F8303023F028
:1051C000400384F8303000E0012018B070BD0000CA
:1051D00013B50446FFF768FF28B901A92046FDF77B
:1051E00033FF00B9206002B010BD00002DE9F04F80
:1051F00087B005A9044616461F46FDF725FF8246DF
:10520000002840F0048194F831A0BAF1000F40F07A
:10521000FE80059B1B78042B0DD0059D2B78042B5D
:1052200013D00023BB424FF0FF3208BFB2423CBF55
:1052300016461F4609E04FF0FF32216C2046FEF76C
:1052400065FA0028E9D08246E1E0D4E90423BB42B4
:1052500008BFB24205D294F8301089075CBF1646E9
:105260001F4600210020D4E90E23C4E90E0156EAAE
:10527000070101D1002592E06D8952EA03014FEA4E
:10528000452523D012F1FF3B43F1FF3816F1FF30E3
:1052900047F1FF312A460023FBF738FB2A46CDE9C8
:1052A0000001002358464146FBF730FBDDE90023AF
:1052B0008B4208BF824209D3694201EA0B03F61A06
:1052C000C4E90E3867EB0807216C13E0A16881B9C7
:1052D0002046FEF77FFC0128014602D14FF0020A6A
:1052E00003E0013004D14FF0010A84F831A08EE0D0
:1052F000A16021640029BDD0A8464FF000095546A1
:10530000B94508BFB045D4E90E322DD2B6EB080638
:1053100094F8300067EB090718EB030A49EB020B1E
:105320008207C4E90EAB11D5D4E904235B4508BF5D
:10533000524505D2C4E904AB40F0400084F8300087
:105340002046FEF747FC014620B90FE02046FEF755
:105350008FF801464B1CC6D00129BFD9059BDB69DC
:105360008B42BBD92164CBE7AA4602E0AA460026BD
:105370000027D4E90E329B1947EB0202C4E90E3232
:10538000C6F30802002313433FF474AF0598FDF7FA
:10539000A7FD0028A2D0730A43EAC753C518D4E971
:1053A0000E01D4E904238B4208BF824207D294F84D
:1053B0003030C4E9040143F0400384F83030C0F3D6
:1053C00008020023134322D0626CAA421FD094F932
:1053D0003030002B04F150060EDA059801233146D7
:1053E00040780FF07DF800287FF47DAF94F83030DE
:1053F00003F07F0384F83030059801232A463146B4
:1054000040780FF031F800287FF46DAF65645046A6
:1054100007B0BDE8F08F00001FB50191002840D013
:105420000446002203A901A8FEF722FA002835D17C
:10543000039B236001992046FFF7A2F9002832D18F
:1054400094F94B30002B1FDBA379DB0601D4052038
:1054500024E0039A117804290ED1A36823622369FA
:10546000E179106923F0FF030B436362E36CA362ED
:105470002146FDF715FF07E0E26B0329538B04BFBC
:10548000928A43EA0243A360039BDB88A380002146
:105490002046FEF781F80428D9D038B100232360D4
:1054A00004E0092002E00428D1D0F7E704B010BDE1
:1054B00013B501A90446FDF7C7FD00B9206002B08D
:1054C00010BD000073B50D4601A90446FDF7BCFDF3
:1054D000B0B925B901462046FEF75EF810E0204637
:1054E000FEF7F0FD10F0FB060AD129462046FDF735
:1054F000DFFD31462046FEF78DFC042808BF002062
:1055000002B070BDF8B506460C4601F11A072146F7
:105510003046FFF7D7FF054650B94CB1A37E3BB1EB
:10552000024604233946306DFDF728FD0028EED0F1
:105530002846F8BD10B5BCB00222019003A901A80D
:10554000FEF796F9002854D1039B0199109310A8F7
:10555000FFF716F900284CD19DF98B30002B47DB63
:105560009DF84630DA0701D5072042E0039B0493FB
:105570001A78042A05D104A91869FDF791FE069C42
:1055800006E01F9B032A5C8B04BF9B8A44EA03440A
:105590009DF84630DB0604D410A8FEF763FDD8B1B1
:1055A00027E0039B269328941B78042B07D1DDE981
:1055B0000823CDE92A239DF817308DF89F3000216C
:1055C00026A8FDF7E9FFA0B926A8FEF77BFD002875
:1055D000CAD004280DD1DFE71CB90398FFF792F871
:1055E00007E00246214604A8FEF7A8F808B9F4E748
:1055F00006203CB010BD000070B5A6B0022201909C
:1056000003A901A8FEF734F90446002840F0918070
:10561000039B01991093054610A8FFF7B1F80446C3
:10562000002800F08580042840F08380039B0493C9
:10563000294604A8FEF7CEFA054628B1012805D070
:10564000431C5C425C4102E0072400E002240EF0AF
:1056500077FE0646002C65D129460398FEF7AEFB7F
:10566000044600285ED103980378042B2AD00B222D
:1056700020213C30FDF720FC03982E2380F83C309D
:10568000102380F847300378C0F85260032B04BF22
:105690002B0CA0F8503000F13C01A0F8565020220D
:1056A0005C30FDF7F3FD039B2E22197883F85D2013
:1056B000129AA3F87620032904BF120CA3F87020D5
:1056C0000122DA7010A8FEF771FE044650BB039B5E
:1056D0001A78042A12D159891A6949029163916290
:1056E000032182F821101B69D660556310221A71BC
:1056F00010A8FEF787FC0446D8B90EE01F9A558320
:10570000C2F816601978032908BF2D0C4FF010015C
:1057100008BF9582D1720122DA700398FEF7F2FF7A
:10572000044606E00022294604A8FEF707F800E038
:105730000824204626B070BD7F2801D880B270476B
:10574000B0F5803F18D240F26233994214D110B4C0
:105750000C4900234FF4826203E0802B0AD031F819
:10576000022F82429CB203F10103F6D104F18000C2
:1057700080B203E0002001E0002070475DF8044B98
:10578000704700BFD45901087F280DD940F2623319
:10579000994208D1FF2806D800F10040034B803819
:1057A00033F8100070470020704700BFD45901083B
:1057B000B0F5803F4ED2284A284BB0F5805FF0B458
:1057C00041F67D512CBF1346612186B204331F463A
:1057D00000293CD08E423AD333F8022CD4B265185B
:1057E000A8424FEA122228DA082A30D8DFE802F06D
:1057F00005090F1215181B1E2100411A33F81160FC
:1058000025E0711A01F00103F61AB6B21FE0103E4E
:10581000B6B21CE0203EB6B219E0303EB6B216E099
:105820001A3EB6B213E00836B6B210E0503EB6B239
:105830000DE0A6F5E356B6B209E0043312B133F831
:10584000041CC4E707EB440337F81410BEE73046E6
:10585000F0BC7047704700BF185901082457010871
:1058600008B5202383F311880348FCF7F5F80023DB
:1058700083F3118808BD00BF6C07002038B50C46C3
:10588000202383F31188022902D003290ED010E0CF
:1058900005460A4A0121FCF7A5F928462146084A8F
:1058A000FCF7A0F90748FCF7ABF802E00548FCF765
:1058B0009BF8002383F3118838BD00BF4C630108B7
:1058C000686301086C070020164B174A17491B68CC
:1058D0001268096870B4164E13440B43304606F143
:1058E000180503F01F040A2C34BF3022372222444B
:1058F00020F8022F5B09A84243EAC1634FEA511125
:10590000EFD10C4840F21A311A220023C0F8DC6FA4
:10591000A0F8E01FA0F8D82FA0F8DA3F70BC00F67E
:10592000D8707047ACF7FF1FB4F7FF1FB0F7FF1F29
:105930003C9B00205C8B0020022913D0032904D05B
:1059400001290A4818BF00207047032A05D1084BD7
:105950009B8A1B0502D5FFF7B7BF05D8054800EBAA
:10596000C20070470448704700207047E863010890
:1059700008030020406401089C63010830EE010A1E
:10598000F0EE007AA0EEA70AF5EE007A20EE270AE4
:10599000704700BF002A50D001390B1A00FB03F0FA
:1059A00002FB00F000FB02F007EE900A01FB01F1A0
:1059B000B8EE677A07EE901AF8EE676A9FED202A34
:1059C0009FED203A9FED204A9FED205A9FED206ADF
:1059D000DFED201ADFED202ADFED203ADFED204A4F
:1059E000DFED205AC7EE267AB7EE000AF0EE426AE3
:1059F000B5EE007AE1EEA76AE6EEA72AF0EE436A7A
:105A0000E2EEA76AE6EEA73AF0EE446AE3EEA76A92
:105A1000E6EEA74AF0EE456AE4EEA76AE6EEA75A7C
:105A2000F0EE466AE5EEA76AA6EEA77AF0EE406AC7
:105A3000E7EE876AA7EEA60A7047B7EE000A70473E
:105A40004EE534269998052D22152933B4A29138B4
:105A5000398EE33CD4CBA022C400AB2922152930D7
:105A60002E740136398EE33A054B1B6810B41C685E
:105A700024680A460146184623465DF8044B184739
:105A80006863002030B42C4D6C8B002C4BD005EBA0
:105A9000C4042A4605F6585105F5CF53F7EE002AFF
:105AA00093ED007A92ED343AD1ED016AD2ED353AB8
:105AB000D1ED005AD3ED017A73EE474A37EE437ABF
:105AC00033EEE76A35EEA24A77EEE37A32EEE55A34
:105AD00067EE265A012826EEC66A64EEA64A67EEED
:105AE000043A67EEA66AE7EE845A08D1F0EE466AF9
:105AF000F0EE645AE7EE056AE7EE855A08E0B0F189
:105B0000FF3F12BF73EEE66A76EEE36AF1EE655A86
:105B10000832A242C3ED006AC3ED015A01F1080147
:105B200003F10803BCD1AB8C23F0040343F0400322
:105B3000AB8430BC704700BFE0080020084A08B5BD
:105B4000138B03F00101814209D023F001030343C9
:105B50002820138307F0C8FB024B00221A7708BDE8
:105B6000E0080020080300202DE9F04F2DED028B06
:105B7000061E85B0154601DB574C98E0564CD4F80C
:105B80000CA08A45894680F09180B4F8228027696C
:105B900008F1FF388F421FFA88F801D8464686E0A0
:105BA000A7EB0A07A1EB0A003A460023A0FB080175
:105BB000FAF7ACFE0646A6FB0723F11707FB0133F5
:105BC0004FEA580112EB010B43F1000C1FFA88F267
:105BD000002358466146CDE902BCCDE90023FAF71F
:105BE00095FEDDE902128346781842F10001DDE9F5
:105BF0000023FAF78BFE0AEB0B0291458244A0EBDF
:105C00000B0054D060B1A9EB020307EE103A07EE87
:105C1000900AB8EE477AF8EE677A87EE278A01E0B5
:105C20009FED2E8A104603F03DF90746504603F0DB
:105C300039F9B84201D1731C15E0484603F032F936
:105C4000B84208D1002E32DDF7EE007A334638EE46
:105C5000278A013E07E0B04529DDF7EE007A38EEED
:105C6000678AB31C013604EBC60604EBC3042B1D84
:105C70002C35D6ED347A94ED347A37EE677AE7EE48
:105C8000087A43ED017AD6ED357A94ED357A37EE20
:105C9000677A06F68846E7EE087A04F6884417EE37
:105CA000902A43F8082BAB42E3D110E000262B1DCD
:105CB00004EBC6042C35D4F8D02043F8042CD4F8D7
:105CC000D42043F8082B9D4204F68844F3D105B054
:105CD000BDEC028BBDE8F08FE00800200000000062
:105CE00010B52DED028B82B0044601A96846D4EDB3
:105CF000008A94ED018A0FF0E5F9DDED007ADDED23
:105D0000016A28EE677A67EEA87AA6EEA87AE6EE30
:105D1000887A84ED007AC4ED017A02B0BDEC028B82
:105D200010BD00BF012818D108B508680B4902F062
:105D30009BFE28B90A4A137843F04003137006E02B
:105D4000012804D1064A137823F0400313704FF45E
:105D50008D70BDE8084007F0C7BA70473466010887
:105D6000A803002000283ED002283CDC1E4B9B8A62
:105D70005B0738D470B5022890B00D460CD1486846
:105D80001A4C02F0D7FD1A4A04FB00F404F2E7347F
:105D9000A2FB0434A40901E044F620642E68154DEA
:105DA0003046FAF735FF31460246234605F120001A
:105DB000FBF7CCFC234602220F49104E05F12000D0
:105DC000FBF7C4FC03E033680C481B68984740228B
:105DD000694623462846FBF737FC694602460028F9
:105DE000F1D110B070BD704708030020A0860100FB
:105DF000D34D62105C0500204C6F01086C07002039
:105E0000022838B509D108680D4602F079FD04B2C0
:105E1000686802F075FD02B202E04FF0FF321446EE
:105E200021460220BDE838400DF082BD02280FD186
:105E300038B508680C4602F063FD0546606802F05C
:105E40005FFD29B202B2BDE8384001200DF070BDFF
:105E5000704700BF0CF0ECBE08B52DED048BB0EE22
:105E6000419AB0EE608A38EE098AF0EE408A20EE60
:105E7000810A38EE288A20EE280AB0EEC00A0FF018
:105E80007BF9B5EEC08ABDEC048BF1EE10FA48BF89
:105E9000B1EE400A08BD00BF0C494A8BAAB140F2DE
:105EA000911303FB002310B440F68844002201EB59
:105EB000C30304FB001080ED340AC0F8D42008307E
:105EC0009842F8D15DF8044B70477047E008002015
:105ED0000828044B024628BF082210201A7007F039
:105EE00003BA00BF74630020014B1878704700BFED
:105EF00074630020024A137823F001031370704783
:105F0000A8030020FFF7F6BF084A117881F00103CB
:105F100003F0FB03C807137006D50549898AC90435
:105F200044BF43F002031370704700BFA803002072
:105F3000080300200FB400B5074B186883B028B1E0
:105F400005AB1A4604990193FCF76EFC03B05DF8AB
:105F500004EB04B0704700BF6863002038B5052229
:105F60000D4902F09FFD0D4B80B20528188004D921
:105F70000B48FFF7DFFF00240CE050B1094C0A4842
:105F8000054D296802F070FD20B154F80A0F002871
:105F9000F7D10024204638BD0C6300206463002044
:105FA000746401088C6C01086C640108022870B5E7
:105FB0001DD02648264C274DFFF7BCFF002634F89D
:105FC000023FDA08580900F0F800190402F4E05220
:105FD000024301F478015B030A439BB231461A4342
:105FE00028460136FFF7A6FF202EE8D12DE00868ED
:105FF0000C4602F09FFC83B21F2B064625D8606832
:1060000002F098FC0546606802F094FCED00430144
:1060100003F4F853606805F460451D4302F08AFC00
:10602000030C03F0F80360681D4302F083FC0A4B85
:10603000B6B2C0F3423003EB46060543F58340F2A7
:106040001A30BDE8704007F04FB970BDBC6501085B
:1060500024030020D86501080803002001490248F4
:10606000FFF768BF60640108846C010838B5064C0E
:10607000216839B1054D2846FFF75CFF54F8041F2D
:106080000029F8D138BD00BF7C030020846C0108D2
:1060900038B50948094C0A4DFFF74CFF0949284615
:1060A000FFF748FF54F80A1F0029F8D10648BDE859
:1060B0003840FFF73FBF00BF5C6601088C6C0108E9
:1060C000686601086C6401084C6F0108012808B576
:1060D00007D0074B07495A680748BDE80840FFF753
:1060E00029BF086802F026FC014B586008BD00BFBC
:1060F00008030020246A01084C6A01082DE9F041D8
:10610000071E43D048DDDFF89880244E0C1F002581
:10611000414654F8040F02F0A7FC072836D8DFE800
:1061200000F004080C131A1F262B0120FFF706FDB0
:1061300028E00020FFF702FD24E0338B23F0060364
:1061400043F0020333831DE0338B23F0060343F057
:106150000403338316E0338B23F00603338311E00B
:10616000338B23F0180343F0080333830AE0338BA7
:1061700023F01803338305E0338B23F0180343F037
:10618000100333830135AF42C2D105E0044905480D
:10619000BDE8F041FFF7CEBEBDE8F081E008002089
:1061A000B46B0108946B0108012808B506D0064BB2
:1061B0000648198BBDE80840FFF7BCBE086802F02E
:1061C0009FFB014B188308BD08030020E867010806
:1061D000022816D138B50C460C49206802F044FC60
:1061E000051E08DB606802F0A5FBC1B2A8B2BDE8DD
:1061F00038400CF053BE05490548BDE83840FFF76C
:1062000099BE02490248FFF795BE00BF44670108E6
:10621000E8650108012808B507D0084B08491A7835
:106220000848BDE80840FFF785BE086802F082FB19
:10623000BDE80840C0B2FFF74BBE00BF746300204A
:10624000A46901084C6A0108012808B50BD1086847
:106250000D4902F009FC30B90C48FFF76BFEBDE8B0
:1062600008400CF005BE0A48FFF764FEBFF34F8FED
:106270000849094BCA6802F4E0621343CB60BFF3DC
:106280004F8F00BFFDE700BF0C68010810680108D0
:106290003068010800ED00E00400FA05012808B5A7
:1062A00007D0074B07495A6E0748BDE80840FFF77B
:1062B00041BE086802F03EFBBDE8084002F0CABDDE
:1062C00008030020086A01084C6A010808B50EF0AE
:1062D00005FBBDE8084001460148FFF72BBE00BFA3
:1062E0007C6C0108012811D108680A4908B502F040
:1062F000BBFB002804DBC0B2BDE8084007F036B89D
:1063000004490548BDE80840FFF714BE01490248AA
:10631000FFF710BE0C670108F4660108012813D1CD
:1063200008B5086802F006FB062806D80EF084F9C6
:106330001020BDE8084006F0D7BF062205490648F0
:10634000BDE80840FFF7F6BD062202490248FFF704
:10635000F1BD00BF446801084C68010810B90B4842
:10636000FFF7E8BD38B5044608680D4602F0E2FACA
:10637000012CCCBF69680021022C0246CCBFA86862
:106380000020BDE838400BF07DBE00BF7C670108EF
:1063900000B50D4883B0FFF7CDFD0CF025FC0B498F
:1063A0000B48B1F912300093B1F91030B1F90E2059
:1063B000B1F90C10FFF7BEFD40F21A3003B05DF8E2
:1063C00004EB06F091BF00BFC06A0108080300207B
:1063D000EC6A01082DE9F041274C284BC0222280AD
:1063E0002688E0B0012836B2C3F800D008D108688A
:1063F00002F086FA224B10F1FF3018BF01201880FE
:10640000002002F0D9FE1F4B1F485B8B1F4902334F
:106410004FF080429BB2526A038023881BB2C8327D
:10642000002B0A6004DD30BF23881BB2002BFADC8E
:10643000002E10DC1DE035F9021BFFF77BFD0C2C54
:1064400003D14046FFF776FD0024B542384604F1FB
:106450000104F0D10DE00E48BDF90010DFF83480E2
:1064600007460DEB4606FFF765FD0DF10205012419
:10647000EBE760B0BDE8F081604800205C48002098
:106480006248002008030020A068002078610020F6
:10649000246601084C6F0108012802D00A48FFF762
:1064A00049BD08B50868094902F0DEFA20B108487C
:1064B000BDE80840FFF73EBD0EF042F90548BDE8D3
:1064C0000840FFF737BD00BF146501083C650108AF
:1064D000446501085865010808B50EF067F80248E0
:1064E000BDE80840FFF726BD6068010810B501222D
:1064F00005490648FEF7BCFA044610B10448FFF708
:1065000019FD204610BD00BF5465010820990020E8
:1065100008690108012802D00B48FFF70BBD10B530
:106520000C46FFF7E3FF70B924682046FFF702F836
:10653000064A074B2146002818BF1A46BDE81040FE
:106540000448FFF7F7BC10BD20690108186901086D
:106550001C6901084069010830B5012883B003D0E7
:106560001848FFF7E7FC2BE004460D68FFF7BEFF75
:1065700030BB294622461448FEF79EFA054618B15C
:106580001248FFF7D7FC1BE0114C0421D4F8843BE0
:1065900000936846FFF768FA019501E0FFF764FA97
:1065A00001AB4FF4007221460748FEF7C3FB20B948
:1065B000019B20461946002BF0D10348FEF708FE48
:1065C00003B030BD78690108D096002094690108B5
:1065D0005C8B002030B5A7B004460D46FFF786FF60
:1065E00050BB14B1012C03D005E0144B249306E0FA
:1065F0002B68249303E01248FFF79CFC1CE010A8D2
:106600001049FEF709FF08B90F4C07E010A8FEF784
:106610004FFF11E0DDE90023FFF78CFC694610A86D
:10662000FEF770FF0DF11A010028EFD19DF81A3026
:106630002046002BEED1E9E727B030BD50690108B4
:106640005469010854650108706901082DE9F04397
:10665000354B364D1E6887B006F07F3424F0FE447B
:1066600004945F68032805EA07058846059512D15A
:106670002F49D8F8000002F0F7F900283ED1D8F8E9
:10668000040002F057F90446D8F8080002F052F965
:10669000014620462DE0022830D12649D8F80000D6
:1066A00002F0E2F98146B9F1060FD8F8040006D1EC
:1066B00002F066F907B0BDE8F0430EF085BA02F0CB
:1066C00039F9B9F1000F19DB632817D81A4B1B4AA7
:1066D000A3FB0013DB0803EB830112F80920A0EBF6
:1066E000410006A90A4440EA031002F8080CDDE95B
:1066F000041007B0BDE8F0430EF0FAB9C4F3062267
:1067000006F07F060B490391240CCDE90042029666
:1067100007F03F03C5F30422290C0948FFF70AFCE0
:1067200007B0BDE8F08300BF002800403F1FFF0016
:10673000686A0108B4720108CDCCCCCCF06E0108B7
:106740006C6A0108012808B507D0074B07499A6809
:106750000748BDE80840FFF7EDBB086802F0D0F835
:10676000BDE8084002F05CBA08030020A0670108F9
:106770004C6A0108012802D00748FFF7DBBB08B5C7
:10678000086802F0D7F8FFF7B5FB044BD97FBDE8E6
:10679000084002F09FBB00BF3C660108E0080020F3
:1067A0002DE9F043012883B013D1086802F0A8F85E
:1067B000062805D91A4803B0BDE8F043FFF7BABB75
:1067C000012809DC174C184E40F6884303FB0044AF
:1067D0000AE0144C144E07E0023840F6884404FBEB
:1067E00000F4114ED0343444738BB3B10F4F0025F5
:1067F0002068F9F7D5FE804660688946F9F7D0FE33
:106800004B46CDE9000142463846FFF793FB738BB8
:106810000135AB4204F10804EADC03B0BDE8F083C3
:106820000466010864480020E00800201C66010896
:1068300010B50446102006F057FD094B042CDA7FF2
:1068400028BFFF24A24209D0064ADC771378DB0771
:1068500004D42046BDE8104002F05EBC10BD00BF6D
:10686000E0080020A8030020012808B506D0074B47
:106870000748D97FBDE80840FFF75CBB086802F015
:106880003FF8BDE80840C0B2FFF7D2BFE0080020E3
:10689000C06701082DE9F04F85B0402308212B483F
:1068A000ADF80E30FFF7E0F802210DF10E00FFF712
:1068B000DBF82748DFF8A480BDF80E10A0F11E0613
:1068C000FFF7D2F8A8F14009002409F1020BCA46EB
:1068D00008F2BE3527460020CDF8008001234FF492
:1068E000F07239460DF04AFA1A4800F1010C06EB35
:1068F000440330F8021FDB8B8B4209D0164B002477
:1069000002E00134202C05D033F8022F8A42F8D15E
:10691000E3B201E000242346A8420CF8013FE6D18F
:106920004FF4F07259460D4802F0FAF881B203466E
:10693000013702315046A9F80030FFF795F8B7F556
:10694000A07FC8D105B0BDE8F08F00BF406F01083F
:10695000260300209A8B0020240300209C8B00201B
:10696000002801DDFFF796BF70B50B4D82B0002403
:106970002E46022321464FF4F072002000951C445D
:106980000DF0FCF94FF4F0613046FFF76DF8B4F507
:10699000A07FEED102B070BD5C8B002070B40F49B7
:1069A0000F4A104B4C8B1E88508B157F002364F3CD
:1069B000080360F35123547F908A0B4A66F3954392
:1069C00065F3985364F35F634D688C684969136598
:1069D00055659465D16570BC10667047E00800206D
:1069E000080300205E9B002000280040F8B5224DDF
:1069F0002A8892B2002A3DD04FF080431F495B6A3B
:106A000009685B1A002B35DB1D491E4C498B10F0C1
:106A1000020F01F10101A4F1C00008BF0446914238
:106A200002DA02F0AFFC03E06021204602F022FC13
:106A3000154B164FB3F900003E68154904EB4000B2
:106A4000021D0024C4300B881BB20BB974B10CE0DA
:106A50000B8832F9044C013B04321BB282420B809A
:106A600026F8024B4FF00104EDD13E602B88013B2C
:106A70009BB22B80F8BD00BFA06800207861002089
:106A8000080300203C620020624800205C4800208F
:106A900060480020034BC0F308024FF481605A8322
:106AA00006F022BC08030020012808B504D10868BC
:106AB00001F040FF80B215E0022815D1086801F00E
:106AC00039FF83B2B3F57A6F08D8072B08D94FF492
:106AD0007A60B0FBF3F0013880B203E0002001E0FF
:106AE00040F2FF10FFF7D6FF054B0648598B4FF4D5
:106AF0007A624B1CB2FBF3F2BDE80840FFF71ABA0A
:106B000008030020B46401084FF47A630130B3FB3A
:106B1000F0F0704730B4094A094C0A4B0A4925681D
:106B200012881B680C6803FB0053510804FB00101B
:106B300030BCB0FBF2F01844704700BFD80800200A
:106B4000DC080020D0080020D40800202DE9F04FF8
:106B5000764F774C7A8B23882DED028B9A4295B035
:106B600004D9002800F0CB8121B9B6E100232380AD
:106B70000028F9D16F4B97ED2A0ADFED6F7A02906A
:106B80004FF000529A6120EE270A0D460EF00EFCDF
:106B90001120B0EE408A0DF061FA798B2088814295
:106BA00040F2928105F00303009305F040034FF09B
:106BB000000A05F0010905F00208C82604932B46D7
:106BC000D346CDF804A04D46B24699464646FFF757
:106BD000A1FF009B80465BB1F97F02F07BF9049B2B
:106BE000834613B92388039302E04FF0FF330393E6
:106BF000002D61D0002002F0DFFA4FF080424F4BB1
:106C0000516A5A8B4E484F4B51440232594492B20A
:106C100019F0200B01601A8000F06B810AAA41462E
:106C200003980593FEF7A0FF059B1A8892B2002AED
:106C300000F0558130BF1A8892B2002AFAD106A816
:106C400002F058FBBBF1000F34D0DDED076A9DED7B
:106C50000B4A9DED0C5A9DED066ADDED0A7ADDEDDD
:106C60000D5A9DED0E7ADDED0F4A76EEC46A36EED2
:106C7000676A66EE857AA6EE057A4FF00A0BE6EEB5
:106C8000257AA6EEE57A77EEA47A26EEA75A67EE85
:106C9000A75A67EEC67AE7EE075AA6EE075AE6EE5F
:106CA000877AC5EE256A87EEA57ACDED066A8DED69
:106CB000077A01E04FF00A0B002E00F084800120DB
:106CC00002F07AFA4FF080421C4B516A1C485A8BF2
:106CD0001C4B8A440AEB0B010232016009F02101CE
:106CE00092B220291A801BD10AAA41460398059323
:106CF000FEF73AFF059B13E008A802F0FBFADDED72
:106D0000087A9DED097AF1EE677AB1EE477A19F0CB
:106D1000200FCDED087A8DED097A54D014E030BF04
:106D20001A8892B2002AFAD1E6E700BFE0080020F4
:106D30007661002000080048E3C8EB3D080300200E
:106D400078610020A06800209DED125A9DED116A27
:106D5000DDED136ADDED105ABB8C77EEC57A37EEA8
:106D6000667A67EE866A27EE066AE7EE256A5B05B5
:106D700067EEA57AB0EE667A37EEC65ACDED096AAF
:106D80008DED085A1FD59DED0D4ADDED076ADDED4D
:106D90000C3ADDED064AF7EE005AE4EE265A66EEAE
:106DA000A36AE3EEE45AE4EE246A76EE677A27EE0D
:106DB000256A27EE267AA6EEA76AA5EE257A8DED3E
:106DC000096A8DED087A2388B3F5C87F42D8ADB142
:106DD00019F0040F0BD007EE908A97ED270AF8EE12
:106DE000677A06A827EE800AFEF77AFF2388474ACB
:106DF0000698079902EBC3031860596056B319F05F
:106E0000080F0AD007EE908AB8EE670AD7ED287A05
:106E100008A820EE270AFEF763FF19F0100F9DED7A
:106E2000087ADDED097A07D027EE087A67EE887ACE
:106E30008DED087ACDED097A2388344A03F2911159
:106E400002EBC30303F68C4302EBC10282ED007A2E
:106E5000C3ED007A2E4B1B780BB1029B1BBB2D4B55
:106E600020885A8B7B8B262A15D90199C0EBC00844
:106E70005A1E08EB881898FBF2F8A8EB0102002ACA
:106E800009DD14310846012300210CF0E7FF2088BA
:106E90007B8BCDF80480013080B2984220804FF087
:106EA000000AFFF494AEDDF804A0BAF1000F00D19F
:106EB00008E002200DF0D2F85246012300211420F0
:106EC0000CF0CCFF798B2088134B081A4FF400523A
:106ED000B0FA80F040099A6113E0084611E006A874
:106EE00002F008FAB1E606A802F004FA4FF00A0B25
:106EF000E2E61A8892B2002A7FF49CAEF3E7208083
:106F000038E615B0BDEC028BBDE8F08F6448002078
:106F1000E78A002008030020000800482DE9F04F10
:106F2000B44B2DED088B9B8A1E068BB002D5012039
:106F30000CF05EFF0CF00EFD07F094FCAE4BDFF89A
:106F40001083DFF81093DFF810A3DFEDC49ADFEDB4
:106F5000ABBA9FEDABBADFEDABAA9FEDABAA5B007E
:106F600003F58052043203F580530992089306F02A
:106F7000A3F9B8F82430D8ED277AA44ADD0554BF28
:106F800040F0030040F02300F5EE407AD8ED287A77
:106F900012781FFA80FB9C0548BF4BF0400B9C4BBE
:106FA000F1EE10FAF5EE407AD8ED2A7A1B7818BF88
:106FB0004BF0040BF1EE10FAF5EE407A18BF4BF0EF
:106FC000080BF1EE10FA18BF4BF0100B980710D019
:106FD00022B101F029FF8D4A002313705946012088
:106FE000FFF7B4FD8A4A137823F0020307461370B3
:106FF00031E0804B9B8AC3F30034944203F4805306
:1070000007D013B101F0F4FE01E001F00DFF7F4B5A
:107010001C7030BF00271EE0BAF80000D9F800301D
:1070200001383146984700212846C9F80040FAF750
:10703000B7F8D9F80030002BEED1754A1378144612
:1070400063F07F0313700CF033FC237803F07F03AD
:10705000237047B9C0E1D9F80030002BEDD06D4E58
:107060006D4D0024D8E76D4B1B7823B9B8F8183064
:10707000D90755D558E05F4B694D9A8A694B6A4CE0
:10708000CDE902BB12F0020F08BF1C46029BDA07D3
:107090000BD4029BC3F34F030293644B05F6884560
:1070A000AB42F3D1DDF80CB0E0E75C4B1F78012375
:1070B000013FBB40002B0193EBDD0026B8F81A30EE
:1070C00095ED000AD5ED018A022B04D8019B01360B
:1070D000B342F3D1DDE72F464FF0010B97ED028A63
:1070E00097ED041A97ED039AF0EE480AA04797ED42
:1070F000051A87ED020AD7ED030AB0EE680AA04729
:10710000B8F81A3087ED030A0BF1010B013B9B45E0
:10711000F0EE498AB0EE480A07F10807DEDBD5E752
:10712000012006F0E1F857E103F00605022DB8F85A
:107130001A4001D0042D06D1620092B201920122C0
:107140000594069203E00022CDE90522019413F094
:10715000180204D0102A0CBF0D27002700E00627D4
:10716000334903F01E0343EA44130A889BB29A4250
:1071700000F09480042D0B8072D107FB07F307EE1B
:10718000903AF8EEE77AB5EE007A67EE877AB7EED6
:10719000001A9FED284ADFED284A9FED285ADFEDBF
:1071A000285A9FED286ADFED286ADFED282AF0EEE5
:1071B0004B3AB0EE6A3AEBEEA73AA3EEA73AF0EEFE
:1071C0004A3AE3EE273AA3EEA74AE4EE274AA4EEB2
:1071D000A75AE5EE275AA5EEA76AE6EE276AA6EEBD
:1071E000A77AF0EE416AE7EE876AA7EEA61A21EECB
:1071F000221A4CE0080300205C8B0020D4CBA02294
:107200004EE53426C400AB299998052D7461002001
:10721000A8030020106300206C630020746300202A
:1072200064480020595E00087D5900087461002000
:107230007663002022152930221529332E74013659
:10724000B4A29138398EE33A398EE33C0000004411
:10725000E00800202063002064630020000000009C
:107260001FED021A7CB1059E029534443546019EFD
:1072700028463A463146FEF78DFB0135AC4231EEE9
:10728000001AF5D1029D022D08BF31EE011AB7EEAA
:10729000007AC7EE017A624BC3ED007A614BCDE90B
:1072A00002B3029BDB070AD4029A039B52080292A4
:1072B0005D4A03F688439A420393F2D130E7B8F867
:1072C0001A3004935BB3564A039C92ED001ADDF822
:1072D00014B0564DDB0007931E1958463A460199E3
:1072E000FEF758FB94ED007AD4ED017A20EE010A06
:1072F000083427EE007A67EE807AA64285ED007AA0
:10730000C5ED017A0BF1010B05F10805E5D1049BF0
:10731000B3F5007F07DB069B002B64D012E0049BD3
:1073200007931A4600E0049A404B07990B44013238
:10733000B2F5007FC3ED009AC3ED019A03F1080393
:10734000F5D1E8E7049B012B57DD394B079ADDE9BE
:107350000845A3F108010A44E11A18680860D3ED52
:10736000017AE91A0833F1EE677A9A42C1ED007AA0
:10737000F2D142E02F4BA21E03F1080000EB820283
:1073800019EE900A43F8080B9A42F9D13FE0B8F899
:10739000183003F00603042B2CD101292ADD244BDD
:1073A000A3F1080202EBC101D3ED007A13ED027ADA
:1073B00077EE877A17EE902A43F8082B9942F3D19B
:1073C00018E00399194A0023013352F8040B41F8DD
:1073D000040BA342F8DB67E74FF4807005F084FFED
:1073E00005F0D4FFC3E5012110480DF0E1FDB8F828
:1073F0001A406400002CE4D156E701210B480DF03F
:10740000D7FDB8F81A104C00012CB3DCBFE7B8F870
:10741000183003F00603042BD3D10129BFDCD0E7D9
:10742000A468002064480020746100205C8B002068
:10743000648B0020608B002070B5084D6B8B63B1AE
:10744000074E0024A0B2FFF765FB01463046FEF769
:1074500071FD6B8B0134A342F4DC70BDE0080020A9
:10746000606A01082DE9F047A64C84B0638BADF843
:107470000830831E022B03D9A348FEF75BFD3DE1D4
:10748000074608680E4601F055FA8046706801F01C
:1074900051FA0546B8F1000F02D008B1804503D972
:1074A0009A48FEF747FD29E1022F00F01A81B068E3
:1074B00001F040FA80B2431E9BB2B3F5C87FADF82D
:1074C000080003D99248FEF735FD17E10022042F8A
:1074D0006083ADF80A2004D08E4F84463A780321A9
:1074E00016E0F0688B4F01F025FA3A78BDF808C035
:1074F00081B21307ADF80A100CF1FF3348BF41F019
:107500008001608B48BFADF80A109BB2C1F3410106
:10751000A68C22F00802F6053A7005D5BDF80A20BF
:10752000120758BF41F02001D4ED277A94ED287A54
:10753000F5EE407AF1EE10FA0BD0BDF80A20D7062E
:1075400012D4B5EE407AF1EE10FA41F0040109D1FF
:107550000AE0B5EE407AF1EE10FA05D0BDF80A2047
:10756000D60601D441F00801D4ED2A7AF5EE407A2E
:10757000F1EE10FA05D0BDF80A20920658BF41F08E
:107580001001E268904540F0A9802269954240F0E0
:10759000A580628C824240F0A180A5EB08055E4880
:1075A000B5FBF3F203FB125505605C48A4F81AC062
:1075B0005B4E5C4C03808B073260C4F8008002D0C5
:1075C0000020FFF7C3FAFEF795FCBDF80A30002B48
:1075D00000F0948013F080040AD1BDF80820002A3E
:1075E00000F08C80504DDFF84CA1504F504E34E0ED
:1075F00002210DF10A00FEF737FA022102A8FEF778
:1076000033FABDF80830002B78D0474D0024BDF880
:107610000A30DF0709D5A0B2FFF77CFA04210390F6
:1076200003A8FEF721FABDF80A309E0704F1010411
:1076300005D508212846FEF717FABDF80A30580785
:1076400004D5082105F68840FEF70EFABDF808308B
:10765000A34205F10805DADC50E0D90708D5A0B24D
:10766000FFF758FA01465046FEF764FCBDF80A30B1
:107670009A0704F1010410D52868F8F791FF8046B5
:1076800068688946F8F78CFF4B46CDE90001424611
:107690003846FEF74FFCBDF80A305B0712D505F6F9
:1076A00088431868F8F77CFF05F68C438046186815
:1076B0008946F8F775FF4246CDE900014B4638464A
:1076C000FEF738FC3046FEF735FCBDF80830A34223
:1076D00005F1080512DDBDF80A30BEE741F04001B2
:1076E0005BE7BDF808C00B4F608B3A7800210CF1C6
:1076F000FF33ADF80A109BB2032109E704B0BDE8DF
:10770000F08700BFE008002080680108B868010821
:10771000D8680108A8030020D4080020D808002059
:10772000D0080020DC08002064480020006901081F
:107730004C6F0108FC68010810B5064C237843F033
:1077400008032370FFF78EFE237823F008032370CD
:1077500010BD00BFA8030020014B1868704700BF90
:10776000D0080020421C1BD0F8B50E4D6B8B8B420D
:1077700015D904460B348FB205EBC40438460E46C7
:10778000FFF7C8F963886060B34208D0184604F078
:1077900005FC67802020BDE8F84005F0A5BDF8BDD8
:1077A000704700BFE00800202DE9F843324C334910
:1077B000668B334F3348D4E90159013EA9EB0502EA
:1077C00007EE902A07EE106AF8EE677AB8EEC77AED
:1077D0002DED028B87EE278AB3B20B80B2FBF3F15B
:1077E00003FB1123284A3B6001601560A046002777
:1077F000D8F85C3013B9B8F85A1011E09D42314600
:107800000DD25A1B07EE902AF8EE677A994568EE7A
:10781000277A05D9FDEEE77A17EE901A00E00021ED
:1078200038460137FFF79EFF082F08F10808DFD11F
:107830004946284604F046FAE3689D4214D122697D
:10784000A38C914511D1618B628C91420DD10FE0D7
:1078500040F21B40A38405F047FDBDEC028B0B4BAF
:1078600000221A80BDE8F883A38C43F40073EFE78D
:1078700023F400739BB2EBE7E0080020D808002057
:10788000D4080020D0080020DC0800207661002009
:1078900010B50CF039FF0446FFF786FF034B93F851
:1078A000210005F063FD204610BD00BFE008002068
:1078B000012815D108B5086801F03CF8062807D85A
:1078C000FFF7E6FF58B10948BDE80840FEF732BBB4
:1078D000062207490748BDE80840FEF72BBB08BD54
:1078E000062203490348FEF725BB00BFF0670108E5
:1078F000046801084C6801081528074B38BF15209B
:1079000040F2911188425A8B28BF0846824202D029
:107910005883FFF749BF7047E008002008B5FFF71C
:1079200043FF034A137843F00103137008BD00BFFF
:10793000A80300202DE9F041044688B93F4D404E90
:1079400095F85830013433B1EB6DB5F85A20214623
:107950003046FEF7EFFA082C05F10805F0D16BE090
:107960000D46222005F0C0FC3649286801F07CF85D
:1079700000281BDB314AB0FA80F301284FEA531389
:107980004FF0FF3018BF0020507782F8583082F84F
:10799000603082F8683082F8703082F8783082F88F
:1079A000803082F8883082F8903045E0286800F016
:1079B000A7FF471E072F064605D922492248BDE8E2
:1079C000F041FEF7B7BA012C0ED11C4D1C4806F150
:1079D0000A0805EBC802314653685288FEF7AAFA36
:1079E0006F7705F8384027E01649686801F03CF8E1
:1079F00010B1012807D012E0104B0A3601225F7740
:107A000003F8362018E00D4B93F91D200A360021AB
:107A1000BA4203F836100FD1FF225A770CE0074C18
:107A20000A36012304F83630686800F069FF014621
:107A30003846FFF797FE6777BDE8F081E008002041
:107A400088660108B06601089466010807289DBF92
:107A5000024B03EBC000C06D00207047E00800201F
:107A6000022870B503D8B1F5167F1AD314E00528A3
:107A700012D1454B588B1A8B5D680138540601FBB7
:107A800000F1424804D42944814228BF014620E045
:107A9000814228BF014640E03C4B994228BF19462D
:107AA00001E04FF41671062862D8DFE800F0040FF9
:107AB0001A3351615900344B1A8B9868596022F07F
:107AC000400288421A8353D2996051E02E4B1A8BA0
:107AD0005D68996022F040028D421A8348D959604E
:107AE00046E02948294D048BD0E9013201326D1A54
:107AF000D21AA1F51673AB4228BF2B465208934207
:107B000028BF134644F04002CC1A19440283C0E94E
:107B100001412DE01C4B1A8B5D689E681B4805F0E7
:107B20000104490804EB550404EB560401F51675ED
:107B3000AC42A0EB010038BF2C46A04228BF204633
:107B4000441A42F0400208441A83C3E901400FE09E
:107B50000D4B1A8B596042F0400299601A8307E07E
:107B6000094B4FF48060BDE87040596105F0BCBB23
:107B7000FFF71AFE064A1378590704D523F00403C9
:107B800043F00103137070BDE008002000BBEEA0BD
:107B9000A803002030B9294929484B8BD1E90112AB
:107BA000FEF7C8B9032844DC00282DE9F04104465B
:107BB0000D4604DD086800F0BDFE064600E0002624
:107BC000012C04DD686800F0B5FE074600E00027E0
:107BD000032C04D1A86800F0ADFE04460FE0022C8F
:107BE0000CD176B92868174900F03EFF431C18D025
:107BF000394680B2BDE8F041FFF732BF00242EB114
:107C000000E0002431460020FFF72AFF1FB139466B
:107C10000120FFF725FF54B1A0B2BDE8F041FFF706
:107C20006BBE08490848BDE8F041FEF783B9BDE8DE
:107C3000F08104490448FEF77DB900BFE008002048
:107C4000B469010890720108C0690108044BD3E9C6
:107C500003015A8C5A83C3E90101FFF7A5BD00BF98
:107C6000E0080020042842D82DE9F041204CD4E956
:107C700002126368658B934234D12269914231D1FB
:107C8000628CAA422ED1A38C1A49E27F84F820206C
:107C900000EB400040000A18174D095A5088AF7E8B
:107CA00092F80580167903400B43262FA3849CBFCE
:107CB00027236B83B8F1000F0CBF012102210020A4
:107CC000FEF744FF40F688420C4902FB064002FBE7
:107CD0000811D0300DF0A4FB6F831020BDE8F041F7
:107CE00005F002BBC4E9033165840023CCE770478B
:107CF000E008002094640108080300206448002084
:107D000038B56C4DAC8C14F0010004D19FED6A0ABB
:107D1000FEF7C2F8AC8CE10605D49FED670A04209B
:107D2000FEF7BAF8AC8C04F00603062B4DD1688B35
:107D300050B924F0020444F020044FF0FF30AC842A
:107D4000FDF7A0FEAC8C61E05A4A05EBC00002F6DC
:107D5000585302F5CF51D1ED005A93ED007AD1ED91
:107D6000014AD3ED017A92ED344A92ED355A77EE1D
:107D7000256A37EEA46A76EEC46A36EE456A77EE77
:107D8000E47A76EEC46A36EE456A37EE657A67EED7
:107D9000E65A26EE275A67EEA77AE6EE075A083229
:107DA0009042A6EE875A01F1080103F10803E7EEBD
:107DB000077AB0EE656A86EE277AC5EE275A03ED9C
:107DC000017A43ED025AC6D1B3E7A20712D53B4967
:107DD00040F6884288180DF023FB24F002049FED42
:107DE000360AAC840120FEF757F80120FDF74AFE61
:107DF000AC8C0BE0630709D59FED2F0A0120FEF73D
:107E00004BF84FF0FF30FDF73DFEAC8C20072CD532
:107E1000698B31B924F0080444F08004A4B2AC8426
:107E20002BE0274B03EBC10103F6884293ED016A77
:107E3000D2ED016A93ED007AD2ED005A76EE667AC1
:107E400037EE657A67EEA77A76EEC66AE7EE077ACE
:107E50000833083287EE276A86EEA77A03ED026AB6
:107E600003ED017A8B42E1D1D4E7210605D4B7EEC8
:107E7000000A0320FEF710F8AC8C620605D4B7EEBA
:107E8000000A0220FEF708F8AC8CA30605D49FED8B
:107E90000A0A0120FEF700F8AC8C0A4B44F4807407
:107EA0004FF6FF72AC841A804FF48260BDE8384010
:107EB00005F01ABAE0080020000000003816002083
:107EC000482F00205E9B0020F8B5A0B92C4D2D4F07
:107ED0002D4E0446AB8C2341DB0704D557F8241004
:107EE0003046FEF727F80134092CF3D12748BDE8C6
:107EF000F840FEF71FB80D46102005F0F5F9286888
:107F0000234900F0B1FD082833D8DFE800F0050A66
:107F10000F14191E22282E000020BDE8F840FFF79C
:107F2000A1BE0120BDE8F840FFF79CBE0220BDE8DD
:107F3000F840FFF797BE0320BDE8F840FFF792BE78
:107F40000420BDE8F840FFF78DBEBDE8F840FFF71C
:107F5000D7BE0B4A938C43F4807393840FE0084A96
:107F6000938C23F48073938409E0054B00229A8458
:107F700005E007490748BDE8F840FDF7DBBFF8BD5D
:107F8000E0080020F86E0108CC6401084C6F01087D
:107F9000E4640108D0640108064B074A00EB400086
:107FA00003EB800393F82A3003F0010352F8230017
:107FB000704700BFE0080020C8720108084B00EBC2
:107FC000400003EB800301F0010193F82A208A426C
:107FD00004D0212083F82A1005F086B9704700BF2D
:107FE000E0080020054B93F91C108142024603D0A3
:107FF000A0201A7705F078B9704700BFE00800208C
:10800000084B00EB400003EB8003D3ED0B7AF4EE5A
:10801000407AF1EE10FA04D0A12083ED0B0A05F0AE
:1080200063B97047E0080020084B00EB400003EB09
:108030008003D3ED0C7AF4EE407AF1EE10FA04D01E
:10804000C12083ED0C0A05F04FB97047E00800200D
:1080500070B5164B00EB400503EB8503044693F81F
:1080600029608E4202F0010509D193F82A30AB4213
:108070001AD029462046BDE87040FFF79FBF0C4E3E
:1080800083F82910C1EBC10306EB830696ED040AC1
:10809000FFF7CAFF204696ED050AFFF7B1FF40F251
:1080A000034005F021F9E4E770BD00BFE0080020BF
:1080B000AC8F010808B5144B00EB400203EB8202C1
:1080C00082F82810C1B1187711E093F834203AB93A
:1080D00093F8402032B993F84C3003202BB906E0D6
:1080E000012002E0022000E00846FFF77BFF0220AB
:1080F000BDE8084005F0F8B893F82820FF2018776D
:10810000002AE2D0F0E700BFE00800202DE9F043AC
:10811000044685B038BB614D614F624E95F82830FA
:10812000DBB1002195F8290003F018FF95F82A30FB
:1081300003F001038046286B57F82390F8F730FAD4
:10814000CDE90201E86AF8F72BFA4B46CDE90001C8
:10815000424621463046FDF7EDFE0134042C05F180
:108160000C05DBD197E00D464F49286800F07CFCF8
:1081700088B9012C0FDD4D49686800F075FC0028B6
:1081800040F082800446204600210134FFF792FF30
:10819000042CF8D17FE0286800F0B2FB03280646E3
:1081A00069D8012C14D13D4C00EB400304EB83044F
:1081B000002194F8290003F0D1FE94F82A30384CBD
:1081C00003F001030246314654F82330384856E0A4
:1081D0003649686800F048FC10B9014630461BE09B
:1081E0003449686800F040FC071E1ADB022C07DCEB
:1081F0002A4B06EB460203EB820393F82A0004E0C5
:10820000A86800F07DFB012835D802463946304683
:10821000FFF71EFF3046012105B0BDE8F043FFF730
:1082200049BF2549686800F01FFC002807DB1B4B8D
:1082300006EB460603EB860383F82B002BE0022CAB
:1082400029DD1E49686800F00FFC10B1012809D033
:1082500011E0A86800F094FB304605B0BDE8F0439B
:10826000FFF7CEBEA86800F08BFB304605B0BDE836
:10827000F043FFF7D9BE114B0F4A0E49104805B025
:10828000BDE8F043FDF756BE286800F039FB03282F
:1082900006469DD9EFE705B0BDE8F083E008002071
:1082A000C8720108146B0108286B01082C6B0108C7
:1082B000306B0108E86B0108B866010870680108B6
:1082C0003C6B0108084B263003EB8003D3ED017AA9
:1082D000F4EE407AF1EE10FA04D0202083ED010A8A
:1082E00005F002B8704700BFE008002070B5061E18
:1082F0001ADD0D461749286800F0B6FB431C0446FA
:1083000004D1286800F03CFB002404E0022E0CD1CC
:10831000286800F035FBDFED107A204620EE270AB2
:10832000BDE87040FFF7CEBF00240C48DFED0C7AAB
:1083300000EB840090ED277A67EE277A17EE900A1B
:10834000F8F72EF9BDE8704002460B460548FDF7E8
:10835000F1BD00BF2C660108CCBC8C2BE0080020CE
:10836000A5D46853206B0108094A92F91C30591CA6
:108370000AD003EB430302EB830393F82A3002EBAA
:10838000830292ED270A70479FED020A704700BFF3
:10839000E008002000000000064BD3ED2A7AF4EE3E
:1083A000407AF1EE10FA04D0202083ED2A0A04F07E
:1083B0009BBF7047E0080020012810B50BD0094B87
:1083C000D3F8A800F8F7ECF8BDE8104002460B46D9
:1083D0000548FDF7AFBD086800F0D2FABDE81040CF
:1083E000FFF7DABFE0080020206B0108104B114AAC
:1083F00011491B681268096870B4104E13440B438E
:10840000304606F10C0503F01F020A2A34BF30245F
:108410003724224400F8012B5B09A84243EAC163D8
:108420004FEA5111EFD100233373044870BC7047F9
:10843000ACF7FF1FB4F7FF1FB0F7FF1FFC6200206F
:1084400008B5FFF7D3FF034A0146BDE808400248DC
:10845000FDF770BD606401086C66010838B50E4B0D
:10846000D3F83C311B681B78042B0ED115460C4603
:108470000E21FDF7F9FA29462046FDF7F5FA062107
:108480000648BDE83840FDF7EFBA054A137823F0F7
:108490004003137038BD00BF6C070020486F01080F
:1084A000A8030020024B014602481966F9F78CBE6A
:1084B0000803002054050020012808B506D0094B08
:1084C0000948196EBDE80840FDF734BD086800F0A2
:1084D00031FAB0F5967F38BF4FF49670BDE808408A
:1084E000FFF7E0BF08030020686C01080F4B1B7802
:1084F000042B10B50E4C00D008E0A38A0D485B0792
:1085000002D5F9F771FA01E0F9F77AFA0A48F9F7B2
:1085100069F80A48F9F766F8A08A0649084A094B3B
:1085200010F0040F08BF0B46136010BD2406002096
:10853000080300206C0700207C0500205C0500205B
:10854000686300205405002010B50C4C0023236004
:10855000FDF704FD40B103891B0705D5084A4368B0
:108560001088084901389847074A084B918A084AF9
:1085700011F0040F08BF1346236010BD686300208C
:1085800064630020106300200803002054050020CD
:108590006C0700202DE9804887B0F8F769FEF8F7EE
:1085A0007DFBAF4AAF4F5369AF4CB04E43F0010370
:1085B00053610CF0CDFB0CF0D1FA0CF03DFB0FCF6A
:1085C00004F128050FC50FCF0FC597E80F0085E808
:1085D0000F000FCE04F158050FC50FCE0FC50FCEFB
:1085E0000FC596E80F00DFF8F0C2C4F800C085E8B8
:1085F0000F00DFF8E8C29E4D9E4A9F4F9F48C4F887
:10860000AC7000264CF250314FF48C43A4F89830F3
:10861000C4F89C600023C4F8A060C4F8A460C4F847
:10862000A860C4F8B0706160C4E906C52062E1606A
:10863000A260C4E90423A3840BF0D6FF904D00B1DF
:1086400029E0AB8A5E0626D58E4F3E6D26B3C6F373
:10865000834006280CD80CF057F848B97B6DB96DEB
:10866000FA6D6360C6F30803A1606261638302E090
:1086700000200CF049F8C6F34661C6F38252814BE4
:1086800069772A771B6EC6F3482043F04003AB821C
:10869000FEF700FA02E000200CF036F8FFF784F84D
:1086A00094F82100784F794EDFF83492DFF834A245
:1086B00004F05CFE0CF09EF900F03CFDA86800F0B0
:1086C000AFFA734B7348C3E90033F9F74FF97249B6
:1086D0007048F9F76FF92B6E7048002402A9CDE9B4
:1086E0000234CDE90444F9F7C1F8286EFFF7DAFE49
:1086F0004FF0904801220C214FF090400CF078FB95
:108700004FF08053C8F8183042F21070F8F728FD87
:1087100063493846F9F750FA40F2027240460C219C
:108720000CF066FBFFF7E2FE0BF044FC00F034FDBA
:1087300044F62060F8F714FDC0215A48DFF8A881FC
:108740000CF090FA20460BF0FDFD57480CF044F970
:108750000094564B56487F224FF4A561F8F7CAFCA7
:10876000AB8A5C0706D43B78042B03D05148F8F75A
:10877000F7FCF5E75048DFF874B1FDF7DBFB504636
:10878000FDF7D8FB002426E09DF80830082B01D027
:108790007F2B07D1FCB104214046013CFDF764F971
:1087A000A4B218E00D2B09D15846FDF7C3FB0023F6
:1087B00036483355FDF7D2FBD8B943E01F2B0AD911
:1087C0003E2C08D8012102A8FDF74EF99DF808308B
:1087D00033550134A4B2D9F80000036801225B6864
:1087E00002A998470028CFD144F62060F8F7B8FCDA
:1087F0002FE003894268580703F002010BD52F4888
:1088000090F90000002806DAB1B12D490B7843F049
:1088100004030B7010E003F0010321B12848017834
:1088200041F0040101703BB1264B19481A604FF02A
:10883000FF31F8F7A1FC0CE0234B244918880138DC
:10884000904706E0224B19680B7813B12148FDF7D9
:1088500071FBAB8A5B0792D43B78042B86D18EE701
:1088600000100240C06E0108E0080020806E010880
:108870000000FFFF00E9A43500004842FF0091011D
:108880000803002000280040240600202463002064
:108890006C6300206C0700208463010854050020ED
:1088A0008C6301087C6100204128AA001D6F00082C
:1088B00078630020A08601001C6F0108A803002037
:1088C000E78A0020206300206463002010630020FA
:1088D0000C630020386F0108544E4F430000910193
:1088E00068630020306F0108906401084C6F010834
:1088F000FEE700BF08B5EFF30980FFF7F9FF00BFFF
:1089000010B5027803462D2A04BF013301211A78DD
:1089100018BF00212B2A08BF013300200A2413F8B6
:10892000012B303A092A02D804FB0020F7E701B1F5
:10893000404210BD027803462B2A08BF01331A7843
:10894000302A0DD15A786F2A05D0782A05D0622AAC
:1089500006D1022102E0082100E01021023300E0EC
:108960000A21002013F8012B303A102A84BF22F08C
:108970002002073A8A4202D201FB0020F2E7704748
:1089800038B503782D2B044665D1012501342046E6
:10899000FFF7B6FF00EE100A204614F8013BA3F1E2
:1089A0003002092AF8D903F0FD032C2BB8EEC00AD7
:1089B00014D1DFED2C6A2246B7EE007A104612F889
:1089C000013B303BD9B2092908D807EE903A27EE8F
:1089D000267AF8EEE77AA7EE870AEFE70378B3B3D3
:1089E00003F0DF02452A05D10130FFF789FF002897
:1089F00016DC1CE0472B0ED04D2B0ED06B2B0ED06F
:108A00006D2B16D0752B17D06E2B18D0702B1ED156
:108A10006FF00B0015E0092002E0062000E00320C3
:108A2000F2EE047A013820EE270AFBD10FE008D1DC
:108A30000DE06FF0020004E06FF0050001E06FF060
:108A40000800DFED087A013020EE270AFBD13DB1A6
:108A5000B1EE400A04E02B2B4FF0000597D195E7CB
:108A600038BD00BFCDCCCC3D70B500220B46451EB5
:108A70001C4615F8016F14F8011B7C2908BF002162
:108A80008E4202D1234656B1F2E713F8014B24B1CE
:108A90007C2C1946F9D10132E8E74FF0FF3210463D
:108AA00070BD00002DE9F0430346DFF85480DFF885
:108AB00054E0002081461C78FCB1202C1BD0092CEE
:108AC00019D0222C06BF0133754645469042B8BFE7
:108AD00041F82030013080B21C46234614F8017B57
:108AE0005FB16E1E16F801CFBCF1000FF5D0BC458A
:108AF000F8D183F800900133DDE7BDE8F08300BFD3
:108B0000D2720108D072010800238B4206DA30F8D5
:108B1000132052BA20F813200133F6E77047000003
:108B20002DE9F043074600204FF0FF3403469342FF
:108B300031DAA2EB030EBEF1800FA8BF4FF0800E1A
:108B400003F1010C17F8038076463B44AEEB0605B3
:108B5000013E03D013F8019FC145F7D0631C01D03B
:108B6000012D02DD0446013000E00025461C01F81D
:108B700000802DB1AC446D420D554FF0FF3407E03D
:108B8000331B023BDBB27F2B0B5528BF4FF0FF346A
:108B900030466346CBE7BDE8F08300007047000035
:108BA00002680B68F0B5E2B1B3FBF2F41B4FBC42B4
:108BB00017D802FB14331BB3B2FBF3F606FB04F524
:108BC0000135BD421CD8BE464FF0010C00271DE008
:108BD000B3FBF2F605FB0644744502FB163305D9D8
:108BE00001E00027012507600D6016E007FB06CCB9
:108BF00043B1B2FBF3F606FB0455754506D901E017
:108C00004FF0010CC0F800C00C6006E003FB162218
:108C100006FB0C77002ADBD1E5E7F0BDFFFF0F0074
:108C200010B50549054A00230B701360044600F097
:108C3000E3FA034B9C6010BDAF680020B0680020D1
:108C4000080300200A46014660200BF0DFBE00BF8B
:108C500070B584B01C0BC2F30345A1F500718DF80B
:108C6000040024F00F04180A2C43160A8DF806306D
:108C7000C1F301454BBA8DF80500092101A88DF813
:108C80000C208DF80A408DF80B608DF80750ADF878
:108C90000830FFF7D7FF04B070BD00BFF0B5124C2D
:108CA00083B0646E0899154604FB01F4DB010026CD
:108CB00043EA526107462246E8013346F7F726FEAB
:108CC00001A90546684600920194FFF769FFDDE9B6
:108CD00000239A4202D10096013532462946F8B265
:108CE000FFF7B6FF03B0F0BD08030020F0B585B074
:108CF00017460A9C8DF806300646180B1B0AB1F57C
:108D000000714FEA04141E4A8DF8053020F00F0060
:108D1000C7F3034340EA030008BF44F00C04C1F367
:108D2000014312F806C08DF80A001C433A0A4BBAF8
:108D300001A809219DF82C508DF80C708DF804C005
:108D40008DF80740ADF808308DF80B20FFF77AFF5B
:108D500017B145F00C0501E045F04C05094CA35D49
:108D6000AB420AD006F11003022168468DF801508B
:108D70008DF80030FFF766FFA55505B0F0BD00BFC8
:108D8000A4740108AC6800202DE9F04385B0DDE94A
:108D90000C65C5F10704A4F1200702FA07F7A34008
:108DA000C4F120013B4322FA01F100271943804618
:108DB0003B4602FA04F03246F7F7A8FD03A9044641
:108DC00002A802929DF838900396FFF7E9FEDDE9CC
:108DD00002239A4202D1029701343A46CDE9005962
:108DE00021464046FFF782FF05B0BDE8F08300BF93
:108DF00000B583B040F2037301A80221ADF804303E
:108E0000FFF720FF04210548FFF71CFF0449054A2E
:108E100000230B70136003B05DF804FBA07401081D
:108E2000AF680020B068002000B583B04FF60303A0
:108E3000022101A8ADF80430FFF704FF0349044AFA
:108E400000230B70136003B05DF804FBAF680020D3
:108E5000B068002070B4A0F1B772084E084B094DFD
:108E6000094C0A49A2F55852B24288BF184600235D
:108E7000686623700B6070BC704700BF00093D003E
:108E800080BA8C0108030020AF680020B068002081
:108E9000024A034B52F820201A607047947401086C
:108EA000A8680020094A0A4B30B414685D680021A4
:108EB0008AB202EB4203013154F82330132B98BFDE
:108EC0006B438342F4D3104630BC7047A86800203F
:108ED000080300202DE9F04F04468DB0002800F073
:108EE0000781864BDFF824A2D3F80090DAF8082037
:108EF000D9F80C3082188342079209D8804B9842E7
:108F00000D460AD9FFF7CEFF00230593C6B207E04E
:108F1000072305930126002502E00423059302267A
:108F2000784B1A78AA420AD0DFF8E481DFF8E4B17E
:108F30001D70002388F80030CBF800300AE0DFF81D
:108F4000D4B1DBF80030A34200F0D380DFF8C08159
:108F500098F8003006EB4607BF009E4209EB070277
:108F60000ED003EB430309EB830311891B898B426A
:108F700006D0517A107A00F02DF9604B1A683A4405
:108F80009379032D03F00F014FEA13130691089311
:108F900005D9D37903F00F051B09099300E0099562
:108FA00092F80490B9F1010F04D0B9F1020F43D047
:108FB000002087E098F800305779B34218D04B462C
:108FC0000022F9011A20FFF743FE4B4600224FF41E
:108FD00080512220FFF73CFEDAF864204A4B0093D0
:108FE000202100235201CDE901310220FFF7CCFE00
:108FF000099BDAF864C00293089BA7FB0301ACFB52
:1090000000230CFB01330798059901910090002083
:10901000FFF7BAFE069BDAF864C00295A7FB0301CE
:10902000ACFB00230CFB013305990120CDE9004185
:10903000FFF7AAFE0A2045E0089B51790093079BA1
:109040000791A1FB03231A20A1FB049AFFF726FE38
:10905000069B00934A4653462220FFF71FFE274BEC
:1090600098F800201B6802EB42021F4403EB8203C6
:109070007A795B79934216D00799099B0193002274
:10908000059B0093CF01104639460123FFF72EFEC2
:1090900045F02005059A00920123394601951846AE
:1090A0000022FFF723FE059B01931749069B202012
:1090B00001FB03F102904A46022053460091FFF75C
:1090C00063FE0C2098F80030B3420ED04FF4C87005
:1090D000F8F746F84AF6B1430BA80221ADF82C3058
:1090E000FFF7B0FD88F80060C820CBF8004001E031
:1090F00000E00A200DB0BDE8F08F00BFA868002096
:1091000040420F00B468002000127A0008030020DB
:10911000AF680020B0680020044B1B78834204D065
:10912000034B01461868FFF7D5BE7047B4680020AE
:10913000B068002038B50C4B02245D1C214628463F
:10914000FFF780FD2B192C5D002CF6D1074B084A48
:1091500093F86C10074B52F821201A6021460648FC
:10916000BDE83840FFF7B6BEA87401080803002028
:1091700094740108A868002080BA8C0138B50446B0
:1091800000EB410502222146182014440BF03EFC5E
:10919000A542F7D138BD00BF08B51B210448FFF731
:1091A000EDFF04210348BDE80840FFF7E7BF00BF1B
:1091B000B8740108007501080449054B0522002810
:1091C00008BF194618200BF021BC00BFF07401083D
:1091D000F874010800B583B03B238DF805008DF8C5
:1091E0000610032201A918208DF804300BF00EFCA4
:1091F00003B05DF804FB00BF30B507EE900A2DED1B
:10920000048BB8EEE79ADFED187A184CDFED188A78
:1092100029EE279AB6EE008A29EE088A83B004F177
:10922000C005B0EE480A01A968460BF04BFF9DED62
:10923000007ADDED017A27EE287A67EEA87ABDEE96
:10924000C77AFDEEE77A17EE103A238017EE903AD0
:10925000043424F8023CAC4238EE098AE1D103B070
:10926000BDEC048B30BD00BF3EC3AE36D8680020D5
:109270000078FF462DE9F04FDFF864C0DFF864B0F6
:10928000DFF86490DFF86480DFF864E049080438B0
:109290004FF0000A0AF1010A51455BF8042B50F81F
:1092A000043FD9E90076C3FBA276D8E90054C3FB9A
:1092B000B254C9E90076C8E90054DCF80070DEF861
:1092C0000060DCF80440DEF80450C3FB9274C3FB7A
:1092D0008265CCE90074CEE90065DBD8BDE8F08F8B
:1092E000B8680020D8680020D0680020C868002036
:1092F000C068002010B51F4B2DED048B0446D3E948
:109300000001F7F7C5FA07EE900AF7EE008A88EE3B
:10931000A78A194BD3E90001F7F7BAFA174B07EE02
:10932000900AD3E9000127EE889AF7F7B1FA144BB7
:1093300007EE900AD3E9000167EE889AF7F7A8FADA
:1093400007EE900A27EE888AB0EE697AF0EE687A26
:10935000A9EE087AE9EE097AA9EE698AC7EE276ACA
:1093600088EE277ABDEC048BC4ED006A84ED017AA7
:1093700010BD00BFB8680020C0680020C868002089
:10938000D068002030B40848084D094C0949002233
:109390000023C5E90023C4E90023C0E90023C1E993
:1093A000002330BC704700BFD0680020C068002098
:1093B000B8680020C868002001FB01F300FB0033FF
:1093C00045F6D822934246DC45F6A812934244DC87
:1093D000002942D00029B8BF494210B44FF4987216
:1093E0009824002804FB01F102FB103220DB4B28FB
:1093F0000FDDC1F5B5440C341444982C31D9E42464
:1094000004FB103404F535540634002C27DB4C2CB7
:1094100027DDA2EB410404F5B5445834B4F5987F38
:109420001FD9982404FB10344C3418D4982C18DD20
:10943000A2EB810202F5B6427032B2F5187F10D964
:109440004C2202FB1030A0F532502E38E4288CBF9D
:109450000020012006E00020704701207047002016
:1094600000E001205DF8044B704700BFF0B5D0422A
:10947000059E38D4CC1836D4202CA8BF202400292F
:1094800020DAD31DDB0801FB136600211AE0344605
:1094900013F0070F04BF14F8011B26464C0011F00F
:1094A000800F00EB0305E1B205D01F2D9CBFBCF877
:1094B000004027F8134001339342E8D14037774505
:1094C0000FD110E0A1420EDA074BDFF820C01B6875
:1094D00000EB411100EB441403EB410703EB440E96
:1094E00000210023D3E7F0BDA0690020588B0020A5
:1094F00040095209904230B44FEA51114FEA5313D8
:109500000CD1994201D002460AE0154A012332F8F3
:1095100011408340234322F811301EE0054601D854
:1095200015460246AD1A01350124AC40013C994272
:1095300004FA02F409D80BE0028801318DB222430B
:109540009D4220F8022BF7D907E00A461946134638
:109550000348A4B200EB4100EEE730BC704700BF07
:10956000B46900202DE9F0471C4E0C46318830F8D4
:1095700024C0174649008AB24FEA8408BC45054614
:109580009A46328000EB080903D1B9F802305345FE
:1095900002D042F0010232809307114E00D113E055
:1095A00004B911E0B9F80230718830886246A8F138
:1095B0000408FFF79DFF05EB080335F808005988FC
:1095C0003A465346FFF794FF55F82430336025F8A8
:1095D0002470A9F802A0BDE8F08700BFA6690020AA
:1095E000B0690020121A10B4541C0122A240013AA2
:1095F000994202FA00F00BDC074C0133092904DC24
:1096000034F81120024324F8112001319942F5D198
:109610005DF8044B704700BFB469002091ED000A6B
:10962000704700BF91ED010A704700BF0D4B00EB82
:10963000400003EB800393F829301E2B0FD10A4B17
:109640001B780BB1094B00E0094BD3ED007AF5EE26
:10965000407AF1EE10FA0CBF012000207047002084
:10966000704700BFE00800209C690020686A002065
:1096700098690020D1ED005AD1ED017ADFED0A6A38
:109680009FED0A6AB7EE007A37EE657A67EEA77A41
:1096900067EE266AE7EE077A86EEA70A30EE460AFC
:1096A000B0EEC00A704700BF0000C8420000484248
:1096B00009494B8BD1E90112013B00FB03F307EE93
:1096C000903A531A00EE103AFAEEEB7AB8EE400AEE
:1096D00087EE800A704700BFE008002008B5FFF75A
:1096E000E7FF074B9FED077A93F8993007EE903A22
:1096F000F8EEE77A67EE877A27EE800A08BD00BFAA
:10970000E008002092FAB6498842D4BF0020012028
:10971000704700BF8842ACBF00200120704700BFE7
:1097200030EE000A002370EE007A21EE671AA0EEF8
:10973000A01AB5EEC01AF1EE10FA02D5436003602C
:109740007047B1EEC11A31EE607AF1EE600AC7EEF1
:10975000007A30EEC11AC0ED007AC1EE007AC0ED99
:10976000017A7047B4EEE00AF1EE10FACCBF0120A6
:1097700000207047B4EEE00AF1EE10FA4CBF012071
:1097800000207047084B00F2911203EBC20203EB7A
:10979000C00303F68C4393ED000AD2ED007A20EE6D
:1097A000000AA7EEA70A704764480020074B03EBA6
:1097B000C00200F2911002F68C4203EBC00392ED5E
:1097C000000AD3ED007A80EE270A70476448002033
:1097D000024B03EBC00090ED010A70476448002083
:1097E000024B03EBC00090ED010A704748000010E7
:1097F000024901EBC001FFF73DBF00BF64480020F4
:10980000DFED0E7A20EE270AB5EEC00AF1EE10FA6F
:1098100011D9022806D0032801D001280BD19FEDD1
:10982000087A01E09FED077AC7EE007A9FED060AFD
:1098300027EE800A70479FED050A7047BD378635D1
:109840000000EA4300006A43BF0E9C3E0000000097
:10985000024901EBC001FFF70DBF00BF4800001037
:109860001A4A70B5548B051C18BF0125013C201AFB
:10987000D2E901634FEA457218BF0120521B01EB88
:10988000C20201EBC001D2ED017A91ED010AD2EDE5
:10989000006A91ED007A60EE270A20EE660AE7EE94
:1098A000260A28449B1BA7EE270A94FBF0F4B3FB7F
:1098B000F4F40BF011FD9FED067A07EE904A20EECE
:1098C000070AF8EE677A80EE270A70BDE0080020EC
:1098D000610B363BD1ED000A91ED010A0BF0FCBCA7
:1098E00008B580B2FDF716F907EE100ADFED037A2E
:1098F000B8EE470A20EE270A08BD00BFDB0FC940BB
:1099000008B5FDF707F907EE900AB8EE670A08BD3B
:1099100008B5FDF7FFF807EE900AB8EE670ADFED2D
:10992000037A20EE270AB1EEC00A08BD5F708930C5
:1099300038B504460020FDF7EDF8104D6060688BE7
:10994000013880B2FDF7E6F86B8BA381AB8CE38125
:10995000D5F89C302361D5F8A0306361D5F8A830E4
:10996000A361A060FCF7C0FA00236377044B207763
:109970001B88E3830BF072F8206238BDE0080020FA
:109980005E9B00200CB430B501F10B032A2B85B08F
:109990000ED81F280CDC09AC084D02900B4622465D
:1099A0000899039301A8CDE90045F8F73DFF00E0D1
:1099B000002005B0BDE8304002B07047387501089E
:1099C0002DE9F04F2DED028BA24EA34F96F87A3081
:1099D00089B057F823300293A04B05461868884693
:1099E000F6F7DEFD9E4ACDE9000141462846FFF725
:1099F000C9FF96F87A30052B08F10C0106D00BB997
:109A0000984A08E057F82330974A15E1974B9B8C0A
:109A1000180608D4964A284609B0BDEC028BBDE86A
:109A2000F04FFFF7AFBF934B93F86D300BB9924AED
:109A3000F1E796F878300BB9904AECE7DFF878B2A6
:109A4000DFED8F8A3446002794F87830F9B28B42E4
:109A500008F10C0650D9631893F86E9093F864805F
:109A600004EB810393ED008A01F12803B9F1060F9D
:109A700034F813A01FD1B4EEE88AF1EE10FA504684
:109A800009DBFDF747F8434600907E4A31462846F9
:109A9000FFF778FF2DE0FDF73DF8029018EE100A71
:109AA000F6F77EFD4346CDE90001774A3146284668
:109AB000FFF768FF1DE004EB8101886AF6F770FD8F
:109AC000CDE906015046FDF725F85BF829309DEDFC
:109AD000067BCDE9040318EE100A8DED027BF6F744
:109AE0005FFD4346CDE90001684A31462846FFF74D
:109AF00049FF0137B046A7E794F87B30DA0705D570
:109B0000634A31462846FFF73DFFB04694F87B3064
:109B10009B0706D508F10C085E4A41462846FFF728
:109B200031FF94ED208AB5EE408AF1EE10FA08F18B
:109B30000C0610D0B4F87C00FCF7ECFF029018EE95
:109B4000100AF6F72DFD544ACDE9000131462846AA
:109B5000FFF718FF04E0514A31462846FFF712FF8D
:109B600094F87970FF2F08F1180602D14C4A31465B
:109B700051E704EB070BD4F888009BF86430069398
:109B8000F6F70EFD4FEA8709CDE9020104EB090A59
:109B9000DAF80000F6F704FD069B424ACDE9000121
:109BA00031462846FFF7EEFE94F89030052B22D17F
:109BB00094ED218AD4ED237A9BF864B0B4EEE78A61
:109BC000F1EE10FA08F1240612D5DAF80000F6F7E3
:109BD000E7FCCDE9020118EE100AF6F7E1FC5B465E
:109BE000CDE90001304A31462846FFF7CBFE0DE0B3
:109BF0005B462E4A06E04BB1174A52F823302C4AF6
:109C000008F1240631462846FFF7BCFEA144D9EDF1
:109C1000007A77EEA77A04EB870393ED0A7AB0EE29
:109C2000C77AF4EEC77AF1EE10FA0DD53C44214A1A
:109C300094F8643006F10C01284609B0BDEC028BA3
:109C4000BDE8F04FFFF79EBE09B0BDEC028BBDE84A
:109C5000F08F00BFC8690020988C0108B003002075
:109C6000C4760108EE7601081C770108E0080020A0
:109C7000467701080803002073770108A0770108E0
:109C8000286B6E4ECC770108F77701082078010821
:109C900040780108617801088B780108B0780108E4
:109CA000D778010808790108347901084E7901084C
:109CB0007079010880790108487501082DE9F04F95
:109CC0002DED048BAC4BAD4C1A78AD4F8DB0099394
:109CD000AC4B012A18BF1C463B6808940BB9AA4A32
:109CE00028E2AA4C54F822200092A94A8A46054646
:109CF000FFF748FEA74B93F820200AF10C061C46FC
:109D00004AB9A54B1A690092DB68A44A3146284635
:109D1000FFF738FE1CE29B7F13B9A14A314608E2E7
:109D2000206894ED018AF6F73BFC8046A0688946DE
:109D3000F6F736FCB5EE408AF1EE10FA0FD0CDE919
:109D4000040118EE100AF6F72BFCCDE90089CDE9E5
:109D50000201944A31462846FFF714FE08E0CDE997
:109D60000201CDE90089904A31462846FFF70AFEF4
:109D7000D4ED017AF5EE407AF1EE10FA15D094EDBB
:109D8000007ADFED8A6A77EEC77A27EE267AF0EE60
:109D9000E77AF4EEC77AF1EE10FA06DD0AF118065A
:109DA000834A31462846FFF7EDFDE06894F81D90A0
:109DB000F6F7F6FBE37F82468B4606F10C0803B309
:109DC0002069F6F7EDFB02460B46B9F1000F12D001
:109DD0006069CDE90A23F6F7E3FBDDE90A23CDE963
:109DE0000401CDE90223CDE900AB724A4146284681
:109DF000FFF7C8FD1CE0CDE90223CDE900AB6E4AB8
:109E00000AE0B9F1000F0CD06069F6F7C9FBCDE9A3
:109E100000ABCDE90201694A41462846FFF7B2FD91
:109E200006E0CDE900AB664A41462846FFF7AAFDA9
:109E3000D7ED007A94ED008AF8EE678A06F1180AE9
:109E400038EE688AB0EEC89A19EE100AF6F7A8FB49
:109E500089EE287A5B4A5C4B80468946DFED5B7A67
:109E600067EE277AB5EEC08AF1EE10FA17EE900A87
:109E7000CCBF93469B46F6F793FB554B554ACDF81E
:109E800008B0B5EEC08AF1EE10FAD8BF1A46CDE997
:109E900004010692CDE900894F4A51462846FFF752
:109EA00071FD237F052B40F0AB8094ED067AB5EE73
:109EB000407AF1EE10FA00F0A380484B93ED006A6F
:109EC000B5EE406AF1EE10FA00F09A80D4ED007A17
:109ED00077EEC76A86EE867AB5EE407AF1EE10FA32
:109EE00000F0E380B1EE488ADFED3D6A3D4A3E4B2B
:109EF000C8EE078A06F1240A67EEA67ADFED3B6A10
:109F000067EEA77AB0EEC77A67EEA67AF0EE086A37
:109F100067EEA67AB4EEE77ADFED357A67EE277A58
:109F2000F1EE10FA17EE900ACCBF91469946F6F77B
:109F300037FBF5EEC08A2F4B2F4ACDF81C90F1EE7F
:109F400010FAF0EEE87AC8BF98460646089B0693DA
:109F500017EE900AD8BF90460F46F6F721FBCDF8D2
:109F60000880CDE90401CDE90067244A514628461E
:109F7000FFF708FD99E000BFC8890020117C0108A7
:109F8000D0890020A49B01084E7C01083C93010865
:109F90005F7C0108C8690020E0080020777C010888
:109FA000A17C0108C97C0108EE7C01080AD7A33B0B
:109FB0000E7D0108367D01085F7D0108877D01085F
:109FC000AE7D01081A7C01081F7C01080000C84210
:109FD000297C0108237C0108D47D0108CC8900205C
:109FE000BD3786352E7C0108387C010800105B46A1
:109FF0000AD7233C437C0108477C0108F57D010812
:10A00000099B1B7806F1240A002B41D0D7ED006A8A
:10A0100094ED006AF8EE666A1846B0EE660AFFF73D
:10A02000EFFBB5EE400AF1EE10FA00F08A80B5EED3
:10A03000C06AF1EE10FA40F2848076EE666A012B77
:10A0400066EE806A86EE868A03D1F6EE007A28EE06
:10A05000278AB5EEC08A414B414EF1EE10FAD8BFC7
:10A060001E4610EE100AF6F79BFAF0EEC87A089B2F
:10A070000293CDE9040117EE900AF6F791FA334600
:10A08000CDE90001374A51462846FFF77BFC0CE03A
:10A09000334A324BB5EEC08AF1EE10FAC8BF134610
:10A0A0005146314A2846FFF76DFC237F052B0AF104
:10A0B0000C0A2ED1D4ED067AF5EE407AF1EE10FAC4
:10A0C00028D094ED007A294B77EE677A93ED008AD9
:10A0D00017EE900AF6F764FAB5EE408AF1EE10FA40
:10A0E00006460F460DD018EE100AF6F759FACDE9DC
:10A0F0000067CDE902011E4A51462846FFF742FC9F
:10A1000026E0CDE900671B4A51462846FFF73AFC96
:10A110001EE063B1184A52F82330184A51462846C7
:10A120000DB0BDEC048BBDE8F04FFFF72BBC144A1B
:10A13000514628460DB0BDEC048BBDE8F04FFFF74B
:10A1400021BC012B9FED0F8A3FF47FAF034E88E7C0
:10A150000DB0BDEC048BBDE8F08F00BF477C01085B
:10A16000437C01080F7E01082A7E0108DC8900205B
:10A17000527E0108807E0108988C0108A57E0108A6
:10A18000D47E0108000000002DE9F04F2DED028B78
:10A19000424C434A89B005460E46FFF7F3FB94ED67
:10A1A000018AB5EE408AF1EE10FA71D0A068DFF8AE
:10A1B0000491DFF804A1F6F7F3F9CDE9020118EEF6
:10A1C000100AF6F7EDF906F10C07CDE90001354A62
:10A1D00039462846FFF7D6FB04F10C0804F1140BAE
:10A1E000B8EC018AF9EC017AB5EE408AFDEEE77A27
:10A1F000F1EE10FACDED077A07F10C0721D0D8ED7A
:10A20000018AF5EE408AF1EE10FA1AD078EEC87A9B
:10A2100017EE900AF6F7C4F9CDE9040118EE900A9A
:10A22000F6F7BEF9CDE9020118EE100AF6F7B8F913
:10A23000079B1D4ACDE9000139462846FFF7A2FBDE
:10A2400005E0079B524639462846FFF79BFBD84559
:10A25000C6D1D4ED077AF5EE407AF1EE10FA06F1A8
:10A2600030060BD017EE900AF6F79AF90F4ACDE9AF
:10A27000000131462846FFF785FB09E00C4A3146CC
:10A28000284609B0BDEC028BBDE8F04FFFF77ABB62
:10A2900009B0BDEC028BBDE8F08F00BFC86900209B
:10A2A0005F7B01086A7B0108807B0108B47B0108A1
:10A2B000BC7B0108A48F01089F7B01082DE9F043B6
:10A2C000344C354A85B00D468046FFF75BFB94F869
:10A2D0004930052B05F10C071DD194ED137AB5EE2D
:10A2E000407AF1EE10FA14D094F848308BB1D4EDE6
:10A2F000007AF8EE677A77EEC77A17EE900AF6F7EB
:10A300004FF9264ACDE9000139464046FFF73AFBAE
:10A3100010E0234A0AE043B1224A394652F823307A
:10A32000214A4046FFF72EFB04E0204A39464046CA
:10A33000FFF728FB94F8483023B1164DDFF87490EE
:10A34000002608E01A4A05F11801404605B0BDE8AC
:10A35000F043FFF717BB94F84830B34205F10C0502
:10A3600015DD55F8040CF6F71BF9CDE9020155F897
:10A37000080CF6F715F9CDE900010C3755F80C3C3F
:10A380004A4639464046FFF7FDFA0136E3E705B095
:10A39000BDE8F083C8690020F37A0108017B010859
:10A3A000127B0108988C0108257B01083D7B010880
:10A3B000477B0108517B0108F0B52DED028B414C24
:10A3C000414A85B007460E46FFF7DCFAD4ED017A24
:10A3D000F5EE407AF1EE10FA0BD017EE900AF6F790
:10A3E000DFF80C36CDE90001384A31463846FFF730
:10A3F000C9FA94ED058AB5EE408AF1EE10FA06F13D
:10A400000C0511D0324B1868F6F7CAF8CDE90201F5
:10A4100018EE100AF6F7C4F82E4ACDE900012946D5
:10A420003846FFF7AFFA17E0D4ED027AF5EE407A3E
:10A43000F1EE10FA0FD0284B17EE900A93F89930EE
:10A440000293F6F7ADF8254ACDE9000129463846D2
:10A45000FFF798FA00E035462068F6F7A1F8CDE955
:10A4600002012069F6F79CF805F10C06CDE9000120
:10A470001B4A31463846FFF785FA94ED028AB5EE5D
:10A48000408AF1EE10FA18D02068F6F789F89FEDAF
:10A49000157AD4ED047A67EE877ACDE90201C7EE2A
:10A4A000887A183517EE900AF6F77AF80E4ACDE951
:10A4B000000129463846FFF765FA05B0BDEC028B6E
:10A4C000F0BD00BFC86900207E7A0108887A0108C3
:10A4D000686A0020917A0108E0080020AC7A01083F
:10A4E000C37A01080000C842D97A0108F7B51646B8
:10A4F0001A4605460C46FFF745FAD6ED007AF5EE0A
:10A50000407AF1EE10FA0CD017EE900AF6F748F800
:10A5100004F10C07CDE900011C4A39462846FFF733
:10A5200031FAD6ED017AF5EE407AF1EE10FA0CD060
:10A5300017EE900AF6F734F804F11807CDE9000198
:10A54000124A39462846FFF71DFAD6ED047AF5EE91
:10A55000407AF1EE10FA17D017EE900AF6F720F8CD
:10A5600004F12407CDE90001094A39462846FFF7DE
:10A5700009FA7069F6F714F83034CDE90001054A9C
:10A5800021462846FFF7FEF903B0F0BDA9A4010853
:10A59000C37B0108CC7B0108F0B52DED028B5B4C31
:10A5A0005B4A85B005460F46FFF7ECF9D4ED017A1A
:10A5B0009FED587AF4EEC77AF1EE10FA00F1A2801E
:10A5C00094ED0E8A17EE900AF5F7EAFFB5EE408A91
:10A5D000F1EE10FA07F10C06CDE9020131D018EEC8
:10A5E000100AF5F7DDFF4C4ACDE900013146284657
:10A5F000FFF7C8F9E06BF5F7D3FF07F11806CDE9CF
:10A6000000010323454A31462846FFF7BBF9206C79
:10A61000F5F7C6FF07F12406CDE9000106233F4AFE
:10A6200031462846FFF7AEF9606CF5F7B9FF07F140
:10A630003006CDE900013A4A31462846FFF7A2F933
:10A6400009E02068F5F7ACFF334ACDE90001314657
:10A650002846FFF797F9D4ED027AF5EE407AF1EE4D
:10A6600010FA06D1D4ED087AF5EE407AF1EE10FA40
:10A6700048D003232B4A06F118012846FFF782F938
:10A680000623284A06F124012846FFF77BF9264ACB
:10A6900006F130012846FFF775F9D4ED087AF5EE9A
:10A6A000407AF1EE10FA06F10C0705F12A000FD0FE
:10A6B000D4ED0E7A1D4A1E4BF5EE407AF1EE10FAFB
:10A6C00018BF134639461B4AFFF710FF05F17E00FD
:10A6D000D4ED027AF5EE407AF1EE10FA12D0D4ED14
:10A6E0000E7A154A154BF5EE407AF1EE10FA18BFC6
:10A6F0001346134A394605B0BDEC028BBDE8F04065
:10A70000FFF7F4BE05B0BDEC028BF0BDC8690020B8
:10A71000D4790108000048C2DF790108F079010806
:10A72000037A0108097A0108117A0108AE79010853
:10A73000B7790108E8690020C1790108CB790108DF
:10A74000D06900202DE9F0412A4F86B03A6888464A
:10A750000646FFF717F97B6808F10C043D464BB934
:10A76000BB6873BB244A2146304606B0BDE8F041C1
:10A77000FFF708B9214A21463046FFF703F9F86987
:10A78000F5F70EFFCDE904017869F5F709FFCDE98A
:10A7900002013869F5F704FF08F11804CDE900015A
:10A7A000174A21463046FFF7EDF8386AF5F7F8FE0C
:10A7B00008F12404CDE90001124A21463046FFF792
:10A7C000E1F8AB6893B1EA68009204F10C010E4A1B
:10A7D0003046FFF7D7F8A869F5F7E2FE1834CDE95F
:10A7E00000010A4A21463046FFF7CCF806B0BDE822
:10A7F000F08100BFC8690020477B0108D57B0108B4
:10A80000DD7B0108F47B0108FB7B01080A7C010861
:10A810002DE9F04F614C2DED028B02EB420504EB6C
:10A8200085048BB094F82950169F1E2D00F2B0803D
:10A830004FEAC50BDFF880A107901046ABEB05028D
:10A840000AEB82021E46D2E901938846B7F1FF3F28
:10A8500018BF9946FEF7EAFE70B1514B514A1C7879
:10A86000514B0798002C08BF1A460BB0BDEC028B69
:10A87000BDE8F04FFFF786B894F82A004B4993697A
:10A8800040F6884202FB0012089202EBC6024BB36C
:10A8900009931146304698477B1CB0EE408A0ED093
:10A8A00010EE103A23F00042B2F1FF4F07D00899A2
:10A8B000099B01EBC7013046984738EE408AABEB65
:10A8C00005050AEB850A18EE100ADAF80C30029337
:10A8D000F5F766FE4A46CDE9000141460798FFF7C5
:10A8E00051F855E0032D42D194F82B90B9F10C0F9B
:10A8F0004ED82F48089200EB0910D0E9023A1146D1
:10A90000456830469847089A3046114610EE104A7E
:10A91000D04741F2505343FA09F313F00103B0EE6C
:10A92000408A12D03046FEF7DBFFB5EEC08AF1EE6A
:10A9300010FA07D528EE000AFFEE007A87EE808A2B
:10A94000462302E088EE008A4823049318EE100A9A
:10A95000F5F726FECDE902012046F5F721FE2A464D
:10A96000CDE9000141460798FFF70CF810E01146C9
:10A97000304609930892FEF751FE089A0D4D114694
:10A9800010EE104AFEF74EFE099BB0EE408ADCE75F
:10A990000BB0BDEC028BBDE8F08F00BFE0080020DB
:10A9A0009C6900201093010824930108644800204A
:10A9B000248B010834930108AC8F01082DE9F0477E
:10A9C0002DED048B04883A4F82B006462046F0EE07
:10A9D000409A8946154698468847B4EEE90AF1EE52
:10A9E00010FAB0EE408ACCBF4FF0010A4FF0000AD7
:10A9F000F0EE408A7B8BA34216D92046C847F4EE7E
:10AA0000C09AF1EE10FA4CBF012300235345B0EE7B
:10AA1000409A06D12C44B0EE688AA4B2F0EE408A87
:10AA2000E8E77B8BA34202D89FED220A3AE0641B41
:10AA3000A4B2214640463480FCF794FE79EE480AE1
:10AA400038EE098AF6EE007AB0EE680A38EEE91AB6
:10AA5000684660EEA70A98EE270AFEF761FEDDED74
:10AA6000008AF5EEC08AF1EE10FA06DDF7EE007A04
:10AA7000F4EEE78AF1EE10FA01D4DDED018A01353A
:10AA8000204608BFF1EE688AFCF744F808EE100A89
:10AA9000FCF762FE07EE900AB8EE480AF8EE677A15
:10AAA000A7EEA80A02B0BDEC048BBDE8F08700BF9A
:10AAB000E00800200000000038B5194B002403F125
:10AAC00030001D461A4692F828100C3201B10134AC
:10AAD0009042F8D11348002193F85820083302B16E
:10AAE00001319842F8D18C42B8BF0C46FDF73CFCCE
:10AAF000B5EE400AF1EE10FA01D1022308E0D5EDDF
:10AB00002A7AF5EE407AF1EE10FA0CBF0223042304
:10AB1000234401335B1003EB830003EB400038BD9B
:10AB2000E00800202009002003688B4241D170B565
:10AB3000244D82896B8B9A423DD1466804460020A1
:10AB4000FBF7E8FF864201D0022039E0688BA66857
:10AB5000013880B2FBF7DEFF8642F5D1E289AB8C8B
:10AB60009A422AD1184BE28B1B889A4225D194ED48
:10AB7000047AD5ED277AB4EE677AF1EE10FA16D1A1
:10AB800094ED057AD5ED287AB4EE677AF1EE10FAF5
:10AB90000DD194ED067AD5ED2A7AB4EE677AF1EE0E
:10ABA00010FA04D1247FFBF79FF9844207D00420D8
:10ABB00006E000207047012002E0032000E00520AD
:10ABC00070BD00BFE00800205E9B0020B5EEC00A0B
:10ABD000F1EE10FA44BFBFEE007A87EE000A30B5FE
:10ABE00085B04CBF4623482315460C46029307EE1A
:10ABF000900A9FED0A7AF8EE677A67EE877AC0EEE0
:10AC0000277A17EE900AF5F7CBFC054ACDE900014B
:10AC100029462046FEF7B6FE05B030BDDB0FC94021
:10AC2000248901082DE9F0432DED028B83B0284FD4
:10AC3000DFF8A890ADF80610B0EE408A04469046C2
:10AC400006460025B7EC010A38EE400A2DB9B8F1E6
:10AC5000FF3F0CBF0123022301E04FF0FF334246C8
:10AC600049460DF10600FFF7A9FE0135042DA6ECBB
:10AC7000010AE7D1D4ED027AF5EE407A0023F1EE35
:10AC800010FA636123611ED094ED030AB5EE400A09
:10AC9000F1EE10FA17D00AF0BBFAB0EE408A94ED4C
:10ACA000020A0AF0B5FA9FED0B7A38EE400AB0EED0
:10ACB000C00AC7EE007A9FED087AC4ED047AC7EEA9
:10ACC000007AC4ED057A03B0BDEC028BBDE8F083D9
:10ACD000007F0108F234B8419ECEDD40D9B70008AC
:10ACE0002DE9F047284B294FDFF8A4A02DED028B6A
:10ACF000804600200D46002A08BF1F4688470126CF
:10AD0000F0EE408A0024BAF81A309E4210DA1FFA98
:10AD100086F94846A847F0EE680AB0EE408AB84780
:10AD2000002818BFF0EE488A18BF4C460136EAE703
:10AD30001CB3013B9C4220DA601E80B2A8F80040A0
:10AD4000A847601C80B2B0EE408AA847B4EE408AA3
:10AD5000F1EE10FA11D0B0EE007A70EE487AA8EE5B
:10AD6000C78A67EEA77A38EE008AB2EE000A28EEAC
:10AD7000008A87EE887A78EEC78AB0EE680ABDEC62
:10AD8000028BBDE8F08700BF759700086597000843
:10AD9000E008002037B5002501222E49ADF8065005
:10ADA0000DF10600FFF79CFFDFED2B7A2B4CB4EE84
:10ADB000E70AF1EE10FA84ED010A43DBBDF8061054
:10ADC0002846FCF7CFFCBDF80600FBF7A3FE07EE14
:10ADD000900AF8EE677A204617EE903A4FF0FF326D
:10ADE00040F8203BBDF8061094ED010AFFF71AFF6A
:10ADF0000122BDF8061094ED010A04F10800FFF7E6
:10AE000011FF94ED027AD4ED086A67EE267AF5EE2A
:10AE1000407AF1EE10FAC4ED0E7A13D0F1EEE77A33
:10AE200037EE667A94ED096AD4ED036A84ED0F7A01
:10AE300076EEC66AC4ED0E7AC4ED106AC7EE876A74
:10AE4000C4ED116A0623072202210020FEF7CAFB87
:10AE500003B030BDD9B70008000048C2C86900205F
:10AE600070B52DED028B404C404B4149236082B0C0
:10AE70000026012201A8ADF80460FFF731FFBDF8FC
:10AE8000041000296BD0B1EEC00AB7EE008A88EE3C
:10AE9000007A384DD5ED1A7A37EE487A77EEA77AF0
:10AEA00067EE877AF5EEC07AF1EE10FAC4ED077A14
:10AEB00055D43046FCF756FCBDF80430ADF80630EA
:10AEC000B0EE480A01234FF0FF322B490DF1060086
:10AED000FFF774FDB5EE400AF1EE10FAB0EE408ACD
:10AEE0003DD0BDF80430ADF80630012202232249DE
:10AEF000BFEE000A0DF10600FFF760FDB5EE400A57
:10AF0000F1EE10FA2BD0D4ED076A95ED1A7AF0EE37
:10AF1000007AF0EE665AE7EE275A30EE486A28EEDD
:10AF2000008AB1EEC88AFCEEC87AC4ED017ADFED82
:10AF3000137A26EE275A68EE277A85EE857A27EE71
:10AF4000888A67EE277A28EE258A84ED047AC6EE91
:10AF5000085A87EEA67AC4ED055A84ED087A02B045
:10AF6000BDEC028B70BD00BFC869002008750108E8
:10AF70008597000808030020AD970008DB0FC94043
:10AF800060EEA07A9FED117AE0EE007AF4EEC77AD7
:10AF9000F1EE10FA04D50E4B036000230B607047EE
:10AFA00080EE277AF7EE006A37EE667ADFED096AFF
:10AFB00027EE267AF1EE600A80ED007A80EEA77A1D
:10AFC00067EE267AC1ED007A704700BFCCBC8C2BAF
:10AFD000286B6E4E0000C8422DE9F04F47681F2FC6
:10AFE00085B000F38480163901EB810801EB48013C
:10AFF000414B13F801E00EF0070ECEF1080E7A1C5B
:10B0000012EB0E0F02D57744476070E0826812F1B0
:10B010000C0BF8D44FF0FF35CEF1200405FA04F400
:10B020007D19A24652D5C7F10109002550E0334EE3
:10B03000039036686D0003EB0108403DC2F1010149
:10B04000002306EB82160A32CDE9017E884457467A
:10B050009C4696464846AA4600E0944608EB040201
:10B060007445BDBF126812BA3A400022002C05DABE
:10B0700000E0009A0134A34530D134E043EA0C03E8
:10B080001343990841EA53010B434FEA5C0508B1A9
:10B09000854083400AEB0601002BEBD00092002D87
:10B0A00003DA174AB2F8009004E0002B04DA154ADC
:10B0B000B2F85290A1F800900231B1424FEA430336
:10B0C0004FEA4505D5D0002BE9D1D2E74FF0000972
:10B0D000541E5C4597DA1F2CA9DD94E7202C06F15D
:10B0E00040066346B9D1DDE9017E03988BE7002075
:10B0F00005B0BDE8F08F00BFC85E0108A069002060
:10B10000588B0020080300202DE9F04107462DED63
:10B11000048B1046B0EE408A0E4614469846B84757
:10B12000B4EEC80AF1EE10FA18DAF0EE408A013EE9
:10B130000CE004EB0805ADB22846B847B4EEC08A6F
:10B14000F1EE10FA12D9F0EE408A2C46B8F1FF3F2A
:10B1500007D1B4FA84F35B09002BEAD09FED160AFD
:10B1600025E0B442B4BF00230123F5E7B4EE680A3A
:10B17000F1EE10FA1CBF38EE688A30EE680A2046FD
:10B1800014BF88EE009A9FED0C9AFEF7B9FB284693
:10B19000B0EE408AFEF7B4FB2046F0EE408AFEF7A0
:10B1A000AFFB38EEC00AA0EE098AB0EE480ABDEC4B
:10B1B000048BBDE8F08100BF000000002DE9F84FCE
:10B1C0002DED028B0C9C90460746894620220021DB
:10B1D00020461E460AF032F9B8F1020F40F2DE8036
:10B1E000731C16D10020B8470025B0EE408A012616
:10B1F0003046B847B4EEC08AF1EE10FAC8BF354603
:10B2000006F10106B6B2C8BFB0EE408AB045EFD134
:10B210002AE0B6B2B0450ED808F1FF36B6B20AE061
:10B22000BAF1000F0FD10AF1010ABAF1070FF7D1F5
:10B23000AE4219D02E463046B8473546B0EE408A69
:10B240006FF0050AECE70AEB060BD845EBD91FFABD
:10B250008BFB5846B847B4EEC08AF1EE10FAC4BF73
:10B260005D46B0EE408ADEE72846C847284625807E
:10B27000B0EE408AFEF744FB284684ED010AB84749
:10B280004FF0FF3384ED020A2A4641463846B0EEBD
:10B29000000AFFF739FF012384ED030A2A464146DD
:10B2A0003846B0EE000AFFF72FFF4FF0FF3384ED72
:10B2B000050A2A4641463846B0EE080AFFF724FF41
:10B2C000012384ED040A2A46B0EE080A41463846B6
:10B2D000FFF71AFF94ED037A84ED060AB5EE407A83
:10B2E000F1EE10FA06D0D4ED057AF5EE407AF1EEE3
:10B2F00010FA0FD194ED047AB5EE407AF1EE10FA1F
:10B300004CD0B5EE400AF1EE10FA47D0F0EE407A9C
:10B31000012200E0002267EE276A37EEC77A214B50
:10B32000F1EEE66AB5EEC07A03EB8203F1EE10FAB5
:10B33000C4ED016AD3ED007A2CD9B5EEC08AF1EEE6
:10B3400010FA27D9B7EE006A37EEC65A77EE867A3A
:10B35000C5EE275ADFED147A65EEA55A38EE275A66
:10B3600078EE677A65EE854A67EEE77A36EE656ACB
:10B37000E5EE247AC7EE865AF5EEC05AF1EE10FAE1
:10B3800008D9F1EEE55A68EE077A66EEA56A86EE10
:10B39000A77A01E09FED057A84ED077ABDEC028B78
:10B3A000BDE8F88FA48F01080000484200000000AB
:10B3B00007B5880710D00D4A0D4892F91D30591C69
:10B3C00018BF02EBC3030B4918BFB3F85A30009102
:10B3D000528B0949FFF7F2FE04230B2202210020C1
:10B3E00003B05DF804EBFEF7FDB800BFE0080020F5
:10B3F00059B90008C8690020F1970008024B03EB17
:10B40000C00090ED010A70476448002060EEA06A19
:10B41000DFED107AE0EE006AB0EE677AF4EEE76AEC
:10B42000F1EE10FA5ABFF1EE600AC0EEA67ADFED37
:10B430000A7AF0EEE77AF4EEC77AF1EE10FA5DBF21
:10B4400077EEA77AB7EE007A87EE270A9FED030A18
:10B45000704700BFCCBC8C2B00000000286B6E4EE8
:10B460002DE9F3473B4D814668680C46F5F798F89F
:10B47000394ACDE90001214648460C34FEF782FAEC
:10B480001F2C63DCB5F93830002B01DA334A01E0B8
:10B4900007D1334A2146484602B0BDE8F047FEF7DF
:10B4A00071BA304A2146484609F14608FEF76AFA61
:10B4B00009F18C072C4A21464046FEF763FA2B4AD5
:10B4C00021463846FEF75EFAAA460026BAF9383019
:10B4D000B3423BDD0C341F2C38DC95ED020AB4EE90
:10B4E000400AF1EE10FA0AD6B5EE400AF1EE10FA73
:10B4F00005D022464946DAF80000FFF767FB95EDD4
:10B50000030AB4EE400AF1EE10FA0AD6B5EE400A8C
:10B51000F1EE10FA05D022464146DAF80000FFF7B6
:10B5200055FB95ED040AB4EE400AF1EE10FA0AD686
:10B53000B5EE400AF1EE10FA05D022463946DAF8A7
:10B540000000FFF743FB01360C35BFE702B0BDE852
:10B55000F08700BFC8690020177A0108387A01080F
:10B560004D7A0108627A01086C7A0108737A010841
:10B570007FB5384D384CC3001C4400F291102B4469
:10B5800003F68C4305EBC005D3ED000A95ED000AE8
:10B5900068460E4601A9FFF7F3FC03A902A8D4ED03
:10B5A000010A94ED000AFFF7EBFCDDED017ADDED19
:10B5B000005A9FED2A7ADDED024A9DED036A67EE9F
:10B5C000A76AB0EE475AE5EEA56AF4EEC76AF1EE57
:10B5D00010FA06D485EEA67AF1EE675AC5EEA67A81
:10B5E00003E0DFED1F7A9FED1F7A66EE066AE4EE58
:10B5F000A46AF4EEC56AF1EE10FA06D4B1EE466A1A
:10B6000084EEA65AC6EE265A03E0DFED155A9FEDEA
:10B61000155A9FED156A77EEE57A37EE457A67EEB3
:10B62000A76AE7EE076AF4EEC66AF1EE10FA04D5EF
:10B630000E4B33600023136009E0F1EE677A87EE6A
:10B64000266A87EEA67A86ED006A82ED007A04B05B
:10B6500070BD00BF64480020D00C0010CCBC8C2B07
:10B6600000000000A5D4685315BE9A17286B6E4ED3
:10B6700070B5084E084D0024738BA0B2834208D9E0
:10B68000A1B2C9000A1D2A442944FFF771FF013401
:10B69000F2E770BDE00800204800001091ED007A4C
:10B6A000D1ED017ADFED0A6A9FED0A6AF7EE005AE2
:10B6B00037EE257A67EEA77A67EE266AE7EE077A15
:10B6C00086EEA70A30EE460AB0EEC00A704700BF09
:10B6D0000AD7233D0AD7A33C08B5FFF7DFFFF7EEF3
:10B6E000007A87EE800A08BDD1ED017A91ED007AEB
:10B6F000DFED066A67EEA77A27EE266AE7EE077A9D
:10B7000086EE270A30EE660A704700BF0000C84286
:10B71000D1ED017A91ED007ADFED076AB7EE006AAC
:10B7200037EE067A27EEA70A67EEA67AA7EE070A93
:10B7300087EE800A704700BF0AD723BD08B5FFF720
:10B74000E7FFFFEE007A87EE800A08BD08B52DED11
:10B75000028BFFF7F3FFB0EE408AFEF7C1F888EEE8
:10B76000000ABDEC028B08BD08B52DED028BFFF77A
:10B77000CFFFB0EE408AFEF7B3F888EE000ABDECCA
:10B78000028B08BDD1ED017A91ED007ADFED056AFB
:10B7900027EEA70A67EEA67AA7EE070A87EE800AC9
:10B7A000704700BF0000C8C291ED010AD1ED007AD8
:10B7B00020EE000AA7EEA70A09F05CBD054908B50E
:10B7C00001EBC001FFF7F0FFFEEE007A20EE270A42
:10B7D00008BD00BF64480020034B00F2911103EB49
:10B7E000C101FFF7E1BF00BF6448002091ED010AED
:10B7F000D1ED007A60EE000AB7EE007AE7EEA70A14
:10B8000030EE000A77EE600A09F066BD91ED017A2C
:10B81000D1ED007A67EE076AE7EEA76A77EEE67A7F
:10B8200087EE270AB0EEC00A704700BFD1ED017A5B
:10B83000D1ED006A9FED0A0A67EEA77AB7EE007AAB
:10B8400037EE667AB0EE676AA7EE076AE6EEA67A8A
:10B8500086EE277AB1EEC77A27EE000A704700BF5E
:10B860000000C842D1ED017AD1ED006A67EEA77AF7
:10B87000B7EE007A37EE667AB0EE676AA7EE076A2F
:10B88000E6EEA67AB3EE090A87EE867AB1EEC77ABB
:10B8900027EE000A704700BFD1ED017A91ED006AF2
:10B8A00027EEA77AF7EE006AA6EE067A77EEA77A79
:10B8B00036EEC77A87EE870AB0EEC00A704700BF3F
:10B8C000D1ED017A91ED006A9FED0B0AB7EE007A97
:10B8D00067EEA77A76EE076A37EE467AB0EE676AC9
:10B8E000A6EEA66AE7EE077A86EE277AB1EEC77A69
:10B8F00027EE000A704700BF0000484208B5FFF776
:10B90000DFFFF7EE007A87EE800A08BD91ED010AAD
:10B91000D1ED007A20EE000AA7EEA70AB1EEC00A28
:10B92000704700BF08B5FFF7F1FFDFED097AB4EE0D
:10B93000E70AF1EE10FA08DCF7EE007A30EE277A2B
:10B9400077EEC07A87EE270A01E09FED020A08BD74
:10B95000A4707D3F0000807F024901EBC001FFF72A
:10B96000E1BF00BF64480020024901EBC001FFF7BE
:10B97000D9BF00BF48000010D1ED006AD1ED017AB7
:10B98000B7EE007A37EE667A27EEA70AF3EE096A79
:10B99000A7EE070A67EEA67A87EE800A704700BF17
:10B9A000D1ED017A91ED006ADFED076AB7EE007A1A
:10B9B00037EE467A27EEA70A67EEA67AA7EE070AC1
:10B9C00087EE800A704700BF0000C84237B5754C4B
:10B9D00094F91D00FCF73AF8002800F0E18094F992
:10B9E0001D30714A9FED714A106004EBC30482ED73
:10B9F000014AB4F85A506E4C04EBC504214628465F
:10BA0000FDF738FEF6EE007AB4EEE70AF1EE10FA32
:10BA1000F0EE405AB0EE445A40F2B580FFF782FF94
:10BA2000DFED644AB4EEE40AF1EE10FA40F2AE80C3
:10BA3000FFF7B6FF80EE257ADFED5F7AB4EEE77AA6
:10BA4000F1EE10FAF0EE406A80F2A08065EEA44AB2
:10BA50000025F4EEC44AF1EE10FA0EDDDFED577A60
:10BA6000F4EEE75AF1EE10FA07D5F1EE406A1561EF
:10BA70009560C2ED036A01238BE025EEA56AF4EE22
:10BA8000C55AF0EE464AF1EE10FAE6EEA64A76EE18
:10BA9000A63A06DA65EE857AF4EEE74AF1EE10FA98
:10BAA00037DD684624EE851A63EE850A35EE650AB1
:10BAB000FDF736FEDDED007A956036EEA77AB0EE42
:10BAC000463A27EEA74AA7EE073A556124EE074A01
:10BAD000C2ED047A84EE037AF4EEC55A37EE677A43
:10BAE000DDED017A82ED037A36EEA77A27EEA74ADA
:10BAF000A7EE076A24EE074AF1EE10FA84EE067A02
:10BB0000C2ED077A37EE677A82ED067A40DA0221D3
:10BB100000E00021E5EEC54A4C006318284C684659
:10BB2000B0EE641AF0EE630AB7EE000A04EB830489
:10BB3000FDF7F6FD9DED007AA56076EE877A84ED3F
:10BB4000017A9FED207A656175EEC55A27EE875A16
:10BB500067EEA77A8B1CE5EEA57A1BB285EE276A05
:10BB6000DDED017A84ED006A76EEA76AC4ED047A11
:10BB700026EE877A66EEA66AE5EEA56AC7EE267A15
:10BB8000C4ED037A05E04FF0FF3302E0002300E04C
:10BB9000022313870221042307220020FDF722FD40
:10BBA00003B030BDE0080020C86900200000484212
:10BBB00064480020CDCC8C3F0000C84200005C42AD
:10BBC000D069002000401CC5044908B501EBC00144
:10BBD000FFF7E6FEB0EEC00A08BD00BF64480020D3
:10BBE00008B52DED028BFFF7DBFEB0EE408AFDF7C6
:10BBF00077FE88EE000ABDEC028B08BD08B52DED7E
:10BC0000028BFFF7CDFEB0EE408AFDF769FE28EE0D
:10BC1000000ABDEC028BFFEE007A87EE800A08BDB9
:10BC2000D1ED006A91ED017AF7EE007A77EEE67ACF
:10BC300027EE077AF3EE096AA7EEA77A67EEA67AEF
:10BC400087EE870A30EE660A704700BF0138C3B23C
:10BC5000082B9DBF00EB4000024B53F82000024828
:10BC6000704700BF0C84010800B001080138C3B25E
:10BC7000082B08D8054B00EB400003EB800003893C
:10BC80000B80406870470020704700BF0C8401089B
:10BC9000431E082B0FD8094B094A034410B413F86C
:10BCA000013C013B02EBC30452F83300A3880B8034
:10BCB0005DF8044B70470020704700BF0084010806
:10BCC00080840108F8B50D1A2FD11D4A1D4B15802F
:10BCD0001D8033E0B5FBF3F2132A02D903EB830492
:10BCE0000CE0072A01D95C0008E01C46A6FB04739F
:10BCF000032A4FEAD30301D80139EBD1B0FBF4F3A7
:10BD00004EF2803604FB13002A460023A0FB0601F6
:10BD1000F4F7FCFD0B4B0A4F18802A46A4FB0601E2
:10BD20000023F4F7F3FD388008E0074B074C084E7A
:10BD30006A0AA3FB0232D2090A21D7E7F8BD00BF85
:10BD4000AC690020AA690020834B040000CA9A3B1A
:10BD5000CDCCCCCC044B1B78052B9ABF034A52F8B0
:10BD600023000348704700BF9C690020BC75010890
:10BD7000107F0108044A13780133DBB2052B88BF1A
:10BD800000231370704700BF9C6900204D4B82B0A8
:10BD90001B780190002B00F08C80013BDAB2042A62
:10BDA00000F28B80484AD2ED006AF5EEC06AF1EEEF
:10BDB00010FA40F2828007EE900AF8EE677AF5EE0C
:10BDC000C07AF1EE10FA78D99FED406A9FED407A83
:10BDD000404A67EE867AC3EBC303F4EEC77A5B0092
:10BDE000F1EE10FA02EB030005D8D35A9FED3A7A30
:10BDF00000EE103A17E09FED396AF4EEC67AF1EEE4
:10BE000010FA0BDA9FED366AF4EEC67AF1EE10FA0C
:10BE10002DDD344A9FED346A01230DE083899FEDC7
:10BE2000337A00EE103AB8EEC00A67EE877AF1EE88
:10BE3000E77A60EE277A35E0B8EEC67A591CF4EE60
:10BE4000C77AF1EE10FA0CDC294A32F8132007EE1B
:10BE5000102A5B00B8EE466AB8EE477AC1189A1C01
:10BE600007E00B4632F8021B06EE101AE4E7014623
:10BE70000222B1EEC77AF1EEE77AB1EEC66A36EE8B
:10BE8000476A37EEC77A0B88825AC7EE065AD21A2B
:10BE900007EE902AB8EEE77A07EE903AF8EEE77AE6
:10BEA000E5EE877A9FED090A26EE800A20EE270A42
:10BEB00005E0104B93ED000A01E09FED0F0A02B080
:10BEC000704700BF9C690020686A002017B7D1380E
:10BED0000000344374750108610BB63B00909C452B
:10BEE0000000B4436A750108C6020000EE4B5139E8
:10BEF00064750108986900200000000008B52DED68
:10BF0000028BFFF703FD80B2B0EE408AFAF702FE23
:10BF1000FFF73CFFDFED0E7A20EE270A09F046FA24
:10BF2000DFED0C7A28EE000AB4EEE70AF1EE10FA23
:10BF300008DCF7EE007A30EE277A77EEC07A87EEEB
:10BF4000270A01E09FED040ABDEC028B08BD00BF8B
:10BF5000E3C86B3EA4707D3F0000807F032804D1BE
:10BF60004FF4F0730B41DB0705D4044BC0EBC0006A
:10BF700053F8200070470248704700BFAC8F01089B
:10BF8000187F0108014B000118587047248B0108E5
:10BF9000014B1878704700BFA869002070B5154C98
:10BFA000154D04F1300605EB800594F828300C346B
:10BFB000DBB1698828881C2934BF01236FF00D0389
:10BFC000194411F10D0300F1050248BF01F12C03E2
:10BFD00005380029B8BF1F310028B8BF1F305211E3
:10BFE0005B1149114011FDF7FDFAB44205F24465B9
:10BFF000DBD170BDE0080020746A002070B50D4CE4
:10C0000004F1400594F858301BB1B4F85A00FFF71A
:10C01000C5FF0834AC42F5D1FEF74EFD031EB8BF94
:10C020001F3300215B1108460E22BDE87040FDF76A
:10C03000D9BA00BFE0080020F0B52DED028B634CAB
:10C040000025032883B0C4E9015500F0828004284C
:10C05000064600F08180022840F0B4805C4F5D4BC2
:10C060005D49ADF804502A4601A82360FEF738FE6A
:10C07000B1EEC00A97ED1A7AF7EE007A20EE077A51
:10C0800037EEC00A30EE000AC7EE007AF5EEC07A4D
:10C09000F1EE10FAC4ED077A00F18C80BDF80410BF
:10C0A0002846FBF75FFBD7ED1A7AD4ED076ABDF897
:10C0B0000430ADF80630B1EE007AB0EE676AA6EE55
:10C0C000876A01234FF0FF324449C7EE868A0DF19B
:10C0D0000600B1EE680AFEF771FCB5EE400AF1EE1B
:10C0E00010FAB0EE408A65D0BDF80430ADF80630E5
:10C0F000012233463949B0EE680A0DF10600FEF719
:10C100005DFCB5EE400AF1EE10FA53D030EE487AFD
:10C1100028EE000AB1EEC00AFCEEC07AD4ED076A40
:10C12000C4ED017AC0EE077AC4ED087ADFED2C7A0F
:10C1300067EE275A60EE277A86EEA56A27EE800A18
:10C1400084ED046A20EE260AC7EE007AC4ED057A73
:10C1500030E0FEF785FE2DE0FEF782FE214B1E4902
:10C1600023602A460DF10600ADF80650FEF7B8FD33
:10C17000BDF80610F1B10320FBF7F4FABDF8060094
:10C18000FAF7C8FC6368984214D307EE903AB8EE09
:10C19000677AD4ED057AA060C01A27EE277A07EEF9
:10C1A000900AF8EE677AE06077EEA77AC7EE276A22
:10C1B000C4ED066A0423072202210020FDF712FACB
:10C1C000FFF71CFF03B0BDEC028BF0BDC869002077
:10C1D00008030020B08C010885970008AD9700087F
:10C1E000DB0FC940B98C01082DE9F8433D4E96F9A3
:10C1F0001C506A1C2DED028B6FD096F91D00431C5C
:10C200006BD0394B93F86E30022B3BD105EB4505D3
:10C2100006EB8505354A95F82930C3EBC30302EBDD
:10C2200083039F69002F58D095F82A50304A738BAA
:10C2300040F6884101FB05250BB34FF000089FED48
:10C240002D8A444629462046B84710EE103A23F07E
:10C250000042B2F1FF4F05F1080509D0F0EEC07AB7
:10C26000F4EEC87AF1EE10FA44BFB0EE678AA04649
:10C27000738B0134A342E5DC96F91D0000E098467B
:10C28000414624E01C4A1D4C1D4940F2446707FB0F
:10C290000525728B6F88012B0CBFA0468846012AAA
:10C2A00012D902354FF00009012435F82410384620
:10C2B000C04710B135F82470A146738B0134A342F6
:10C2C000F3DC96F91D0001E04FF000094946BDEC92
:10C2D000028BBDE8F843FBF745BABDEC028BBDE825
:10C2E000F88300BFE008002008030020AC8F01089D
:10C2F00064480020CAF24971746A0020159700084A
:10C30000099700082DE9F047DFF87C8198F91C5067
:10C310006B1C00F0AA8098F91D30013300F0A58055
:10C32000534B93F86E30022B04460E4659D105EB61
:10C33000450508EB85054F4A95F82930C3EBC30343
:10C3400002EB8303D3F81890B9F1000F00F08D8051
:10C3500095F82A70484B40F6884202FB073707EBF6
:10C36000C001C847B8F81A30344410EE105A9C4245
:10C370007BD207EBC4012046C84710EE103A07EE07
:10C38000905A23F00042B2F1FF4FF5EEC07A25F04B
:10C39000004120D0B1F1FF4F1DD0F1EE10FAB5EE03
:10C3A000C00A4CBF01210021F1EE10FA4CBF01225E
:10C3B000002291420FD0F0EEC07A07EE105AB0EE94
:10C3C000C77AF4EEC77AF1EE10FAC8BFA41B98F949
:10C3D0001D00214645E0B8F81A2034441D46944219
:10C3E000C6E7264A2648274940F2446707FB052549
:10C3F00005EB8402012B0CBF81468946A41957889E
:10C4000033D4B8F81A309C422FDA023535F82410AC
:10C410003846C84720B935F82470A41908D524E057
:10C42000B8F81A309C42B8BF4FF0FF3A06DB1CE068
:10C43000B8F81A30A342E9DC17E01C46394635F853
:10C440002400C847331930B9B8F81A2035F82470D9
:10C450009342A246F1D3BAF1FF3F06D098F91D00EE
:10C460005146BDE8F047FBF77DB9BDE8F08700BF56
:10C4700008030020AC8F010864480020746A002083
:10C480001597000809970008E008002010B440F252
:10C49000446404FB00F0084C00EB81010819095BBF
:10C4A00040885DF8044B1B1A521A13FB03F310B2B9
:10C4B00000FB0030704700BF746A0020124B2DE96A
:10C4C000F047B3F81A80B8F1000F18D04FFA82F98C
:10C4D00007B20EB200244FF461754FF0FF3AA1B2DB
:10C4E00033463A464846FFF7D1FFA842B8BFA246B6
:10C4F00004F10104B8BF05464445F0D101E04FF016
:10C50000FF3A5046BDE8F087E0080020034B0022C8
:10C510001A60034B00221A60704700BF0000001031
:10C52000DC8900200F4B188B10F0010016D10E4A49
:10C530001278520714D45A8B0C490D4810B50D4C83
:10C54000D20008F06DFF2046FDF7F2F90A4B634078
:10C5500023600A4B00221A60012010BD00207047A2
:10C56000704700BFE0080020A803002064480020B6
:10C57000480000100000001046455257DC8900209A
:10C58000064B1B8BDB0706D4054B187880F00400A4
:10C59000C0F3800070470020704700BFE008002013
:10C5A000A8030020034B01221A70034B00221A70CB
:10C5B000704700BFE1890020E0890020024B012282
:10C5C0001A70024B18707047E1890020E089002042
:10C5D000024803494140FEF7A7BA00BF000000101F
:10C5E00046455257044B054A19685A4091420CBFC0
:10C5F000186A0020704700BF0000001046455257DF
:10C6000038B50E4B188B10F0010014D10C4A12787B
:10C61000520711D45A8B0B4C0B490C48D20004F131
:10C62000240508F0FDFE2846FDF782F9084B6B4013
:10C630006362012000E0002038BD00BFE008002058
:10C64000A803002000000010EC540020D00C0010C3
:10C6500058494657014B00225A62704700000010AB
:10C66000014B01221A707047D4890020034B1878BF
:10C6700018B100221A70FFF7C3BF7047D489002099
:10C68000024803494140FEF74FBA00BF24000010A2
:10C690005849465738B5174B1D780DB9002527E086
:10C6A00000221A70144B1B78D9071DD5134B1B8B16
:10C6B000DA07F3D4124B1B785B07EFD4FFF7E0FFE8
:10C6C0000528EBD10F4B1B68002BE7D00E4C984789
:10C6D0002046FDF72DF9012363770C4B634023605F
:10C6E0000B4B00221A6003E0BDE83840FFF71ABF89
:10C6F000284638BDE1890020E0890020E0080020BC
:10C70000A8030020D8890020000000104645525799
:10C71000DC89002010B5FFF75BFF40B1054B5B7F64
:10C72000DB0704D50446FFF7ABFF052800D0002443
:10C73000204610BD000000102DE9F04F2DED068BB6
:10C74000B64BB74CB74A9FEDC48A1A6000254FF428
:10C750007F4387B084F87B5084ED208AA4F878303A
:10C7600084F8905084ED218AFFF78AFF052884F829
:10C770007A0040F00782AC4EB38C1B0640F1028277
:10C78000AA4BADF80E500DF10E0193F86D00DFEDE0
:10C79000A89AFFF76BFAB0EE48AA8246ABB2BAF19C
:10C7A000000F00F05B81BDF80E209A4240F25681E6
:10C7B000AAB20AEBC2039F495B688B4240F22C810C
:10C7C0005AF8322007EE903A09EE102A4FF000088E
:10C7D000B8EE499AF8EE678A4746738B1FFA88F0DD
:10C7E000984210D2FDF78CF8B4EEC09AF1EE10FA30
:10C7F00006D8F4EEC08AF1EE10FAA4BF0137BFB23A
:10C8000008F10108E9E70193002F00F00581022FEC
:10C8100006D894F87B3043F0020384F87B30FBE0C9
:10C8200094F878300A2B06D194F87B3043F001035A
:10C8300084F87B3012E10027DFED87AAB846B946BD
:10C84000019B1FFA87FB5B4526D95846FDF758F830
:10C85000B4EEC09AF1EE10FA1CDCF4EEC08AF1EEF0
:10C8600010FA17D405AA04A95846FEF781FEDDED9B
:10C87000047AB9F1000F08D0F4EEE7AAF1EE10FA4D
:10C8800008DDD846F0EE67AA04E0D846F0EE67AAC5
:10C890004FF001090137D3E7B9F1000F00F0BC8078
:10C8A00094F87870B90001F128027B1C22442144DD
:10C8B000404684F87830FEF75BFE39EE287AF6EED3
:10C8C000007A27EE277ADFED5C6A5C49C6EE877A4C
:10C8D00007F12803A02224F813800023B0EE696A30
:10C8E00011F8010B07EE100AF8EEC76A0133F4EEF7
:10C8F000E67AF1EE10FACCBF87EEA67A86EEA77A3A
:10C90000B4EEC67AF1EE10FA44BF0246B0EE476AC2
:10C910000D2BE5D1E31905A983F86420484B03EBFF
:10C92000C80804A8D8ED010A98ED000AFEF728FB14
:10C93000DDED050A9DED040AFEF768FDB4EEE90A97
:10C94000F1EE10FAB8BFDFED3F7A4FEA870204EB51
:10C950000203B8BFC0EE276AD3ED007AF5EEC07AC5
:10C96000A8BFF0EE696AF1EE10FA04EB070339D4C0
:10C97000F4EEE67AF1EE10FA34DA9FED337AF4EE63
:10C98000C77AF1EE10FA25D49FED307AF4EEC77A2B
:10C99000F1EE10FA1CD49FED2E7AF4EEC77AF1EE88
:10C9A00010FA13D42B4A92ED007AF4EEC77AF1EE26
:10C9B00010FA09D437EE077AF4EEC77AF1EE10FADE
:10C9C0004CBF0422052206E0032204E0022202E01A
:10C9D000012200E0002283F86E2094F87930FF2BCA
:10C9E00007D10FE00621224483F86E1082ED000A81
:10C9F00012E004EB830393ED007AF4EEC77AF1EED4
:10CA000010FA09D584F8797084ED220AC4ED236AFE
:10CA1000B0EE688AB0EE49AA0135BFE6D889002099
:10CA2000C869002071B60008E00800200803002053
:10CA3000286B6E4E5FE31600180D8F4DD08C0108E9
:10CA4000D00C0010CDCC4C3D0000FA4300007A44DD
:10CA50000000FA44B0030020000000004FF000087E
:10CA6000B6F81AA01FED044A0127C1467D1C5545A2
:10CA700040DA781E05AA04A980B2ADB2FEF778FDAF
:10CA800005AA04A92846DDED053AFEF771FDF5EE8D
:10CA9000C03AF1EE10FADDED057A29DDF5EEC07A47
:10CAA000F1EE10FA24D505AA04A93846FEF760FD78
:10CAB00005AA04A93846DDED043AFEF759FDDDED7F
:10CAC000057A67EEA77AE3EEA37AF1EEE77AB9F199
:10CAD000000F08D0F4EEC47AF1EE10FA08DDB0EEE3
:10CAE000674AB84604E0B0EE674AB8464FF001091D
:10CAF0002F46BBE7B9F1000F03D084ED204AA4F81C
:10CB00007C80FFF707FE052884F890003AD194F85E
:10CB10007930FF2B36D000255FED318ADFF87C902D
:10CB2000B6F81AA0A8462E46AFB2574520D23846CE
:10CB3000FCF7E6FEB4EEC0AAF1EE10FA16DCB4EE95
:10CB4000C08AF1EE10FA11D409EBC503D3ED007AD7
:10CB500046B1F4EEE78AF1EE10FA07DDB846F0EEE2
:10CB6000678A03E0B846F0EE678A01260135DBE705
:10CB700036B10A4B03EBC8031B68C4F8843001E0EC
:10CB800084F8906008230B2202210020FCF72AFD84
:10CB900007B0BDEC068BBDE8F08F00BF4800001069
:10CBA00008B5FFF715FD28B1034B5B7F13F0010FAC
:10CBB00018BF002008BD00BF0000001070B51E4D5A
:10CBC0001E4E00232B60338B13F0010432D1FFF78C
:10CBD000E7FF05282ED1768BD5ED006A1849194A52
:10CBE000234620469CB2A6421BD9D2ED007A91ED95
:10CBF000007A92ED016A37EE677AD1ED017A77EE2D
:10CC0000C67A013367EEA77A0831E7EE077A083271
:10CC1000F4EEE67AF1EE10FAC4BFF0EE676A012096
:10CC2000E0E708B1C5ED006AD5ED007AF1EEE77AEC
:10CC3000C5ED007A70BD00BFDC890020E00800204F
:10CC4000644800204800001070EE017AB6EE007AC9
:10CC5000F0EE606AD7EE876A31EE401A66EEA17A8E
:10CC600021EE070A20EE210AA7EEA10A30EE200AE3
:10CC7000704700002DE9F74F354A5368834263D867
:10CC80009768B84260D8568B0191FF1A06F1FF39B8
:10CC9000C41A4FF0000B5B463A46A4FB0901F3F7B8
:10CCA00035FE033E431EB342B846054600934BD8BB
:10CCB0004FEA590632460023E7FB002316461F467B
:10CCC0004A465B4630463946F3F720FE824618EB6B
:10CCD00006004BEB07014A465B46F3F717FEB0EB45
:10CCE0000A000CD0A4EB0A0407EE904A07EE100AE3
:10CCF000F8EE677AB8EE477A87EE876A01E09FED33
:10CD0000156A154B00996A1C03EBC20203EBC505BB
:10CD100003EBC10392ED001AD5ED000A93ED000A72
:10CD2000F0EE461AFFF790FF019981ED000A93EDAE
:10CD3000010A92ED011AD5ED010AFFF785FF019B6B
:10CD4000012083ED010A00E0002003B0BDE8F08F70
:10CD5000E0080020000000006448002073B504468D
:10CD60000D46104669461646FFF784FF034678B124
:10CD70000C20094960430C180E5069462846FCF700
:10CD800079FC694684ED010AFEF70AFE84ED020A89
:10CD9000184602B070BD00BFC869002030B52DED47
:10CDA000028BCB0783B054D500242F4D9FED2F8AE3
:10CDB000ADF8044001224FF0FF332946B0EE480A97
:10CDC00001A8FDF7FBFDFCEEC07A17EE902A7AB1C0
:10CDD000BDF804102046FFF7C1FF00B10134BDF8D3
:10CDE0000430062C03F10103ADF80430E2D113E066
:10CDF00094B922461E49ADF8044001A8FDF770FF22
:10CE0000BDF8045045B12846F9F784FE294602468C
:10CE10002046FFF7A3FF0446164D85F84840FFF76C
:10CE2000BFFE85F84900FFF7BBFE05280DD10023A2
:10CE3000ADF8063001224FF0FF330F499FED0B0A8A
:10CE40000DF10600FDF7BAFD01E09FED080A85ED42
:10CE5000130A0523072202210020FCF7C3FB03B0BD
:10CE6000BDEC028B30BD00BFFDB300080000000028
:10CE7000C9BB0008C8690020E19700082DE9F0410E
:10CE80002DED028B8B078EB000F0BB80624E634CA1
:10CE9000728B634963489FED648A06AD4FF0FF33A0
:10CEA0000095FEF78BF9079B2360728BBDF8183055
:10CEB0009DED085A934284ED035A06D25B49184609
:10CEC00001EBC301FCF7D6FB01E0B0EE480A9DED93
:10CED000097A84ED020AB5EE407AF1EE10FA09D033
:10CEE000DDED0B7AF5EE407AF1EE10FA02D077EE36
:10CEF000C77A01E0DFED4C7AC4ED057A6BB10133FE
:10CF0000934209DAF1EE047AB4EEE75AF1EE10FA40
:10CF10004CBF0123002300E00023012AA37724D97A
:10CF2000501E80B2F9F7F6FD07460020F9F7F2FD32
:10CF3000738B381A07EE900A013BB8EE677A07EE5A
:10CF4000903AF8EEE77AC7EE276AF5EEC06AF1EE9E
:10CF500010FA0ADDF1EE047A66EEA76AD4ED057ADE
:10CF6000F4EEE67AF1EE10FA01DA002300E0012394
:10CF700063770DF10E004FF000084FF0FF330122F0
:10CF80002B499FED290A2B4FADF80E80FDF716FDBA
:10CF9000386884ED010A08B9E07709E004A9FFF7D1
:10CFA00069FEE07720B104A94046FEF7BBFC01E032
:10CFB0009FED1D0A96F8243084ED040A6BB1D6E982
:10CFC000031291423B6806D28B4204D393428CBF3A
:10CFD0000023012302E0002300E0012384F8203035
:10CFE000FFF7DEFD0528207784ED068A09D14FF092
:10CFF000FF330095728B10491048FEF7DFF8079B4E
:10D00000A36105230B2202210020FCF7EBFA0EB0EE
:10D01000BDEC028BBDE8F081E0080020C86900206B
:10D02000F197000859B9000800000000644800208A
:10D03000FDB30008D08900205198000869B90008A4
:10D040002DE9F8432DED088B9FED338A0446894680
:10D0500090461E460025B0EE489AF0EE488AF0EE63
:10D0600048AAF0EE489AF0EE48BAB0EE48AAA542B7
:10D070001ADAAFB23846C8473846B0EE40BAC047B1
:10D080006BEE0B7A2BEE007A3AEE0BAA7BEE80BAAF
:10D0900079EEA79A7AEE87AAABEE279A0135EBEEE6
:10D0A000078AA7EEA78AE2E707EE904AF8EEE77A4A
:10D0B000F1EE696A8AEE276A8BEEA77AC9EEA74A73
:10D0C000B1EE4AAAF0EE497AE6EE867AEAEE07AACF
:10D0D000E6EE878AEAEE069AA6EEA48A6AEEE75A98
:10D0E00067EEE76AE8EEA95A68EEE78AE8EE296A91
:10D0F000E8EE2A8A85EEA65AC8EEA67ABDEC088B21
:10D1000086ED025AA6EE677AC6ED017AA4EEC57ADC
:10D1100086ED007ABDE8F883000000007FB5CC07FB
:10D120000D464BD59FED3C0A3C4C3D4984ED010A30
:10D130000023ADF806300DF106004FF0FF33012259
:10D1400084ED020A84ED050AFDF738FCFCEEC07A96
:10D15000344E17EE900A58B39FED337A334BF8EE06
:10D16000677AC7EE276A93ED007AB5EE407AF1EE62
:10D1700010FA06D0C7EE267A84ED027AC4ED057A5D
:10D1800009E096F8993007EE903AF8EEE77A67EE04
:10D19000A67AC4ED027A02A94008FFF76BFD38B108
:10D1A00002A90020FEF7FCFBB0EEC00A84ED010AE4
:10D1B0001F4B204A2049708BFFF742FFA80723D05E
:10D1C000184B93F91D20511C1ED003EBC203B3F87A
:10D1D0005A00F9F79FFC07EE900A104BB8EE677AF9
:10D1E000DFED167A83ED007A93ED086A27EE277A51
:10D1F000D3ED077AF1EEC76AE6EE267AD3ED096A37
:10D20000E6EE877AC3ED047A042307220221002088
:10D21000FCF7E8F904B070BD00000000C869002008
:10D22000D1970008E008002092FA3649686A002089
:10D23000E4690020BDB70008119900085F708930CB
:10D240001B4838B590F824201A4B1B6812B1D0E95E
:10D25000032500E015464BB395424FF00A044FF00A
:10D260001401B3FBF4F4B3FBF1F1A3EB0404194490
:10D2700009D9934207D3AB4205D8944238BF14462C
:10D28000A94228BF2946D0E90152AB4205D39342B7
:10D2900003D8521B0B1B9A4208D90120FAF7E0FB76
:10D2A00021460020BDE83840FAF7DABB38BD00BFA0
:10D2B000E0080020D0890020044B054A93F8213073
:10D2C00003EB430312F82300704700BFE00800207F
:10D2D000148C0108024A034B10801980704700BF6C
:10D2E000AC030020AA030020024A138818431080D0
:10D2F000704700BF6C6A0020F8B5124E01243578E3
:10D300008440254207D025EA040434700220BDE899
:10D31000F840FFF7E9BF0C4A92F91C30591C0FD0B6
:10D320000A4F528B0A4927F8102040F24462043019
:10D3300002FB00102C4302FB031108F071F834705B
:10D34000F8BD00BFA8690020E0080020706A002036
:10D35000746A002008B50B2009230E220021FCF777
:10D3600041F90C20BDE80840FFF7BEBF0A2808D8E5
:10D37000044A054B82F82100FF2202201A70FFF7B1
:10D38000B3BF7047E0080020A46900202DE9F04FEA
:10D39000B14B2DED068B1B885805ABB003D5F9F7C3
:10D3A000FDFAAD4B1B88D90740F1D580DFF8ECA220
:10D3B000DFF8ECB29FEDA9AA9FEDA99ADFEDA99A3B
:10D3C000FEF71CFE5446CDF814A094F8283033B96B
:10D3D000A54B0C349C420BF2446BF6D1ABE0059BA1
:10D3E00094F829105A8B94F82A80A048D4ED0B7A2F
:10D3F00001238B4023F00045013A40F6884625F092
:10D4000018051FFA82F906FB0808002D4DD0C9EE59
:10D41000278A974806940342964B974890FBF2F26E
:10D42000C1EBC10103EB81014FF00005D1F818A059
:10D430002F464FF4B02694ED0C7AB0EE698AA7EE31
:10D44000498A5446924618BF38EE288AF1EE688A17
:10D45000A8B208EBC00164B1A04710EE103A23F067
:10D460000042B2F1FF4F13D0F0EE487AE8EE807A36
:10D4700001E0F0EE487AFDEEE77A17EE903AB3F568
:10D48000987FA8BF4FF4987323EAE3739BB200E040
:10D49000002301353946320C5846AFB2FCF762F82A
:10D4A000B9455644D4D2069C92E713F0180F8FD09A
:10D4B0008AEE276A2946F6EE006AABB208EBC30390
:10D4C000D3ED007A93ED017AF0EE665AE6EE275A34
:10D4D00058460135F0EE657AF0EE665AE6EE075AE8
:10D4E000FDEEE77ABDEEE57A17EE902A17EE103AD8
:10D4F00096B206F1E802E336C3F19803B6B292B2EF
:10D500009BB2B6F5E47F0FFA82FC1FB205D3BCF1E3
:10D51000050FB4BF05224FF4E672B3F5987F04D926
:10D52000002FB4BF00234FF49873FCF71BF8A9B287
:10D530008945C2D24CE7DDF814A0BAF818301A06B3
:10D5400001D5FEF751FE4D4C2378242043F0010312
:10D550002370FFF7C9FE4A4B1B883BB93E4A0023A4
:10D5600013802BB0BDEC068BBDE8F08F3A4B1C88C6
:10D57000A30506D5002006F071FD06F013FD364B1D
:10D580001C88A70709D53F4B4FF6FF72A3F1140182
:10D5900023F8022D8B42FBD119E0A60603D5FEF736
:10D5A0002DFD2D4B1C88650605D500221146104621
:10D5B0000923FCF717F8200609D5334B9B8AD906B7
:10D5C00005D509230E2200210D20FCF70BF814F0DD
:10D5D000E60F00F04E87FFF749F820B1274C23787B
:10D5E00043F001032370FFF755F838B1234C274A65
:10D5F0002378002143F0010323701160DFF89CA021
:10D600009AF821000A2813D8BAF81830DA070FD48C
:10D610001F4B1A4C00EB400203EB82039A6802B9DD
:10D6200004E05B782178194200D0904700232370F2
:10D63000184A134B11881B881F311F335B11491186
:10D6400018938AB29BB269BB134B1F930D4B1F9962
:10D65000002200F006BF00BF6C6A002000001843E3
:10D660000000184200409843100900206448002040
:10D6700040000040AC8F01080000C701A4690020F1
:10D68000AC030020C869002008030020CC890020DA
:10D69000148C0108AA030020B4690020E0080020CF
:10D6A000746A0020013B9BB2B249DFEDB38A9FED63
:10D6B000B3AA1F91013A013392B25B010132CDE965
:10D6C00011135201002717920597119A32F8023B65
:10D6D0000893119233B9059B179A2033934205930F
:10D6E000F3D1B3E7189B002BF5D0059AC2F59773D9
:10D6F000591CC2F102031BB21A93C2F5987314911C
:10D7000019934901C2F15003002615911693B346AF
:10D71000089BDB0740F19886994B05991A88994B2D
:10D720001B88A2EB0B02591A1F2A0692079101F3DC
:10D7300016801F2906DD002A40F3868620238024D8
:10D74000079308E0069B002B40F37E86079B002B87
:10D7500040F37A869C008C4B0B931D4606F09CFA96
:10D760008A49EA8B086003461033099003EB0411E1
:10D7700042EA024243E9042243E902221033994279
:10D78000F8D1834B0D93002203F130050A93012455
:10D790004FF4F07693F8281079B193F8291004FA31
:10D7A00001F0032942EA000207D193F82B1046FA50
:10D7B00001F1CF0758BF42F000420C33AB42E9D130
:10D7C00022F000430B9923F018030C934C8C13B9EF
:10D7D000100764D4B1E00B996E4B898A1D886E4B9B
:10D7E00011F0200F09991F8805EBCB15A5EB8115CA
:10D7F000A5F520700E900698ABF1050C0CEB000A15
:10D80000079814BF4FF0020E4FF0010E4FEA4E156D
:10D8100063464FEA401940F2C71807E0079B059995
:10D820000998069D5F184FF026091BE0B3F5E47FC9
:10D8300005D301339A4501F10201F7D1EEE753B167
:10D84000434508D00E9800EB8116B6FBF7F007FBB6
:10D8500010607F28EDD8002021F81040284448456A
:10D86000FADBE6E7B1F5987F05DD01318F4200F183
:10D870004000F7D1ACE7494E4B08A6FB0363DB0839
:10D8800009FB1313002BF0D10CEB0308B8F5E47F70
:10D8900038BF20F813407344AB42F5DBE5E7002ABC
:10D8A00024DA099BCBEBCB7A03EB4A0A059BA3F165
:10D8B0009809079B03EB0908069BABF1E8050AF5FD
:10D8C000E87A5F1910E049463046FBF775FD08B16C
:10D8D0002AF816400136B742F5D109F10109C845C9
:10D8E0000AF1400A00F09B802E46ECE7059BDDF82C
:10D8F0002480CDF838B0A3F19806079B03EB060906
:10D90000069BCBF1E807FB1AC346B84627461C46E0
:10D9100010E028463146FBF74FFD013D08B1AAF85B
:10D920000070AC420AF1020AF3D10136B1450BF1A5
:10D93000400B6FD04546DA46EBE7D1066FD5099B21
:10D94000CDF83CB0CBEBCB7003EB4000059BA3F1D3
:10D950009802079B13440E93069BABF1E80500F574
:10D96000E87003EB050A45F6A81840F27D3EAB4689
:10D9700046E000BFB46900200000184292FA364A1F
:10D98000AC030020AA03002008030020A0690020A7
:10D99000E0080020AA690020AC690020F31ACA6BD5
:10D9A00003FB0361A94222D841451ED8EBB1E2B185
:10D9B00071451CD940F2B939494516D940F6336949
:10D9C000494514D9B94210D993420ED063450CD0C1
:10D9D00042F2210949450AD942F2D709494504D9F9
:10D9E000A1F565510939F12901D820F81340013317
:10D9F0009A45D5D10E9B0132934200F140000CD0E4
:10DA000002FB02F65B4645F6D82540F6AB67C2F14D
:10DA1000000CC5E7DDF838B001E0DDF83CB00C9B48
:10DA2000002B00F008810B9B0DF18E0193F86D0027
:10DA3000FEF71CF91390002800F0FD800A9B1B8B59
:10DA4000DA0700F1F880079A14998A42134640F3E6
:10DA5000F28019998A42D4BF02F1FF33199B1B93BC
:10DA60000A9B9C68D3F804801D94A04580F0E38055
:10DA70000B9B24A993F86D00B3F850302193FEF767
:10DA800007F9BDF88E502090A4EB080A002D00F095
:10DA9000D2801B9B5B011C9300230F93099B403397
:10DAA0001E93069B013B1093BDF83C30139A02EB8A
:10DAB000C3025768B84506D90F9B01330F939BB239
:10DAC0009D42F1D8B7E0139A1D9C52F83360B442DE
:10DAD000C0F0B180464538BF464640F2C719A6EBB4
:10DAE0000800A74252464FF00003A0FB090128BFDF
:10DAF0002746F2F70BFFA7EB0803441D5246A3FB92
:10DB000009010023F2F702FF069B0530A0EB0B0092
:10DB10009842109BA4EB0B04A8BF184624EAE474B7
:10DB2000A042C9DB1B9B149A934204DABDF89030E3
:10DB30000E93C3B92EE0159B099A241A61001C1894
:10DB40001C9B1844931C03EB44034232219C023972
:10DB500002EB4000CA1822F8024B9342FBD140333B
:10DB60009842F7D1E2E7DDF880900C970025ABB240
:10DB700003EB430309EB83077C68B44205D201350C
:10DB80000E9AABB29A42F2D804E059F823000C9BEB
:10DB9000984202D9BDF88E508EE7B0422CBFC8EB38
:10DBA0000000C8EB060040F2C713A0FB0301524679
:10DBB0000023F2F7ABFE0C9B40F2C7119C4294BFCE
:10DBC000C8EB0403C8EB03035246441DA3FB010149
:10DBD0000023F2F79BFE069B0530A0EB0B0098425A
:10DBE000109BA4EB0B04A8BF184624EAE474A042DF
:10DBF000C5DB1B9B149A9342C1DB3B7AB14A32F8D6
:10DC000013101C9A159B001BE3181444099A02EB8D
:10DC100043031E9A0130400002EB4404C7181A4621
:10DC200022F8021B9742FBD140339C42F6D1BDF84B
:10DC300090300E93A3E7A44BDFF8B0821B78DFF897
:10DC4000B0A203F001031093069B5B4404201393DE
:10DC500004E0A8F24468AAF10C0A3846042800F14E
:10DC6000FF370AD09AF8583013B97B1CF1D1AFE0D6
:10DC70000A9B5A8B013A0AD1F7E7109B002BE8D098
:10DC8000924B1A88013A002A40F08885E1E7FBF7B9
:10DC9000CDFC0028E9D100F076BD139C83185B1001
:10DCA00038F823108C42CCBF18461A46431C9342C6
:10DCB000F4DB104600231918491038F82140A34519
:10DCC000CCBF0B460846591C8142F4DB8049934285
:10DCD00031F817100C9100DBC7E708EB820208EB64
:10DCE00083030E921988059D58889E88DC88B1EBC5
:10DCF0000B01A0EB0502A6EB0B06A4EB050507D56F
:10DD0000002E80F23C850E9A04339A42EAD1ACE7A9
:10DD1000002A03DA002D80F22D85F4E71F2901DDAA
:10DD20001F2EF0DC1F2A01DD1F2DECDCA04205D9DF
:10DD3000144608462A46314625460646A1EB060CFF
:10DD4000BCF1000FC8BFA6EB010CA5EB020ECCBFC7
:10DD50004FF0FF394FF001091EEB0C0F4CBF0CEBDD
:10DD6000DC700EEBDE704010002AC0F1000003DB17
:10DD7000520104460CE020468445BABF4944A0EB5A
:10DD80000E0404468645F6DD0132A4EB0C04F2D104
:10DD900006EB45150F9500E004461F2901EB020034
:10DDA00004D8099E35460C9E25F810600F9D8542CB
:10DDB000A9D0A445BABF4944A4EB0E002046A6450D
:10DDC000EADD2032B2F5806FA0EB0C00E4DB9AE7CD
:10DDD0000B9B9B8ADE0605D43E4EDFF814A1CDF8DE
:10DDE00024B042E0BBF5C27FF6D90A9A92F91C0032
:10DDF000451CF1D000EB400302EB8303012293F8B2
:10DE000029108A4012F0180FE6D13349D3ED0C7A6D
:10DE100093ED0B9AB2EE008ACBF5D2740A4238EE3B
:10DE2000678A24B205D0B7EE007AC7EE097A38EED9
:10DE3000278A063080B206F005F9284D1A9EF7EEC3
:10DE4000009A69EE087A38EE698A17EE900AF2F7BE
:10DE5000A7FBCDE90001314626362A46204636B2D8
:10DE6000FBF790FD1F2EECDDB6E79AF8583033B97A
:10DE70001B4B3836B3420AF1080AF6D168E0A6F126
:10DE80001C03BAF85A500C93164BDDF8349003EB90
:10DE900085054FF0000899F828304046002B4DD0FA
:10DEA000FBF7C4FB002849D109992B886A885B1AC3
:10DEB00005991B2AA2EB01041CD8013437460A49F4
:10DEC0001BE000BF78840108A8690020706A002068
:10DED000340300208089010840000040EC750108EF
:10DEE000408B0108746A002048890108848300205F
:10DEF000E00800200C9FB6490E3C9A1D2A2A04F126
:10DF00000E001BD82D2819D808F1060080B2A3F105
:10DF1000050B0E9106F096F80E9900910E230B2238
:10DF200021465846FBF7A2FA1A2006F08BF858460D
:10DF3000009721460E230B22FBF798FA08F10108FF
:10DF4000B8F1040F09F10C0905F24465A3D18FE77C
:10DF5000DDF824B0FCF7B0FD059B834200F3058299
:10DF60000A9991F91D305C1C00F0FF8191F91C00A9
:10DF70000E90421C00F0F98101EBC30391F91E20C1
:10DF8000B3F85A301093013200F0D780831D4FF060
:10DF900000089BB28F4FCDF830B045460F938B46AB
:10DFA00097F8583008F1010405F1010A002B58D008
:10DFB000894A0F9832F8286002EB8803B3F8029080
:10DFC000059BA9EB03090C9BF61A06F03BF89BF99D
:10DFD0001D30AB4207D10B9B1B7F23B97F4A4946BB
:10DFE0003046FBF7CFFC7E4A49465346F01DFBF70F
:10DFF000C9FCB7F85A3009932846F9F727FDBBF852
:10E0000018100346C80506F11A0214D59BF91D0025
:10E01000A84210D01B931392F9F718FD1B9B139A7B
:10E0200083428CBF1B1AC31A494610466D4AFBF740
:10E03000A9FC109D06E0104649466B4AFBF7A2FC7E
:10E040004FF0FF35012005F0FDFF099B0095494683
:10E0500006F18E000E9AFCF7DBFB08F10203A046E6
:10E060001C465546082D07F1080799D164100A9AF5
:10E070000599DDF830B004EB840304EB4304138B03
:10E080000134641AD905164600F12D8192F91D302C
:10E0900092F91E20934200F0268106EBC201013264
:10E0A00000920133B1F85A50504A2146CBF1FD009D
:10E0B000FBF768FC338BDB073746CBF5917616D43C
:10E0C00097F91D00F9F7C2FC054697F91E00F9F70C
:10E0D000BDFC85422CBF281A401B00902CBF2B236F
:10E0E0002D233046424A2146FBF74CFCFBE0109FB3
:10E0F0003846FBF7DDFA2846B0EE409AFBF7D8FA2F
:10E100003846B0EE408AFBF7E9FA2846F0EE406A5E
:10E11000FBF7E4FA76EEC07A17EE900AF2F740FACF
:10E1200079EE487ACDE9020117EE900AF2F738FA53
:10E13000304ACDE900013046D2E00026254D344674
:10E14000254995F82830A01D01EB860280B206F122
:10E15000010A002B7AD0059BB2F8028031F82670B4
:10E16000A8EB030805F06EFF0A9B93F91C30A7EBA0
:10E170000B07A34207F1210904D1184A414638464A
:10E18000FBF700FC2046F9F707FF41460246F81D61
:10E19000FBF7F8FB95F82900174AD5ED0B7ADFF865
:10E1A00060C0164F95F82B10C0EBC00302EB830341
:10E1B000A0F1030EB7EE007ABEF1010FF4EE477A3C
:10E1C000DA681FD8F1EE10FA18BF67461BE000BFEF
:10E1D0002C890108E0080020F48B0108F47501087F
:10E1E000F8750108FC750108047601080C76010831
:10E1F000147601081C760108AC8F0108CC64010874
:10E20000E0750108BF4FFDF7A9FE099017EE900ACF
:10E210000292F2F7C5F93A46099BCDE90001414661
:10E220004846FBF7AFFBC0EBC000871C012005F0A0
:10E2300009FF4F444FF0FF3300933846109B41468F
:10E240002246FCF7E5FAB31C56469A460134042CE4
:10E2500005F10C057FF474AF4FEA6A0303EB830406
:10E2600003EB44020B9B541C1B7F059AA41A2BB989
:10E27000A54A2146CBF1FD00FBF784FB0A9DA34A8A
:10E2800095F91D3021460133CBF58270FBF77AFBFF
:10E290002B8B2A46D807CBF58E7505F101050AD4DC
:10E2A00092F91D00F9F7D2FB994A03462146284608
:10E2B000FBF768FB17E0109F3846FBF7F9F910EE03
:10E2C000106AFBF70BFA10EE100AF2F769F9CDE9C4
:10E2D00002013046F2F764F98E4ACDE90001284682
:10E2E0002146FBF74FFBFAF73FF8B5EE400AF1EE97
:10E2F00010FAB0EE408ACBF1180523D00A9B93F8B0
:10E30000993007EE903AF8EEE77A0B9B67EE8A7A3F
:10E310001B7F67EE807A042B17EE900A0CBF18263D
:10E320002026F2F73DF9CDE9020118EE100AF2F7C6
:10E3300037F93346CDE90001774A21462846FBF7F5
:10E3400021FB0B340A9BD3ED2A7AF5EE407AF1EEED
:10E3500010FA0AD017EE900AF2F722F96F4ACDE9C7
:10E36000000121462846FBF70DFB0A9A92F821305E
:10E370000A2B11D8118B11F001010DD1684A03EB62
:10E38000430302EB83035C6834B1152005F072FE91
:10E390001699CBF10F00A047CBF10603252B03D92B
:10E3A000069B202B31D148E05E4EDDF834800024FE
:10E3B000182598F82830F6EE007A03B398F829303B
:10E3C00045FA03F3D9071AD498ED0C7A059BE7EECA
:10E3D000287AFDEEE77A17EE907AC7F59877FF1A5C
:10E3E000FB1C242B0BD8A01D80B205F02BFE009641
:10E3F000B91E05230622CBF10000FBF737F80134E4
:10E40000042C08F10C08D4D1CAE7474B07991A68C5
:10E41000069B5D00481E02F140032A4408E031F8E3
:10E42000027B24F8027FB142F9D12A4440330138FB
:10E4300003D0941E5E191946F1E7DDE9062305991C
:10E440000BF10F0005F0E8FC089B5B0808933FF414
:10E4500042A9129B0BF1200B9B457FF459A9FFF7B2
:10E460003AB923F8022D9942FBD105F0CDFC2F4B90
:10E470001C88220740F1B6802D4C237F022B04D04C
:10E48000032B4FF0200503D000E01825202600E0E4
:10E49000182600210120DFF8ACA005F0EBFD0F23CA
:10E4A00040F231114FF4F072002005F0D7FCBAF8B9
:10E4B0001810CB0760D4DAE901239A4208D11D492C
:10E4C000019200912B461C4A40F233110F2016E0B6
:10E4D0004F0639D4194901922B460091164A40F251
:10E4E00033110F2005F06AFEDAF80830144A019360
:10E4F00000923346104A40F233114FF4A37005F0F6
:10E500005DFE5DE0D4750108F47501082876010808
:10E51000047601081C76010830760108447601086B
:10E52000148C0108C88C0108A06900206C6A0020C6
:10E53000080300206476010858760108687601080F
:10E5400070760108E00800205B0803EB520302F03C
:10E5500001021344994A019300922B46984A40F2D3
:10E5600033110F2005F02AFEDAE9012395490091C5
:10E570009A1A01923346BDE7934A9AF8993040F2CD
:10E5800033110F2005F01AFEBAF81A50013D284643
:10E59000FBF78EF810EE106AFBF7A0F810EE100AE9
:10E5A000F1F7FEFFCDE902013046F1F7F9FF874AA6
:10E5B000CDE9000140F233114FF4A37005F0FEFDE8
:10E5C000122005F03FFD608BF8F79EFABAF81A307A
:10E5D00000937F4A034640F23311CE2005F0EEFD52
:10E5E0007C4B1C88E0067BD500211820DFF804A2B4
:10E5F00005F040FD0F2264216E23002005F02EFC63
:10E60000BAF82420D1052AD5734B43211B888DF8F5
:10E6100090104FF6FF718B4203F1300008BF2A23A0
:10E620008DF891004FF0000008BF8DF891309305F0
:10E63000ADF8920006D5172005F004FD63238DF890
:10E64000903002E0012005F0FDFC24AA64210020A6
:10E6500005F0B4FD012005F0F5FCBAF824205F4C6C
:10E66000022304F124076426134206F10B050AD0A5
:10E6700022462946002005F0A1FD06F11603BAF84E
:10E6800024202E461D460434A74201D06388EBE7C0
:10E69000D7059AF81F3008D59AF820209A4204D05E
:10E6A000182005F0CFFC9AF81F304D4A032B9ABF73
:10E6B00019335B0061232946002005F07FFDF7F741
:10E6C00013FC044600B909E0012005F0BBFC234619
:10E6D00006F12101434A002005F070FD3D4B1C88E6
:10E6E000E5057EF53BAF06F0F9F8051E7EF736AF7F
:10E6F00040F6E34000218542D4BF0D200C2005F0F8
:10E70000B9FC394B249325A941F204020423812644
:10E7100000E003469C0703F1010001D10E7005E003
:10E720009542B4BF8124BD240C70643AB2F5486FA1
:10E7300001F10101EDDC2AAAD418104424A9812298
:10E74000FF25033300919BB200F8182C0221082208
:10E7500004F8165C032005F0A3FCFEF7FFBE079B40
:10E760001F2B4FF0200306937EF7F0AF0793802412
:10E77000FEF7F1BF1F293FF7D3AAFFF7D7BA002A48
:10E78000BFF6D0AA14E09AF85930184941FA03F3B9
:10E7900013F001033FF49AAAFFF77FBA144B33F842
:10E7A00017300C93C8BF00233FF797AAFFF751BA61
:10E7B000002DBFF6BBAAFFF7A6BA00BF7876010806
:10E7C000587601088076010888760108A07601084D
:10E7D000B07601086C6A00205E9B00201475010869
:10E7E000BC760108C0760108003C3CFFE7FFFF7FD4
:10E7F00034030020E0080020421C2BD008B500F1B3
:10E800000B02154B13F8321019B393F91D10814206
:10E8100004D11248017841F00201017003EBC203F8
:10E820005888FDF7BBFBFCF747F9031EB8BF1F3341
:10E8300000215B110E220846FAF7D4FE084A13881D
:10E8400023F0200343F004031380BDE80840FEF7E3
:10E850009DBD08BD704700BFE0080020A4690020EE
:10E860006C6A002008B540F21B30FEF73DFDBDE8A4
:10E870000840FEF78BBD00BF4FF090431869074B6F
:10E880009B8A1B0600F00E0006D5C0F34003B3EBD5
:10E89000D00F18BF80F00A00704700BF08030020A7
:10E8A00030B50E4C238B03F01805082D08D0102D21
:10E8B00009D0002D0A4D0B4A0CBF10202A4604E057
:10E8C000094A002001E0094A082009B14A6003E032
:10E8D00023F018030343238330BD00BFE00800206A
:10E8E000A49B0108EAA80108E2A80108DAA8010827
:10E8F00030B5094DC0430A4491420BD011F8013B99
:10E900005840082340F300042C40013B84EA5000A7
:10E91000F8D1F1E7C04330BD2083B8ED70B54FF6B4
:10E92000F07483B20A44000C254691420ED011F8CF
:10E93000016B3344A34284BFA3F57F43F13B1844EA
:10E94000A84284BFA0F57F40F138EEE743EA0040DB
:10E9500070BD0000F8B50446406815460F46FFF745
:10E96000C7FF236860602A461E6818693946B047A9
:10E97000A268A84214BF002002F00100A060F8BD08
:10E980007FB505460C4664B1102C264628BF1026DC
:10E990006B682869324669469847B04203D1241A09
:10E9A000F1E7012000E0002004B070BD38B5436AF3
:10E9B000026AC3F30803D154436A826A0133436293
:10E9C0002AB909B102230363012383621FE00368AC
:10E9D0009B6A1344541C846203F8011C0368816A17
:10E9E0005A690132914212D1C16A9A699142044630
:10E9F00002D30123236305E0DD689A6A1869A847FA
:10EA00000028F6D0E36A0133E3620023A36238BD35
:10EA1000F0B505280746104EA8BF052706EBC7022C
:10EA200056F837300B60536836F837E054889588CD
:10EA300092F806C04B6005280CDD05380A22B0FBB1
:10EA4000F2F313FB05E502FB130313FB0CF3234462
:10EA50000D804B80F0BD00BFC89301080A4A0B4BE4
:10EA600011880B4A1B88128891424FF01E0008D172
:10EA7000B3FBF0F200FB123080B213B1002808BFE4
:10EA80001E200430704700BFB28A0020B48A0020E4
:10EA9000E88A0020044B002013F8012B1AB12E2A1B
:10EAA00001D00130F8E77047BC8A002001230A2119
:10EAB00001FB03F2824201D21346F9E75A00824277
:10EAC00004D803EB8303834288BF1346184670477C
:10EAD000054A938C03F480639384044B4FF6FF72D2
:10EAE00010201A80FEF700BCE00800205E9B00208A
:10EAF00008B5064B1A7F824206D018774FF485601E
:10EB0000FEF7F2FB012000E0002008BD0803002012
:10EB10000B4B002283F8582083F8602083F868208C
:10EB200083F8702083F8782083F8802083F8882089
:10EB300083F890200220FF229A775A77FEF7D4BB01
:10EB4000E00800202D4B93F91D2069B1824201D1CC
:10EB5000042305E000F10B0213F832300BB101235E
:10EB6000CB7001304860704770B51C4600F10B0354
:10EB7000054614F8330058B1AA420CD104F83310FA
:10EB80000220FF2394F91E506377FEF7ADFB02E0ED
:10EB9000012204F833206DB294F91D20A2776B1C7A
:10EBA00065770CD1002116480B4610F833600EB182
:10EBB0005DB201210133082BF7D101B1657794F9DA
:10EBC0001D00824202D1FF23A37701E0013210D160
:10EBD000002294F91E100A4D134615F833601EB139
:10EBE00098421CBF59B201220133082BF5D102B162
:10EBF000A1772020BDE87040FEF776BBE00800203A
:10EC00003809002038B5104C4FF08045696A2368F8
:10EC1000CB1AB3F5FA6F03D8C820F2F7A1FAF5E7DB
:10EC2000FFF72AFE094A21601388108020EA0303B7
:10EC30009BB2C3F380001A0748BF40F010009B0747
:10EC400048BF40F0200038BDD48A0020D08A002080
:10EC50002DE9F047DFF884801E4F1F4E4FF0804AA9
:10EC6000C1464FF47A70DAF82440D8F80050F2F731
:10EC700077FAFFF701FE3A88651B4CF24F3182EAC2
:10EC800000038D429BB201D941071DD413F0040348
:10EC90001CD1824204D03880C9F80040184616E0E2
:10ECA0004CF250339D42DCD93368A342D9D212F0E2
:10ECB000020F0CBF0020602004F6B834130748BFD1
:10ECC00040F05000346002E0042000E00120BDE884
:10ECD000F08700BFD08A0020D88A0020D48A002084
:10ECE0002DE9F047DDF820A09AF8025015F007044E
:10ECF00006460F469046994637D015F0100F14BFC0
:10ED00000F20102005F0AAF9304623464246394626
:10ED100005F0A4F815F0400F14BF0F20102005F0E7
:10ED20009DF930464B462246394605F097F815F0D6
:10ED3000800F14BF0F20102005F090F906EB08009B
:10ED4000001B4B462246394605F088F815F0200F87
:10ED500014BF0F20102005F081F907EB09012346AD
:10ED60004246091B304605F079F89AF800109AF8E7
:10ED7000010005F07FF92B070AD46200A9EB02031A
:10ED80003919A8EB02023019BDE8F04705F066B862
:10ED9000BDE8F087044A1378D90704D583F001034E
:10EDA000137005F0FDBD7047518B002070B50F4DFD
:10EDB00000222846012106F01BF84FF09046402221
:10EDC00007214FF0904006F013F801244023AC6176
:10EDD00022462846B361002106F00AF82246304652
:10EDE0000621BDE8704006F003B800BF00040048EB
:10EDF00061B1074B5B8B10B583420CBF0323022329
:10EE0000CB700C46F7F780FE606010BDF7F742BE8E
:10EE10000803002038B50C4AC5B261B192F86D20E4
:10EE2000824214BF02230323CB7028460C46FCF712
:10EE30000DFF606038BD82F86D5040F20240BDE8C1
:10EE40003840FEF751BA00BF08030020074B33F8E3
:10EE5000100041B1064B5B8B486083420CBF03231B
:10EE60000223CB707047F8F747BD00BF48AA0108DE
:10EE7000E0080020F0B5041E8DB042DB04238DF8BD
:10EE80000930214B93F90030A34204D105238DF8BA
:10EE90000830612303E003238DF8083091231B4FD2
:10EEA0008DF80A303B686400587823449D78184BED
:10EEB00003EBC00133F830308A882E0902FB063696
:10EEC000CB88498805F00F0503FB051502A90091C1
:10EED000B0B2A9B2FFF704FF3B681C44E078FF28FA
:10EEE0000FD05B7833B905F1190206F1340105F052
:10EEF000FDF906E0022305F10D0206F1120105F00D
:10EF00007FF90DB0F0BD00BFCC030020B88A00200F
:10EF10005096010851B1074BDB7F83420CBF03239E
:10EF2000022301304000CB7048607047C0B2F7F751
:10EF30007FBC00BFE00800204FF47A6300FB033081
:10EF400041B1054B9B68486083420CBF03230223F9
:10EF5000CB707047F9F764BE080300202DE9F84331
:10EF60000F4DDFF84890DFF848800E4F00242C70DA
:10EF7000264699F80030A3420FDD0B4A04EB4413F8
:10EF80001344C6F14201002C14BF42463A46A81968
:10EF9000F3F772FF01340644EBE7BDE8F88300BFE6
:10EFA000288A0020F59E0108E4890020E2890020DB
:10EFB0003D9401082DE9F04F534BDFF860811A783A
:10EFC000524B53F822408DB0834601260027002C77
:10EFD00000F087800123BB4013EA0B0F75D0042398
:10EFE0008DF80930FF238DF80B30494B1B78012B2E
:10EFF00009D1484B93F90030BB4204D105238DF869
:10F000000830612303E003238DF8083091238DF845
:10F010000A302378032B0DF1080A16D100238DF84E
:10F020001030D4F806303BB9039BD4F802202021DD
:10F0300004A8F3F721FF06E05146607898479DF851
:10F040001030002BF0D004AD01E0D4F80250CDF820
:10F0500000A01FFA86F95B22B8F80030494640F25A
:10F060008510FFF73DFE9DF90B20002A15DBB8F84F
:10F07000001029480B39162302FB030301EBD17161
:10F08000009309EB61010B234FF4C5701A4689B256
:10F0900005F006F84FF4CC7001E04FF4C6706B1E1B
:10F0A000012113F8012F1AB10A2A08BF0131F8E72C
:10F0B000B8F800306FF00A0202FB013101EBD171A8
:10F0C0002A4606EB610105F079F8A37A01370BB106
:10F0D0000A3400E02469B8F80030102F1E447FF491
:10F0E00076AFB6F5987F0BDC002004F0B7FFC6F5CD
:10F0F000987301335B22314640F2851004F0AEFE76
:10F100000DB0BDE8F08F00BFE68A0020B8030020F4
:10F11000528B0020CC03002044940108B40300204B
:10F1200070B5044600250E460A462B460068F6F7E1
:10F130005DF8C4E90356A56070BD0000D0E9022364
:10F14000934210B5044613D30369134403614FF48B
:10F15000807200F10803D0E90001F5F7EBFD08B972
:10F16000A36823B90023A3604FF0FF3005E0E060FF
:10F17000E3686268591CE160D05C10BD07B50548C2
:10F1800001ABF5F7D7FD08B9019800E0002003B006
:10F190005DF804FBD09600202DE9F74F4FF00009F1
:10F1A000DFF828B20192054688464F464C464FF09C
:10F1B0000B0A2E78002E00F003815C2E14D16B78A0
:10F1C000002B00F0CF806C2C0CDC08F80430163BD0
:10F1D0000AFB03F301341BF8033003F00703C3F108
:10F1E00008031F440235E4E7602E00F0CA805B2E5E
:10F1F0002CD15D21284606F029F9002800F0B280C4
:10F200004378282B40F0AE802921009006F01EF9AB
:10F21000009A002800F0A6800135954210D26C2C8F
:10F22000FADC2B7808F80430163B0AFB03F30134B0
:10F230001BF8033003F00703C3F108031F44EBE797
:10F240002921104606F002F9451CB2E72A2E01D00A
:10F250005F2E49D16B78B3420CBF022301231D44BA
:10F26000B9F1000F11D12846CDF80080A8462546F7
:10F270001C46314606F0EAF8E0B1012C00F083802C
:10F280004278B2427FD00130F3E7C4B108EB040208
:10F2900012F8012C202A12D06C2C08DC631C4FF0D1
:10F2A000020208F80420019A08F8032002344FF003
:10F2B00000097EE723462C464546DDF80080A6F18E
:10F2C00016000AFB00F000216C2C09DC1BF8002062
:10F2D00008F8046002F00702C2F108021744013482
:10F2E00001318B42F0D164E733063BD5CE2E6B78EB
:10F2F00009D1A92B15D16C2C2BDC1E2308F8043066
:10F300009BF858301FE0C22E15D1B02B07D16C2CC2
:10F310001FDC1F2308F804309BF8633013E0B52B83
:10F3200000E0BC2B07D16C2C13DC1D2308F8043043
:10F330009BF84D3007E06C2C0BDC4FF03F0308F8D6
:10F3400004309BF8C33103F00703C3F108031F44E3
:10F3500001346B1C1D4601332A7802F0C002802A5A
:10F36000F8D026E76C2C0CDC08F80460163E0AFB8B
:10F3700006F601341BF8063003F00703C3F1080357
:10F380001F44013515E723462C464546A842DDF8C3
:10F39000008094D92A78202A91D010F8012C202AB4
:10F3A0008DD06C2C09DC631C4FF0020208F804209D
:10F3B0004FF0060208F8032002344FF00109F8E686
:10F3C000384608F8046003B0BDE8F08FC85E010855
:10F3D0002DE9F347164F8146002507F5807601ABEE
:10F3E0004FF4807239464846F5F7A4FCD8B9019B22
:10F3F000CBB1DFF83C8004468246019BA342EED9A4
:10F4000018F8013B0D2B06D105F806A03046F9F798
:10F410009BF8002505E01F2B03D97F2D9CBFAB5522
:10F4200001350134E9E7002002B0BDE8F08700BFF4
:10F430005C8B002007B54FF4802201AB4FF00061D8
:10F44000F5F742FD03B05DF804FB000007B543F695
:10F450007C7201AB0249F5F737FD03B05DF804FBA0
:10F46000E008002007B5054801ABF5F72DFD08B908
:10F47000019800E0002003B05DF804FBD096002066
:10F48000D3B5D1E90067002343F67C729F4208BFE1
:10F49000964201D00F481BE004226B460DEB02019F
:10F4A0000446F5F747FC0028F4D10B4B019A9A4229
:10F4B000F0D120466B4643F678720849F5F73AFCDE
:10F4C00004460028E6D14FF6FF70F8F7E1F9204630
:10F4D00002B0D0BD56990108544E4F43E4080020B5
:10F4E00070B50C4CD0E9076502F5F07010F8013DDD
:10F4F000AB4234BF5B0000239042F35A24F8023D34
:10F50000F4D101234FF4F072002004F099FC0120A3
:10F5100070BD00BF1C8F00202DE9F74F3B4C8B4680
:10F5200001AB682221468146F5F704FC002869D129
:10F53000228844F649139A4264D1638AB3F5F07F76
:10F5400060D1E38BB3F5A07F5CD1E28E48F2050376
:10F550009A4257D10546002601AB02226946484629
:10F56000F5F7E8FB9DF900709DF80110A155002FFB
:10F5700082463A4606F1010804EB060309DD01ABB9
:10F5800004EB08014846F5F7D5FB07EB0806824671
:10F5900007E00132012A02D003F8011FF9E7A8EBC6
:10F5A0000706B6F5B46FD7DB184E002230468178D7
:10F5B0004778174B490103EAC72301F4F85119436F
:10F5C00010F8033B23F0070343EA571301320B43C0
:10F5D000B2F5F07F26F8023BE9D12946012300204D
:10F5E000013504F02DFCB5F5A07F02D0BAF1000F73
:10F5F000B1D00BF11A0240F21F11002004F0DEFD21
:10F60000002000E0034803B0BDE8F08F5C8B0020D1
:10F6100000E0FFFF569901082DE9F04F85B03D4C01
:10F6200000941546012306464FF4F07200200F4661
:10F6300004F0A4FB05F2DF1305F1FF3E039334F859
:10F64000023B326A00218A42F06905D030F811008D
:10F6500098424ED00131F6E7FF2904D84A1C3262A5
:10F6600020F8113045E0DA085D0905F0F80502F4EC
:10F67000E0522A431D045B0305F478059BB22B433B
:10F6800013434FEA13284FEA134A5FFA88F84FF002
:10F69000000C4FF0FF39DBB230F81CB04FEA0B42E0
:10F6A00002F478054FEA4B3292B22A434FEA5B15D7
:10F6B0004FEADB0B05F0F8050BF4E05B45EA0B0BBA
:10F6C00042EA0B02150AEDB2A8EB0505AAEB124BB4
:10F6D0006D43D2B29A1A0BFB0B5B02FB02B24A4596
:10F6E00038BF61460CF1010C38BF9146BCF5807FF4
:10F6F000D2D10EF8011F039B7345A0D101231A46F6
:10F70000394640F2DF1004F0A9FB012005B0BDE846
:10F71000F08F00BF5C8B00202DE9F3411C4F1D4E84
:10F7200004464FF00008636943B9236808225D6806
:10F7300018696946A84708280AD007E0C4F8148069
:10F7400004212068FFF71CF90028EED100201BE0FF
:10F75000009D042239460DEB02002DBA05F052FE41
:10F7600018B90120256160610EE0042231460DEBDD
:10F77000020005F047FE0028E8D0291D2068FFF7A9
:10F78000FFF80028CFD1E1E702B0BDE8F08100BF6B
:10F790003DAA010842AA0108F0B585B003AB682272
:10F7A0002B492C4D0646F5F78FFB0746112004F038
:10F7B00055FC0024002F48D12146384600950123EE
:10F7C0004FF4F07204F0DAFA224940F2DF1035F813
:10F7D0001020130A43EA02239BB21A0A02F0F8022D
:10F7E000802A88BF42F0070281F81D26DA0802F05D
:10F7F000FC02DB00DBB2802A88BF42F00302802BD0
:10F8000088BF43F00703013881F81F36431C81F895
:10F810001E26A1F10301DAD14FF4B46229460E4845
:10F82000F9F77EF903AB0246039029463046F5F717
:10F830004BFB0123214607461A4640F2DF100134F4
:10F8400004F00CFBB4F5A07FB4D1384605B0F0BD90
:10F8500070B401085C8B0020DC8B0020F0B585B013
:10F8600003AB7A221649174E0746F5F72DFB0546DE
:10F87000112004F0F3FB40F23F14F5B901234FF4DB
:10F88000F07221462846009604F078FA4FF4F071A1
:10F890000C48F9F739F903AB4FF47072094938464F
:10F8A000F5F712FB0123214605461A4640F2DF1008
:10F8B00004F0D4FA14F1FF34DFD2284605B0F0BDCD
:10F8C0004C9301085C8B00202DE9F04F97B0CDE9F7
:10F8D00002020025DFF83CA1DFF83C81A9462C4656
:10F8E0002E4605AB4FF4807251460298F5F722FA86
:10F8F000002865D1059B002B62D00746059ABBB254
:10F900009A42EED913F80A300D2B4FD13C48002310
:10F910003354102206A9F9F7C5F80128019043DDF8
:10F920000698037803F0FD03212B3DD0F9F702F888
:10F93000B4F5C87F054602D8324B984201D9324807
:10F940005BE0002C08BF81460798F9F719F8E6003C
:10F9500008EB060B08988BED000AF9F711F8039BEA
:10F960008BED010A012B04F2911313D1019A032AA2
:10F9700010DD09980193F9F703F8019B0A9808EB49
:10F98000C30383ED000AF8F7FBFF0BF68C4282ED10
:10F99000000A07E0464408EBC30306F68C46002243
:10F9A0001A6032600134A4B2002607E01F2B05D98B
:10F9B0007F2E03D81249721C735496B201379DE70B
:10F9C000D4B1F6F797FA114B002249460020C3F84C
:10F9D0009C20C3F8A0205C83F8F742F82946012058
:10F9E000F8F73EF80A4A1378012043F00403137035
:10F9F000FDF77AFC002000E0204617B0BDE8F08F4C
:10FA00005C8C002000BBEEA056990108E0080020A5
:10FA1000A80300205C8B0020644800202DE9F047FB
:10FA20008AB0814609AB2A2221B92249224FF5F733
:10FA30004BFA03E02149224FF5F746FA214CDFF853
:10FA40008C80214E0025B8F81A30AB422EDD0834E8
:10FA500060BBA8B2F7F75EF804F6844382461868E4
:10FA6000F0F79EFDCDE9060104F5486301351868FD
:10FA7000F0F796FDCDE9040154F8040CF0F790FD81
:10FA8000CDE9020154F8080CF0F78AFD5346CDE9A0
:10FA900000013A4680213046F3F7EEF909AB024601
:10FAA000099031464846F5F70FFACCE70AB0BDE8B1
:10FAB000F08700BF54AA010880AA010890AA010893
:10FAC000BCAA0108644800205C8B0020E0080020EC
:10FAD00071B1084B08481B78084A13F0010F6FEA10
:10FAE000030308BF024603F001034A60CB7070476E
:10FAF000F6F70ABAA8030020F4A30108EEA3010850
:10FB0000114A92F91C30581C1DD039B108469A1D73
:10FB100000F8082B20210D4AF3F7AEB910B41846AF
:10FB20000C210130042808BF002001FB002494F8B8
:10FB300028401CB15DF8044BF8F754BA9842F0D154
:10FB40005DF8044B70477047E00800208A9901086F
:10FB5000104A92F91C00431C02D1C9B10E4B0AE0B5
:10FB60000C2303FB002393F82A2031B10B4B0C48E4
:10FB7000002A18BF03464B60704793F8291040F2E3
:10FB8000BF130B41DB0703D582F00101F8F716BA6A
:10FB9000704700BFE0080020A49B0108D49A010828
:10FBA000DF9A010808B5FCF7B1FC0320BDE8084066
:10FBB000FDF79ABB08B5FCF74DFD0320BDE80840F2
:10FBC000FDF792BB10B50A4C94F91D3004EBC3034A
:10FBD000012808BF0121B3F95A0018BF4FF0FF31C7
:10FBE000FCF790FB238B23F08003238310BD00BF21
:10FBF000E0080020074B53F8200041B1064B1B6E74
:10FC0000486083420CBF03230223CB707047F8F790
:10FC100049BC00BFECB501080803002010B5064A36
:10FC2000137813F0010406D183F00103137004F07C
:10FC30009DFE024B1C7010BD518B0020508B00208C
:10FC4000044AD2E90132580800EB520003F00103E4
:10FC500018447047E0080020F0B51E4B1E4CB3F965
:10FC6000005024781D4BB3F900300CB105602EE034
:10FC70001B4CB4F90C60B4F90E70AD1B40F2BF120E
:10FC80006A43B4F91050AD1B92FBF5F2DD1B40F254
:10FC90001F136B43B4F91250A48A103240F2DF16DE
:10FCA000B242A5EB070593FBF5F340F23F1503F1D4
:10FCB0001003A8BF3246AB4222EAE272A8BF2B462D
:10FCC000240623EAE37344BFB21AEB1A02600B6006
:10FCD000F0BD00BFE28A0020508B0020E48A0020A3
:10FCE00008030020074A138B39B103F0060398423A
:10FCF0000CBF03230223CB70704723F0060303439A
:10FD000013837047E0080020054A138B19B1C3F331
:10FD1000C013CB70704783F080031383704700BF1C
:10FD2000E0080020074B41B19B681B0245BF01233F
:10FD3000CB70054B054B4B6070479A6882F400020C
:10FD40009A60704700280040E2A40108F29501087B
:10FD5000064A938C19B1C3F38023CB70704783F4A8
:10FD6000806310209384FDF7BFBA00BFE008002035
:10FD7000064A938C19B1C3F30023CB70704783F408
:10FD8000807310209384FDF7AFBA00BFE008002015
:10FD90000B4A08B5138B39B1DB0745BF0123CB7084
:10FDA000084B094B4B6008BD83F0010308461383E1
:10FDB000FEF79EFE0A20BDE80840FDF795BA00BF99
:10FDC000E0080020E2A40108F2950108064A138B1E
:10FDD00019B1C3F30023CB70704783F480732020E4
:10FDE0001383FDF781BA00BFE008002030B58FB063
:10FDF00004460D4602A9FEF70BFE032C07D11D4B4E
:10FE00001B8813F0010F0CBF03230D2300E0032315
:10FE10008DF8103004238DF81130174B93F9003012
:10FE20009C420CBF612491240DB944F0080404AB3A
:10FE30000093BDF80C209DF80E30BDF80A10BDF8F7
:10FE400008008DF81240FEF74BFF85B19DF80E10AB
:10FE5000BDF80A40BDF808009DF80F300B3901EBE2
:10FE6000D1712A4604EB6101184404F0A7F90FB0E0
:10FE700030BD00BF6C8A0020CC030020002801DBCD
:10FE8000FFF7B4BF7047000008B50E490320FFF725
:10FE9000ADFF0D4B0D4A19780D4B0420012994BF7D
:10FEA00011461946FFF7A2FF0A490020FFF79EFFFF
:10FEB00009490120FFF79AFF08490220BDE80840E0
:10FEC000FFF794BFFC930108E2890020F893010832
:10FED000A49B0108009401080294010804940108FD
:10FEE00010B50C4C2378A3B140F2311140F2D1107F
:10FEF000FDF7F0F92378012B01D1FDF72BFA2378D8
:10FF0000023B012B03D840F21A30FDF7EDF9002334
:10FF1000237010BD528B00202DE9F0415B4C94F909
:10FF20001C305A1C2DED048B00F0AC800C2202FB1F
:10FF30000343574993F829701C2202FB0712D2F899
:10FF40001880B8F1000F00F09D8093F82A60514BA3
:10FF500040F6884202FB0636002506EBC50128461E
:10FF6000C04710EE103A23F00043B3F1FF4F00F00A
:10FF7000898075B1F4EE408AF1EE10FAB4EE408A51
:10FF800048BFF0EE408AF1EE10FAC8BFB0EE408AEA
:10FF900003E0F0EE408AB0EE408A638B0135AB425D
:10FFA000DBDC78EE289AB4EE688AF6EE007AF1EEA1
:10FFB00010FA69EEA79AB0EE679AF7EE007A06D0CB
:10FFC00078EEC88A9FED348A28EE888A0AE0B5EE7A
:10FFD000408AF1EE10FA23D0B0EEC88A9FED2F7A56
:10FFE00028EE078A9FED2E6AB0EE487AF7EE008A77
:10FFF000F2EE046AB4EEE77AF1EE10FA04D527EED9
:020000040801F1
:10000000267A68EE868AF5E79FED256AB4EEE67AF1
:10001000F1EE10FA08DB27EE067A68EEA68AF5E71D
:10002000B0EE008AF0EE678AB5EE007A28EE078A15
:10003000F4EEC88AF1EE10FA02DD68EE898AF7E77D
:10004000184B94F91C003B41DB0748BF79EEE79A57
:10005000B0EE680AF7F7D4FFC9EEA87A94F91C004D
:10006000B1EE000A77EE897AFDEEE77AF8EEE77AEC
:1000700030EE670AF7F7D8FFBDEC048BBDE8F0411E
:10008000FFF72EBFBDEC048BBDE8F081E008002037
:10009000AC8F010864480020CDCC8C3F9A99993FE1
:1000A000CDCCCC3D4000004070B52E4C064694F9B6
:1000B0001D00F7F7CBFC002853D00546062E4CD880
:1000C000DFE806F0040404074B4B2A0001463046E3
:1000D0001FE094F91E00411C03D094F91D308342A7
:1000E00008D1FFF7ADFD854234BF401B281A4100FF
:1000F00003200EE0F7F7AAFC044690B3854202D92C
:100100002B461C46054629460020F7F7A9FC214648
:100110000120F7F7A5FC20E094F91C305A1C1CD0F4
:100120000C2202FB0343104993F82A5094F91D3026
:1001300004EBC30304EB8504B3F85A0040F688438C
:100140006B4303EBC0031944F9F78AFBD4ED277A1C
:10015000284630EE270AF8F7B5F8BDE87040FFF7FB
:10016000BFBE70BDE008002064480020074B1B782C
:100170005BB107B5064B0090064A07486421F2F7C9
:100180007BFE054803B05DF804FB7047E289002060
:10019000288A00203B940108EC8A0020054B1B783C
:1001A000082B05D0044B054A05484221F2F764BEEE
:1001B000704700BFB78A0020288A0020F59E0108FA
:1001C000708A0020094A0846137839B1084A20216C
:1001D00052F82330074A0830F2F74EBE013303F0DD
:1001E000030303201370FDF77FB800BFC889002008
:1001F0003C930108F1A80108D0E902329A4270B597
:1002000004461DD3256945B92046FFF785FA002825
:10021000F8D101232363002017E0B5F5807F236820
:1002200061685E68186928BF4FF480752A46B04738
:10023000A842EED10023E3602369A0601B1A23616A
:10024000E3686268591CE160D05C70BD38B5044653
:100250000D46E369AB420AD22046FFF7CDFFE369C2
:10026000A269984002430833A261E361F1E7A06903
:100270004FF0FF3120FA05F25B1BA940A261E36158
:1002800020EA010038BD000061B3F0B585B0054635
:100290000C4604F0FFF90746E0B1D0ED027AF8EE23
:1002A000677A04F1080617EE900AF0F779F9CDE9BC
:1002B0000201786807EE900AF8EE677A17EE900A66
:1002C000F0F76EF9094ACDE9000120213046F2F736
:1002D000D3FD00E06560064B1B88AB4204D10123CF
:1002E000E37001E0F7F7D4BA05B0F0BDA2A40108AD
:1002F0005E9B00207FB51C4DAB8C13F0FF0F30D000
:100300000C4603F4007311B3002B14BF172303230F
:1003100004F8083BD5ED047A6E8CF8EE677A17EE98
:10032000900AF0F73DF9CDE90201E86807EE900A7E
:10033000F8EE677A17EE900AF0F732F93346CDE916
:1003400000010A4A20212046F2F796FD09E043B158
:10035000F7F77CFC95F8200004B0BDE87040F6F794
:1003600067BA04B070BD00BFE0080020689A0108B9
:1003700038B505460A4C41B10A4A14F81030928C3F
:100380001A420BD00123CB7008E0074B04EB450465
:100390001980F7F767FC054B62781A7038BD00BF0B
:1003A000C8940108E0080020D08A0020CC03002077
:1003B00069B138B504460D46FBF7EAFD054A064B20
:1003C000204110F0010F08BF13466B6038BDFCF7E9
:1003D00093BF00BF72A701086CA7010830B4154C89
:1003E0000C2202FB0042034692F8282091B172B120
:1003F000821D0A70104A92F90020824204BF052231
:100400000A7094F91C20824204BF0122CA704B601A
:1004100030BC704732B194F91C10814202D030BC1C
:10042000F7F7E0BDB2FA82F14909184630BCF7F798
:1004300041BE00BFE0080020CC03002010B521B170
:100440000C46FBF787FC606010BDFBF793FC232094
:10045000BDE81040FCF748BF61B138B50D46044611
:10046000F5F742FD80B284420CBF03200220E87001
:100470006C6038BDC0B2F5F72BBD000070B5134AF3
:100480000D4692F86E3089B1022B84BF002382F8AA
:100490006E3092F86E600E4C36B12046F0F7B8FB25
:1004A00001300444013EF7E76C6070BD0133DBB2FC
:1004B000022B94BF82F86E3082F86E10FBF794FE28
:1004C0004FF48060BDE87040FCF70EBF08030020C9
:1004D000DCAA01080B4A92F86C3039B1032B28BF13
:1004E0000023094A52F823304B6070470133DBB2D6
:1004F000022B94BF82F86C3082F86C1092F86C007A
:10050000F8F7C6BC080300206495010870B5274DB4
:100510006C7F09B14C6070BD0321042003F0AAFD7B
:100520002823A1228C219C2003F098FC2346204AFA
:100530001F4E9321B82003F041FE1E4AA221A320A2
:1005400003F03CFEFEF75EFB10F0300F034622D0B6
:10055000DA0648BF05349B0601D5053C03D4642C5C
:10056000A8BF642400E00024234632469321B8202B
:1005700003F024FE04EB441000F52F7080B204F069
:100580006BFB44F62060F0F7EBFDFEF761FB0346E2
:100590000028DDD1D6E70128D4D140F202406C77A3
:1005A000FCF7A2FEBDE87040FFF79ABC08030020EC
:1005B000EE990108009A010800297ED13F4AF3B460
:1005C00013683F4C03F07F3323F0FE4300935268DF
:1005D0003C4B13400193234614F8012BD2B1013157
:1005E000303A062904F8012CF6D11A785C7899780B
:1005F0001D7944EA0214DA7842EA0112597941EA93
:100600000511E4B2D2B2C9B219281C705A7099709F
:1006100038D104E05A5401310629FBD1E5E70AB983
:10062000012202E0122A01D912225A705F7809B918
:1006300001221EE07800244A4FF03B0CC0F1200656
:10064000B0F1200522FA00F20CFA06F658BF4CFA77
:1006500005F542EA060258BF2A4302F003021C32A3
:100660000A20B2FBF0F500FB152242EA05128A428D
:1006700000DA9A709B788DF806408DF805708DF839
:10068000043014E0232C84BF23201870592A84BF1F
:1006900059225A70592984BF59229A701A788DF8B4
:1006A00002205A789B788DF801208DF80030DDE922
:1006B000001002B0F0BC04F01BBA704700280040E4
:1006C000BC8A00203F1FFF00CCEE0B00274B2DE91A
:1006D000F041002403601A4626461178C1B15C2916
:1006E00003F1010306D155787C2D0DD1013203F8B9
:1006F000015C0BE07C2907D10134072C03F8016C65
:1007000006DC40F8243001E003F8011C0132E4E784
:10071000072C4FF00002D8BF01341A70054600EBD9
:1007200084074FF000082E683378202B02D1013661
:100730002E60F8E73046F0F76BFA30442B689842A9
:1007400006D910F8013C202B02D100F8018DF5E705
:100750000435AF42E7D1012C04D057F8043C1B7894
:1007600003B9013C2046BDE8F08100BF919500200F
:10077000094B1A4613F8011B2029FAD0602908D129
:100780005378602B05D19078A0F16003584258410E
:1007900070470020704700BF9095002070B5064656
:1007A000FEF7CCFC002812DB0B4D00240A280AD0EF
:1007B0000D2803D05E2CDCBF605501343046FEF7B7
:1007C000BDFC0028F2DA044B0022E25401E04FF0B5
:1007D000FF34204670BD00BF909500200C4B93F86D
:1007E000342A2D2A11D193F8352A2D2A0DD193F8C8
:1007F000362A2D2A09D103F6372313F8012B12B11B
:10080000202AFAD001E0012070470020704700BF85
:100810005C8B0020F8B5FEF7BDFA042004F050F818
:10082000B0F5FA6F2E4E3ED92E4C4FF48033A361B3
:1008300040F6030207214FF0904004F0D9FA04205B
:1008400004F03EF84FF090450223A36101224FF4DB
:100850000003AB6111460746204604F0C9FA0122A5
:100860000721284604F0C4FA00221146204604F06D
:10087000BFFA40F603020621284604F0B9FA032025
:1008800004F01EF80446FEF791FA042004F018F86C
:10089000B0F5FA6F03D9144B1C80144B1F80002352
:1008A0003370012003E03078431E58425841104B0A
:1008B0001A78824213D04FF080420E49526A30B10A
:1008C0000968521A42F20F718A4207D900E00A60A1
:1008D000002818700CBF0320022000E00020F8BDA3
:1008E000508B002000040048E28A0020E48A0020A7
:1008F000E08A0020DC8A002008B5FFF78BFF032880
:10090000FBD108BDF7B506460F46012000211C4665
:10091000154603F0AFFB03F045FB0C4B0093092396
:100920001A463946304603F0BBFB2B46084A9A214B
:10093000B12003F043FCFFF7DFFF064B1B88238049
:10094000054B1B88638003B0F0BD00BFD8B401081D
:1009500070950108E28A0020E48A00202DE9F04F1A
:10096000A7B000241190B44F1297894611A82146D0
:10097000CDE913441594FEF7D3FB26464FF001084A
:100980002546A246A7F6341711A8FFF707FF00284F
:1009900024DBB8F1000F08D097F8343A232B03D1A9
:1009A00097F8353A202B0FD00024FFF7E1FE18B15D
:1009B00086F0010605460EE046B9FFF70FFF38B195
:1009C00045B10AF1010A01E0444604E0354602E07F
:1009D000012500E02E464FF00008D5E705EB0A039D
:1009E00002936CB1002111A8FEF79AFB11A8FFF742
:1009F000D5FE92490422A1F1CE00FEF7CDFB13E013
:100A000009F11A038E4A8D487021F2F735FA8B4BA3
:100A10000344002808DD1A46013B11782E2901D035
:100A20000138F6E700231370029B002B08BF012357
:100A30000293FFF7EFFE08B10328FAD1FEF7E2F8C0
:100A40004FF0010A03F0AEFA0321042003F012FB79
:100A5000002108460B234FF4F07203F0FFF9774BA7
:100A6000774A0121022003F0A9FB0AAC029B009304
:100A7000744A53460C212046F2F7FEF900231D4626
:100A800098420CDDE25C0B21163A4A436E498A5CBF
:100A900002F00702C2F1080215440133F0E72346D1
:100AA000674A0121C5F5EF7003F088FB00210120A2
:100AB00003F0E0FA002111A8FEF732FB4FF0010825
:100AC00000252E46474611A8DDE91494FFF766FE7F
:100AD000002803DADDE91431194424E0B8F1000FED
:100AE0000CD05A4B93F8343A232B07D1574B93F839
:100AF000353A202B02D14FF00008E4E745B9FFF763
:100B00006DFE28B10EB93546F5E701372E46F2E7FE
:100B1000FFF72EFE08B185F00105BA4501D0012688
:100B2000E9E704EB090111A84FF00009FEF7F8FA14
:100B30004F46CDF810A011A8DDE91445FFF72EFEB1
:100B40000028C0F26981FFF713FE18B187F0010792
:100B5000FFB25DE147B10B2309F1010903FB09F184
:100B6000374A3B4B013150E1FFF738FE074600287A
:100B700040F05281354B93F8343A7C2B40F0118190
:100B800001462C4410220DA804F058FC08AD214663
:100B900011A8CDE90877B846FEF7C2FA0597039782
:100BA000069511A8DDE91456FFF7F8FD002869DB6A
:100BB000264B93F8343A7C2B64D10DF1580B5846F0
:100BC000FFF784FDB8F1010F064610D115E00132A0
:100BD000964215DD50F82230197841B1013B13F8E7
:100BE000011F0029F3D02D29F9D03A29F7D00DADF6
:100BF0000DF1580A4FF0000B2CE000225846E7E7B1
:100C00000025AE4215DD5BF825A05046F0F700F850
:100C1000504410F8013C3A2B06D19AF800303A2B98
:100C20000CBF0223012300E00023069A535501352F
:100C3000E7E701230593B4E7909400206096002035
:100C4000F59E010861990108C85E01085C8B0020CF
:100C5000909500205E450DDD012291495AF8040B64
:100C6000FEF79AFA2B889842C8BF28800BF1010B37
:100C70000235EFE7039BB342B8BF3346039308F155
:100C800001088EE7214611A8FEF74AFA854B93F832
:100C90006E3003F00703C3F10802002102230DF1B7
:100CA000780C0DAC0398884207D034F811004CF84A
:100CB0002130104403440131F4E79B1A023B06EB58
:100CC000050A06930024DDE9142313449A4563D9E9
:100CD00011A8FFF763FD00285EDB16A8FFF7F6FCFE
:100CE000012C079009F1010914D1059BCBB12146D4
:100CF000204603F0BFF90B2303FB09F1069A2346B4
:100D00000631022003F0AAF82046002103F0B2F9D0
:100D100002243EE0002C0CBF4FF007084FF0010802
:100D200000E0A0460021404603F0A4F90B2303FB9A
:100D300009F6013600250DF1580B079BAB4227DD64
:100D4000039BAB4224D0424655495BF82500FEF791
:100D500023FA1EAB53F825C008ABEB5C012B04D182
:100D60000DAB33F81530181A0AE0022B07D10DAB82
:100D700033F81530181A00EBD070401000E0002056
:100D8000474B494A3146604403F018FA0135D4E72D
:100D90000134B9F11B0F96DD514611A8FEF7C0F9D9
:100DA00025E009F101099BB30B2202FB09F4232B77
:100DB00004F1010420D13D4B1A4612F8011B2329EE
:100DC00001D11346F8E71D4601332A78202AFAD0CC
:100DD0000021072003F04EF9072231492846FEF78B
:100DE000DBF92F4B304A2146022003F0E7F90021BE
:100DF000012003F03FF90BE029490122A1F1600035
:100E0000FEF7CAF9264B284A2146022003F0D6F9FC
:100E1000B9F11B0F7FF78FAEDDF810A02448F7F76C
:100E2000BDFEFDF7EFFE10F0100F14BF01244FF0D0
:100E3000FF3410F0200F18BF002410F0010F18BF6E
:100E40000224FFF7E7FC013880B201280FD81EA961
:100E500016A8FEF701FF1E9B152B05DD169CEF2C37
:100E6000D4BF0024012400E00224FFF745FD022C3A
:100E70000FD0012C05D1029B9A45CFDA0AF1010A65
:100E8000E0E5002CCAD1BAF1010FC7D00AF1FF3A50
:100E9000D8E503F087F8002027B0BDE8F08F00BF49
:100EA000F0950020C85E0108F59E0108909500208D
:100EB000A0BB0D00074B1A78074B53F822300020D7
:100EC00033B19A7A0AB10A3300E01B690130F7E7BF
:100ED000704700BFE68A0020B803002008B5FFF77E
:100EE000E9FF0C4B93F90020002A01DAFF2202E00F
:100EF000824201DB421E1A701028A8BF1020082869
:100F000040F23113B8BF0820B3FBF0F0024B188059
:100F100008BD00BFCC030020B403002010B50D4C69
:100F200039B194F8213083420CBF03200220C870ED
:100F300010BDC0B2FCF71AFA074B94F821101A78CA
:100F4000064B53F82110064BBDE8104043F8221021
:100F5000FFF7C4BFE0080020E68A00202CA20108A9
:100F6000B803002008B5074A13784BB1013B01468E
:100F70001370FFF7B3FF19B1BDE80840FEF7B0BF2B
:100F800008BD00BFE68A00200020FFF7EBBF00008D
:100F90007FB519B306460C4603F07CFB0546D8B175
:100FA000D0ED027AF8EE677A083417EE900AEFF780
:100FB000F7FACDE90201686807EE900AF8EE677A61
:100FC00017EE900AEFF7ECFA0C4ACDE90001202168
:100FD0002046F1F751FF0EE066600CE003F02CFBB9
:100FE00048B90120FFF7BEFF4FF4826004B0BDE8AE
:100FF0007040FCF779B904B070BD00BFA2A401082D
:1010000008B5084B01224FF4BB7040F231111A7041
:10101000FCF760F9FFF762FF4FF0FF30BDE80840D2
:10102000FDF7C8BF528B0020C30706D5654B1B7860
:10103000012B00F0C680FFF7E3BF2DE9F041624AC3
:10104000157F0346042D00F2BA80DFE805F003B8EF
:10105000333378005D4C94F91D20511C00F0AF80B3
:101060000B3214F83220002A00F0A980082594F9E8
:101070001D0004EBC0029F06B2F85A1044BFA1EB5A
:10108000D50121EAE171DE0606D5638B01EBD501BE
:101090008B42D8BF03F1FF31F6F764FB94F91D00D2
:1010A000FDF7AAFBFDF7D4FD0135ADB203460028DC
:1010B000DDD184E0454A108B5169022D00F04000DB
:1010C00003F01006904603F0200707D110B95468CA
:1010D000054615E0FEF7B4FD044611E0946870B1D2
:1010E0005368E41AA9B926B1A0000130FDF7DEFC6F
:1010F0000446A7B1601EFDF7D9FC04460FE00125A8
:1011000041B9D8E90130C01A8008FDF7CFFC01468B
:1011100000E0032506B10C4417B1641A00E0032572
:10112000FDF796FD0028FBD1294BA4F516729A42D3
:1011300045D821462846BDE8F041F6F791BC234A40
:1011400092F91C10D2ED297A481C1BBF0C2000FB21
:101150000121002091F82A00F5EE407A02EB80018F
:10116000F1EE10FA03F0100291ED270A03F02003CC
:1011700019D1B5EEC00ADFED177A9FED177AF1EEBF
:1011800010FAD8BFF0EE477A2AB1B7EE007A37EE00
:10119000877A20EE070A63B1B7EE007A77EE677AB6
:1011A00020EE270A05E00AB130EE270A0BB130EE37
:1011B000670AF7F787F8FDF74BFD0028FBD1BDE87C
:1011C000F0817047528B002008030020E0080020C7
:1011D000A8B8EEA0CDCC4C3ECDCC4CBE2DE9F8430A
:1011E0002D4E05460C4601F11A0801F1190721465A
:1011F0002846F4F767F900284AD1A37E002B47D090
:10120000237BDB0603D53378012BF0D841E03B4646
:1012100001465A7803F1010C32B1183B1B1B2E2AF0
:1012200008BF19466346F4E70029E0D02A6D8E46D0
:10123000137818F80EC07C2BACF1410908BF0023CD
:10124000B9F1190FA3F1410998BF0CF1200C5FFA15
:1012500089F998BF5FFA8CFCB9F1190F04D82033D3
:10126000DBB2634510D001E063450CD0134693F820
:1012700000C01A460133BCF1000FB8D0BCF17C0F9E
:10128000F5D18E4602E023B10EF1010E0132CFE717
:101290000420BDE8F88300BFE2890020054B1A78DE
:1012A000032A9CBF01321A701A78034B43F82200BC
:1012B000FFF714BEE68A0020B803002039B1064BC0
:1012C00093F91C305A1C05D006330B707047034845
:1012D000FFF7E4BF704700BFE008002058A80108EE
:1012E00019B1034B5B8B4B6070470248FFF7D6BFC9
:1012F000E008002078A7010819B1034B1B6E4B6072
:1013000070470248FFF7CABF0803002048A601083B
:1013100019B1034B9B684B6070470248FFF7BEBF93
:101320000803002094A30108034B93F82120034BEA
:1013300053F82200FFF7B2BFE00800202CA20108FA
:1013400039B1054B10B5588B0C46F5F7DDFB6060E5
:1013500010BD0248FFF7A2BF08030020A8990108AA
:1013600041B110B5054B93F86D000C46FAF76EFCD1
:10137000606010BD0248FFF791BF00BF0803002066
:10138000F89E0108084651B1074BDB7FFF2B09D0BF
:1013900001335B00054A20210830F1F76DBD044898
:1013A000FFF77CBF704700BFE008002038A40108A9
:1013B000FCA3010808B51A4B1A781A4B53F82230CF
:1013C00010F1FF3007D3002BFAD09A7A0AB10A3312
:1013D000F6E71B69F4E70BB31A78022A08D0032A50
:1013E0000CD0012A10D1D3F80600FFF757FF0BE00D
:1013F000D3F8062042B15878904705E0D3F806208C
:1014000012B1002158789047074B1B78012B05D16A
:101410004FF0FF30BDE80840FDF7CCBD08BD00BF70
:10142000E68A0020B8030020528B0020B0F5C37F6D
:1014300038B51CDB114B01391C8891FBF4F4FFF724
:1014400039FDA04213D90E4D95F900002C700123EF
:1014500003FA00F0A3401843FDF7ACFDFFF74CFA88
:10146000FF232B702046BDE83840FFF7A3BFFFF7EE
:1014700043FABDE83840FEF733BD00BFB403002097
:10148000CC03002070B50146FFF714FD11F0010FE9
:1014900085B2194C01D101260CE094F9000083B209
:1014A000AB4203D3BDE87040FEF71ABDBDE8704003
:1014B000FFF780BF94F90030CA0606FA03F044BF74
:1014C000013323708B0602D52378013B237094F9F6
:1014D00000309AB2AA42E5D206FA03F31843FDF7A8
:1014E00069FD42F21070EFF73BFEFDF7B1FB0146DC
:1014F0000028DFD170BD00BFCC03002010B504462A
:10150000F6F7FEFB0020FFF72DFD24B90248BDE8E9
:101510001040FFF7C3BE10BDE8A401082DE9F34158
:101520002E4F97F91C305A1C55D020F08004A4B2DD
:10153000C0F3C01581B30C2202FB0372BC4692F8C3
:101540002900A04205D192F82A20AA4204BF012214
:10155000CA700C2000FB03C00E4690F82B7020468A
:101560003946FAF7FBFC032C8046706033D115B97D
:1015700040F2FF1201E041F607623A41D3072AD553
:101580003846FAF7FFFC43460090154A202106F141
:101590000800F1F771FC1EE0032C14D10C2202FBB1
:1015A000037292F8291003290DD192F82A20AA4239
:1015B00009D10C4B0C48002A18BF184602B0BDE8F0
:1015C000F041FFF76BBE2A462146184602B0BDE83F
:1015D000F041F6F73DBD02B0BDE8F081E008002023
:1015E000F09E010858A00108F49F010837B5436830
:1015F0001BBA01930368042204461D6818690DEBA9
:101600000201A847A368042814BF002003F00100CA
:10161000A06003B030BD0000104A92F91C3091B1B7
:1016200010B55C1C1BBF0C2404FB0323002393F8A0
:101630002B3083420CBF03230223CB700C46FAF7F6
:10164000A1FC606010BD591C07D00C2101FB0323D5
:1016500083F82B002220FBF747BE7047E0080020EC
:1016600013B51BBA04460846009313680193216022
:101670000B680069694608229847A3680422082875
:1016800014BF002003F00100A0600DEB0201002058
:10169000FDF72EF9606002B010BD00008368CBB189
:1016A00030B585B0426A016803920446002501A85E
:1016B000094A01910295FFF7D3FFD4E9011201A86D
:1016C000FDF748F901A8FFF791FF039B6362A5604E
:1016D00005B030BD704700BF3DAA010830B4D0E965
:1016E0000142551C8560A1548368B3F5807F02D107
:1016F00030BCFFF7D3BF30BC70470000036910B5A2
:101700000446C068994008431A44E0602261236996
:10171000072B0AD9217B2046FFF7E0FFE3681B0A6D
:10172000E3602369083B2361F1E710BD002330B477
:101730000C461946013304F001059A4245EA41017D
:101740004FEA5404F6D130BCFFF7D8BF2DE9F74F6C
:10175000D0F820B004460F460BEB020A226A52452D
:1017600080F0D380AAEB0200A2EB0B0C022807EB5F
:101770000C0E40F2958017F80C109EF801508B016A
:1017800083EAC5039EF80250C1EB41116B404B4008
:101790005FFA83F9E369009333F81910130C1B0403
:1017A0000B439A4203D8A3F580339A4227D9D61A1D
:1017B000B6F5007F23D84FF6FF75A9421FD0B0F5CC
:1017C000817FA7EB0B0128BF4FF4817000250191A9
:1017D0009B4502D80199C95C05E0C3F3080188461E
:1017E000A16911F808101EF80580884505D101355A
:1017F000A84203F10103EBD103E0022D01D800263A
:101800003546009B23F81920002D49D04FF00009E0
:1018100009F101083E4B33F818309D4204D3B8F16A
:101820001C0FC146F4D10CE009F20113B3F58C7F13
:1018300006D2414607222046FFF778FFC84606E059
:10184000C846082208F1A9012046FFF76FFF314B77
:1018500013F8082032B12E4B33F818102046691ABD
:10186000FFF74CFF002303F101082B4A32F8182040
:10187000964203D343461D2BF5D100E0984605223E
:1018800041462046FFF752FF244B13F808208AB147
:10189000214B33F818102046711AFFF72FFF09E08B
:1018A00017F80C108F292CD8082230312046FFF76A
:1018B0003DFF01250020236AA3EB0B02C3F30803BD
:1018C000B95CA269D154226AA8B1AAEB0203022B27
:1018D00011D9A2EB0B03FE18F95C96F801C0B6789B
:1018E0008B0183EACC03C1EB411173404B40DBB267
:1018F000E16921F8132001300132A8422262DAD1D5
:101900002CE7092201F58071D0E703B0BDE8F08F24
:10191000E4A9010820AA010888A90108C4A90108AE
:10192000F8B5274B1A78022A48D000210446022233
:101930000846244E1A70FBF7CDFC0A203470224D65
:10194000224F444322482C5D50F82400386021483F
:10195000FF2404702048002404703B681B789C42DC
:1019600004DA2046FDF786FA0134F6E71421132045
:1019700002F080FB20234FF4F0724FF490710020AE
:1019800002F06CFA33780A2202FB0353D3F80220E8
:101990000123511E11F8010F18B10A2808BF0133A5
:1019A000F8E70B215943203101EBD1714910C1F502
:1019B000A0710A20BDE8F84002F000BCF8BD00BFED
:1019C000528B0020B78A002010970108B88A0020A7
:1019D00060960108CC030020BC8A0020062804D1B0
:1019E000084B1B7F042B08BF102041B1064B0A2275
:1019F00002FB0030D0F806301BB140781847FFF7E3
:101A00008FBF70470803002010970108124A92F90F
:101A10001C30B3F1FF3F1DD010B40C2404FB032392
:101A200093F829200123934013F0180F01D0A0420E
:101A30000DD10A4A1A4032B10123834013F4A85F42
:101A40001CBF013080B25DF8044BFFF7C7BF5DF8E3
:101A5000044B7047704700BFE008002004003C00C2
:101A60002DE9F04FB64E0D460FCEA3B00AAC0FC411
:101A70000FCE0FC496E807000AAE84E807002122C3
:101A800001A930460E96FDF779FB212840F08681AA
:101A90000822AC4901A803F0B5FC002840F07E8183
:101AA0000422A94904A803F0ADFC002840F0768187
:101AB000059B0F9A1BBA934201D0A4486FE1069B85
:101AC000109A1BBA9342F8D19DF81C30082BF4D120
:101AD0009DF81D30032BF0D19DF82030002BECD168
:101AE000139ADFF88092DFF88082994C159602F500
:101AF0000071CDE91613CDE91833CDE91A33CDE9DC
:101B00001C32CDE91E33CDE92033082201A90E98FD
:101B10000B9B9847082840F04181019F04224946C9
:101B200002A83FBA03F06EFC002837D10323B7FBAD
:101B3000F3F303EB43043C1B40F03081013FB7F566
:101B4000407F80F02B81834F1293129B9C421DD2C9
:101B5000032269460E980B9B9847032840F01E818C
:101B60009DF802209DF80110520107EAC12302F4FA
:101B7000F8521A439DF8003023F0070343EA51134B
:101B80001343119A22F814300134DEE70421304661
:101B9000FCF7F6FE002800F0018116E00422414621
:101BA00002A803F02FFC002800F0F8800422214650
:101BB00002A803F027FC002800F0F080391D304611
:101BC000FCF7DEFE0028A0D1E8E015A8FDF7A4FD93
:101BD000002800F0E38015A8FEF70EFB78287FF4BC
:101BE0006CAF15A8FEF708FBDFF880915A4F5B4EEB
:101BF000219B002B40F0C080012115A8FEF726FB99
:101C00000221824615A8FEF721FB00BBCDE91B008F
:101C100015A8FEF7F1FA044615A8FEF7EDFA44EA16
:101C2000002415A8FEF7E8FA15A8FEF7E5FA219BAF
:101C3000002C00F09D80013C002B40F0998015A8FD
:101C4000FEF7DAFAC1B215A8FCF7B0FEEFE70128FB
:101C50003CD14FF0070B0024012115A8FEF7F6FA3E
:101C60006400BBF1010B44EA0004F5D1172C02D843
:101C700004F5807418E0012115A8FEF7E7FA40EAA0
:101C80004400A0F130048F2C0ED9A0F1C003072B23
:101C900002D800F1580407E04400012115A8FEF71E
:101CA000D5FA0443A4F58074219B002B60D1FF2C4E
:101CB00004D8E1B215A8FCF779FECAE7B4F5807F35
:101CC00056D06FF480731C441C2C02D9032321933B
:101CD0004EE0234B39F81480195D15A8FEF7B6FACB
:101CE00008EB00044FF00508012115A8FEF7AEFA35
:101CF0004FEA4B0BB8F101084BEA000BF4D1BBF1F2
:101D00001D0FE3D816F80B1037F81B8015A8FEF747
:101D10009DFA08EB000BBBF5007FD7D81E9B9B45B7
:101D2000D4D814F1FF3494D31E9B1D9AA3EB0B035C
:101D3000C3F3080315A8D15CFCF738FEF1E700BF38
:101D4000685401087799010880990108679901088A
:101D500042AA010800E0FFFF88A90108C4A9010800
:101D600020AA0108859901083DAA0108E4A90108F3
:101D7000BAF1000F3FF43CAF219C032C3FF49DAE21
:101D800064B9209A109B9A4208D105F11A0240F2D8
:101D90001F11204602F012FA204600E0014823B04D
:101DA000BDE8F08F569901082DE9F34101F11A07BA
:101DB000064600233846054610F8014B1CB12E2C70
:101DC00008BF2B46F7E773B15B7843F02003742B11
:101DD00003D13046FDF7A0FB3DE0702B03D1304628
:101DE000FFF73EFE37E01D4C01AB7A22214630461C
:101DF000F2F7A0FF70BB638AB3F5F07F2AD1E38AC4
:101E0000B3F5A07F26D1A38B102B23D140F23F1531
:101E100001AB4FF4707221463046F2F78BFF4FF45E
:101E2000F07180462046F6F76FFE294601234FF4F5
:101E3000F072002002F004F815F1FF3502D3B8F17A
:101E4000000FE5D03A4640F21F11002002F0B6F92B
:101E5000002000E0024802B0BDE8F0815C8B002069
:101E60005699010870B5804D0FCD9EB013AC0FC4CC
:101E70000FCD0FC495E807007C4B84E8070013AD35
:101E80007B4A179503F1400153F8040B42F8040B09
:101E90008B42F9D1112002F0E1F81C9B099503F562
:101EA00080620A9201220024CDE90E2303F500731B
:101EB000CDE90B44CDE910340D941292199B17987B
:101EC0009C4208D21D9A159B21469847002800F095
:101ED000C5800134F2E708226649139B9847129B9C
:101EE000654A082814BF002003F00100189B1290D7
:101EF0001BBA0593199B1BBA06934FF442730793C1
:101F000001230024049329460D2302A88DF82040C4
:101F1000CDE90254FFF7A4FB0D2205A902A8FCF7A6
:101F200019FD02A8FFF762FB1B9B544A03EB430316
:101F3000294602A8FFF794FB1B9B9C421FD21A9BC9
:101F400033F81420D308510901F0F80103F4E053E9
:101F50000B431104520301F4780192B20A43134374
:101F60001A0C8DF804201A0A8DF8052001A9032205
:101F700002A88DF806300134FCF7ECFCDCE702A87F
:101F8000FFF734FB129B049A10981340FF214FF483
:101F90000072129303F052FA782109A8FFF79EFB12
:101FA000012109A8FFF79AFB0122114609A8FFF7B2
:101FB000A5FB0222012109A8FFF7A0FB0024264669
:101FC000199B9C421FD21D9A1798159B2146984732
:101FD000002843D00E988DF80460012201A9FCF777
:101FE0009DFC189A1D990E90FCF798FC01220E900A
:101FF00001A909A8FFF7AAFB189A1D9909A8FFF7DC
:10200000A5FB0134DCE70722002109A8FFF78EFBBE
:102010000D9B3BB19DF8301009A8FFF75FFB002333
:10202000CDE90C330E9B1BBA019301AE002416F8C8
:10203000011B09A80134FFF751FB042CF7D109A8B3
:10204000FFF72CFB00230E4A294602A8FFF708FBE6
:1020500002A8FFF7CBFA1298049B1840B0FA80F060
:1020600040091EB070BD00BF945401082603002033
:102070001C940020F4AA01088099010885990108A0
:1020800042AA010870B58CB040F20343ADF80830A5
:1020900000230C4615468DF80A3088B102AB009338
:1020A0003C2306464FF4B47218467821FCF718FE1C
:1020B00032467D21462002F081F80220FBF714F918
:1020C00094B10121042001F0D5FF26234FF4B17211
:1020D0008B213F2001F0C2FE22469921502002F0C0
:1020E0006DF80220FBF700F90D4C6C434FF47A7346
:1020F00004F2E734B4FBF3F441F28833002D08BF57
:102100001C462046EFF72CF83DB9FCF77BFD012873
:1021100003D0FEF77FFB0228F3D10CB070BD00BFE7
:10212000A0860100A9B908B50A48037883B1FEF773
:102130001DF8F3F761FA58B1074B08494FF4FA62FA
:10214000082818BF19460648BDE80840FFF79ABF9F
:1021500008BD7047BC8A0020C5950108B6950108E6
:10216000CA9501082DE9F0430122B3B006464A4959
:102170004A48F2F77DFC40B14FF4FA6248494948B9
:10218000FFF780FFFDF7ACFE83E0474B474A1B7823
:1021900047491B011CA8D3583093F3F73DF9002899
:1021A000EAD1741E032001F059FFC4EB0414414B23
:1021B0006400A5B21C782CB11DB93F490520FDF77C
:1021C00015FE0124DFF8FC80DFF8FC900CA91CA8A8
:1021D000FFF704F818BBAC4218DB05F11D03A3425E
:1021E00014DB9DF83C30C5F10507DB06274408D514
:1021F00023210DF14A034A4603A8F0F73DFE03A947
:1022000001E00DF14A013846FDF738FEB8F800301C
:102210000134002BDAD005F11E03A342D6D11CA84D
:10222000F3F746F9B8F8003063B9A8F8004034B1C4
:10223000A3B21D331E22B3FBF2F39BB200E00123D5
:102240001E4A1380641B1D2C0FDC601D03A9FCF7C4
:10225000DFFB9DF81230BDF81020BDF80E10BDF860
:102260000C0001F0FBFD0134EDE714234FF4F07294
:102270004FF49671002001F0F1FDFDF705FE0F4BC4
:102280000F4A1B88009340F231113346DB2001F0E6
:1022900095FF33B0BDE8F083A49B0108209900208E
:1022A000069401080E940108B78A0020D49401080E
:1022B000288A0020E289002014940108E88A00207E
:1022C00017940108B48A00203D94010810B5124902
:1022D0000C7868B1012C0ED80346601C08700F48BA
:1022E0000F4A04EB441421212044F0F7C5FD02E01D
:1022F0000CB1621E0A70FCF731FEFDF74FFF094B6F
:1023000000221A80084B01201880084BFF221A7007
:10231000BDE81040FFF726BFE2890020E4890020D5
:10232000F59E0108B48A0020B28A0020CC03002068
:102330002DE9F043394B1C789DB080460E462CB1F8
:10234000374A622103A8F0F797FD0446354F4FEA5C
:10235000061907EB09025568002D5CD0324B1B783B
:102360001BB1FDF7BDFDFBF711F857F8090000237D
:1023700002AAC15C31B17C2904D0032B02D0D15414
:102380000133F6E71CA90B4403AF002103F8681CD6
:102390003819C4F16201B8F1000F0ED1234C236843
:1023A0006468019203F07F3323F0FE430093204BD7
:1023B000204A2340F0F760FD04E0009243461E4AA5
:1023C000F0F75AFD01221D491D48F2F751FB044662
:1023D00068B90B2239461B48F2F76EFB044630B948
:1023E00031461848A84704461648F2F7F1FE164B46
:1023F0001B78012B01D1F3F787FD144914484FF4E2
:10240000FA62002C08BF3946FFF73CFE0A20FAF7B3
:102410006BFFFDF765FD1DB0BDE8F083708A0020FD
:1024200072B50108D4940108528B002000280040A6
:102430003F1FFF0076B5010887B50108A49B01087E
:1024400020990020D0960020B68A002063B50108AC
:102450008DB5010810B5124B124A1B7803F0010329
:10246000044613700BB1F3F74FFD0F4B022C9B8A00
:1024700007D15A0504D413F4007F18BF032400E0E9
:102480000424DB0705D5E1B20020BDE81040FFF7CA
:102490004FBF04F11C00BDE81040FFF741BA00BF78
:1024A000A8030020B68A0020080300202DE9F04F81
:1024B0002DED028B87B0A0F10F03DFF80CB204936F
:1024C0004FF4617306460D46059101934FF0FF38B6
:1024D00000245F469BF82830F3B163B2DFF8E8A12F
:1024E00003934FF000099AF8583073B1BDF91430D6
:1024F000BDF91020BAF85A100398F9F7C7FF019BED
:102500009842BCBFCDE90104C84609F10109B9F1FF
:10251000080F0AF1080AE6D10134042C0BF10C0B68
:10252000D8D1B8F1FF3F36D0674B93F91D20424513
:102530001CBF9A7783F81D803B8B002023F080031B
:102540003B83FCF7D5FA0298F5F74CFD05A904A8E2
:10255000FDF782FBDDE9040197F91C200F38F9F73C
:10256000ADFF011E0EDB97F91D0007EBC003B3F8AA
:102570005A30994206D0F5F7F5F897F91D00FCF7A7
:102580003BF903E041F28830EEF7EAFDFEF742F94D
:102590000328DBD192E0B5F5987F16DBA6F1CE03D8
:1025A000782B05D8FEF7A8F90220FFF753FF85E046
:1025B000B5F5987F2DD0444B1B8BDA0729D4B6F59F
:1025C000A37FB4BF0224032404E01D2D21DCEF2EE1
:1025D0006CDD0024FEF790F92046FCF789FA00280C
:1025E0006CD1032C09D0042C11D0022C66D1364BAF
:1025F000188B401100F0020006E0334B1B8B13F0E8
:10260000400F14BF20460120FFF78AF956E00F2043
:10261000FAE72D4A92F91C40631C3ED00C2303FBC1
:10262000042393F82920032A37D00A3E142E34D8E5
:10263000B5F5997F31DA4B2DD3ED0C7A93ED0B0A7A
:10264000B6EE007A02DC37EE878A19E0972D04DCBB
:1026500030EE000AB8EE008A07E0E32D0EDC20EE33
:10266000070ABAEE008AB0EE007AA7EE878AF0EE8B
:10267000487AB1EE008A37EE888A01E037EEC78AE1
:102680002046F5F7BDFC2046B0EE480AF5F7CCFC35
:1026900044F62060EEF764FD10E0FEF72DF90B4BD9
:1026A0001B78012B0AD0FEF7ABFC07E0F5F75CFEC8
:1026B000B5EE400AF1EE10FA8BD08BE707B0BDEC17
:1026C000028BBDE8F08F00BFE0080020528B002095
:1026D00019B9C1B20148FFF72BBE7047BC8A002070
:1026E0007FB5FAF75DFA052803D04FF4FA620D4979
:1026F0000FE0FAF763FA0C4B1868EDF751FF0B4A3D
:10270000CDE90001102102A8F0F7B6FB4FF4FA6200
:1027100002A90748FFF7B6FC0320FAF7E5FD07B06A
:102720005DF804FB11A90108DC89002030A901082B
:1027300022A9010813B509B30C46FAF731FA1D4B6B
:1027400093F821300A2B01D1F9F7E4FF083438B9A6
:10275000194A2021204602B0BDE81040F0F78CBB9A
:10276000F9F740FFC0F307230093144AC0F307436F
:1027700020212046F0F780FB02B010BDF9F700FFE2
:1027800030B94FF4FA620E490E48FFF77BFC0AE0BD
:10279000084B93F821300A2B03D10120F9F70EFFE3
:1027A00001E0F9F7FFFE032002B0BDE81040FAF7A0
:1027B0009BBD00BFE00800203EA9010850A9010808
:1027C00067A901087EA9010810B579B101F10804D3
:1027D000F9F756FF0E4A0F4B2021002808BF134679
:1027E00020460D4ABDE81040F0F746BBF9F7C8FE99
:1027F00010B1F9F735FF05E04FF4FA6207490848D0
:10280000FFF740FC0320BDE81040FAF76DBD00BFA4
:102810004BA90108FFA8010803A9010867A901083D
:102820000E7701082DE9F04FABB0042836D8DFE869
:1028300010F00500050039011D0025009C4B19888A
:1028400030B94A1E92B21A805AB99A4A128807E0E1
:1028500098484A1C008892B290421A8001D2012204
:102860001A801888814200F01F8118E1924A13886B
:1028700083F001031380FDF707FB15E18F4B1B78F5
:10288000012B00F211818E4B1A788E4B1A708E4BF1
:10289000012223201A70FFF743F805E1844D8B4E87
:1028A0002C8832881E23013C053803FB0404A3B2A4
:1028B0009A4240F2DB80012285498648F2F7D8F837
:1028C000002840F0D3807D4B01931A783AB12CB99F
:1028D000794B1B88D90700F1E7803AE0013CDFF82B
:1028E000E0A1DFF80C92D0469AF800307A491B013B
:1028F00014A859F803302893F2F78EFD002840F011
:10290000B580274604A914A8FEF768FC10B90FB1DA
:10291000013FF7E714A8F2F7CBFD002F40F0A680A7
:10292000654B9DF81C201B88D20603F0010313D5CC
:102930000DF12A006BB1FDF719FCF2F7FBFD002841
:1029400000F094804FF4FA6264496548FFF79AFBFF
:102950008CE0FFF7BBFCA7E033B10DF12A00FDF7D7
:1029600005FCF2F7E7FD81E098F8003009EB03136E
:10297000D3F808B0BBF1000F78D03946012001F040
:1029800079FB0DF12A00FDF7F1FB012201465548C4
:10299000F2F792F8002869D198F80020514804A96C
:1029A000D84783464F48F2F713FC98F8003009EBFC
:1029B0000313DF6807F00207BBF1000F0BD001F033
:1029C000F1FA002F14BF64224FF4FA620DF12A01CC
:1029D0005846FFF757FB002F48D0FCF713F9C30602
:1029E0005ABF80F0200343F3401B4FF0010B10F05F
:1029F000010F18BF4FF0020BFDF70CFF013880B23A
:102A00000128274612D803A902A8FDF725F9029B41
:102A10009F2B07DDB3F5A07FB4BF4FF0020B4FF043
:102A2000010B01E04FF0000BFDF766FF2E48F6F7B3
:102A3000B5F8019B3288197809B9013A00E0023AE9
:102A4000BBF1000F03D1013C48BF14460BE0BBF1C2
:102A5000010F04D101349442C8BF002403E0BBF14C
:102A6000020FBAD102E0A742B7D03DE7124A13885D
:102A7000D90708D5002131801C49FF2023F001032C
:102A8000087013800AE00E4B1A78194B03EB0213FF
:102A9000DB685B0706D5154BFF221A702888FFF705
:102AA00061FB01E0FDF71CFA2BB0BDE8F08F00BF21
:102AB000B28A0020E88A00206C8A0020E289002087
:102AC000B78A00206A8A00206E8A0020B48A00201B
:102AD000A49B010820990020288A00202394010843
:102AE0002D940108D0960020A0BB0D00CC0300203F
:102AF000D49401082DE9F74307460E461B4DFBF71A
:102B0000ADFF95F90080814600244C452BDC6946D9
:102B10002046FBF77DFFBDF80020BA420DDCBDF872
:102B200004301344BB4208DDBDF80220B24204DC8D
:102B30009DF806301344B34201DC0134E5E760B28E
:102B400000212870FDF79AF900214046FDF796F91B
:102B5000FDF7D2FEFF23204600212B70FDF78EF9F2
:102B60002046FFF75FFE03B0BDE8F083CC030020F2
:102B70000128F8B51B4C07D194F90000002830DB80
:102B8000BDE8F840FFF74EBE0546FBF767FF00279C
:102B90000646AA0694F9000005D5431E5BB2002B39
:102BA000ACBF23702670EB0606D5237801335BB2E9
:102BB000B342D4BF2370277094F90030834207D00A
:102BC0000021FDF75BF9002194F90000FDF756F9AB
:102BD00042F21070EEF7C4FAFCF73AF80546002806
:102BE000D7D1F8BDCC03002070B50E4C0E4AA38A95
:102BF00003F08003002B4FF00C0113BF10230C23B4
:102C00000225002523440846FDF77CFEAB1D04EB9E
:102C10004303064A40F22B1140F2CB10BDE870404E
:102C2000FDF770BE080300209AB50108A5B501089C
:102C300010B5002186B0012001F01CFA01F0B2F9B4
:102C4000194A1A4C40F235110F2001F0B7FAFBF780
:102C5000D9FFC30726D4FDF7DDFD0228F7D103A96C
:102C600002A8FCF7F9FF039B00932246029B1E215A
:102C70000A2001F0A3FA41F28830EEF771FA05A9B3
:102C800004A8FCF7E9FFDDE90423DDE9020101F016
:102C90002BF9049B0293059B0393FDF7BBFD0328CF
:102CA000E1D1D4E706B010BDB1B50108E0B5010827
:102CB0002DE9F04786B0042800F2B680DFE800F086
:102CC0000306099DA500FFF78FFFADE0FFF7B0FFFA
:102CD000AAE00021012001F0CDF901F063F90522FD
:102CE000032311465548564F01F016FB9026242425
:102CF00057F8045B6DB17608F10704F1050301D5BF
:102D00001C46F8E70D342A462146052001F056FA04
:102D1000EEE74C4BDFF85091D3F80880D3E9006719
:102D2000F5F764FB0097CDE901803346464ADFF8AA
:102D30003C81464F04F10D01052001F03FFA444A61
:102D4000444992F86C30032B28BF0023052051F82A
:102D500023300093536E404A04F11A0101F02EFA19
:102D60003E4A40F233114FF4AA7001F027FA04F101
:102D7000340AFDF74FFD0228AEB255D0FBF742FFF3
:102D8000C20751D44FF47A60EEF7EAF9730701D025
:102D90000135EEE701F062FE064601F075FED9F856
:102DA000203003F44073B3F5807FC6F3074CC6F3BD
:102DB000072E0CBF45234923C0F30722C1B2F6B248
:102DC000CDE90021CDE904634246C0F307435146F3
:102DD000CDE902CE052001F0F1F901F07FFD4FF4BD
:102DE0007A72B0FBF2F302FB1302009204F141018C
:102DF0003A46052001F0E2F9CAE701F0D7FB0120CD
:102E000006B0BDE8F047FEF7ADB801F099FCBFF39E
:102E10004F8F1349134BCA6802F4E0621343CB602F
:102E2000BFF34F8F00BFFDE7FDF75AF840F21A30AD
:102E300006B0BDE8F047FAF757BA00BF5A9B010841
:102E400080030020ACF7FF1F669B0108D29B01089E
:102E500008030020649501087E9B01088F9B0108F0
:102E600000ED00E00400FA0500100240A59B0108F7
:102E700008B5FBF78FFF0021012001F0FBF801F0FE
:102E800091F8044A1421052001F098F9BDE80840A2
:102E9000EFF742BCEAB40108FFF7EABF38B5154CBA
:102EA00001238340A28A9BB211B922EA030303E003
:102EB00001290CBF13435340A382A38A934218D025
:102EC0000D4A062303FB002305469888FAF70CFAFF
:102ED000022D0AD0072D0CD1A08AC0F3C01000F03B
:102EE00087FFBDE83840FAF751BABDE83840F5F73A
:102EF000FDBA38BD0803002014B60108B9B1024676
:102F00000D4838B5062303FB02031D680B4B988A56
:102F1000104100F001000DB9C8700BE00C4620B163
:102F20002846EDF775FE01300544656002E0022198
:102F3000FFF7B4BF38BD00BF14B601080803002076
:102F400008B5104B9B8A03F4806259B1084632B928
:102F50000D4A13F4007F0D4B08BF134600E00C4BE5
:102F6000436008BD2AB99B0505D50920FFF796FFE8
:102F700001210A2001E001210920BDE80840FFF7F6
:102F80008DBF00BF080300206B9F0108669F0108EA
:102F90007399010838B5194D2B78032B2DD00021DA
:102FA00004460846FAF796F903232B70144A154B8A
:102FB0001C70137813B1002313700FE0082C124C0F
:102FC000237007D1114B124A12482121EFF754FF09
:102FD00001232370FBF7C2FFFDF7E0F80E4B0F4A09
:102FE00001201880002313800D4AFF2111700D4A23
:102FF0001380BDE83840FFF7B5B838BD528B0020CC
:103000006E8A0020B78A0020E28900205CB50108A2
:10301000F59E0108E4890020B28A0020B48A0020CD
:10302000CC0300206C8A0020FFF7B4BF8A4B2DE947
:10303000F3411D68894E05EB4000C4783046EDF73A
:10304000E7FD6A7803463546002A40F0C280014613
:10305000A4F10D00092830D8002B00F0EA800228E6
:103060001CD8FBF717FD0C3C04EB4404A4B2231856
:103070000C2BC4BFC0F10C04A4B2054400216B7832
:103080002A7803B10AB9A970302305F8012F013C51
:10309000A4B205F8013C002CF1D1BEE0A4F110036C
:1030A000032B00F2BA806E4B019302AB1C4414F860
:1030B000143C735431444A70AFE06A4A10784FF0C0
:1030C000C062024112F0010614BF06270C270C2C27
:1030D00004D1002B00F0AD80591E2DE00B2C19D12E
:1030E0002A782D2A08D129460C22487801F8010BAC
:1030F000013AFAD1591E1FE005F10C0212F8010C39
:1031000002F801099542F9D12D22BB422A7013DA47
:10311000591C11E0BB420FDA092C02DC3034EC54AC
:1031200009E00A2C08D1FBF7B5FC814204D10C2F31
:1031300002D12E236B54013100236B5486B9FBF767
:10314000A9FC032590FBF5F505EB4505401BC0F1F7
:10315000020044F6241545FA00F020F0010500E0D5
:1031600054251421132000F085FF3C4E4FF06208D7
:1031700016F8017B3FB32E2F02D12D010A2708E05C
:103180002D2F03D125F003050B2702E0303F092F37
:10319000EED805F001039C0023445B009C1C2246F2
:1031A00044444046162340F22511A4B200F056FED6
:1031B000214640F22512F8B210346D0801F096F85D
:1031C0001FFA84F8D4E716231C2240F2251140464A
:1031D0001EE0162C01D160B31FE01A2C02D140B3BF
:1031E000421E04E012281ABF3454421C0246002337
:1031F00014211320AB5400F03DFF022340F22512AE
:103200003F21164801F088F816230E2240F22511BE
:1032100002B0BDE8F04100F021BE124B124A1B780B
:103220000A2101FB0323D3F8062012B100215878AC
:1032300090470E4B1B784BB10D4B00221A700D4B73
:10324000187802B0BDE8F041FFF7A4BE02B0BDE8B7
:10325000F041FCF745BE00BFB88A0020BC8A0020C0
:103260006D756E70B78A0020109701086E8A002075
:10327000528B00206A8A002070B5214B214A1D68BC
:103280006B7832F83340844238DC02EBC302538857
:103290008B4233DC001BCB1AD1889288B0FBF2F052
:1032A0002A46B3FBF1F303F00F0343EA001312F8CD
:1032B000021BDBB20024A14220DD12F81400984268
:1032C00001D00134F7E705EB4405EB78FF2B15D06F
:1032D0000D4D95F9006060B22870FBF7CBFD3046CC
:1032E000FBF7C8FDFDF708FB2046FF232B70FBF71B
:1032F000C1FD2046BDE87040FFF798BE70BD00BF1D
:10330000B88A002050960108CC03002001282DE93E
:10331000F041214E07D196F9000000283ADBBDE8C4
:10332000F041FFF783BE1D4C22681578013D96F9E8
:103330000030D4F800801F46002100F0200E4FFA24
:1033400085FC00F01002BEF1000F05D0013B5BB21E
:10335000002BB8BF6346012132B101335BB2AB42EF
:103360004FF00101C8BF002308EB4300C078FF28DD
:10337000E9D001B133703846FBF77CFD96F90000C7
:10338000FBF778FD42F21070EDF7EAFEFBF760FC08
:103390000028CCD1BDE8F081CC030020B88A002001
:1033A0000148F5F7EDBA00BFBC8A002013B50E4CFA
:1033B000A1B1D4ED297AF5EE407AF1EE10FA11D0F0
:1033C00017EE900A01F10804EDF7EAF8074ACDE993
:1033D000000120212046EFF74FFD03E0FFF7E0FF5B
:1033E00084ED290A02B010BDE00800203D960108D6
:1033F000F0B52DED048B394ADFED398A92F91C4086
:10340000384D0C2303FB042494ED0C7A94F82970B6
:10341000D4ED0B7AB2EE008A78EEC78A38EE478A8E
:103420003D4185B0064668EEA78A28EE278A05F05A
:10343000010529B3002818BFB0EE688A1DB1F7EE68
:10344000007A38EE278A284A2848294C1C2303FB97
:103450000722002E18BF0446D368029318EE100A04
:1034600001F10805EDF79CF82346CDE90001214A5A
:1034700020212846EFF700FD05B0BDEC048BF0BD20
:103480001446FFF78DFFB0EE409A1DB1F7EE007ABB
:1034900030EE679A002E18BFF0EE498A08BFB0EEF2
:1034A000498A38EE680AF4EE007A20EE270AF4EE34
:1034B000488AF1EE10FA18BF88EE809A94F91C0041
:1034C000F4F79EFD94F91C00B1EE490A05B0BDEC7D
:1034D000048BBDE8F040F4F7A7BD00BFE008002072
:1034E0000000000040000040AC8F01087F950108FB
:1034F0007B9501088695010830B5134B85B093F98B
:103500001C40C9B10C2000FB0434104A94F8293047
:1035100001F108051C2101FB0323DB680293E06A2B
:10352000EDF73EF80A4B0B4ACDE900012021284671
:10353000EFF7A2FC05B030BDFFF732FF204605B023
:10354000BDE83040F4F75CBDE0080020AC8F010816
:10355000009601080696010837B50F4890F91C40FF
:1035600089B10C2303FB040401F10805206BEDF77E
:1035700017F80A4B0A4ACDE9000120212846EFF747
:103580007BFC03B030BDFFF70BFF204603B0BDE866
:103590003040F4F749BD00BFE0080020E89501087D
:1035A000F595010873B5134A92F91C30581C1BBFDE
:1035B0000C2000FB0323002493F82A4091B102EB76
:1035C000840201F10805D2F89C00ECF7E9FF661CC3
:1035D000CDE900013346084A20212846EFF74CFC8C
:1035E00002B070BDFFF7DCFE204602B0BDE87040BF
:1035F000F4F768BEE0080020A095010808B521B1E5
:10360000054BD3F8A8304B6008BDFFF7C9FEBDE8F5
:103610000840F4F7C1BE00BFE008002010B50C461A
:1036200031B1FCF70DFBF8F7B1FB84ED010A10BDD9
:10363000054B1970FFF7B4FE044B2320BDE8104082
:1036400083ED000AF9F750BE9C69002098690020BC
:103650001FB5134CB9B1D4ED007AF5EE407AF1EE16
:1036600010FA1AD00F4B029317EE900A01F10804DA
:10367000ECF796FF0C4B0D4ACDE9000120212046C6
:10368000EFF7FAFB09E0FFF78BFE232084ED000A39
:1036900004B0BDE81040F9F727BE04B010BD00BF6C
:1036A000686A00202A96010893950108869501080A
:1036B00010B5054C11B1A36E4B6003E0FFF770FE2F
:1036C00084ED1A0A10BD00BF0803002010B529B10F
:1036D0000C4601F099FA84ED010A10BDFFF760FE77
:1036E000BDE8104001F070BA13B5114CA1B1D4ED92
:1036F000007AF5EE407AF1EE10FA17D017EE900A44
:1037000001F10804ECF74CFF0A4ACDE90001202141
:103710002046EFF7B1FB09E0FFF742FE032084EDFE
:10372000000A02B0BDE81040F9F7DEBD02B010BDDE
:10373000CC8900201796010810B50F4C11B12368F1
:103740004B6010BDFFF72CFEDFED0C7AB4EEE70AFC
:10375000F1EE10FA08D4DFED0A7AB4EEE70AF1EEE2
:1037600010FAD8BFF0EE407AC4ED007A0A20BDE826
:103770001040F9F7FBBD00BFB00300200000FA4481
:103780000050C3470148F5F7D5B800BFBC8A0020F8
:1037900010B5F1B106280C460AD1134B5B690BB387
:1037A00004F10800114A2021BDE81040EFF764BB86
:1037B000052817D10C4AD2E90113528B5B1A013A42
:1037C000B3FBF2F307EE903AF8EE677AC4ED017AB4
:1037D00008E00446FFF7D6FF01462046BDE810404A
:1037E000F4F73EB910BD00BFE0080020D5950108F0
:1037F00010B50B4C49B123688BB10846094A20210A
:103800000830BDE81040EFF737BBFFF7BBFF206083
:10381000F9F716FD0920BDE81040F9F7A7BD10BD66
:10382000D08900202C96010810B5044C11B1238BCF
:103830004B6002E0FFF7A6FF208310BD08030020C5
:1038400010B5044C11B163684B6002E0FFF79AFFBA
:10385000606010BD0803002008B519B1044B5B6E11
:103860004B6008BDFFF78EFFBDE80840F5F7F2BAE0
:103870000803002010B5054C19B194F899304B603D
:1038800003E0FFF77FFF84F8990010BDE0080020F7
:1038900008B519B1054B5B8B4B6008BDFFF772FF94
:1038A000BDE8084080B2F4F727B800BFE008002068
:1038B00013B5144C2378DA0708D5FBF7A3F928B120
:1038C000114B1A78114B53F83230984723789B07E5
:1038D00011D5FCF79FFF013801280CD801A96846D3
:1038E000FCF7BAF9084B1A78084B03EBC203DDE981
:1038F00000015B689847FCF791F90023237002B040
:1039000010BD00BFE78A0020528B00203CB50108A3
:10391000024A137843F0010313707047E78A0020CE
:10392000024A137843F0020313707047E78A0020BD
:10393000054B1870481C1CBF044B1980531C1CBF3E
:10394000034B1A80FFF7ECBF508B0020E28A002067
:10395000E48A002008B500F065FF01F0C3FA0121F8
:10396000084601F0CFFA0121022001F0CBFA012133
:10397000032001F0C7FAFBF719FA01F0F9FA084839
:103980000A2101F009FBFCF749F9064B587F00EBCF
:10399000401000F52F70BDE8084001F05DB900BF90
:1039A000000400400803002005494B68002BFCD1AF
:1039B000044A0B605368002BFCD11360704700BFB2
:1039C000300002401C000240074A93681B06FCD4EA
:1039D000064940238B61136823F0380303434FF0FB
:1039E00000601360886170470030014000040048A7
:1039F000034A93689B07FCD5024B1870704700BFC1
:103A0000003001400C30014089B14B1E9BB210B414
:103A10000133074A074CC11893689B07FCD510F87F
:103A2000013B23708842F7D15DF8044B7047704723
:103A3000003001400C30014070B40C4CA3681D06EE
:103A4000FCD40B4B0B4D094C4FF480069E614FF498
:103A500000069E612870A3681B06FCD4044B8024DA
:103A60009C61104670BCFFF7CFBF00BF0030014023
:103A7000000400480C300140044B054AFF21197036
:103A80009368DB07FCD5014B187870470C30014078
:103A90000030014010B5074CA3681B06FCD4064B50
:103AA0004FF400629A61FFF7E7FF236823F03803C1
:103AB000236010BD003001400004004830B44C1EAB
:103AC000A4B201340749084A04444FF0FF350D7091
:103AD0009368DB07FCD50B7800F8013BA042F6D1D8
:103AE00030BC70470C30014000300140064A0749A5
:103AF00000E00B789368D807FBD493681B06F8D4D2
:103B0000024B1B78704700BF003001400C30014071
:103B100070B54FF080440646656AFFF7E7FFFFF790
:103B2000ABFFFF2804D0636A5B1BB342F7D30020CE
:103B300070BD00BF10B504460846FFF759FF134B90
:103B40004FF4007041F29101DC601A465860196030
:103B50005368002BFCD11360FF20FFF749FFFF20C3
:103B6000FFF746FFFFF7C2FF6424FFF785FFFF283A
:103B700003D1013CF9D1204606E000F01F00A0F17E
:103B80000500B0FA80F0400910BD00BF30000240CF
:103B9000F0B54FF0804483B00746666AFFF7A6FF92
:103BA00042F20F75FFF768FFFE2805D0636A9B1B82
:103BB000AB42F7D9002016E00C4A0D4B0D4CD760F4
:103BC0004FF4007141F2110041F28105516015601E
:103BD000DC6059601860FFF7E7FE0DF10600022176
:103BE000FFF76CFF012003B0F0BD00BF1C000240D6
:103BF0003000024098B6010830B5020683B0044692
:103C00000D4606D44CF25030FFF782FFFF2807D054
:103C10002EE000217720FFF7EFFF0128F2D939E0ED
:103C200004F07F03280E290C2A0A402C8DF804503A
:103C30008DF800308DF801008DF802108DF803200A
:103C400018D0482C1ED00123062168468DF8053077
:103C5000FFF7DAFE4C2C01D1FFF70EFFFFF746FF0E
:103C60006424FFF709FF030614D5013CF9D111E0E4
:103C7000FF200FE09523062168468DF80530FFF7F9
:103C8000C3FEEBE78723062168468DF80530FFF772
:103C9000BBFEE3E703B030BD034B04481B78DB02F7
:103CA00003F4006318447047548B00205C8B0020A1
:103CB000024A012102443620FFF7BEBE94B6010835
:103CC000F0B583B017460C461D46BDF82060FFF7DF
:103CD0006BFE0744013F40EA074040BA2544691E95
:103CE00044EA0144009064BA04216A462A200194FF
:103CF000FFF7A2FE01AA04212B20FFF79DFE002260
:103D0000F0B21146FFF798FE03B0F0BD2DE9F04187
:103D100086B02C24009415461C4680460F460C9E07
:103D2000FFF7CEFF124B134ADE6004FB05F041F2B1
:103D300091515860196013785B0615D515FB04F294
:103D40005200314640F60D230B4EADF80E8092B274
:103D500002A8ADF81070ADF81250ADF814400296FC
:103D6000ADF80C30F4F77AFB06B0BDE8F08100BF87
:103D700030000240A803002062756C6BF0B583B080
:103D8000164E089D2E2400941F461446FFF798FFF8
:103D9000336823F0380343F008033360FFF7A6FECF
:103DA000FFF76AFE0E490F4ACD6014FB07F35B0074
:103DB0009BB241F211000C4C4B6041F281050D6049
:103DC000D46053601060FFF7EFFD3368074A23F0BB
:103DD000380340213360916103B0F0BD00300140F1
:103DE0001C0002403000024098B601080004004860
:103DF00008B5FFF7D9FD002814BF02200020BDE858
:103E00000840FFF755BF00BF024A5368002BFCD1A2
:103E1000136070473000024030B583B004461D4641
:103E2000FFF73AFF2B4600902046FFF76FFF034A4B
:103E3000137883F00103137003B030BD548B00205E
:103E400010B582B0044C0094FFF760FF02B0BDE8EB
:103E50001040FFF7D9BF00BF5C8B00202DE9F04177
:103E600086B02C24009415461C4688460746FFF76A
:103E700027FF194A194BD36004FB05F179B14FF6BE
:103E8000FF7E41F211567145084628BF70465060CA
:103E900016605368002BFCD1091A1360F3D1104B44
:103EA0001B785B0614D5DFF83CC00C49ADF80E70EA
:103EB00040F60D23022202A8ADF81080ADF8125092
:103EC000ADF81440CDF808C0ADF80C30F4F7C6FAE0
:103ED00006B0BDE8F08100BF30000240568B0020E4
:103EE000A803002066696C6C2DE9F04F824287B010
:103EF00006469146CDE9031306DA18460A463346CC
:103F000003904E4604929946049B03995F1A48BF5A
:103F1000CF1AA6EB09084CBF4FF0FF33012317EB74
:103F2000080F059309D508EBD8756D106D42DFF8C1
:103F30006CB0194CDFF868A004E007EBD7756D1082
:103F40006D42F4E72C230093C6F5F0720123039928
:103F50003046FFF7B5FE00E01D46A3689B07FCD581
:103F6000BBF80030AAF80030B14503D1DDE90332D7
:103F700093420DD04545C6BF0136EB1B2B46AF42E1
:103F8000EADDA3EB0805059A039B13440393D9E7E5
:103F900007B0BDE8F08F00BF00300140588B002013
:103FA0000C300140002108464FF4A0734FF4F0722A
:103FB000FFF754BF1D481E4B82691E4942F48052D0
:103FC00070B582611C4E1D4C002540F207321D6009
:103FD0001A6041F203725A60B160A1601A68184C0D
:103FE0004FF090464FF0004142F040021A604FF40B
:103FF000FA70B161EDF7B4F84FF400434FF4FA7082
:10400000B361EDF7ADF829460120A21CFFF714FDBE
:10401000637802331C44C820EDF7A2F8207808B179
:104020006178F2E7BDE87040FFF7BCBF00100240C6
:10403000003001400C300140300002401C000240C2
:1040400064B60108034B044A03EB4000C38B1380A2
:10405000704700BF08030020588B0020034B044A20
:1040600003EB4000C38B1380704700BF08030020A0
:10407000568B0020074B084A03EB400003EB41013D
:1040800010B4064CC08BCB8B208013805DF8044BA2
:10409000704700BF08030020568B0020588B00207B
:1040A0002DE9F04FDDF824C063B3184D184CB5F876
:1040B0000080B4F800E0DFF85CA04FF000094D4646
:1040C0004FEA420B1BE057460024664614F0070FE8
:1040D00008BF16F8015B04F1010408BFB44615F0EF
:1040E000800F14BF76464646A2424FEA450527F8A0
:1040F000026BEAD1DA4409F10109994502D0002A9C
:10410000E1D1F8E7BDE8F04FFFF79ABE568B0020EB
:10411000588B00205C8B0020163800EB800330B5F4
:1041200000EB4303094DEC5C04F0070483B0C4F1D9
:104130000804A4B22B4492B288B2009311460B2318
:104140002246FFF7ADFF204603B030BDC85E010830
:10415000838A9BB1012B06D1154B164A03EB410113
:10416000CB8B138007E0022B05D1114B124A03EBD6
:104170004101CB8B13800023838216E0082901D8EC
:10418000818212E00A29026904D143680B32C0E936
:1041900003320AE010B504460846E168FFF7BCFFA9
:1041A000E3681844E060002010BD0020704700BFA5
:1041B00008030020568B0020588B00200CB470B5EB
:1041C0008CB010AC0D4654F8043B0790194609908A
:1041D000002308950A95094E0194224602AD06A8CF
:1041E000CDE902330593ADF82C3004960695EEF731
:1041F0001BFB0CB0BDE8704002B070475141010894
:1042000016382DE9F04F00EB800400EB4400334DED
:10421000334E2C5C334FB6F800E0334EB7F80080D5
:1042200004F0070489B0C4F108041FFA84FC13FBEE
:1042300003F4451902960CFB04F01EB27700CDE999
:1042400005124200039207FB0CF2009205F10B02EB
:104250000796019504922DE0019ADDF8089092F8F6
:1042600000B04FF0000A09EB07015C464E460025FE
:1042700014F0800F14BF70464046324622F8020BFD
:104280008A42FBD101356400AC45E4B23E4402EB06
:104290000701EDD10AF1010A009A9A459144E2D151
:1042A000DDE902210A440292019A049901328A420C
:1042B000019202D0002BCFD1F6E7079D03FB0CF44F
:1042C00005EB8503DDE90501224605EB4303FFF716
:1042D000B7FD204609B0BDE8F08F00BFC85E0108F9
:1042E000588B0020568B00205C8B002010B5094BAA
:1042F00000EB800482B000EB440403EB840392B231
:1043000088B20093114616231022FFF7C9FE02B0AF
:1043100010BD00BFD45A0108F8B50C46017869B148
:10432000054617461E460846334621463A46FFF7DD
:1043300067FF15F8011F04440029F4D12046F8BD99
:1043400000F0B8BB002863D170B53E4B3E4E402212
:10435000307082B09A610A24FFF78EFB013CFBD1DA
:104360003820FFF731FB21464020FFF745FC0128AC
:1043700003D0FFF78FFB012061E04FF4D571482097
:10438000FFF73AFC0128054623D104216846FFF7D0
:1043900095FB2E4B009A9A4203D0EAE7ECF7E0FE39
:1043A00000E064244FF08041E920FFF725FC88B34A
:1043B000013C4FF47A70F1D132E004210DEB0100A1
:1043C000FFF77CFB019B13F0400F14BF8A2482246B
:1043D00019E02146E920FFF70FFC012894BFE925E9
:1043E0004125642401E0ECF7BBFE00212846FFF7DD
:1043F00003FCE0B1013C4FF47A70F4D110E0E92DF8
:104400000CBF81248324FFF745FB3470002016E0A5
:104410000120704701467A20FFF7EEFB0028CCD040
:10442000FFF738FB3078B0FA80F0400907E04FF42E
:1044300000715020FFF7E0FB0028E0D0F0E702B069
:1044400070BD00BF00040048538B0020000001AA8B
:1044500028B9044B1878B0FA80F040097047012061
:10446000704700BF538B0020F8B5A0BB1C461B4B08
:104470001E7835062FD517460D46FFF7A5FA3307E8
:1044800058BF7F02012C39460AD15120FFF7B4FBF7
:10449000F0B92846FFF77CFB80F00104E4B217E096
:1044A0005220FFF7A9FB28B1003418BF01240FE008
:1044B00005F500752846FFF76BFB18B9003418BFE7
:1044C000012401E0013CF3D100214C20FFF794FBD3
:1044D000FFF7E0FA00E003242046F8BD538B0020EC
:1044E000F8B500283ED11C46214B1E78370639D539
:1044F000750639D417460D46FFF766FA330758BFDD
:104500007F02012C39460BD15820FFF775FB30BBD9
:104510002846FE21FFF70EFB80F00104E4B21EE006
:104520005920FFF769FB28B1003418BF012416E0B9
:1045300005F50075FC212846FFF7FCFA00B905E0F7
:1045400046F2A810FFF7E4FAFF2803D0003418BFA2
:10455000012401E0013CEBD1FD20FFF749FAFFF710
:1045600099FA02E0032400E002242046F8BD00BFCF
:10457000538B002010B598B90B4B93F90030002BEA
:104580000EDA0C46FFF720FA0CB1042405E044F6DD
:104590002060FFF7BDFAFF28F7D1FFF77BFA00E0B4
:1045A0000324204610BD00BF538B00200B4B0C4A48
:1045B00010B519461A6003F16C000024814202EB29
:1045C000F47402D051F8042FF8E774220349054827
:1045D0001C6700F097FB002010BD00BF08030020FF
:1045E000564E4F4300F803080F4B10491A688A4291
:1045F00014D110B50E4C0020191DA14202EBF07031
:1046000002D05A680B46F7E707490B6F834208D17F
:104610007422084800F004FF002004E04FF0FF304F
:1046200070474FF0FF3010BD00F80308564E4F435F
:1046300070F803080803002006281FD8114938B570
:10464000114B124C0B600A460025A24203EBF57594
:1046500002D052F8043FF8E7044643F6787380032B
:1046600000F10060CD5000F50E3043F67C72054934
:1046700000F048FB064B00201C8038BD4FF0FF3097
:10468000704700BFE0080020544E4F4354480020BC
:104690005E9B0020062829D8F0B4184F97F800C078
:1046A00081034CFA00F301F1006213F0010302F5FB
:1046B0000E321FD11468124DAC421AD1114E0E4465
:1046C00011460D1DB54204EBF37302D04C68294628
:1046D000F7E743F67871515899420AD1012303FA5A
:1046E00000F040EA0C0C87F800C003E000221046FE
:1046F000704700221046F0BC704700BF5C9B002052
:10470000544E4F43787702084FF6FF7238B50A4D82
:1047100090422A800CD00446FFF7BCFF50B10146FE
:1047200043F67C7205482C8000F07AFE002002E0FF
:10473000002000E0012038BD5E9B0020E008002042
:1047400030B4064B064C074800224FF6FF751A702E
:1047500025804FF4E43130BC00F0AABA5C9B002005
:104760005E9B0020003802080368036070B40023D9
:10477000961E01F00F04436002EB440403621A46E4
:104780000163C360334623F8022FA342FBD11025F7
:10479000836843F00403836032460368590702D4F8
:1047A00083685B07F9D432F8021F036CA2420B4402
:1047B0001380F2D1013DEBD136F8023F1B09A6422E
:1047C0003380F9D170BC7047064A0748D36843F07C
:1047D0008003D360D3685B0602D40138FAD17047F6
:1047E0000120704700280040FFFF030010B50C4C6B
:1047F000236A03F00303032B11D0236A43F0190348
:10480000236244F62060ECF7ABFC236A9A0706D4D7
:10481000636A43F001036362636A9B07FCD510BDC2
:104820000010024021494A6938B54FF0A04342F0D8
:10483000805200244FF080504A619C6098609A68D2
:1048400042F000429A609A68002AFCDB9A6842F0C3
:1048500001029A604FF0A0421368D907FCD5144BAF
:10486000144C4FF4FC4500204FF080515561946189
:10487000986099609A6842F000429A609A68002AAB
:10488000FCDB99680A4A41F0010199601368DB0773
:10489000FCD5084B4FF4FC41516112209361022179
:1048A000EDF778FB044B054A9A6038BD00100240D2
:1048B000000100500000FC0700030050000041010F
:1048C00000B583B0810101AA0348FFF74DFFBDF891
:1048D000040003B05DF804FB000100504FF080437A
:1048E0001C4A596A13681C48CB1A834225D910B553
:1048F0001A4B116082B001AA19491C884FF0A040E0
:10490000FFF732FFBDF80410164BBDF8062041F644
:10491000C81000FB01F0000B04FB00F0B0FBF2F04C
:1049200000B26328188004DD0F4B1B8B184400B2C3
:1049300001E04FF0FF3002B010BD0A4BB3F90000A8
:10494000632804DD084B1B8B184400B270474FF0FE
:10495000FF307047D00300201FA10700BAF7FF1FE8
:1049600041240100609B0020080300200A4B0B4AF1
:10497000196810B44FF0FA60196080244FF4807108
:104980005C6018621963DA609A685DF8044B42F063
:1049900004029A60704700BF0001005000158000BB
:1049A000054A9368590706D5936843F0100393604E
:1049B0009368DB06FCD4704700010050054A08B537
:1049C000136813601B0601D5FEF7AAFFBDE8084077
:1049D000ECF71EBC00010050054B1A6822F00102E2
:1049E0001A6018611A6842F001021A60704700BF2D
:1049F00000540040034A0448D36943F40013D361D0
:104A0000FFF7EABF001002406450540130B4124D69
:104A1000AB691C04FCD4130443EA400328680E4C21
:104A200043F0007343F4005340F0010028600A444F
:104A30006B60A36913F0110FFBD0A369DB0602D5ED
:104A40000020206005E011F8013BA3629142F0D103
:104A5000012030BC704700BF00540040074B08489D
:104A60001B68084A00EA530002EAD30203F00F333E
:104A7000104423F070631844704700BF00280040C2
:104A8000383838000E0E0E00074B08485B68084A9D
:104A900000EA530002EAD30203F00F33104423F07C
:104AA00070631844704700BF002800401808780061
:104AB00006021E0010B5FFF7D1FF0146FFF7E4FF25
:104AC0000304C1F34604CA0803F47F03234302F43A
:104AD000FF524909134301F4FF2142031943C0F374
:104AE000074002F0FF531943143041EA406010BD03
:104AF00010B50446FFF768FE10B1044B19605C6006
:104B0000024AD36823F08003D36010BD0028004020
:104B1000104A38B51368104C43F480731360FFF7E4
:104B200065FE226A236A12F0020F14BF4FF401459A
:104B30004FF4024503F40343AB4209D000234FF482
:104B4000803222622362FFF751FE236A1D432562F1
:104B500038BD00BF007000400010024038B5FFF7BC
:104B6000D7FF154B1B6A13F4407324D0134A144922
:104B7000144C5320CA2555625062D068B3F5807F2B
:104B800018BF2146C30602D513698B420FD0FFF729
:104B90001BFE30B1094B002080229860DA60196159
:104BA0001961064AD36823F08003D36003E0D36819
:104BB00023F02003D36038BD0010024000280040DD
:104BC000FF007F00E70327000C4AD368DB0313D400
:104BD0009FED0B7ADFED0B7AE0EE077AFDEEE77AD8
:104BE00017EE903AB3F5806F06D8C3F5FF73013323
:104BF00048F2FF110B40D363704700BF002800400C
:104C0000BD37863F00C0FF43094ADFED0A7AD36B08
:104C1000D26BC3F30803120454BF5B42C3F50073A5
:104C200000EE103AB8EEC00A20EE270A704700BF27
:104C3000002800400024743F0549064ACB6943F030
:104C40000053CB61136843F480331360704700BF97
:104C50000010024000740040014B5861704700BFD3
:104C60000074004038B504460D460E200321EDF7D0
:104C700091F90B4B0B490C485D6043F2A7529960C8
:104C8000DC601A60C269094B002142F480420125B0
:104C90004FF45B64C26119605D601962DC6138BD0C
:104CA000440002400C380040001002400038004030
:104CB000114B124A014410B48842114C5C605A6096
:104CC00016D2DA68012AFCD01A6942F002021A618F
:104CD00058611A6942F040021A61DA68012AFCD070
:104CE0001A6900F5006022F0020281421A61E8D8D8
:104CF0005DF8044B704700BF00200240AB89EFCD48
:104D00002301674570B516460C4611460546FFF768
:104D1000CFFF760818D00D4B214604EB4604DA6825
:104D2000012AFCD01A6931F8020B42F001021A6123
:104D30002880DA68012AFCD01A69A14222F0010217
:104D400005F102051A61EAD170BD00BF00200240E2
:104D50001C481D4A41691D4B41F4FC0170B441617E
:104D60004FF0904100201A4E1A4C48608E60CC6083
:104D70004FF6DF144C61184D184C08624D620C6000
:104D8000174C184D50606FF00F064FF6FF7196608C
:104D9000D5605161146204F12A4404F5A124124D36
:104DA000556204F29F2414604FF0FF350F4C586099
:104DB0004FF080629D60DC60596170BC186258627F
:104DC0001A607047001002400004004800080048C4
:104DD0000000FFFFAA0101A870E70E0000FCAA6A0C
:104DE00000505500505555554400555055555501E6
:104DF0004368F0B401258D40C2F380048C4023EA5F
:104E00000503234343604E0003238568B340DB431F
:104E1000C2F3C1041D40B4402C438460C468C2F393
:104E200041151C40B54001F00707254302F003047B
:104E3000BF0004FA06F60F24C2F3C312BC40022ED0
:104E4000C56002FA07F2C1F3C0016FEA04040BD196
:104E500000EB81010D6A2C4022430A620268134074
:104E600043F00203036009E005682B4000EB810179
:104E7000334303600B6A1C4022430A62F0BC704754
:104E8000054B1868586010F4704F03D0C0F303301E
:104E9000F1F7ACBD704700BF00000240044A5369FF
:104EA00003F00203536113B10120FEF731BD7047D7
:104EB00000040140044A536903F00403536113B131
:104EC0000220FEF725BD704700040140044A5369E3
:104ED00003F00803536113B10320FEF719BD7047B7
:104EE0000004014008B506210720EDF753F806211C
:104EF0000820EDF74FF806210920BDE80840EDF73E
:104F000049B800BF0F2870B412D883089B0003F182
:104F1000804303F5803300F0030294009D680F2660
:104F2000A640C1F3031225EA0605A2402A439A606F
:104F30000E4A012300F01F0003FA00F09368C443F7
:104F4000CD074CBF034323409360084AD3688907C9
:104F50004CBF03432340D360044B196808431860D7
:104F60005A6822405A6070BC704700BF000401407C
:104F70000649074ACB6910B443F00203054CCB61E4
:104F80002020946250605DF8044B7047001002408E
:104F9000000400403F19010010B40139012400222F
:104FA0000523C162446142625DF8044B03607047AF
:104FB0002DE9F0470022044640F2FF1701E00132DC
:104FC000083492FAA2F3DB0D96B2B34200EBC305AC
:104FD00008D923682E6826602B6063686E68666057
:104FE0006B60ECE7BE42EAD14FF009094FF4807ED6
:104FF0000125DFF8CCC04EE007F07F03C3F180024B
:105000000CEB83030CEB820293ED005AD2ED004AC5
:105010003B0649D4013677441FFA86FA09B9B1EE46
:10502000455A0AEB050292B200EBCA0300EBC20438
:10503000D4ED017AD3ED006AD4ED005A25EE677AFB
:10504000A5EEA47A76EEC76A67EEA47AC4ED006A8C
:1050500093ED006AD3ED016AE5EE857A36EE077AC4
:1050600076EEE76A83ED007AC4ED016A93ED017A8A
:105070002A4477EE277A1FFA82FABAF5007FC3ED49
:10508000017ACED3B045B7D16D00B9F10109ADB207
:105090004FEA5E0E0FD005F1FF38774600269FEDF0
:1050A000075AF7EE004AB7E7F1EE457AB0EE645AD8
:1050B000F0EE674AAEE7BDE8F08700BF00000000F1
:1050C0009CB60108FDEEC07A70B4F8EEE77A284B82
:1050D00030EE670A0122B5EEC00AF1EE10FA44BFC5
:1050E000F7EE007A30EE270ADFED227A20EE270A6B
:1050F000FCEEC07A17EE904A04F07F05C5F18006F9
:1051000003EB8606F8EE675AD6ED007AC5F17F0606
:1051100003EB860696ED006A03EB850696ED007AB2
:10512000D6ED016AE30930EE650A36EE676A76EE7F
:10513000C76A02FA03F313F00A0FE6EE007AA6EE4E
:10514000807A05D0F0EE476AB0EE677AF0EE667AC4
:1051500013F0060F18BFF1EE677A13F00C0F18BFAB
:10516000B1EE477A80ED007A70BCC1ED007A7047ED
:105170009CB601080000004410EE103A13F0FF4FF7
:1051800023F000410FD1C9B39FED1D7A1D481E4A7F
:1051900060EE077A17EE903A23F00041A0FB010180
:1051A00002EB510205E01748184AA0FB010102EB8F
:1051B000510203F00043134307EE903A27EEA77A1B
:1051C000F0EE006A27EE277AB0EE406AF0EE475A1A
:1051D000E0EE265AA7EE266A85EE867A67EE277AF3
:1051E00027EEA77A27EE277AB0EE476AA0EE266A66
:1051F000A7EE260A86EE007A27EE270A704700BF40
:105200000000804BABAAAAAAF2195126F219512A22
:1052100010EE103A002B1EDDC3F3160242F07C5252
:1052200007EE102ADFED0D6ADFED0D4A9FED0D5AF6
:105230009FED0D0ADFED0D5A77EE266A07EE903AE4
:1052400084EEA66AF8EEE77AA7EE850AA7EE650A6D
:1052500030EE460A70479FED060A70475643B43E4B
:10526000721A993F1872B133A836ACC2C4E4843FB5
:10527000000080FF10EE103A002B1EDDC3F3160273
:1052800042F07C5207EE102ADFED0D6ADFED0D4A89
:105290009FED0D5A9FED0D0ADFED0D5A77EE266A50
:1052A00007EE903A84EEA66AF8EEE77AA7EE850A52
:1052B000A7EE650A30EE460A70479FED060A704772
:1052C000F45AB43E0F4FA640C6A8C03441FABAC340
:1052D0009A4E9040000080FFF0EEE07AF5EE407AC2
:1052E000F1EE10FAB0EEC07A10EE902A10EE103AFD
:1052F00004D1B5EE407AF1EE10FA44D0F4EEC77A5C
:10530000F1EE10FA1CD5C7EE876ADFED204A9FED5B
:10531000205ADFED205A9FED206A9FED207A9FED05
:10532000200A66EEA67AA7EEA45AE5EE275AA5EE65
:10533000A76AA6EE277AF0EE477AA6EEC70A17E02C
:10534000C7EE276A9FED115ADFED115A9FED116AE2
:105350009FED117A9FED110A66EEA67AE7EE855A67
:10536000A7EEA56AA7EE867AA7EE870A20EE260AA0
:10537000002ABCBFDFED0B7A37EEC00A002B04DA3F
:10538000B1EE400A70479FED080A704709E0983F68
:1053900095219CC06B2825418B6697C109276542E2
:1053A0000000B4420000344300000000DFED147A36
:1053B00020EE270A10B4BDEEC00A43F2D14010EE31
:1053C000102A02F17E52C2F3CF11C1EBC10404EBEB
:1053D000C41400EBA43043F6DE5301FB00F003EBF2
:1053E000A04301FB03F39B13A3F59D33623B01FB39
:1053F00003F302EBE32200EE102A5DF8044B704742
:105400003BAA384B30B501390024A24201D100201B
:1054100005E0035D01340D5DAB42F6D0581B30BD95
:105420000A44914200F1FF3300D1704710B511F8E2
:10543000014B03F8014F9142F9D110BD02440346DC
:10544000934200D1704703F8011BF9E7C9B2034644
:1054500010F8012B1AB18A42F9D118467047002979
:0654600018BF0023F9E76C
:1054680065F400087DF1000819F60008E1F4000869
:1054780000000000E0010000400100001C94002032
:10548800000000001C8F00205C8B002065F40008E1
:105498007DF1000819F60008E1F40008000000009A
:1054A800E0010000400100001C94002020000000E2
:1054B8001C8F00205C8B002047656F6D004172696E
:1054C800746800005553420053455249414C00004E
:1054D800444F5420272E2700434F4D4D4120272C61
:1054E80027000000424D5000544946460000000085
:1054F8007CB90108649B0020649B0020649B002009
:105508007CB9010800000000000000000000000055
:105518007CB9010800000000000000000000000045
:105528007CB9010800000000000000000000000035
:105538007CB90108000000100000001048000010AD
:105548007CB9010800000000000000000000000015
:105558007CB9010800000000000000000000000005
:105568007CB90108000000000000000000000000F5
:105578006D61696E0000000098550108D80300208D
:105588001005002001000000990C00080000000030
:1055980069646C6500000000737461636B206F764A
:1055A8006572666C6F7700002518000819180008E6
:1055B8000D18000801180008000000000000000095
:1055C80000000000000000004D1900084119000803
:1055D8002519000819190008000000000000000043
:1055E80000000000000000000000000001000000B2
:1055F8000000000000000000B51C0008B11E0008F3
:10560800351F000840004000A8060020A80600201A
:10561800206B4D475450455A59000000286E756C50
:105628006C290000010000000A000000640000006E
:10563800E803000010270000A086010040420F0088
:105648008096980000E1F50500CA9A3B6D1D6E70C2
:1056580066617A7900000000000000000000000088
:1056680011280008000000008081828384858687D5
:1056780088898A8B8C8D8E8F90919293949596972A
:1056880098999A9B9C9D9E9F80818283848586871A
:1056980088898A8B8C8D8E8FB0B1B2B3B4B5B6B70A
:1056A800B8B9BABBBCBDBEBFC0C1C2C3C4C5C6C7FA
:1056B800C8C9CACBCCCDCECFD0D1D2D3D4D5D6D7EA
:1056C800D8D9DADBDCDDDEDF90919293949596975A
:1056D80098999A9B9C9D9E9FF0F0F2F2F4F4F6F64E
:1056E800F8F9FAFBFCFDFEFF01030507090E10128D
:1056F8001416181C1EEB769045584641542020205D
:10570800004641543332202020002A3A3C3E7C2275
:105718003F7F002B2C3B3D5B5D00000061001A03BE
:10572800E0001703F8000703FF00010078010001FB
:10573800300132010601390110014A012E017901B7
:10574800060180014D00430281018201820184012A
:10575800840186018701870189018A018B018B01F8
:105768008D018E018F0190019101910193019401A6
:10577800F60196019701980198013D029B019C0151
:105788009D0120029F01A001A001A201A201A40184
:10579800A401A601A701A701A901AA01AB01AC01B7
:1057A800AC01AE01AF01AF01B101B201B301B30168
:1057B800B501B501B701B801B801BA01BB01BC0117
:1057C800BC01BE01F701C001C101C201C301C4018E
:1057D800C501C401C701C801C701CA01CB01CA017B
:1057E800CD011001DD0101008E01DE011201F3017E
:1057F8000300F101F401F401F80128012202120169
:105808003A020900652C3B023B023D02662C3F022E
:1058180040024102410246020A015302400081014E
:105828008601550289018A0158028F015A029001A6
:105838005C025D025E025F029301610262029401F2
:105848006402650266026702970196016A02622C89
:105858006C026D026E029C01700271029D0173025E
:1058680074029F0176027702780279027A027B023B
:105878007C02642C7E027F02A60181028202A901B9
:105888008402850286028702AE014402B101B20198
:1058980045028D028E028F0290029102B7017B03AE
:1058A8000300FD03FE03FF03AC0304008603880323
:1058B80089038A03B1031103C2030200A303A303EC
:1058C800C4030803CC0303008C038E038F03D8039F
:1058D8001801F2030A00F903F303F403F503F603CE
:1058E800F703F703F903FA03FA033004200350041B
:1058F8001007600422018A043601C1040E01CF0496
:105908000100C004D0044401610526040000000021
:105918007D1D0100632C001E9601A01E5A01001F68
:105928000806101F0606201F0806301F0806401F1D
:105938000606511F0700591F521F5B1F541F5D1F8A
:10594800561F5F1F601F0806701F0E00BA1FBB1F7F
:10595800C81FC91FCA1FCB1FDA1FDB1FF81FF91F7B
:10596800EA1FEB1FFA1FFB1F801F0806901F08067F
:10597800A01F0806B01F0400B81FB91FB21FBC1F24
:10598800CC1F0100C31FD01F0206E01F0206E51F3F
:105998000100EC1FF31F0100FC1F4E210100322102
:1059A80070211002842101008321D0241A05302C93
:1059B8002F04602C0201672C0601752C0201802C33
:1059C8006401002D260841FF1A0300001004110489
:1059D80012041304140415041604170418041904F3
:1059E8001A041B041C041D041E041F0420042104A3
:1059F8002204230424042504260427042804290453
:105A08002A042B042C042D042E042F043004310402
:105A180032043304340435043604370438043904B2
:105A28003A043B043C043D043E043F04912592257E
:105A380093250225242561256225562555256325AC
:105A4800512557255D255C255B2510251425342512
:105A58002C251C2500253C255E255F255A25542527
:105A680069256625602550256C25672568256425E8
:105A7800652559255825522553256B256A2518254E
:105A88000C25882584258C259025802540044104F3
:105A980042044304440445044604470448044904B2
:105AA8004A044B044C044D044E044F0401045104B1
:105AB80004045404070457040E045E04B0001922B9
:105AC800B7001A221621A400A025A0000FF03FFC61
:105AD8007FFE7C3EF81FF00FF00FF00FF00FF00F75
:105AE800F00FF00FF00FF00FF00FF00FF00FF81F9E
:105AF8007C3E7FFE3FFC0FF000F001F003F007F062
:105B08000FF00FF00EF00CF000F000F000F000F0D5
:105B180000F000F000F000F000F000F000F003FCEE
:105B280003FC03FC0FF03FFC7FFE7C3EF81FF00FE8
:105B3800F00F001F003F007E00FC01F803F007E0B3
:105B48000FC01F803F007E00FC00FFFFFFFFFFFF2C
:105B58000FF03FFC7FFE7C3EF81FF00FF00F001E99
:105B6800003E01FC01F801FC007E001F000FF00F51
:105B7800F00FF81F7C3E7FFE3FFC0FF001F801F8A4
:105B880003F803F807F807F80FF80F781F781E785E
:105B98003E783C787C787878F878FFFFFFFFFFFF45
:105BA8000078007800780078FFFFFFFFFFFFF00023
:105BB800F000F000F000F7F0FFFCFFFEFC3EF81FDD
:105BC800000F000F000F000FF00FF81F7C3E7FFE44
:105BD8003FFC0FF00FF03FFC7FFE7C3EF81FF00FFC
:105BE800F000F000F7F0FFFCFFFEFC3EF81FF00F9E
:105BF800F00FF00FF00FF81F7C3E7FFE3FFC0FF018
:105C0800FFFFFFFFFFFF001F003E007C00F801F0D0
:105C180001E003E003C007C0078007800F800F0082
:105C28000F000F000F000F000F000F0007E01FF814
:105C38003FFC7C3E781E781E781E3C3C1FF80FF017
:105C48003FFC7C3E781EF00FF00FF00FF00FF81FAE
:105C58007C3E7FFE3FFC0FF00FF03FFC7FFE7C3E5A
:105C6800F81FF00FF00FF00FF00FF81F7C3F7FFFC9
:105C78003FFF0FFF000F000FF00FF81F7C3E7FFE65
:105C88003FFC0FF0000000000000000000000000D2
:105C980000000000000000000000000000000000FC
:105CA800000000000000038007C007C00380000058
:105CB80000000000000000000000000000000000DC
:105CC800000000003FFC3FFC3FFC3FFC00000000E0
:105CD80000000000000000000000000000000000BC
:105CE800004000C001C003C007C00FFF1FFF3FFFF7
:105CF8007FFFFFFF7FFF3FFF1FFF0FFF07C003C0AE
:105D080001C000C000400000F000F000F000F0000A
:105D1800F000F000F03EF07CF0F8F1F0F3E0F7C0AE
:105D2800FF80FF00FF00FF80F7C0F3E0F1F0F0F81C
:105D3800F07CF03EF00FF00FF81FF81FFC3FFC3F1F
:105D4800FE7FFE7FFFFFFFFFFFFFFFFFF7EFF7EF8D
:105D5800F3CFF3CFF18FF18FF00FF00FF00FF00FBB
:105D68000FF03FFC7FFE7C3EF81FF00FF00FF00FA6
:105D7800F000F000F000F000F03FF03FF03FF007D7
:105D8800F00FF81F7C3F7FFF3FF70FE70000000090
:105D9800000000000000000000000000EE1CFF3EB4
:105DA800FFFFFFFFF3CFF3CFF3CFF3CFF3CFF3CF63
:105DB800F3CFF3CFF3CFF3CF0000000000000000D3
:105DC80000000000F01EF01EF01EF01EF01EF01E77
:105DD800F01EF01EF83EFC7EFFFEFFFFF7CFF387B4
:105DE800F000F000000000000000000000000000CB
:105DF80000000000F1F0F7FCFFFEFE3EFC1FF80F6C
:105E0800F00FF00FF00FF00FF00FF00FF00FF00F92
:105E1800000000000000000000000000F3F0F7FCA4
:105E2800FFFEFE1FFC0FF807F807F807FC0FFE1F20
:105E3800FFFEF7FCF3F0F000F000F00000030007AD
:105E4800000F001F003F007F000F000F000F60CF02
:105E5800F1EF7BCF3F8F1F0F1F0F3F8F7BCFF1EFEE
:105E680060CF000F000F000FF45F8644F54484C430
:105E7800F44400000000000F000F000F000F000F97
:105E8800000F000F180F380F7FFFFFFFFFFF7FFF86
:105E98003800180000003C007E00E703C307C30F6A
:105EA800E71E7E3C3C7800F001E003C007800F004D
:105EB8001E3C3C7E78E7F0C3E0C3C0E7007E003CB0
:105EC800000606062666FEFE602000001010383820
:105ED8006C6CC6C6FE000280C0E0F0F8F0E0C0803E
:105EE8000000006EDB919989DB760000000010301D
:105EF80060FEFE60301000000010180CFEFE0C184A
:105F0800100001000000FC6C6C6CECCC0000000080
:105F180000C6C6C6C6EED6C0007CC6C6C6C6C66C17
:105F28006CEE000270D8D870000000000000040079
:105F38000000000000000000000460606060606015
:105F48000060600002D8D8D80000000000000002FD
:105F58005050F8F850F8F850500000307CB0B07845
:105F68003434F830006092966C18306CD2920C0081
:105F78000070D8D87072DCCCDC720003E0E060C03E
:105F880000000000000003306060C0C0C0606030E6
:105F98000003C060603030306060C0000100002045
:105FA800A870A8200000000100003030FCFC303050
:105FB80000000400000000000040E060C001000094
:105FC8000000FCFC0000000004000000000000408D
:105FD800E04000010C0C1818306060C0C000017867
:105FE800CCCCDCECCCCCCC7800013070B03030308C
:105FF8003030FC000178CCCC0C3860C0C0FC00010B
:1060080078CCCC0C380CCCCC7800010C1C3C6CCC7B
:10601800CCFC0C0C0001FCC0C0F8CC0C0CCC7800FB
:106028000178CCC0C0F8CCCCCC780001FC0C0C18A2
:106038001830306060000178CCCCCC78CCCCCC78EF
:10604800000178CCCCCC7C0C0CCC7800040040E06F
:10605800400040E0400000040040E0400040E040D4
:106068008000010C183060C06030180C000100007E
:1060780000FC0000FC00000001C06030180C183063
:1060880060C0000178CCCC0C1830003030000178AA
:106098008C8CBCACB8808C78000178CCCCCCFCCC97
:1060A800CCCCCC0001F8CCCCCCF8CCCCCCF80001D2
:1060B80078CCCCC0C0C0CCCC780001F8CCCCCCCC4F
:1060C800CCCCCCF80001FCC0C0C0F8C0C0C0FC00FB
:1060D80001FCC0C0C0F8C0C0C0C0000178CCCCC0B2
:1060E800C0DCCCDC6C0001CCCCCCCCFCCCCCCCCC9B
:1060F8000003F060606060606060F000010C0C0CF0
:106108000C0C0C0CCC780001CCCCCCD8F0D8CCCC76
:10611800CC0001C0C0C0C0C0C0C0C0FC0000C6C622
:10612800EEEED6D6D6C6C60001CCCCECECFCDCDC58
:10613800CCCC000178CCCCCCCCCCCCCC780001F841
:10614800CCCCCCF8C0C0C0C0000178CCCCCCCCCC76
:10615800ECDC780C01F8CCCCCCF8D8CCCCCC000159
:1061680078CCCC603018CCCC780001FCB43030301E
:10617800303030300001CCCCCCCCCCCCCCCC78007E
:1061880000C6C6C66C6C6C3838100000C6C6C6D6C9
:10619800D6D6D6FE6C0001CCCCCC483048CCCCCC82
:1061A8000001CCCCCCCC78303030300001FC0C0C69
:1061B800183060C0C0FC0003F0C0C0C0C0C0C0C080
:1061C800F00001C0C060603018180C0C0003F030FB
:1061D800303030303030F000013078CC84000000AE
:1061E800000000010000000000000000FCFC03C0EB
:1061F80060300000000000000001000000780C7C06
:10620800CCCC7C0001C0C0C0D8ECCCCCECD8000110
:1062180000000078CCC0C0CC7800010C0C0C6CDC01
:10622800CCCCDC6C000100000078CCFCC0CC780041
:1062380001386C6060F0606060600001000000740C
:10624800CCCCCC7C0C7801C0C0C0D8ECCCCCCCCCAD
:106258000003606000E060606060F000010C0C000A
:106268000C0C0C0C0CCC7801C0C0C0CCD8F0F0D809
:10627800CC00017030303030303030FC000000008D
:1062880000ECFED6D6D6D60001000000D8ECCCCC67
:10629800CCCC000100000078CCCCCCCC780001003C
:1062A8000000D8ECCCCCF8C0C0010000006CDCCCFD
:1062B800CC7C0C0C01000000D8ECC0C0C0C00001B0
:1062C80000000078CC6018CC780001006060F860AD
:1062D80060606C380001000000CCCCCCCCDC6C00D9
:1062E80001000000CCCC484830300000000000C657
:1062F800C6D6D6FE6C0001000000CC48303048CC31
:106308000001000000CCCCCC7C0CCC780100000053
:10631800FC0C1860C0FC000238606060C0606060FF
:106328003800036060606060606060600002E030B8
:10633800303018303030E0000164FC980000000074
:10634800000000000200000000000000A91A000878
:10635800091B000840004000AC080020B8080020D5
:106368000300000000000000451B000800000000BA
:1063780010000000C40800200000000024060020CF
:10638800010102007D580008395900081D1A00084B
:106398006158000843000000A46301080902430093
:1063A800020100C0FA0904000001020200000524ED
:1063B800001001052401000104240202052406003E
:1063C80001070582030800FF09040100020A000012
:1063D8000007050102400000070581024000000097
:1063E80012000000F06301081201100102000040D1
:1063F800830440570002010203010000040309045A
:1064080018036E0061006E006F0076006E00610078
:106418002E0063006F006D0016034E0061006E00D1
:106428006F0056004E0041002D0048003400000067
:106438000803340030003000040000000464010840
:106448001800000008640108160000002064010814
:106458000800000038640108312E322E35382D73BB
:10646800670000007363616E00000000746F6F20A6
:106478006D616E7920617267756D656E74732C201D
:106488006D617820340D0A00082008000100FFFE25
:10649800000002009FFE010004009FFE02000800A9
:1064A8007FFE03011000FFFE0401000062616E64BC
:1064B800776964746820256420282575487A290D31
:1064C8000A0000002573200075736167653A206330
:1064D800616C205B25735D0D0A0000006C6F6164C0
:1064E8007C6F70656E7C73686F72747C746872758B
:1064F8007C69736F6C6E7C646F6E657C6F6E7C6F8D
:1065080066667C7265736574000000007573616768
:10651800653A20636C656172636F6E666967207B9C
:1065280070726F74656374696F6E206B65797D0D29
:106538000A00000031323334000000004B65792036
:10654800756E6D6174636865642E0D0A0000000045
:10655800436F6E66696720616E6420616C6C2063AE
:10656800616C206461746120636C65617265642E7E
:106578000D0A446F207265736574206D616E7561D4
:106588006C6C7920746F2074616B65206566666534
:1065980063742E205468656E20646F20746F756371
:1065A800682063616C20616E6420736176652E0DCE
:1065B8000A00000075736167653A20636F6C6F723B
:1065C800207B69647D207B72676232347D0D0A000E
:1065D800202532643A203078253036780D0A0000BC
:1065E80075736167653A20636F6E666967207B25FE
:1065F800737D205B307C315D0D0A00007573616727
:10660800653A2064617461205B61727261795D0D25
:106618000A00000025662025660D0A00253664203C
:10662800000000007331317C733231006F6E7C6F73
:106638006666000075736167653A20667265712049
:106648007B6672657175656E637928487A297D0D58
:106658000A000000436F6D6D616E64733A000000BC
:10666800202573004E616E6F564E412C4E616E6F41
:10667800564E412D4820342C25732C25730D0A00C5
:1066880025642025642025750D0A00006D61726B54
:106698006572205B6E5D205B25737C7B696E64652B
:1066A800787D5D0D0A0000006F6E7C6F66660000E5
:1066B8006C696E7C6C6F677C72697C72787C726CBA
:1066C800637C67627C676C637C727078707C7270C4
:1066D8006C637C727873687C726C6373687C7278A4
:1066E8007365727C726C63736572000075736167A1
:1066F800653A206D656173757265207B25737D0D24
:106708000A0000006E6F6E657C6C637C6C63736856
:10671800756E747C6C637365726965737C7874617B
:106728006C7C66696C7465727C6361626C657C7292
:1067380065736F6E616E6365000000006175746F4C
:106748007C6176677C636F6E6E656374696F6E7C5F
:106758006D6F64657C677269647C646F747C626B5E
:106768007C666C69707C736570617261746F727C31
:106778007469660075736167653A206D7367206494
:10678800656C6179205B746578745D205B68656110
:106798006465725D0D0A00006F6666736574207B20
:1067A8006672657175656E6379206F666673657468
:1067B80028487A297D00000075736167653A207062
:1067C8006F776572207B302D337D7C7B32353520A9
:1067D8002D206175746F7D0D0A706F7765723A2090
:1067E80025640D0A000000004572722C206465665D
:1067F80061756C74206C6F61640D0A007265636169
:106808006C6C000064667500506572666F726D6925
:106818006E6720726573657420746F204446552036
:106828006D6F64650D0A0000506572666F726D6960
:106838006E672072657365740D0A00007361766572
:106848000000000075736167653A20257320302EBB
:106858002E25640D0A000000436F6E666967207379
:10686800617665640D0A00007363616C657C72650E
:1068780066706F730000000075736167653A207376
:1068880063616E207B737461727428487A297D2055
:106898007B73746F7028487A297D205B706F696EEE
:1068A80074735D205B6F75746D61736B5D0D0A00A9
:1068B8006672657175656E63792072616E676520B1
:1068C800697320696E76616C69640D0A00000000C6
:1068D800737765657020706F696E7473206578636F
:1068E800656564732072616E6765203430310D0A06
:1068F8000000000025752000256620256620000080
:106908006572723A206E6F20636172640D0A00002E
:106918004F4B00006572720075736167653A2073AA
:10692800645F64656C657465207B66696C656E611F
:106938006D657D0D0A00000064656C6574653A201C
:1069480025732025730D0A002A2E2A0075736167A6
:10695800653A2073645F6C697374207B706174742A
:1069680065726E7D0D0A000025732025750D0A00DD
:1069780075736167653A2073645F72656164207B33
:1069880066696C656E616D657D0D0A006572723AA7
:10699800206E6F2066696C650D0A0000736D6F6F5D
:1069A8007468207B302D387D000000002575202577
:1069B800752025640D0A000075736167653A2073B8
:1069C80077656570207B737461727428487A297DB5
:1069D800205B73746F7028487A295D205B706F693B
:1069E8006E74735D0D0A097377656570207B257376
:1069F8007D207B6672657128487A297D0D0A000022
:106A08007463786F207B5443584F206672657175A4
:106A1800656E637928487A297D000000746872657C
:106A280073686F6C64207B6672657175656E6379D7
:106A380020696E206861726D6F6E6963206D6F6486
:106A4800657D000075736167653A2025730D0A63DB
:106A5800757272656E743A2025750D0A0000000083
:106A6800620000003230253032782F253032782FFE
:106A78002530327820253032783A253032783A2558
:106A88003032780D0A75736167653A2074696D65EF
:106A9800207B5B25735D20302D39397D206F722076
:106AA8007B6220307859594D4D444420307848480D
:106AB8004D4D53537D0D0A00666972737420746FCF
:106AC800756368207570706572206C6566742C201B
:106AD8007468656E206C6F77657220726967687478
:106AE8002E2E2E00646F6E650D0A746F7563682014
:106AF80063616C20706172616D733A202564202592
:106B0800642025642025640D0A00000025642025E2
:106B1800732025732025662025660D0A00000000D5
:106B2800616C6C006F6666002564202573202573F0
:106B38000D0A00007472616365207B307C317C3201
:106B48007C337C616C6C7D205B25735D205B73728C
:106B5800635D0D0A7472616365207B307C317C3221
:106B68007C337D205B25735D0D0A7472616365203B
:106B78007B307C317C327C337D207B25737D207B90
:106B880076616C75657D0D0A00000000757361679C
:106B9800653A207472616E73666F726D207B25731F
:106BA8007D205B2E2E2E5D0D0A0000006F6E7C6F1F
:106BB80066667C696D70756C73657C737465707CD2
:106BC80062616E64706173737C6D696E696D756DF9
:106BD8007C6E6F726D616C7C6D6178696D756D002E
:106BE8006C6F676D61677C70686173657C64656CE8
:106BF80061797C736D6974687C706F6C61727C6C90
:106C0800696E6561727C7377727C7265616C7C6990
:106C18006D61677C727C787C7A7C7A707C677C6238
:106C28007C797C72707C78707C63737C6C737C6319
:106C3800707C6C707C717C727365727C7873657221
:106C48007C7A7365727C7273687C7873687C7A73FB
:106C5800687C7132317C737772616E740000000059
:106C680053657269616C3A20257520626175640DFF
:106C78000A0000002564206D560D0A0025730D0AD0
:106C8800000000006C6401086574000803008C6F44
:106C98000108397700080300986F0108A167000808
:106CA8000000A06F0108397400080000AC6F0108EB
:106CB800756700080F00B46F0108957B00080F0086
:106CC800BC6F0108696800080800C46F01084567BF
:106CD80000080D00CC6F0108A96A00080800D86FE9
:106CE80001084D6600080400E06F0108D56500083A
:106CF8000700E86F0108596500080700F06F0108F0
:106D0800156500080700FC6F0108D9640008080031
:106D18000870010899640008080014700108D56318
:106D2800000803001C700108916300080300287024
:106D38000108555E0008030034700108055F00086B
:106D48000E003C7001081D7900080F00447001080E
:106D58005D6300080B0048700108C97E0008010047
:106D6800446801081D630008080004680108B17838
:106D780000080F004C7001080D81000808005470CD
:106D880001083579000808005C700108ED820008E8
:106D9800080064700108B9830008080070700108D1
:106DA80061690008070078700108E56200080F00B3
:106DB80080700108255D00080700887001082D5EB5
:106DC8000008070090700108015E0008070098702D
:106DD8000108CD6200080800A07001089D62000843
:106DE8000800A8700108496200080B00B07001088B
:106DF800156200080F0000700108D16100080F003B
:106E0800B8700108B98400080F00C4700108655DF6
:106E180000080F00CC700108A96100080800D870AC
:106E28000108FD6000080800E4700108CD60000852
:106E38000800F0700108916000080000F87001086F
:106E48006D6000080000007101085D600008000026
:106E5800087101084184000800001071010841848C
:106E68000008000018710108AD5F00080800000064
:106E780000000000000000000100270000000000E2
:106E880000004F0000000000000077000000000034
:106E980000009F00000000000000C7000000000084
:106EA8000000EF00000000000000170100000000D3
:106EB80000003F0100000000010000030000204125
:106EC8000000E04001000102000020410000E04015
:106ED800010300030000803F0000000001010102DF
:106EE8000000B442000080400605040201000000D2
:106EF800506F0108586F0108606F0108686F01083A
:106F0800706F0108786F01087C6F0108806F0108B5
:106F1800846F01080D0A4E616E6F564E412053680A
:106F2800656C6C0D0A00000063683E2000000000DC
:106F380025733F0D0A000000424DE00140010801A1
:106F480063683E200D0A00006C6F61640000000059
:106F58006F70656E0000000073686F727400000047
:106F6800746872750000000069736F6C6E00000031
:106F780045730000457200004574000063616C278A
:106F8800656400007363616E5F62696E00000000F3
:106F980064617461000000006672657175656E63F6
:106FA8006965730066726571000000007377656536
:106FB80070000000706F7765720000006F6666737E
:106FC8006574000062616E6477696474680000002B
:106FD80074696D650000000073645F6C6973740008
:106FE80073645F726561640073645F64656C657483
:106FF8006500000073617665636F6E6669670000FF
:10700800636C656172636F6E6669670064756D7045
:1070180000000000746F75636863616C0000000015
:10702800746F7563687465737400000070617573BC
:1070380065000000726573756D6500006D7367000B
:1070480063616C0074726163650000006D61726B4E
:10705800657200006564656C617900007332316F98
:10706800666673657400000063617074757265000C
:107078006D65617375726500726566726573680027
:10708800746F75636800000072656C6561736500F4
:1070980076626174000000007463786F000000007D
:1070A8007265736574000000736D6F6F746800001B
:1070B80075736172745F636667000000757361724F
:1070C80074000000766261745F6F666673657400B1
:1070D8007472616E73666F726D0000007468726519
:1070E80073686F6C6400000068656C7000000000D5
:1070F800696E666F0000000076657273696F6E00D6
:107108002A49444E3F0000002A69646E3F0000008F
:10711800636F6C6F720000005331310053323100DD
:10712800426F6172643A204E616E6F564E412D482F
:1071380020340000323031392D3230323420436F60
:107148007079726967687420404469536C6F72641F
:1071580020286261736564206F6E2040656479350C
:10716800353520736F757263652900004C69636556
:107178006E73656420756E6465722047504C2E00EE
:10718800202068747470733A2F2F67697468756269
:107198002E636F6D2F4469536C6F72642F4E616E4E
:1071A8006F564E412D440000446F6E617465207324
:1071B8007570706F72743A0020205765624D6F6E5B
:1071C80065793A205A3331333832323836393131E9
:1071D8003900000056657273696F6E3A20312E329D
:1071E8002E35382D7367205B703A3430312C2049A6
:1071F800463A31326B2C204144433A3338346B2CB5
:10720800204C63643A343830783332305D00000003
:107218004275696C642054696D653A204175672030
:1072280033302032303236202D2030383A30323A5E
:1072380035320000417263686974656374757265FC
:107248003A2041524D7637452D4D20436F726520C7
:1072580056617269616E743A20436F727465782D55
:107268004D344600506C6174666F726D3A20535409
:107278004D333246333033784320416E616C6F674B
:10728800202620445350000073746172747C737418
:107298006F707C63656E7465727C7370616E7C63FD
:1072A800777C737465707C7661720000797C6D7C84
:1072B800647C687C6D696E7C7365637C70706D003E
:1072C8002071010824710108220020090000000033
:1072D80000000000000000FFFFFF010090650000B3
:1072E8000110110000000100000E27070120110005
:1072F800000001000100000002041111000001005B
:107308000084D7170208532314140100002B0C2300
:10731800020653231414010003000000020453233F
:107328001E1E010005000000020475233C3C0100FC
:1073380007000000020497334B4BFC0009000000D3
:107348000204B933505A8C010B0000000204DB33ED
:107358005F5F100200000000000000FFFFFF010057
:1073680090650000010811000000010000E1F5052A
:10737800012011000000010080A4BF0702081111BC
:10738800000001000095BA0A020611110000010070
:10739800010000000204111100000100000B6B1B2A
:1073A8000206531128283C000046C3230204531147
:1073B80028283C00030000000204531332323C002A
:1073C800008C86470204752346468C0005000000A1
:1073D8000204752346468C0000D2496B0204973399
:1073E8004646FC0007000000020497334646FC00AE
:1073F80000180D8F0204B93355558C01090000009F
:107408000204B9335F5F8C010B0000000204CB3328
:107418005F5F100200000000000000FFFFFF010096
:10742800007D0000010611130000010080A4BF07C1
:1074380001281113000001000100000002041113CB
:1074480000000100002B0C230206531300003C002F
:10745800030000000204531300003C000500000074
:107468000204753300008C00070000000204973303
:107478002828FC00090000000204B93328288C01E0
:107488000B0000000204DB33282810025C7301089B
:10749800D87201081C740108108080802A323A00D2
:1074A8000203FF041080808002B7400203F8000046
:1074B8000000010104430591060C070B08400B82EC
:1074C8000C840D000E403C111282138414403D07B9
:1074D8001B4C1E880001010802010A333D00473297
:1074E8007B01341036100000374000100C000000FB
:1074F80037040004C0000000000051C2520000011F
:107508004C432D5345524945530000004F0002009B
:1075180053000400440001005200400053002000C2
:107528005400800074000800580010004500000452
:107538000000000000000000D9AF000800000000B3
:10754800048D01080C8D0108148D0108208D010897
:10755800288D0108308D01083C8D0108B4006801B0
:10756800C6028C054808180B9213000034004B0023
:1075780069009700B800D5001D0152007900B400D9
:10758800F60048018A010D02A100DF004801CB0185
:107598002E026F023403B8000D018A012E029002F8
:1075A80013031A046901EC01B102F903DF04A4050D
:1075B80090070000107F0108348F01083C8F0108F4
:1075C800448F01084C8F0108548F0108257320252A
:1075D8004625732F0000000025732025302E3166C4
:1075E800465300002520362E3346000018000000C0
:1075F8004D256400172571487A0000002571487AE6
:10760800000000001725642D25643A0025632571C4
:10761800487A0000254673202825466D2900000079
:107628004D25643A0000000025634564656C617966
:107638003A20254673202825466D290053323120EB
:107648006F66667365743A20252E334664420000DF
:10765800256325732025313571487A00435700008A
:10766800535441525400000053544F50000000003E
:1076780043454E54455200005350414E000000000F
:107688005354415254203073202020205646203D28
:10769800202564252500000053544F5020254673AB
:1076A800202825466D29000042573A2575487A203A
:1076B80025757000502563007325640043484F4BBF
:1076C800452028533231292020746172676574205F
:1076D800525F5320252E32461E2020666978747525
:1076E8007265202573006E6F2066697874757265FF
:1076F8003A20737765657020746865206F70656ED1
:10770800206A69672C2053544F52452046495854E3
:107718005552450066697874757265207374616C9A
:107728006520282573293A2072652D737765657061
:1077380020746865206F70656E206A69670053322F
:1077480031206E6F742063616C6962726174656464
:107758003A20544852552063616C2074686973203C
:107768007370616E2066697273740062616E64730F
:107778003A2073657420444953504C4159203E20A7
:107788005343414C45203E2048414D2042414E4400
:1077980053206669727374006E6F2068616D206291
:1077A800616E64207769746820332B20706F696E6E
:1077B800747320696E7369646520746865207377D3
:1077C800656570002533646D2052202D2D20286EAC
:1077D8006F69736520617420746865206E756C6CC0
:1077E800292020252E3371487A20204A4947002530
:1077F80033646D2052203E252E32461E20286A69A9
:1078080067206365696C696E67292020252E3371AE
:10781800487A20204A4947002533646D20522025A4
:107828002E32461E205820252B2E32461E20252E6D
:107838003371487A202573002E2E2E206D6F7265C5
:107848002062616E64733A206E6172726F77207481
:1078580068652073776565700062616E6473207770
:10786800697468203C3320706F696E747320736B81
:1078780069707065643A206D6F726520504F494E8B
:107888005453005A7065616B20252E32461E2061C4
:107898007420252E3371487A2028706172616C6CCF
:1078A800656C2072657329006E6F20706172616C5F
:1078B8006C656C207265736F6E616E636520696EAE
:1078C8007369646520746865207377656570006501
:1078D800766572792062616E64206973206A6967CF
:1078E8002D6C696D697465643A206265747465729B
:1078F800206A69672C206F72206E6F2044555400EF
:10790800776F727374202533646D205220252E32D0
:10791800461E20206A6967206365696C696E672066
:10792800746865726520252E32461E005245463A17
:10793800202533646D205220252E32461E201B2020
:10794800252E32461E005245463A202533646D20C6
:1079580073746F7265642052206973206A69672D99
:107968006C696D69746564005245463A20737461A8
:107978006C652028257329005820646F6D696E6135
:10798800746573206174202533646D3A20525F5307
:1079980020616C6F6E652069732074686520766558
:1079A8007264696374004C6F772D7369646500486D
:1079B8006967682D7061737300486967682D73691A
:1079C8006465004C6F772D706173730053323120FA
:1079D80046494C54455200663A20252E3646487A88
:1079E8002028254664422900427720282D256464F2
:1079F80042293A20252E3646487A00513A20254613
:107A08000066282D2564293A00526F6C6C3A004CA8
:107A18002F43206D6174636820666F7220736F75E1
:107A2800726365205A30203D2025302E31661E00B5
:107A38004E6F204C43206D6174636820666F72201E
:107A480074686973004E6F206E65656420666F7296
:107A5800204C43206D61746368005372632073681F
:107A6800756E7400536572696573004C6F616420AC
:107A78007368756E7400533131204341424C4500A0
:107A88005A30203D2025461E005646203D20252EF2
:107A98003266252520284C656E677468203D2025B0
:107AA800466D29004C656E677468203D2025466D3B
:107AB800202856463D2564252529004C6F737320E0
:107AC8003D202546644220617420252E3446487A9C
:107AD80000417474203D20254664422F3130306DBA
:107AE80020617420252E3446487A005331312052C3
:107AF80045534F4E414E4345005245463A2017667E
:107B08003020252B2E3346487A005245463A206EBF
:107B18006F20583D3020696E2072656600524546D8
:107B28003A207374616C6520282573206368616E40
:107B380067656429005245463A206E6F6E65004EAF
:107B48006F7420666F756E64002571487A2C202545
:107B580046252B6A461E0053313120535752204286
:107B6800570066303A20252E3646487A2028535743
:107B78005220252E3266290025643A312020252EF0
:107B88003446202D20252E3446487A20204277205E
:107B9800252E3346487A0025643A312020656467EB
:107BA80065206F666620737765657000513A2025F9
:107BB8002E316600513A202D2D2D00254664422F86
:107BC80064656300254664422F6F63740046733D05
:107BD8002571487A004C6D3D2546482020436D3D6F
:107BE8002546462020526D3D25461E00513D252E36
:107BF80033660046703D2571487A202017463D259A
:107C0800640043703D2546460020706572206C650F
:107C1800670048494748004C4F570053484F525453
:107C2800004C4F4E47005B6C6F616465643F5D00BC
:107C38005B6D656173757265645D00414444005213
:107C4800454D4F56450054554E453A2073657420AE
:107C58005441524745540054554E45202074617292
:107C680067657420252E3371487A202025730054C7
:107C78004152474554206F75747369646520636188
:107C88006C20252E33712D252E33713A20726563B1
:107C9800616C696272617465006E6F20646970203E
:107CA800696E736964652073776565703A207769D2
:107CB80064656E206F72206D6F7665207370616EDB
:107CC8000066285357526D696E2920252E344620A8
:107CD800206628583D302920252E34462020522061
:107CE800252E33461E0066285357526D696E29208B
:107CF800252E344620206E6F20583D3020205220FB
:107D0800252E33461E00583D3020213D2053575222
:107D18006D696E3A207468726F756768206C696E59
:107D2800652C206F72205220213D2035300053579A
:107D38005220252E326620205357524074617267B4
:107D4800657420252E32662020323A312042572091
:107D5800252E3346487A0053575220252E32662066
:107D6800205357524074617267657420252E32661D
:107D7800202042573A2072652D737765657000534D
:107D8800575220252E326620205357524074617274
:107D9800676574202D2D2020323A31204257202546
:107DA8002E3346487A0053575220252E326620201B
:107DB80053575240746172676574202D2D202042FC
:107DC800573A2072652D73776565700066302025F7
:107DD8002E3346487A202573201B20656C656D6517
:107DE8006E7420252E3166252520257300252E3218
:107DF80046487A2F636D201B20257320252E334695
:107E08006D257320257300257320252E33466D2597
:107E180073205B617373756D656420252E32466D22
:107E28005D00257320776972652C2053544F5245A5
:107E3800205245462C2072652D7377656570206643
:107E48006F72206B487A2F636D005245463A2017AF
:107E5800663020252B2E3346487A20666F6C642CBA
:107E68002072652D73776565702C20637574207298
:107E7800707420252E3366005245463A2017663026
:107E880020252B2E3346487A20666F6C642C20728E
:107E9800652D73776565702C2063757400524546AF
:107EA8003A207374616C65202825732920666F6CED
:107EB800642066697273742C2072652D737765650A
:107EC800702C207468656E20637574005245463ABC
:107ED800206E6F6E652020666F6C64206669727311
:107EE800742C2072652D73776565702C2074686515
:107EF8006E20637574000000000040400000C04020
:107F0800000020410000A0414D414E55414C000069
:107F180041444D495400000014120200481A02005E
:107F2800C0330700184F070040771B00389C1C001F
:107F3800E067350020753800009E3900C0FB390025
:107F4800C0CF6A00A0636F00201D9A0070E09A00FD
:107F5800809FD500B0F6DA0020B21301C0381501B1
:107F6800406F4001104D470190CA7B0130517D019F
:107F7800003FAB01A02FC50180F0FA0280F937035A
:107F880000449508004DD2088047A1198074D21A80
:107F980000E6E849006D7C4D14120200481A020000
:107FA800C0330700184F070040771B0080841E006D
:107FB800E067350000093D0044565100C07E52007C
:107FC800C0CF6A00A0636F00201D9A0070E09A007D
:107FD800809FD500B0F6DA0020B21301C038150131
:107FE800406F4001104D470190CA7B0130517D011F
:107FF800003FAB01A02FC50180F0FA0280F93703DA
:1080080000449508004DD20880733B0D403A690D35
:108018008047A1198074D21A806DC3350028503763
:1080280000E6E849006D7C4D14120200481A02006F
:10803800C0330700184F0700509E1B0080841E00A5
:10804800E0673500C0FB39004CA85100E4E251005C
:10805800C0CF6A0000DD6D00201D9A0070E09A0014
:10806800809FD500B0F6DA0020B21301C0381501A0
:10807800406F4001104D470190CA7B0130517D018E
:10808800003FAB01A02FC50180F0FA02007519036B
:108098000044950880C8B3088047A11900DE391A42
:1080A80000E6E849006D7C4D14120200481A0200EF
:1080B800C0330700184F0700509E1B0080841E0025
:1080C800E0673500C0FB39004CA85100E4E25100DC
:1080D800C0CF6A0000DD6D00201D9A0070E09A0094
:1080E800809FD500B0F6DA0020B21301C038150120
:1080F800406F4001104D470190CA7B0130517D010E
:10810800003FAB01A02FC50180F0FA0200751903EA
:10811800801D2C04A0BE33040044950880C8B30811
:108128008047A11900DE391A00E6E849006D7C4D48
:1081380014120200481A0200C0330700184F070043
:1081480040771B0080841E00E067350000093D0071
:1081580044565100C07E5200C0CF6A00A0636F0031
:10816800201D9A0070E09A00809FD500B0F6DA00D2
:1081780020B21301C0381501406F4001104D47016E
:1081880090CA7B0130517D01003FAB01A02FC50192
:1081980080F0FA0280F9370300449508004DD208B0
:1081A80080733B0D403A690D00B108198074D21AEA
:1081B800806DC3350028503700E6E849006D7C4DD6
:1081C80014120200481A0200C0330700184F0700B3
:1081D80040771B0080841E00E067350060823B000A
:1081E8004CA85100E4E25100C0CF6A0000DD6D00E8
:1081F800201D9A0070E09A00809FD500B0F6DA0042
:1082080020B21301C0381501406F4001104D4701DD
:1082180090CA7B0130517D01003FAB01A02FC50101
:1082280080F0FA0280F9370300449508004DD2081F
:108238008047A11900DE391A00E6E849006D7C4D37
:1082480014120200481A0200C0330700184F070032
:1082580040771B00509E1B00E8D81B00389C1C0070
:10826800E067350060A03600B0E0370058423800BB
:10827800F07C3800A0B33800E82439009086390033
:1082880098D83900480F3A00C0CF6A0000DD6D0069
:10829800201D9A0070E09A00809FD500B0F6DA00A1
:1082A80020B21301C0381501406F4001104D47013D
:1082B80090CA7B0130517D01003FAB01A02FC50161
:1082C80080F0FA0280F937030044950880C8B308A3
:1082D8008047A11900DE391A00131A4B006D7C4D36
:1082E80014120200481A0200C0330700184F070092
:1082F800509E1B0080841E00E0673500C0FB3900DB
:10830800043D5000247F5200C0CF6A0000DD6D009C
:10831800201D9A0070E09A00809FD500B0F6DA0020
:1083280020B21301C0381501406F4001104D4701BC
:1083380090CA7B0130517D01003FAB01A02FC501E0
:1083480080F0FA0200751903801D2C04A0BE3304C6
:108358000044950880C8B3088047A11900DE391A7F
:1083680000E6E84940E5F94E14120200481A0200F6
:10837800C0330700184F070040771B0080841E0099
:10838800E067350000093D0044565100C07E5200A8
:10839800C0CF6A00A0636F00201D9A0070E09A00A9
:1083A800809FD500B0F6DA0020B21301C03815015D
:1083B800406F4001104D470190CA7B0130517D014B
:1083C800003FAB01A02FC50180F0FA0280F9370306
:1083D80000449508004DD20880733B0D403A690D62
:1083E80000B108198074D21A806DC335002850373F
:1083F80000E6E849006D7C4D010203020201010319
:1084080003000000608F0108B0800108110000001F
:10841800688F01083881010812000000708F010878
:10842800C881010810000000788F010870830108D6
:10843800120000007C8F0108A07F010812000000D4
:10844800848F0108E882010811000000888F010864
:108458003080010810000000908F01084882010850
:1084680014000000988F0108207F01081000000008
:10847800FB00051F06400000988401082100000049
:10848800248601081F0000009887010821000000C9
:1084980014120200B818020000000000B818020008
:1084A800481A020001000000C0330700783F0700A7
:1084B80000000000783F0700184F07000100000087
:1084C800509E1B00B00B1C0000000000B00B1C00ED
:1084D800381F1C0001000000381F1C0080841E008B
:1084E80002000000E0673500507936000000000007
:1084F8005079360080EE36000100000080EE36002C
:10850800C0FB3900020000004CA8510010B2510015
:108518000000000010B25100F0E05100020000001D
:10852800F0E05100E4E2510001000000C0CF6A0011
:10853800006C6B0000000000006C6B0010936B0077
:108548000100000010936B0000DD6D0002000000C8
:10855800201D9A0050929A000000000050929A0044
:1085680070E09A0001000000809FD500F0B0D600AE
:1085780000000000F0B0D600082AD7000100000073
:10858800082AD700B0F6DA000200000020B2130172
:10859800981B140100000000981B1401185A1401BC
:1085A80001000000185A1401C0381501020000002B
:1085B800406F4001B080410100000000B0804101DF
:1085C80018BD42010100000018BD4201104D4701CD
:1085D8000200000090CA7B01382C7C0100000000DA
:1085E800382C7C01B86A7C0101000000B86A7C0163
:1085F80030517D0102000000003FAB017050AC011A
:10860800000000007050AC01E8ADAE0101000000B0
:10861800E8ADAE01A02FC50102000000141202004F
:10862800B818020000000000B8180200481A02003A
:1086380001000000C0330700783F07000000000079
:10864800783F0700184F07000100000040771B0023
:10865800509E1B0001000000509E1B0080131C0050
:108668000000000080131C0080841E00020000002F
:10867800E067350050793600000000005079360078
:1086880080EE36000100000080EE360000093D0053
:108698000200000044565100C07E52000200000053
:1086A800C0CF6A00006C6B0000000000006C6B001B
:1086B800B8776B0001000000B8776B00A0636F000B
:1086C80002000000201D9A0050929A00000000004D
:1086D80050929A0070E09A0001000000809FD50037
:1086E800F0B0D60000000000F0B0D600082AD7008D
:1086F80001000000082AD700B0F6DA0002000000E6
:1087080020B21301981B140100000000981B1401EB
:10871800185A140101000000185A1401C038150134
:1087280002000000406F4001B080410100000000DD
:10873800B080410118BD42010100000018BD42018E
:10874800104D47010200000090CA7B01382C7C01C3
:1087580000000000382C7C01B86A7C010100000090
:10876800B86A7C0130517D0102000000003FAB0176
:108778007050AC01000000007050AC01E0D2AF01B5
:1087880001000000E0D2AF01A02FC50102000000E7
:1087980014120200B818020000000000B818020005
:1087A800481A020001000000C0330700783F0700A4
:1087B80000000000783F0700184F07000100000084
:1087C80040771B00B00B1C0000000000B00B1C0021
:1087D800381F1C0001000000381F1C0080841E0088
:1087E80002000000E0673500507936000000000004
:1087F8005079360080EE36000100000080EE360029
:1088080060823B00020000004CA8510010B25100E9
:108818000000000010B25100F0E05100020000001A
:10882800F0E05100E4E2510001000000C0CF6A000E
:1088380068316B000000000068316B0078586B00ED
:108848000100000078586B0000DD6D000200000098
:10885800201D9A0050929A000000000050929A0041
:1088680070E09A0001000000809FD500F0B0D600AB
:1088780000000000F0B0D600082AD7000100000070
:10888800082AD700B0F6DA000200000020B213016F
:10889800981B140100000000981B1401185A1401B9
:1088A80001000000185A1401C03815010200000028
:1088B800406F4001B080410100000000B0804101DC
:1088C80018BD42010100000018BD4201104D4701CA
:1088D8000200000090CA7B01382C7C0100000000D7
:1088E800382C7C01B86A7C0101000000B86A7C0160
:1088F80030517D0102000000003FAB017050AC0117
:10890800000000007050AC01E0D2AF01010000008F
:10891800E0D2AF01A02FC5010200000025342E329D
:108928004625630000007FC07FC07FC07FC07FC036
:108938007FC07FC07FC07FC03F801F000E00040043
:1089480004000E001F003F807FC07FC07FC07FC033
:108958007FC07FC07FC07FC07FC00000FFE0802055
:1089680086208E20962086208620862086208620B7
:108978004F40208011000A000A0011002080464064
:108988008E209620862086208620862086208F208E
:108998008020FFE0FFE080208F2099A099A081A08F
:1089A80083208E20982098205F40208011000A00A4
:1089B8000A00110020804F4099A099A081A083202F
:1089C8008E20982098209FA08020FFE0FFE0802044
:1089D8009F20B1A0B1A081A0872081A0B1A0B1A0A3
:1089E8005F40208011000A000A00110020805F40CB
:1089F800B1A0B1A081A0872081A0B1A0B1A09F2083
:108A08008020FFE0FFE08020832087208F209B20AC
:108A1800B320B320BFA083204340208011000A0068
:108A28000A0011002080434087208F209B20B3201C
:108A3800B320BFA0832083208020FFE0FFE08020B8
:108A4800BFA0B020B020BF20B1A081A081A0B1A05C
:108A58005F40208011000A000A0011002080404079
:108A6800BFA0B020BF20B1A081A081A0B1A09F204D
:108A78008020FFE0FFE080209F20B1A0B020B72039
:108A8800B9A0B1A0B1A0B1A05F40208011000A0038
:108A98000A00110020805F40B1A0B020B720B9A023
:108AA800B1A0B1A0B1A09F208020FFE0FFE080200E
:108AB800BFA0B1A081A0832086208C208C208C2090
:108AC8004C40208011000A000A001100208040401C
:108AD800BFA0B1A081A0832086208C208C208C2070
:108AE8008020FFE0FFE080209F20B1A0B1A09F2060
:108AF800B1A0B1A0B1A0B1A05F40208011000A00D0
:108B08000A00110020805F40B1A0B1A09F20B1A051
:108B1800B1A0B1A0B1A09F208020FFE0648D010822
:108B2800688D01080DB90008D5980008748D0108F2
:108B3800788D0108A9B70008D5980008888D010824
:108B4800349301081D96000825960008908D0108A9
:108B5800988D010875960008A1B90008A08D010834
:108B6800A88D010875960008A1B90008B48D010800
:108B7800BC8D01089DB6000811B70008C48D010816
:108B8800CC8D01089DB600083DB70008D88D0108B6
:108B9800988D0108D9B600083DB70008E48D010892
:108BA800A88D0108D9B600083DB70008F08D010866
:108BB800988D010821BC000879B90008FC8D0108CE
:108BC800A88D010821BC000879B90008088E0108A1
:108BD800988D0108E9B6000885B70008148E0108C9
:108BE800A88D0108E9B6000885B70008060001004D
:108BF800E900010006000C00E9000C00060017005F
:108C0800E900170006002200E90022000000000029
:108C180000000000000000000003000061B400082C
:108C2800CDB900080201000045A7000839C00008B6
:108C38000201000045A7000839C000080201000031
:108C480045A7000839C000080201000099A50008DE
:108C580095AD000801030000B9A300081DD1000864
:108C680001030000BDA200089DCD0008010300001B
:108C780089A10008B1B3000801030000BD9C0008E9
:108C88007DCE000802010000C199000839C700081C
:108C9800E08C0108E88C0108F08C01084870010894
:108CA800F88C0108008D01084C432D5348554E544B
:108CB800005854414C2D534552494553000000007B
:108CC800C0F0FCF0C0000000A0503C281E14110F9A
:108CD8000C0A0604020000006E6F6E6500000000BA
:108CE800706F696E747300007370616E000000002D
:108CF80070726F63000000006F6B0000504F4F529E
:108D0800000000005745414B000000004D4152470C
:108D1800494E414C00000000474F4F4400000000FE
:108D28004D45455453000000484947482050575284
:108D3800000000004A494700554E4B4E4F574E0021
:108D48004449504F4C450000564552544943414C04
:108D58000000000045464857000000004C494E00FE
:108D6800252E326620252B2E31661F004C4F4700DA
:108D7800252E3166644220252B2E31661F00000007
:108D88005265202B20496D0052202B206A58000084
:108D98002546252B6A461E0052202B204C2F4300C7
:108DA80025461E20254625630000000047202B206D
:108DB8006A4200002546252B6A46530047202B208F
:108DC8004C2F43002546532025462563000000000C
:108DD8005270202B206A5870000000005270202B1F
:108DE800204C2F4300000000522B6A58205348554E
:108DF8004E540000522B4C2F432053482E2E000077
:108E0800522B6A582053455249455300522B4C2F38
:108E180043205345522E2E004C4F474D41470000EA
:108E2800252E32662573000017252E33662573001C
:108E3800504841534500000017252E32662573001F
:108E4800252E344625730000534D49544800000030
:108E5800504F4C41520000004C494E4541520000D1
:108E680017252E344625730053575200252E336696
:108E7800257300005245414C00000000252E36663F
:108E88002573000017252E3566257300494D414787
:108E980000000000252E36666A25730017252E353A
:108EA800666A257300000000252E334625730000EE
:108EB80017252E33462573001E0000007C5A7C00BF
:108EC8005A20706861736500252E3166257300008D
:108ED800470000007C597C00527000005870000068
:108EE800437300004C730000437000004C70000096
:108EF80051000000252E34662573000052736572F8
:108F08000000000058736572000000007C5A736509
:108F1800727C000052736800587368007C5A73684A
:108F28007C00000053575220414E54004C4D522DA6
:108F38003430300052472D323133000052472D383B
:108F48005800000052472D353800000052472D3197
:108F580037342F3331360000494152552052310001
:108F6800494152552052320049415255205233004E
:108F78005553410043414E4144410000554B0000C8
:108F88004745524D414E59004A4150414E0000005C
:108F98004155535452414C494100000000000040E3
:108FA80000004040208E0108288E0108308E0108FC
:108FB800547601080000E04000002041A9B70008ED
:108FC800388E0108288E0108408E0108848D01081A
:108FD800000080400000B442D5980008E8AF0108BE
:108FE800488E0108488E01089CB0010800008040A6
:108FF8005F70893061980008508E010800000000F9
:1090080000000000A49B0108000000000000803F51
:1090180000000000588E0108000000000000000059
:10902800A49B0108000000000000803F0000000031
:10903800608E0108488E0108688E0108A49B01080B
:10904800000000000000003E0DB90008708E010805
:10905800748E0108308E0108A49B010800000000EE
:109068000000803E25B900087C8E0108848E010826
:109078008C8E0108A49B0108000080400000803EFF
:109088001D960008948E01089C8E0108A48E010884
:10909800A49B0108000080400000803E259600083F
:1090A8005C8E0108B08E0108B88E0108C08E0108D8
:1090B800000000000000C84275960008488F0108AB
:1090C800B08E0108B88E0108C08E010800008040EB
:1090D8000000C842A1B90008C48E0108B08E01087A
:1090E800B88E0108C08E0108000000000000484248
:1090F800C1B80008C88E0108D08E0108408E01084A
:10910800848D0108000080400000B442EDB70008DB
:10911800D88E0108B08E0108B88E0108A8AB0108E6
:10912800000000000AD7233C9DB6000850AB010898
:10913800B08E0108B88E0108A8AB01080000804075
:109148000AD7233C11B70008DC8E0108B08E01084D
:10915800B88E0108A8AB0108000000000AD7A33C9C
:10916800FDB80008E08E0108B08E0108B88E01082D
:10917800C08E0108000000000000C842D9B60008EF
:10918800E48E0108B08E0108B88E0108C08E01086F
:10919800000080400000C8423DB70008E88E010882
:1091A800488E0108688E010870AF010800008040F1
:1091B80077CC2B32FDBB0008EC8E0108488E0108E5
:1091C800688E010884AE01080000804077CC2B32FD
:1091D800E1BB0008F08E0108488E0108688E01087E
:1091E80070AF01080000804077CC2B3269B70008C7
:1091F800F48E0108488E0108688E010884AE0108C3
:109208000000804077CC2B324DB70008F88E01085B
:10921800FC8E0108308E0108A49B010800000000A4
:109228000000204199B80008048F0108B08E010899
:10923800B88E0108C08E0108000080400000C842B6
:10924800E9B600080C8F0108B08E0108B88E010835
:10925800C08E0108000080400000C84285B70008A1
:10926800148F0108B08E0108B88E0108C08E01085D
:10927800000080400000C8422DB800081C8F01087B
:10928800B08E0108B88E0108C08E01080000804029
:109298000000C84221BC0008208F0108B08E0108D8
:1092A800B88E0108C08E0108000080400000C84246
:1092B80079B90008248F0108B08E0108B88E01081A
:1092C800C08E0108000080400000C84265B8000850
:1092D800F88E0108FC8E0108308E0108A49B010855
:1092E80000000000000020410DB800082C8F010884
:1092F800748E0108308E0108A49B0108000000004C
:109308000000803EFDBE0008736574204341424C56
:1093180045204C454E4754480000000073657420B2
:109328004341424C45204C4F535300002546252BC2
:109338006A460000408D0108488D0108508D0108DB
:109348005C8D0108424D7AB00400000000007A00EC
:1093580000006C000000E001000040010000010076
:1093680010000300000000B00400C40E0000C40E8A
:109378000000000000000000000000F80000E00706
:1093880000001F0000000000000042475273000068
:1093980000000000000000000000000000000000C5
:1093A80000000000000000000000000000000000B5
:1093B80000000000000000000000000000000000A5
:1093C80054002C01720014351A012C019C00144A17
:1093D800B6012C012A00141100002C012A00140ADD
:1093E8002A002C012A00140A00000000A0001E0612
:1093F8004E45570044454C003C003E0058004E4F37
:109408002043415244004552524F52002E2E002D07
:10941800202575207C202575202D004E6F74206531
:109428006D7074790044454C45544520464F4C4472
:1094380045520025732F257300000000FFC08040AF
:109448008040804080408040804080408040804014
:10945800FFC0FFC08020806080C08180A340B640EC
:109468009C4088408040FFC000001E0021004080D2
:109478008040804080408040408021001E000000E5
:109488001E0021004C809E40BF40BF409E404C8043
:1094980021001E00FFE080208FA099A0B1A0B1A0FC
:1094A800BFA0B1A0B1A08020FFE0FFE08020B1A064
:1094B800B1A0BBA0BFA0B5A0B5A0B1A08020FFE01F
:1094C800010302010402080610040000F4B30108B5
:1094D8001DFA0008C9F8000800000000F8B30108E8
:1094E8001DFA0008C9F8000800000000FCB30108D4
:1094F8005DF80008A91D01080300000008B4010870
:1095080099F7000819F500080300000004B40108E1
:10951800651E0108611A010803000000487001086F
:109528004DF4000881F40008000000000CB40108A4
:1095380035F40008000000000000000010B4010825
:1095480000000000D1F300080000000018B4010872
:10955800000000005D0901080400000058B401087B
:1095680060B4010868B40108544F55434820257376
:10957800202A00544F5000424F54544F4D00257339
:109588000A200219252E34462573004341424C45D2
:10959800204C454E47544800452D44454C415920E0
:1095A800532564310A200219252E37467300416C71
:1095B80072656164792065786973747300466169BE
:1095C8006C004E455720464F4C444552004A4F4781
:1095D80020535445500A200219252E3371487A0029
:1095E80052454620504F534954494F4E0025730A5F
:1095F800200219252E3446005343414C450025735B
:109608000A200219252E344625732F4469760057FF
:109618004952450A4348414E4745200219252B2EF9
:1096280033466D005441524745540A200219252EED
:109638003371487A004A4F4720535445500A200254
:10964800192546730000000000000000780048005B
:109658000000600030003000A49601083499010829
:10966800BC98010880960108C8960108EC96010884
:1096780098980108E09801081000130A03000201F5
:10968800120222030104110521060007100820090F
:10969800320B3315230C30FF31FF00001000130A82
:1096A800030002011202220301041105210600072A
:1096B80010082009300F310E320D3314230C00002E
:1096C8001000130A0300020112022203010411050B
:1096D800210600071008200930113110320B33150C
:1096E800230C00001000130A0300020112022203D7
:1096F8000104110521060007100820093110320D58
:109708003314230C30FF00000000687601089137FD
:109718000108000170760108913701080002787687
:109728000108913701080003807601089137010884
:109738000004FCAA010891370108000504AB0108E0
:1097480091370108000610AB0108913701080100A4
:109758001CAB01089138010804007B950108F1331E
:10976800010806007B950108F133010804017F9583
:109778000108F133010806017F950108F13301085A
:10978800010C00960108F9340108060D009601083D
:10979800F93401080300E895010859350108060065
:1097A80024AB0108A5350108060010AB0108AD334C
:1097B800010803002CAB0108FD350108020038AB95
:1097C800010875380108010044AB01081D3601087D
:1097D80005009395010851360108000054AB0108B3
:1097E80059380108000060AB010841380108010040
:1097F8006CAB010829380108010078AB0108B136C3
:109808000108011984AB0108B9050108011A98ABD0
:109818000108B90501080300ACAB0108CD36010801
:109828000700B4AB0108D12601080701B8AB01084D
:10983800D126010807026B9F0108D12601080703FA
:10984800BCAB0108D1260108070473990108D12689
:1098580001080705B0AB0108D12601080706C0AB0F
:109868000108D12601080700C4AB01082521010819
:109878000000D0AB0108F13701080400D8AB01089B
:10988800E93601080100E4AB010839370108000096
:109898001000130A03000201120222030104110539
:1098A8002106000710082009301131123213330B3A
:1098B800230C00001000130A030002011202220305
:1098C8000104110521060007100820093316230C8E
:1098D80030FF31FF32FF0000280100311032203301
:1098E8003034403550366037703880399030015107
:1098F8001157214531524154515961557149814F90
:109908009150024112532244324642475248624A19
:10991800724B824C925F032D135A2358334343569C
:109928005342634E734D831A931600001000130AB6
:109938000300020112022203010411052106000797
:10994800100820093315230C30FF31FF32FF466F12
:10995800726D6174206572720025642F256400554C
:109968006E737570706F7274656420504E4700890D
:10997800504E470D0A1A0A004948445200504C54A8
:109988004500545241434520256400000200ECB3D1
:109998000108890F01080000000000000000000015
:1099A800030050B40108F1ED0008030150B40108A8
:1099B800F1ED0008030350B40108F1ED0008030BB2
:1099C80050B40108F1ED0008032750B40108F1ED87
:1099D8000008038350B40108F1ED000800000000FE
:1099E8000000949901084252494748544E45535340
:1099F80020253364252520001A20555345204C4541
:109A080056454C455220425554544F4E201B000099
:109A180001000CAC0108849A01080300A8B20108EF
:109A2800851301080100B4B20108E8A40108030085
:109A3800BCB20108F50201080200C4B20108D1EA6B
:109A480000080300CCB2010871FD00080300D4B27D
:109A5800010851FD00080000000000009499010869
:109A680043414C3A202564700A20252E3646487A10
:109A78000A20252E3646487A0000000003011CB350
:109A8800010871030108030224B3010871030108E6
:109A980003002CB3010871030108030434B301085F
:109AA8007103010803033CB30108710301080200B4
:109AB80044B30108FD14010802014CB30108FD1468
:109AC800010800000000000094990108533131207A
:109AD800285245464C2900533231202854485255C3
:109AE800290000000204D4AD0108B12C01080000CF
:109AF8000000000094990108020044AC0108B12C50
:109B08000108020150AC0108B12C010801005CAC4D
:109B18000108049C010802036CAC0108B12C01087F
:109B2800010078AC0108E49B0108020284AC01083A
:109B3800B12C010803008CAC01080D0501080100D7
:109B4800A4AC0108B0A4010800000000000094992A
:109B580001084E616E6F564E412D48203400534E19
:109B68003A20253038782D253038782D253038782A
:109B78002028257329005443584F203D202571483B
:109B88007A2028257329000216496E206D656D6FAD
:109B98007279206F66204D61796102010054696D08
:109BA800653A203230253032642F253032642F2533
:109BB80030326420253032643A253032643A253018
:109BC800326420284C5325632900426174743A207A
:109BD80025642E2530336456000000000302E8ADEA
:109BE8000108FD2E01080300FCAD0108F912010867
:109BF8000000000000009499010800000316B0ACB2
:109C08000108DD1901080315C4AC0108DD190108B4
:109C18000317D4AC0108DD1901080300E8AC0108FA
:109C2800111301080306FCAC0108FD2E0108030707
:109C38000CAD0108FD2E010801001CAD0108A89C0F
:109C48000108010024AD0108609C01080000000023
:109C58000000949901080000030070AD0108D504C4
:109C6800010803087CAD0108FD2E0108030B8CAD2B
:109C78000108FD2E010802069CAD010855240108C3
:109C88000207ACAD0108293001080100C4AD010884
:109C9800EC9A0108000000000000949901080000F7
:109CA800020010AE0108992E010800000000000013
:109CB80094990108030060B00108BD120108010071
:109CC80068B001081C9E010801007CB001088C9E48
:109CD8000108030090B0010851FB0008010000963C
:109CE800010844A501080100A0B0010894A80108D2
:109CF8000300ACB00108411301080100C4B0010819
:109D0800B8A60108000000000000949901080000AE
:109D18000304588E01081D1501080305608E01080B
:109D28001D15010803077C8E01081D15010803088D
:109D3800948E01081D1501080316E8B101081D15C8
:109D48000108030DF4B101081D150108030E00B246
:109D580001081D150108030FDC8E01081D150108F7
:109D6800010024AD01087C9D0108000000000000EE
:109D780094990108030C0CB201081D15010803127F
:109D880014B201081D150108031320B201081D159E
:109D9800010803102CB201081D150108031138B27F
:109DA80001081D150108031444B201081D15010816
:109DB800031550B201081D1501080000000000003D
:109DC8009499010803975CB201081D1501080398CE
:109DD80068B201081D150108039974B201081D1520
:109DE8000108039A80B201081D150108039B88B277
:109DF80001081D150108039C90B201081D150108F2
:109E0800039DE8B101081D150108000000000000CD
:109E1800949901080300208E01081D15010803010B
:109E2800388E01081D1501080302E8AF01081D1549
:109E380001080303508E01081D1501080306708EE2
:109E480001081D150108010098B10108C0A7010803
:109E58000309A4B101081D150108030AB0B10108DE
:109E68001D150108030BC48E01081D15010801000A
:109E780024AD0108189D0108000000000000949915
:109E8800010800000380208E01081D1501080381C8
:109E9800388E01081D1501080382E8AF01081D1559
:109EA80001080383508E01081D1501080384588E8C
:109EB80001081D1501080385608E01081D1501089C
:109EC80003877C8E01081D1501080388948E0108FC
:109ED8001D150108010024AD0108CC9D01080000F2
:109EE800000000009499010825730A0219257300DF
:109EF8000300F59E010815EE00080301F59E010810
:109F080015EE00080302F59E010815EE000803038C
:109F1800F59E010815EE00080304F59E010815EEEC
:109F280000080305F59E010815EE00080306F59ED6
:109F3800010815EE00080307F59E010815EE000854
:109F48000308F59E010815EE00080309F59E0108AF
:109F580015EE00080000000000009499010854491B
:109F6800464600424D500000010024AE0108A8A05A
:109F78000108030034AE01087D04010802FF44AE65
:109F88000108C5FB0008020154AE0108C5FB000822
:109F9800010064AE0108B89F0108030070AE010813
:109FA80009FD000800000000000094990108000065
:109FB8000200C0AF0108A90001080201C8AF0108EA
:109FC800A90001080202D0AF0108A9000108020394
:109FD800DCAF0108A90001080206E4AF0108A900E6
:109FE8000108000000000000949901080300F59E94
:109FF8000108191601080301F59E01081916010840
:10A008000302F59E0108191601080303F59E0108CD
:10A01800191601080304F59E01081916010803051D
:10A02800F59E0108191601080306F59E0108191680
:10A0380001080307F59E0108191601080308F59E93
:10A048000108191601080000000000009499010891
:10A058000300F59E0108191601080301F59E010881
:10A06800191601080302F59E0108191601080309CB
:10A07800F59E010819160108030AF59E010819162C
:10A088000108030BF59E010819160108030CF59E3B
:10A098000108191601080000000000009499010841
:10A0A8000300F0AF010845EB00080301F0AF010819
:10A0B80045EB00080302F0AF010845EB0008030375
:10A0C800F0AF010845EB00080304F0AF010845EBC9
:10A0D80000080305F0AF010845EB00080306F0AFE0
:10A0E800010845EB00080307F0AF010845EB00083D
:10A0F8000200FCAF010811EB0008030004B00108DE
:10A10800CDFD00080000000000009499010800003F
:10A118000300E2A401081D0F010803017CAE010839
:10A128001D0F0108030688AE01081D0F010803076B
:10A1380098AE01081D0F01080308ACAE01081D0FF9
:10A1480001080309BCAE01081D0F01080100C8AED3
:10A158000108D0A20108000000000000949901083D
:10A168000300E2A401081D0F0108030688AE0108D8
:10A178001D0F01080312A8AF0108DD190108031417
:10A1880093950108DD19010800000000000094996A
:10A19800010800000300E2A401081D0F0108030ADA
:10A1A80020AF01081D0F0108032630AF0108DD1993
:10A1B8000108030048AF0108C9270108020058AF89
:10A1C8000108B5FB000803007EA90108352701082E
:10A1D800020068AF0108A5FB0008000000000000AD
:10A1E800949901080300E2A401081D0F0108030562
:10A1F80010AF01081D0F010800000000000094992D
:10A20800010800000300E2A401081D0F0108030172
:10A218007CAE01081D0F01080000000000009499A1
:10A228000108000018A101080CA2010894A2010865
:10A2380094A2010894A20108ECA1010868A10108F0
:10A2480058A2010818A3010838A301089CA1010815
:10A258000300E2A401081D0F0108030798AE0108D6
:10A268001D0F010803007EA9010835270108020017
:10A2780068AF0108A5FB0008020088AF0108E126C5
:10A288000108000000000000949901080300E2A4FE
:10A2980001081D0F01080302D8AE01081D0F0108AF
:10A2A8000303E8AE01081D0F01080304FCAE010812
:10A2B8001D0F0108031898AF0108DD1901080000F7
:10A2C80000000000949901080300E2A401081D0F92
:10A2D80001080302D8AE01081D0F01080303E8AE08
:10A2E80001081D0F01080304FCAE01081D0F010839
:10A2F800030510AF01081D0F0108030A20AF01086C
:10A308001D0F0108000000000000949901080000DA
:10A318000300E2A401081D0F01080308ACAE010800
:10A328001D0F0108000000000000949901080000BA
:10A338000300E2A401081D0F01080309BCAE0108CF
:10A348001D0F01080324D0AB0108DD190108030023
:10A3580074AF0108C501010803257CAF0108DD19A8
:10A36800010803007EA9010835270108020068AF2B
:10A378000108A5FB0008020088AF0108E1260108D2
:10A38800000000000000949901080000030020B4B8
:10A39800010839EF0008030120B4010839EF00086B
:10A3A800030220B4010839EF0008030320B40108B0
:10A3B80039EF0008030420B4010839EF0008030549
:10A3C80020B4010839EF0008030620B4010839EF6A
:10A3D8000008030720B4010839EF00080000000056
:10A3E8000000949901085041555345005245535572
:10A3F8004D45000003FF2CB0010815EF00080300CD
:10A4080028B4010815EF0008030128B4010815EF66
:10A418000008030228B4010815EF0008030328B454
:10A42800010815EF000800000000000094990108D9
:10A43800504F5745520219202025756D41000000E4
:10A448000205E8B20108293001080300FCB201083E
:10A45800890201080301FCB201088902010803020C
:10A46800FCB20108890201080303FCB20108890251
:10A4780001080304FCB20108890201080305FCB2C3
:10A488000108890201080306FCB2010889020108D3
:10A4980000000000000094990108252E3646487AED
:10A4A8000A252E3646487A0003192CAD0108DD1915
:10A4B8000108031A38AD0108DD190108031B44AD72
:10A4C8000108DD19010803005CAD010825FD00083D
:10A4D800000000000000949901084F464600000063
:10A4E800020508B30108552401080300FCB201085D
:10A4F800910F01080301FCB20108910F0108030242
:10A50800FCB20108910F01080303FCB20108910F86
:10A5180001080304FCB20108910F01080305FCB20D
:10A528000108910F01080306FCB20108910F010808
:10A53800000000000000949901080000030060B0CA
:10A54800010801FB0008020044B1010819FF0008D6
:10A5580003087B9501080D1A0108030A7F95010875
:10A568000D1A0108030C009601080D1A0108030EC4
:10A57800E89501080D1A0108030F24AB0108DD193D
:10A588000108031150B10108DD190108030468B17D
:10A598000108FD2E010803057CB10108FD2E010804
:10A5A800030088B1010861130108000000000000E1
:10A5B8009499010801002CB301080CA601080200B7
:10A5C80058B3010855240108020164B30108552451
:10A5D8000108020270B301085524010802057CB382
:10A5E800010855240108030090B30108FD2E010855
:10A5F80003009CB30108412F01080000000000007F
:10A60800949901080202B0B3010829300108020038
:10A61800C0B30108293001080201CCB30108293070
:10A6280001080205D8B30108293001080208E4B37B
:10A638000108293001080000000000009499010871
:10A6480003000CAE0108F5FB000803010CAE01087D
:10A65800F5FB000803020CAE0108F5FB0008030334
:10A668000CAE0108F5FB000803040CAE0108F5FB6D
:10A67800000803050CAE0108F5FB000803060CAE44
:10A688000108F5FB000803070CAE0108F5FB0008FC
:10A6980003080CAE0108F5FB000803090CAE01081D
:10A6A800F5FB000800000000000094990108000074
:10A6B8000301D0B00108FD2E01080300E4B0010831
:10A6C800590401080301F0B0010859040108030204
:10A6D800F0B00108590401080304F0B00108590456
:10A6E80001080305F0B00108590401080306F0B099
:10A6F80001085904010800000000000094990108AD
:10A70800030068760108DD19010803017076010865
:10A71800DD190108030278760108DD190108030331
:10A7280080760108DD1901080304FCAA0108DD1977
:10A73800010803050CB00108DD190108030620B063
:10A748000108DD190108030034B00108E11201080D
:10A75800030C48B00108FD2E0108000000000000AD
:10A7680094990108434C4541520053544F524500B7
:10A77800030730B40108DD190108030044B40108D7
:10A788004DEE0008030144B401084DEE0008030231
:10A7980044B401084DEE0008030344B401084DEE2B
:10A7A8000008030444B401084DEE0008000000004E
:10A7B8000000949901080000031E2C8F01081D1544
:10A7C80001080313BCB10108DD1901080300D4B165
:10A7D80001083D040108031493950108DD190108D7
:10A7E8000000000000009499010800000100F0AB8F
:10A7F8000108BC9C01080100F8AB0108709F010822
:10A80800010000AC010808A7010801000CAC010810
:10A81800189A0108010018AC010848A401080200B0
:10A8280020AC010829130108010028AC0108BCA5C7
:10A838000108010030AC0108009B0108030038AC96
:10A848000108D1FA00080000000000000000000024
:10A8580003008A990108DD03010803018A990108A8
:10A86800DD03010803028A990108DD0301080303D7
:10A878008A990108DD03010803009CB20108B103AD
:10A888000108000000000000949901080300F4B0DA
:10A89800010891FD0008030204B10108E5FC000865
:10A8A800030418B10108E5FC0008030028B10108F9
:10A8B800E5FC0008030034B10108A1E80008031210
:10A8C800A8AF0108DD1901080000000000009499F4
:10A8D80001084D4158494D554D004D494E494D557A
:10A8E8004D004E4F524D414C00414E54454E4E4145
:10A8F8000A20021925730073657400464958545597
:10A9080052450A2002192573006E6F2053313120F9
:10A918007265666572656E636500524550454154BF
:10A928004142494C495459006D6178207C64477C08
:10A9380020252E33660053544F5245205245460A6F
:10A948002002196E6F6E650053544F5245205245D0
:10A95800460A200219253032643A25303264004E06
:10A968006F7420696E20544452202F2066696C65EC
:10A9780020766965770053544F524520524546006A
:10A9880001000200030004000500070009000D0093
:10A998001100190021003100410061008100C1004F
:10A9A8000101810101020103010401060108010CF2
:10A9B8000110011801200130014001600000000071
:10A9C8000101020203030404050506060707080837
:10A9D80009090A0A0B0B0C0C0D0D000003000400FA
:10A9E800050006000700080009000A000B000D001A
:10A9F8000F001100130017001B001F0023002B007D
:10AA080033003B0043005300630073008300A3003E
:10AA1800C300E30002010000000000000000000085
:10AA280001010101020202020303030304040404F6
:10AA38000505050500494441540049454E440000B8
:10AA480033006500C9002D01910100002146696CA1
:10AA5800652063726561746564206279204E616E59
:10AA68006F564E410D0A2320487A20532052492020
:10AA7800522035300D0A0000257520252066202536
:10AA880020660D0A000000002146696C652063728B
:10AA98006561746564206279204E616E6F564E411F
:10AAA8000D0A2320487A205320524920522035305D
:10AAB8000D0A000025752025206620252066202502
:10AAC80020662025206620302030203020300D0AD6
:10AAD800000000004D4158494D554D004D494E4923
:10AAE8004D554D005A45524F0000000089504E47C1
:10AAF8000D0A1A0A435720465245510046524551FD
:10AB080020535445500000004A4F472053544550A5
:10AB180000000000504F494E54530000452D444555
:10AB28004C415900533231204F464653455400009A
:10AB380056454C4F43495459252500004341424C42
:10AB480045204C4F53532064420000005443584F53
:10AB58002032364D487A00005448524553484F4CED
:10AB680044000000424154204F46465345540000DB
:10AB78004D45415355524520526C000053455420D1
:10AB8800444154450A5959204D4D20444400000081
:10AB98005345542054494D450A4848204D4D2053AB
:10ABA800530000005254432043414C00533150009D
:10ABB800533250005449460042494E004E45570A08
:10ABC800464F4C44455200005441524745540000FA
:10ABD80057495245204348414E4745005441524742
:10ABE800455420525F530000444953504C4159008A
:10ABF8004D41524B455200005354494D554C555305
:10AC08000000000043414C494252415445000000B5
:10AC1800524543414C4C00004D4541535552450067
:10AC28005344204341524400434F4E464947000095
:10AC380025730A535745455000000000544F5543AB
:10AC4800482043414C000000544F55434820544588
:10AC5800535400004558504552540A5345545449DA
:10AC68004E4753005341564520434F4E46494700EF
:10AC7800434F4E4E454354494F4E0000564552539C
:10AC8800494F4E004252494748544E4553530A20B3
:10AC98000219256425252525000000004441544556
:10ACA8002F54494D450000005448524553484F4CD5
:10ACB800440A200219252E36710000005443584FCB
:10ACC8000A200219252E3671000000005642415410
:10ACD800204F46465345540A20021925756D5600E3
:10ACE8004946204F46465345540A200219256448D0
:10ACF8007A00000052454D454D4245520A53544191
:10AD080054450000464C49500A444953504C415957
:10AD1800000000001B444655000000001B204D4F5A
:10AD2800524500005345542044415445000000005A
:10AD38005345542054494D450000000052544320C7
:10AD480043414C0A200219252B622E336670706D20
:10AD58000000000052544320353132487A0A204C12
:10AD680065643220257300004D4F44450A200219BE
:10AD780025730000534550415241544F520A200256
:10AD880019257300555342204445564943450A55F1
:10AD98004944000044554D500A4649524D574152C6
:10ADA800450000004C4F414420434F4D4D414E4417
:10ADB8000A2053435249505400000000434C454177
:10ADC8005220434F4E46494700000000434C45413E
:10ADD8005220414C4C0A414E4420524553455400A0
:10ADE800434F4E4E454354494F4E0A20021925738E
:10ADF8000000000053455249414C205350454544FA
:10AE08000A20021925750000524553455420414E29
:10AE1800440A454E544552204446550053454C4536
:10AE280043540A4D41524B4552000000534541528C
:10AE380043480A2002192573000000005345415277
:10AE480043480A201A4C45465400000053454152D5
:10AE580043480A201B524947485400004F50455266
:10AE68004154494F4E530000545241434B494E47B9
:10AE7800000000004C2F43204D415443480000007F
:10AE88004341424C450A2028533131290000000033
:10AE98005245534F4E414E43450A202853313129DC
:10AEA800000000005357522042570A2028533131DE
:10AEB8002900000054554E450A20285331312900F5
:10AEC8001B204D4F524520285332312900000000E5
:10AED8005348554E54204C430A20285332312900F8
:10AEE800534552494553204C430A202853323129AF
:10AEF800000000005345524945530A5854414C201C
:10AF0800285332312900000046494C5445520A2042
:10AF1800285332312900000043484F4B450A202866
:10AF28005332312900000000544152474554205201
:10AF38005F530A20021925622E32461E00000000C7
:10AF4800464958545552450A206E6F6E65000000F8
:10AF5800434C4541520A4649585455524500000051
:10AF6800434C45415220524546000000414E54454D
:10AF78004E4E4100574952450A4348414E47450005
:10AF88005245504541540A434845434B0000000090
:10AF980020526C203D20021925622E34461E0000E6
:10AFA80056454C4F4349545920462E0A200219252C
:10AFB80064252525250000001B20535441525400C8
:10AFC8001B2053544F5000001B2043454E544552FC
:10AFD800000000001B205350414E00001B20452D4F
:10AFE80044454C41590000004D41524B45522025E3
:10AFF80064000000414C4C204F46460044454C54E8
:10B00800410000004652455120535445500A200241
:10B0180019256246487A00004A4F47205354455044
:10B028000A2002194155544F000000005357454566
:10B038005020504F494E54530A20021925750000DC
:10B048004D555445204F55545055540A4F4E205095
:10B05800415553450000000054524143450000004B
:10B06800464F524D41540A2053313120285245460B
:10B078004C290000464F524D41540A20533231208A
:10B0880028544852552900004348414E4E454C0A21
:10B0980020021925730000005452414E53464F5266
:10B0A8004D00000049462042414E44574944544807
:10B0B8000A2002192575487A0000000044415441CD
:10B0C80020534D4F4F544800534D4F4F54480A207A
:10B0D800021925732061766700000000534D4F4F19
:10B0E80054480A4F46460000782564005452414EA1
:10B0F80053464F524D0A2573000000004C4F57200D
:10B10800504153530A494D50554C534500000000D7
:10B118004C4F5720504153530A5354455000000098
:10B1280042414E44504153530000000057494E4499
:10B138004F570A2002192573000000004155544F4B
:10B14800205343414C450000533231204F4646536B
:10B1580045540A20021925622E3346644200000035
:10B1680053484F5720475249440A56414C55455376
:10B1780000000000444F542047524944000000009A
:10B1880048414D2042414E44530A2002192573007C
:10B198001B2053575220414E54000000524553493A
:10B1A8005354414E434500005245414354414E4398
:10B1B800450000004341424C45204C4F53530A2060
:10B1C800021925622E334664420000004341424C76
:10B1D8004520545950450A200219257300000000E3
:10B1E8005120464143544F5200000000434F4E4403
:10B1F800554354414E4345005355534345505441DC
:10B208004E4345005A205048415345005345524942
:10B218004553204300000000534552494553204CF4
:10B2280000000000504152414C4C454C2052000057
:10B23800504152414C4C454C20580000504152411D
:10B248004C4C454C20430000504152414C4C454C1D
:10B25800204C00005345524945532052000000003D
:10B268005345524945532058000000005345524960
:10B278004553207C5A7C00005348554E54205200B8
:10B288005348554E542058005348554E54207C5A24
:10B298007C00000025732054524143450000000003
:10B2A800504F57455220204155544F005341564561
:10B2B8000000000052414E474500000052455345EA
:10B2C800540000004150504C59000000454E484180
:10B2D8004E4345440A524553504F4E5345000000D3
:10B2E8004C4F41442046524F4D0A2053442043417D
:10B2F80052440000456D70747920256400000000F8
:10B308005341564520544F0A205344204341524448
:10B31800000000004F50454E0000000053484F52B7
:10B32800540000004C4F41440000000049534F4C6A
:10B338004E0000005448525500000000444F4E454E
:10B3480000000000444F4E4520494E2052414D0018
:10B358005341564520533150000000005341564593
:10B36800205332500000000053435245454E534885
:10B378004F540000534156450A43414C49425241FB
:10B3880054494F4E000000004155544F204E414D46
:10B3980045000000494D41474520464F524D415414
:10B3A8000A200219257300004C4F41440A534352A6
:10B3B80045454E53484F54004C4F4144205331505B
:10B3C800000000004C4F4144205332500000000060
:10B3D8004C4F41442043414C00000000475549442C
:10B3E800450000001A204241434B000073317000B1
:10B3F80073327000626D707C7469667C706E670071
:10B408007469660062696E00636D647C6E767300B1
:10B418006D647C74787400002564487A000000002C
:10B428002575206D4100000053455420504F494E6A
:10B4380054530A2002192564000000002564207076
:10B448006F696E7400000000257520487A000000BE
:10B4580053693533353100004D53353335310000EC
:10B46800535743353335310049492A000800000055
:10B4780007000001030001000000E00100000101D5
:10B488000300010000004001000002010300030066
:10B4980000006200000003010300010000000580B5
:10B4A8000000060103000100000002000000110175
:10B4B80004000100000068000000150103000100FD
:10B4C8000000030000000000000008000800080059
:10B4D800080049002A000800F78008002A004900EF
:10B4E80008004446553A20446576696365204669F4
:10B4F800726D7761726520557064617465204D6F57
:10B5080064650A546F206578697420444655206D37
:10B518006F64652C20706C65617365207265736556
:10B52800742064657669636520796F757273656CDC
:10B53800662E000029100108AD24010885140108B1
:10B548002D1401080D33010879320108712B010807
:10B55800F52A0108475549444553002020466169AA
:10B568006C20777269746520200025732F00564E71
:10B57800415F253036785F253036782E25730025D3
:10B58800732E25730053442043415244205341569F
:10B5980045005550504552204C454654004C4F5795
:10B5A800455220524947485400544F554348205467
:10B5B8004553543A20445241472050414E454C2C63
:10B5C80020505245535320425554544F4E20544F07
:10B5D8002046494E495348002533642025336420CA
:10B5E80000000000004B00000096000000E1000091
:10B5F80000C20100008403000008070000100E00CC
:10B6080000201C0080841E00C0C62D000000000021
:10B618000004C05401080004CC54010800040000D0
:10B628000000000400000000020400000000020402
:10B63800000000000004000000001A07D8540108A8
:10B648002804EC5401080004000000000004000075
:10B6580000000004000000000004000001002800B1
:10B66800B00100B1010AB40102B60302023BB701FE
:10B67800C6C0021715C10141C50300128036012852
:10B688003A01555101FF1100290000002888E848B7
:10B69800FFFF000000000000900E493CB00AC93CC2
:10B6A8002CC3163D2FFB483D742B7B3D05A9963DC9
:10B6B80080B6AF3D36BDC83D2EBCE13D73B2FA3D04
:10B6C80086CF093E8340163EB6AB223EA2102F3EDF
:10B6D800CF6E3B3EC2C5473E0115543E135C603EEB
:10B6E8007F9A6C3ECCCF783EC07D823E938E883E5A
:10B6F800229A8E3E31A0943E86A09A3EE59AA03EBC
:10B70800128FA63ED47CAC3EEF63B23E2A44B83ECC
:10B718004A1DBE3E15EFC33E53B9C93ECA7BCF3E54
:10B728004136D53E80E8DA3E4F92E03E7533E63E3C
:10B73800BBCBEB3EEA5AF13ECBE0F63E275DFC3E42
:10B74800E4E7003F3D9C033F824B063F9BF5083FE3
:10B758006B9A0B3FDA390E3FCDD3103F2A68133F5F
:10B76800D9F6153FC07F183FC6021B3FD17F1D3F4A
:10B77800CBF61F3F9967223F25D2243F5636273FF5
:10B788001594293F4AEB2B3FDE3B2E3FBB85303FCC
:10B79800C9C8323FF304353F233A373F4268393F3F
:10B7A8003B8F3B3FF9AE3D3F67C73F3F70D8413FB6
:10B7B80000E2433F03E4453F65DE473F12D1493F7E
:10B7C800F8BB4B3F029F4D3F1F7A4F3F3D4D513FC6
:10B7D8004918533F31DB543FE595563F5348583F8E
:10B7E8006AF2593F1A945B3F532D5D3F05BE5E3F99
:10B7F8002146603F98C5613F5A3C633F59AA643F60
:10B80800880F663FD86B673F3CBF683FA7096A3F10
:10B818000C4B6B3F5E836C3F93B26D3F9ED86E3F7F
:10B8280073F56F3F0809713F5213723F4714733F16
:10B83800DD0B743F0BFA743FC6DE753F07BA763FDF
:10B84800C58B773FF853783F9812793F9DC7793F6A
:10B8580002737A3FBE147B3FCDAC7B3F283B7C3FD5
:10B86800C9BF7C3FAC3A7D3FCCAB7D3F24137E3FC4
:10B87800B0707E3F6DC47E3F580E7F3F6D4E7F3F58
:10B88800AB847F3F0FB17F3F98D37F3F43EC7F3F2F
:08B8980011FB7F3F0000803F1F
:08B8A0009C50FE7F0100000036
:10B8A8000040380000000800564E4F4364A3E111E1
:10B8B800E02E00007C019902100E7A0D000082072C
:10B8C800A401030000460000FFFF8410E73C0000CD
:10B8D800D69AFFE007FF07E0F81FF800001F1F00D7
:10B8E800F80087F0FFFF8410001FC6380000FFFF34
:10B8F800FFFF630C1F00F8000018000000000000A4
:10B9080000000000000000000096000080BA8C01D2
:10B9180000004842000000000000000028710108F3
:10B928003C7101087471010888710108B07101083F
:10B93800C0710108DC710108187201083C72010825
:10B948006C7201080000000001003101D101000003
:10B9580000409C4526000000F4A7010800000000F4
:10B96800000000000000000000000000FF000000D0
:04B97800DF5EF8FF97
:04000005080001A14D
:00000001FF
